Aisle,Item Name,Price,UPC
ACCESSORIES,Sun Glasses,$17.99,499973370102
ACCESSORIES,Surfewax,$3.99,499733700057
ACCESSORIES,REYNOLDS WRAP 30 SQ FT,$5.99,010900080316
ACCESSORIES,Old Spice High Endurance Pure Sport Scent Men's Deodorant,$6.99,012044000274
ACCESSORIES,GLAD CLING WRAP,$4.99,012587000106
ACCESSORIES,KITCHEN BAGS 15 BAG,$8.99,012587000700
ACCESSORIES,TRASH BAG 30 GALLON,$8.99,012587000809
ACCESSORIES,GLAD SMALL TRASH BAGS,$4.99,012587788172
ACCESSORIES,PROPAN,$14.99,014045031165
ACCESSORIES,SOS PADS,$4.99,016500980414
ACCESSORIES,PLASTIC PLATE SET 40 COUNT,$17.99,018068117110
ACCESSORIES,Cutter 1,$3.99,018505144259
ACCESSORIES,Drano Liquid Drain Cleaner,$10.99,019800001162
ACCESSORIES,Windex: Original w/ Ammonia,$9.99,019800701956
ACCESSORIES,SCOTCH-BRITE SPONGE1,$2.99,021200000003
ACCESSORIES,Scotch Magic 3M,$3.99,021200010224
ACCESSORIES,SCOTCH TAPE,$3.99,021200010231
ACCESSORIES,"Tape Clear Packing 1.89"""" X 55YD",$4.99,021854005003
ACCESSORIES,SPEED STICK REG 3 OZ,$6.99,022200941525
ACCESSORIES,SPEED STICK POWER 3.oz,$5.99,022200951043
ACCESSORIES,Lady Speed Stick Antiperspirant Deodorant,$3.99,022200963435
ACCESSORIES,LADY STICK DRY 1.4OZ,$3.99,022200963695
ACCESSORIES,Pedigree:Meaty Ground Dinner w/Chunky Beef Bacon & Cheese,$5.99,023100010182
ACCESSORIES,Pedigree:Meaty Ground Dinner Chopped Combo w/Chicken Beef & Liver,$6.99,023100010786
ACCESSORIES,Pedigree Choice Cuts In Gravy w/Beef,$5.99,023100015309
ACCESSORIES,Puppy Complete Nutrition Dry Dog Food,$19.99,023100103655
ACCESSORIES,Chevron:ATF MD-3,$7.99,023968397692
ACCESSORIES,Birthday Candles,$3.99,024291150138
ACCESSORIES,SCISSOR,$4.99,024291150350
ACCESSORIES,CORKSCREW BOTTLE OPENER,$3.99,024291150695
ACCESSORIES,HAIR TIE,$3.99,024291151067
ACCESSORIES,BALL TIP BRUDH,$3.99,024291159087
ACCESSORIES,ZIPLOC STORAGE QUART 24CT,$4.99,025700003304
ACCESSORIES,ZIPLOC 50 SAD,$6.99,025700013563
ACCESSORIES,SWISHER SWEETS,$1.99,025900445522
ACCESSORIES,CHARC-LTR FLUID 16,$6.99,028617009162
ACCESSORIES,Charcoal Lighter Fluid,$9.99,028617009322
ACCESSORIES,GoodSense Food Storage Bags,$3.99,029900212139
ACCESSORIES,ALWAYS MAXI,$10.99,030772033999
ACCESSORIES,HEAD&SHOULDERS  2 IN 1,$8.99,030772062807
ACCESSORIES,DAWN ULTRA,$4.99,030772081242
ACCESSORIES,FEBREZE FABRIC EXTRA STRENGTH,$7.99,030772088586
ACCESSORIES,DAWN ULTRA,$6.99,030772094037
ACCESSORIES,ORAL-B GLIDE,$31.99,030772200803
ACCESSORIES,COLGATE CAVITY PROTECTION,$7.99,035000444356
ACCESSORIES,COLGATE TRIPLE ACTION 60% FREE,$8.99,035000444424
ACCESSORIES,COLGATE TOTAL ACTIVE PREVENTION,$8.99,035000463760
ACCESSORIES,Colgate Cavity Protection Toothpaste Regular,$7.99,035000510853
ACCESSORIES,CO;GATE ACTIVE PROTECTION,$8.99,035000510884
ACCESSORIES,Colgate Triple Action Original Mint,$5.99,035000511102
ACCESSORIES,COLGATE  1 OZ,$2.99,035000511119
ACCESSORIES,Lavender Multi-Purpose Cleaner 33 oz,$10.99,035000530967
ACCESSORIES,Colgate Extra Clean Med,$3.99,035000551146
ACCESSORIES,TOOTHBRUSH,$2.99,035000556769
ACCESSORIES,SUAVITEL  COMPLETE,$3.99,035000980113
ACCESSORIES,Kleenex:Pocket Pack,$2.99,036000123234
ACCESSORIES,CREST FLUORIDE,$8.99,037000003106
ACCESSORIES,TIDE ORIGINAL 10 OZ,$4.99,037000004714
ACCESSORIES,DOWNY 587 ML.,$7.99,037000106135
ACCESSORIES,"Always Infinity W/FlexFoan Pads, Heavy Flow, 16 pads",$10.99,037000117148
ACCESSORIES,SECRET DEODORANT,$4.99,037000124450
ACCESSORIES,GAIN ORIGINAL 25 OZ.,$10.99,037000127833
ACCESSORIES,TIDE ORIGINAL 25 OZ,$13.99,037000138754
ACCESSORIES,Tide Pods Spring Meadow,$14.99,037000509547
ACCESSORIES,CREST PLUS,$5.99,037000513117
ACCESSORIES,DOWNY - FABRIC SOFTNER,$4.99,037000524014
ACCESSORIES,FEBREZE - LINEN & SKY,$5.99,037000811138
ACCESSORIES,FEBREZE - CAR MIDNIGHTY STORM,$5.99,037000811169
ACCESSORIES,Mr. Clean:Extra Power - 11.8 x 6.1 x 1.8 cm (4.6 x 2.4 x 0.70 in),$8.99,037000820383
ACCESSORIES,PUFFS BASIC,$4.99,037000847366
ACCESSORIES,BOUNCE SHEETS 15CT,$3.99,037000958604
ACCESSORIES,FEBREZE AIR MIST,$8.99,037000970828
ACCESSORIES,SQUID,$10.99,040232624506
ACCESSORIES,Duraflame:Xtra Firelog,$10.99,041137001072
ACCESSORIES,RED SOLO PLATES,$8.99,041165022001
ACCESSORIES,SOLO BOWL 22 COUNT,$8.99,041165025156
ACCESSORIES,SOLO CUPS,$9.99,041165600100
ACCESSORIES,PARTY CUP CLEAR 20PK,$4.99,041303023983
ACCESSORIES,TOOTHPICKS,$3.99,041303024119
ACCESSORIES,"Duracell Battery, Alkaline, 9V1",$8.99,041333116013
ACCESSORIES,Duracell Coppertop D Alkaline Batteries,$7.99,041333213019
ACCESSORIES,Duracell Coppertop C2 Alkaline Batteries,$7.99,041333214016
ACCESSORIES,Duracell Coppertop Duralock Power Preserve Aa Alkaline Batteries,$5.99,041333215013
ACCESSORIES,Duracell Coppertop:Two Pack,$5.99,041333224015
ACCESSORIES,Duracell Coppertop:Four Pack,$7.99,041333415017
ACCESSORIES,Duracell Coppertop:Four Pack,$7.99,041333424019
ACCESSORIES,Blistex Complete Moisture,$5.99,041388220550
ACCESSORIES,50 cups,$9.99,041594424032
ACCESSORIES,ZIPPO,$21.99,041689112059
ACCESSORIES,Zippo Lighter Fluid,$6.99,041689300494
ACCESSORIES,KINGSFORD MATCH LIGHT 4 LB,$10.99,044600320700
ACCESSORIES,KINGSFORD MATCH LIGHT 4 LB,$14.99,044600320960
ACCESSORIES,CLOROX 24 oz,$7.99,044600322513
ACCESSORIES,deep   woods,$17.99,046500229305
ACCESSORIES,GILLETTE 3X GEL 2.5,$4.99,047400130920
ACCESSORIES,GILLETTE FOAMY 11 OZ,$5.99,047400240407
ACCESSORIES,DENTEK ADVANCED CLEAN,$3.99,047701110805
ACCESSORIES,Store shaving creme,$5.99,048155904750
ACCESSORIES,DOSPSAFLASK BLACK,$8.99,048843001006
ACCESSORIES,Friskies Wet:Classic Pate Turkey & Giblets Dinner,$3.99,050000421848
ACCESSORIES,Friskies Wet:Meaty Bits Chicken Dinner In Gravy,$2.99,050000421947
ACCESSORIES,Friskies Wet:Classic Pate Ocean Whitefish & Tuna Dinner,$2.99,050000424948
ACCESSORIES,Friskies Wet:Savory Shreds w/Salmon In Sauce (Ps #4121707),$2.99,050000572014
ACCESSORIES,Friskies Wet:Tasty Treasures With Chicken Tuna & Cheese In Gravy (Ps# 5159887),$2.99,050000577958
ACCESSORIES,clorex 1.27 l,$8.99,055500017263
ACCESSORIES,PALMOLIVE ORANGE,$4.99,058000311619
ACCESSORIES,KING PALM 5 FILTERS,$2.99,058745654156
ACCESSORIES,C 26,$10.99,059245592450
ACCESSORIES,PREMIER 18MM FILTER TIP 200 PES,$6.99,066619100463
ACCESSORIES,AQUA NET EX SUPR HLD,$6.99,067990600139
ACCESSORIES,Savory Blend Dog Food,$7.99,070155124647
ACCESSORIES,KRAZY GLUE,$4.99,070158000054
ACCESSORIES,Bic Mini Lighter,$2.99,070330000025
ACCESSORIES,Wite-out Plus Correction Fluid,$3.99,070330503076
ACCESSORIES,Bic Lighter Mini,$2.99,070330643321
ACCESSORIES,BIC SENSITIVE 2,$3.99,070330746787
ACCESSORIES,Bic Cristal Xtra Smooth,$3.99,070330902824
ACCESSORIES,BIC PEN 2PK BLACK,$2.99,070330902831
ACCESSORIES,BIC PENCIL 5,$3.99,070330911871
ACCESSORIES,Bic Silky Touch,$3.99,070330916142
ACCESSORIES,Neutrogena:Ultra Soft Cloths,$4.99,070501451052
ACCESSORIES,TRIM,$3.99,071603125001
ACCESSORIES,TRIM BIG,$4.99,071603469006
ACCESSORIES,Trim:Slant Tip,$3.99,071603529007
ACCESSORIES,TRIM NAIL CARE,$2.99,071603625006
ACCESSORIES,Wiffle Tosso,$16.99,072133010010
ACCESSORIES,Penn Championship Extra Duty Felt Balls,$10.99,072489010016
ACCESSORIES,Tampax Pearl Plastic,$10.99,073010004542
ACCESSORIES,TAMPAX REGULAR 10,$7.99,073010214095
ACCESSORIES,TAMPAX SUPER 10,$7.99,073010314092
ACCESSORIES,PARTY PICKS,$2.99,073180018776
ACCESSORIES,Air Heads,$4.99,073390009137
ACCESSORIES,Purell Instant Hand Sanitizer With Aloe,$4.99,073852009385
ACCESSORIES,PURELL SANTZR GEL 2,$4.99,073852096507
ACCESSORIES,Softsoap Moisturizing Hand Soap Soothing Aloe Vera,$5.99,074182260125
ACCESSORIES,Softsoap Fresh Breeze,$5.99,074182270933
ACCESSORIES,LITTLE TREES ROYAL PINE,$3.99,076171101013
ACCESSORIES,LITTLE TREE BLCK ICE,$3.99,076171101556
ACCESSORIES,LITTLE TREES NEWCAR,$3.99,076171101891
ACCESSORIES,LITTLE TREES STRAWBERRY,$3.99,076171103123
ACCESSORIES,cigar cutter 64 ringCigar cutter double blade,$10.99,076622056008
ACCESSORIES,FIXODENT ORIGINAL,$4.99,076660008625
ACCESSORIES,WET ONES WIPES,$4.99,076828048432
ACCESSORIES,WET ONES CITRUS,$4.99,076828048647
ACCESSORIES,GREEN LABEL PAPER PLATES 100,$10.99,076955691020
ACCESSORIES,EAR PLUGS,$5.99,078257556090
ACCESSORIES,Carefree Acti Fresh Regular Pantliners - 20 Count,$3.99,078300069904
ACCESSORIES,MIDWEST CAN GASOLINE,$14.99,079223012107
ACCESSORIES,Axe:Dry Dark Temptation Invisible Solid,$10.99,079400061256
ACCESSORIES,SUAVE SHAMPOO APPLE,$5.99,079400462718
ACCESSORIES,Axe:Anarchy Invisible Solid,$10.99,079400551108
ACCESSORIES,Suave Hair - Professionals:Color Protection,$5.99,079400892003
ACCESSORIES,DUCT TAPE 10 YARDS,$5.99,080893010508
ACCESSORIES,CARMEX STRAWBERY,$4.99,083078010188
ACCESSORIES,CARMEX CLASSIC,$4.99,083078113148
ACCESSORIES,High Noon Sun Sips,$2.99,085000029275
ACCESSORIES,MATCHES 10PC,$3.99,088168150119
ACCESSORIES,CORKSCREW OPENER,$9.99,088168707832
ACCESSORIES,80 TISSUEULTRA SOFT,$3.99,097464900106
ACCESSORIES,MELODY 180 NAPKINS,$3.99,097464901400
ACCESSORIES,MELODY,$2.99,097464902964
ACCESSORIES,Melody Paper Towels,$3.99,097464903800
ACCESSORIES,MELODY - TOILET PAPER,$4.99,097464905101
ACCESSORIES,XTRA TUFF,$3.99,191554301412
ACCESSORIES,HAND SANITIZER,$5.99,191554603813
ACCESSORIES,HAND SANITIZER,$4.99,191554603837
ACCESSORIES,NUVALU UMBRELLA,$17.99,195457017920
ACCESSORIES,gift bag,$5.99,195457033791
ACCESSORIES,XOXO VALANTINE GIFT 2 PCS,$4.99,195457036136
ACCESSORIES,nuvalu  red cups,$4.99,195457080061
ACCESSORIES,NUVALU COTTON SWABS,$6.99,195457262009
ACCESSORIES,TABLE KING PLASTIC SHORT CUP,$3.99,195457524732
ACCESSORIES,gift bag,$3.99,195457545355
ACCESSORIES,razors,$8.99,195457596890
ACCESSORIES,NUVALU LINT ROLLER,$3.99,195457673706
ACCESSORIES,STAINLESS STEEL WINE OPENER,$7.99,195457811856
ACCESSORIES,NUVALU COTTON SWABS,$6.99,195457863466
ACCESSORIES,NUVALU BATH SPONGE,$5.99,195457865477
ACCESSORIES,Q-TIPS 30 COUNTS,$5.99,305210221277
ACCESSORIES,CHAPSTICK ORIGINAL,$3.99,305730701129
ACCESSORIES,CHAPSTICK CLASSIC CHERRY,$3.99,305730705127
ACCESSORIES,CHAPSTICK SPEARMINT,$3.99,305730711128
ACCESSORIES,CHAP STICK STAWBERRY,$3.99,305730715126
ACCESSORIES,CHAPSTICK ORIGINAL,$3.99,305730725125
ACCESSORIES,chap stick medicated,$4.99,305731342635
ACCESSORIES,Swan Isoporphyl Alcohol 70%,$4.99,308691156106
ACCESSORIES,Swan Hydrogen Peroxide,$3.99,308694706100
ACCESSORIES,VISINE,$5.99,312547493833
ACCESSORIES,Vicks Nyquil Cold & Flu Nighttime Relief,$16.99,323900014244
ACCESSORIES,bUNDLE OF WOOD,$10.99,347734029786
ACCESSORIES,RHINO 63 PREMIUM,$14.99,354657943587
ACCESSORIES,Aveeno:Daily Moisturizing Lotion Tube,$6.99,381370036029
ACCESSORIES,Johnson & Johnson First Aid To Go:Durable Plastic Case - 12 Items,$5.99,381370082958
ACCESSORIES,JOHNSONS BABY LOTION,$5.99,381371190171
ACCESSORIES,PREMIER ZEN GOLD 4000 UP TO 7 DAYS,$14.99,394857943796
ACCESSORIES,MIN CAME PONG SET,$3.99,422052612503
ACCESSORIES,multi-purpose mini cups,$4.99,422055700344
ACCESSORIES,Bundle Of Wood,$10.99,499973370027
ACCESSORIES,ZYN,$11.99,609249907066
ACCESSORIES,STIX DUCT TAPE,$3.99,610466048111
ACCESSORIES,CAN OPENER,$4.99,610466049682
ACCESSORIES,ACETON,$3.99,631881158025
ACCESSORIES,Super 7,$17.99,632930328376
ACCESSORIES,Sex bill rhino,$16.99,632930328444
ACCESSORIES,10 K RHINO PLATINUM,$14.99,638178986668
ACCESSORIES,COOKING TONGS,$4.99,639277506627
ACCESSORIES,PARTY PICKS,$4.99,639277962485
ACCESSORIES,Rino  fx 35000,$17.99,640793578708
ACCESSORIES,PAPER PLATES HEAVY DUTY 100 CT,$21.99,644216836239
ACCESSORIES,Rihno,$16.99,653341363442
ACCESSORIES,Rhino King 20000,$17.99,653341363541
ACCESSORIES,Baby Select Diapers L,$10.99,655708011621
ACCESSORIES,Colgate Mini toothpaste and tooth brush,$4.99,655708120897
ACCESSORIES,lighter,$2.99,670877300802
ACCESSORIES,PARTY POPPER,$3.99,679285306505
ACCESSORIES,Toy Candy,$4.99,686464495004
ACCESSORIES,monkey swing,$4.99,686464607001
ACCESSORIES,SUPER X,$5.99,693507131218
ACCESSORIES,charger,$10.99,697175845507
ACCESSORIES,Charger,$10.99,697175845798
ACCESSORIES,STAINLESS STEEL WINE OPENER,$7.99,697201987577
ACCESSORIES,SUPER X,$4.99,703669055724
ACCESSORIES,SUPER7X,$5.99,703669055762
ACCESSORIES,Axxion 5 pk,$3.99,705105994475
ACCESSORIES,SUPER 7 RHINO 3500,$16.99,706084627804
ACCESSORIES,Classic Raw Rolling Paper,$5.99,716165176107
ACCESSORIES,RAW TIPS,$3.99,716165179481
ACCESSORIES,NEW RHINO 69,$17.99,718122071128
ACCESSORIES,BAMBOO SKEWERS,$3.99,718551559914
ACCESSORIES,AWSOME WINDOW CLEAN 32 oz,$7.99,722429320506
ACCESSORIES,RUBBING ALCOHOL 32  OZ,$6.99,722429321718
ACCESSORIES,HYDROGEN PEROXIDE 32 OZ,$6.99,722429322371
ACCESSORIES,AWESOME BLEACH,$8.99,722429960047
ACCESSORIES,STELLAR MASS,$15.99,729105877231
ACCESSORIES,LIGHTER GUN  DOUBLE TORCH,$16.99,737488028621
ACCESSORIES,LIGHTER,$7.99,737488029109
ACCESSORIES,LIGHTER,$7.99,737488029161
ACCESSORIES,LIGHTER,$7.99,737488029253
ACCESSORIES,CLICKIT GUITAR LIGHTER,$16.99,737488029291
ACCESSORIES,LIGHTER,$8.99,737488029390
ACCESSORIES,LIGHTER,$7.99,737488029475
ACCESSORIES,CLICKIT LIGHTER,$14.99,737488029604
ACCESSORIES,LIGHTER,$7.99,737488029666
ACCESSORIES,FISH LIGHTER TORCH,$16.99,737488029819
ACCESSORIES,LIGHTER,$7.99,737488029895
ACCESSORIES,CLOCKIT CANNON  LIGHTER CAMOUFLAGE,$21.99,737488030303
ACCESSORIES,LIGHTER AK-47,$21.99,737488032307
ACCESSORIES,DALAN COVEX BAR SOAP,$3.99,739835009000
ACCESSORIES,BONER BEARS,$10.99,742880883891
ACCESSORIES,ORIGINAL SOL FISH,$21.99,743305000107
ACCESSORIES,WET PRODUCTS,$21.99,743305000251
ACCESSORIES,BEACH MATS,$7.99,743305000701
ACCESSORIES,SANDALS SOLFISH,$14.99,743305012025
ACCESSORIES,Wet tawel,$17.99,743305388106
ACCESSORIES,ISLAND SHADE UMBRELLA,$38.99,743305388380
ACCESSORIES,LAZY LOUNGER SHEAR,$29.99,743305388427
ACCESSORIES,SOL FISH FOR WOMAN,$21.99,743305389363
ACCESSORIES,HOODY PONCHOS BAJA BILLYS,$21.99,743305389738
ACCESSORIES,SANDALS SOLFISH,$14.99,743305389929
ACCESSORIES,HOODY PONCHOS BAJA BILLYS,$21.99,743305390451
ACCESSORIES,CABANA BEACH,$49.99,743305390710
ACCESSORIES,SOL FISH HEAD WEAR,$14.99,743305391618
ACCESSORIES,BEACH TOWELS,$18.99,743305394206
ACCESSORIES,HOODY PONCHOS BAJA BILKLYS,$21.99,743305394985
ACCESSORIES,SANDALS SOLFISH,$14.99,743305395890
ACCESSORIES,BEACH TOWELS,$18.99,743305396088
ACCESSORIES,SOL FISH,$21.99,743305396897
ACCESSORIES,BEACH TOWELS,$18.99,743305396934
ACCESSORIES,VLASSIC STITCHED FOOTBALL,$21.99,743305397221
ACCESSORIES,BEBE BABYWIPES,$6.99,743407939121
ACCESSORIES,cutter,$14.99,743809208511
ACCESSORIES,Bliss bears,$10.99,746626258172
ACCESSORIES,SUN GLASSES,$17.99,753625103570
ACCESSORIES,SUN GLASSES,$17.99,753625204864
ACCESSORIES,Virtue Bath Tissue,$4.99,754136100713
ACCESSORIES,BIG QUALITY TOWEL,$3.99,754136300311
ACCESSORIES,Virtue Kitchen Towels,$4.99,754136300366
ACCESSORIES,Masking Tape,$3.99,764608009550
ACCESSORIES,CAN AND BOTTLE OPENER,$9.99,766150126488
ACCESSORIES,FASHION BANDANA,$3.99,766150127010
ACCESSORIES,pocket COMB,$2.99,792554102001
ACCESSORIES,Carmex Soothing Lib Balm,$4.99,792554620017
ACCESSORIES,BABY-DRY PAMPERS,$10.99,792554640046
ACCESSORIES,SCOPE MOUTH WASH,$3.99,792554700702
ACCESSORIES,TOOTHPASTE PLUS TOOTHBRUSH,$4.99,792554701150
ACCESSORIES,"BURT,S BEES LIP BALM",$5.99,792850140998
ACCESSORIES,Toys,$12.99,795861500102
ACCESSORIES,toys,$16.99,795861500515
ACCESSORIES,PREMIUM  SCOURING PADS,$3.99,801243117100
ACCESSORIES,Extra Strong Tall Kitchen Bags,$4.99,801243200130
ACCESSORIES,Ri-pac Tall Kitchen Bags,$6.99,801243204138
ACCESSORIES,Ri-pac sandwich bags,$3.99,801243270805
ACCESSORIES,PLASTIC FORKS,$3.99,801243642411
ACCESSORIES,RI-PAC 24 SPOONS,$3.99,801243642428
ACCESSORIES,PLASTIC KNIFES 24 COUNT,$3.99,801243642435
ACCESSORIES,fork\knives,$3.99,801243642459
ACCESSORIES,REACH MINT WAXED FLOSS 55 YD,$3.99,803954303575
ACCESSORIES,lucky tissues 8 pk,$5.99,808829122718
ACCESSORIES,White Rain:Sensations Hydrating Tropical Coconut,$5.99,809219600045
ACCESSORIES,tooth brush,$5.99,810051082272
ACCESSORIES,GURU NANDA BASICS TOOTHPASTE WITH HYDROXYAPATITE,$6.99,810051085761
ACCESSORIES,Clear Float 2000 puffs,$32.99,810105779288
ACCESSORIES,MELODY - TOILET PAPER,$4.99,810326015172
ACCESSORIES,PAMBER CHANGING KIT,$10.99,814521011632
ACCESSORIES,TIDE TO GO,$6.99,814521012059
ACCESSORIES,VO5 SHAMPO,$4.99,816559010991
ACCESSORIES,VO5 Shampoo - Herbal Escapes Free Me Freesia,$4.99,816559012872
ACCESSORIES,SHAMPOO VO5,$4.99,816559012926
ACCESSORIES,VO5 SHAMPO,$4.99,816559017914
ACCESSORIES,PREGNACY TEST,$6.99,819221012002
ACCESSORIES,AQUA BURST,$5.99,821808062331
ACCESSORIES,ACCELERA,$5.99,821808062409
ACCESSORIES,HYDROVENTURE,$4.99,821808062911
ACCESSORIES,HYDRO SWIM BESTWAY,$5.99,821808210053
ACCESSORIES,HYDRO SWIM,$12.99,821808240180
ACCESSORIES,STICKS,$3.99,827680134869
ACCESSORIES,BBQ SKEWERS,$4.99,827680134951
ACCESSORIES,DENTAL PICKS,$3.99,827680235955
ACCESSORIES,4 PC CHAMPAGNE CUPS,$5.99,827680302244
ACCESSORIES,FAMILY MAID PLAYING CARDS + 24 POKER CHIPS,$6.99,827680345937
ACCESSORIES,AJAX LEMON,$4.99,827854007142
ACCESSORIES,AJAX LIME,$4.99,827854007470
ACCESSORIES,Lavender Multi-Purpose Cleaner 28oz,$9.99,827854014911
ACCESSORIES,ESSINTIAL TOWELS 4ct,$2.99,840150513933
ACCESSORIES,ALP,$10.99,840158619095
ACCESSORIES,AIM DENTAL FLOSS,$4.99,840204578031
ACCESSORIES,birthday candles,$6.99,840929015262
ACCESSORIES,birthday candles,$4.99,840929015620
ACCESSORIES,party cups,$4.99,840929016351
ACCESSORIES,party cups black,$4.99,840929016375
ACCESSORIES,Imperial plastic cups,$3.99,840929049229
ACCESSORIES,PARTY SHOTS 20 PC,$5.99,840929049342
ACCESSORIES,Party Balkoons,$3.99,840929054469
ACCESSORIES,Balloons party,$3.99,840929054551
ACCESSORIES,MINI PARTY CUP,$3.99,840929055886
ACCESSORIES,VAPOR INHALER MENTHOL,$3.99,849607070821
ACCESSORIES,Minions tissues,$4.99,850002951561
ACCESSORIES,RM ORAL toothbrushers,$6.99,850004710548
ACCESSORIES,TRAVEL KIT TOOTH PASTE,$9.99,850006702251
ACCESSORIES,WIZARDS AIR FRESHENER FRESH VANILLA,$5.99,850007395544
ACCESSORIES,ALOE GATOR LIP BALM,$5.99,850016521347
ACCESSORIES,CHARCOAL XTREME CLEAN,$7.99,850022953286
ACCESSORIES,"LIQUID I.V, HYDRATION MULTIPLIER",$9.99,850039286247
ACCESSORIES,SPONG BOB MEGA EGG,$15.99,850049855112
ACCESSORIES,surprise crystal egg,$4.99,850049855136
ACCESSORIES,GOODTIME PAPER PLATES,$4.99,850055934528
ACCESSORIES,GOOD TIME PAPER PLATES,$5.99,850055934542
ACCESSORIES,RHINO 12000,$14.99,852662563610
ACCESSORIES,WIZARD AIR FRESHENER  APPLE CINNAMON,$5.99,854152008427
ACCESSORIES,WIZARD AIR FRESHENER LINEN,$5.99,854152008441
ACCESSORIES,WIZARD FRESHLY PICKED AIR FRESHENER,$5.99,854152008458
ACCESSORIES,X-M SPEAKER WIRELESS USB  X-105,$32.99,854753008192
ACCESSORIES,NEON MULTI PURPOS LIGHTER,$5.99,855553008078
ACCESSORIES,NEON 11X BUTANE GAS,$5.99,855553008139
ACCESSORIES,NEON 7X BUTANE GAS,$4.99,855553008160
ACCESSORIES,NEON LIGHTER,$2.99,855553008221
ACCESSORIES,SCENT BOMB  - SCENT BOMB BLACK,$4.99,855765001355
ACCESSORIES,Scent Bomb Air Fresher,$4.99,855765001393
ACCESSORIES,scent Bomb,$4.99,855765001522
ACCESSORIES,Alchool Prep Pads,$4.99,856023002510
ACCESSORIES,MOIST WIPES BLUE MELO SPLASH,$6.99,856023008758
ACCESSORIES,DELICIOUS MICGELADA BAJA CUP,$4.99,856542004071
ACCESSORIES,MECHELADA CUP,$6.99,856542004422
ACCESSORIES,DELICIOUS MICHELADA CUP,$4.99,856542004644
ACCESSORIES,BUTANE FUEL 8 OZ.,$4.99,859176000099
ACCESSORIES,VASELINE LIP THERAPY,$5.99,859581006853
ACCESSORIES,THEPLUG,$6.99,860001927801
ACCESSORIES,LUCKY GUY,$14.99,862578210126
ACCESSORIES,DENTAL FLOSS,$3.99,871170013783
ACCESSORIES,BIRTHDAY CANDLE,$4.99,871170031893
ACCESSORIES,FAST CHARGER  TYPE C TO USB,$10.99,871170058067
ACCESSORIES,SATYA ATTRACT MONEY,$2.99,873594003050
ACCESSORIES,INCENSE DRAGON MAGIK,$2.99,873594003074
ACCESSORIES,SATYA EGYPTIAN MUSK 10PK,$2.99,873594003098
ACCESSORIES,Plastic cups,$3.99,874507003792
ACCESSORIES,COOL PARTY CUBS,$3.99,874507007486
ACCESSORIES,Plastic Cups 16 oz 16pz,$3.99,874507007585
ACCESSORIES,COCKTAIL SHAKER,$21.99,876718001789
ACCESSORIES,GORILA HAIR GEL,$6.99,878971000004
ACCESSORIES,GORILA HAIR GEL,$6.99,878971000011
ACCESSORIES,GORILA HAIR GEL,$6.99,878971000028
ACCESSORIES,Sure:Original Solid Regular Scent,$4.99,883484717844
ACCESSORIES,Opto light,$7.99,891378000408
ACCESSORIES,Straws,$3.99,899099004231
ACCESSORIES,NOT POCK,$4.99,1988032150070
ACCESSORIES,GILLETTE BLUE PLUS,$6.99,3014260294250
ACCESSORIES,HUGGIES Wipes,$5.99,5029053590950
ACCESSORIES,Colgate Zig Zag Medium Toothbrush,$3.99,6001067004943
ACCESSORIES,GOILGATE TWISTER,$4.99,6001067024262
ACCESSORIES,Vaseline NO.1 Skin Protection 100 ML,$4.99,6001085120946
ACCESSORIES,VASELINE BLUESEAK BIG,$10.99,6001087006835
ACCESSORIES,Axe Dark Temptation Body Spray,$6.99,6001087363815
ACCESSORIES,Axe Apollo,$7.99,6001087364621
ACCESSORIES,Axe EXCITE,$7.99,6001087364638
ACCESSORIES,Axe Adrenalin Body Spray,$6.99,6001087364652
ACCESSORIES,AXE WILD SPICE,$6.99,6001087364690
ACCESSORIES,AXE BODY SPRAY ICE CHILL,$6.99,6001087379267
ACCESSORIES,TIDE,$3.99,6903148078884
ACCESSORIES,Tide Detergent Powder 508mg,$5.99,6903148078891
ACCESSORIES,CORKS CREW,$5.99,6954529289658
ACCESSORIES,head shoulders MEN,$8.99,7500435019491
ACCESSORIES,Dove Exfoliacion,$2.99,7501056371159
ACCESSORIES,AXE COLLISION,$7.99,7791293041124
ACCESSORIES,AXE BLACK NIGHT,$6.99,7791293041230
ACCESSORIES,axe epic fresh,$6.99,7791293050638
ACCESSORIES,75 SHEET LINT ROLLER,$3.99,8276802308428
ACCESSORIES,X-M WIRELESS SPEAKER,$27.99,8547530085272
ACCESSORIES,lotion,$10.99,8710447362945
ACCESSORIES,Cepillo dental,$3.99,8714789823775
ACCESSORIES,Axe,$7.99,8720181114441
ACCESSORIES,AXE GOLD TEMTATION,$6.99,8720181114526
ACCESSORIES,AXE VICE CHILL,$7.99,8720181114533
ACCESSORIES,AXE MARINE,$6.99,8720181114540
ACCESSORIES,AXE MUSK,$6.99,8720181114557
ACCESSORIES,DOVE MEN CARE,$6.99,8720181357893
ACCESSORIES,AXE AFRICA,$6.99,8886467065736
ACCESSORIES,BLUE II PLUS,$3.99,8888826019589
ACCESSORIES,Super Hit,$3.99,8904234400181
ACCESSORIES,INDIAN ROSE,$3.99,8904234405582
ACCESSORIES,Nag Champa agarbatti,$2.99,8904245400477
ACCESSORIES,Incencio super hit,$2.99,8908004953372
ACCESSORIES,Mr Muscle Windex Fresh Scent,$5.99,8992779255502
ACCESSORIES,Royal Honey,$16.99,9554100191997
ACCESSORIES,Johnson's Baby Soft Skin Lotion,$5.99,9556006060537
Alcohol,Pears Triumph De Vienne (3026),$51.99,203026000003
Alcohol,PASO ROBLES AUSTIN CABERNET SAUVIGNON,$24.99,272051000005
Alcohol,Makers mark 750,$32.99,285246000001
Alcohol,OCEANO AZUL,$18.99,15030207
Alcohol,714 BLONDE ALE,$13.99,008853997577
Alcohol,RECURSION IPA,$15.99,008853998161
Alcohol,JOSEPH PHELP CAB,$104.99,010465208903
Alcohol,INSIGNIA CABERNET SAUVIGNON,$659.99,010465709608
Alcohol,KENWOOD CAB,$18.99,010986002226
Alcohol,KENWOOD Pinot NOIR  750 ml,$18.99,010986002813
Alcohol,PERRIER JOUET BRUT 750 mm,$94.99,010986010351
Alcohol,MAISON SAINTE MARGUERITE SYMOHONIE,$28.99,010986010863
Alcohol,Martini & Rossi Sweet Vermouth (750 ml),$16.99,011034410055
Alcohol,Martini & Rossi Rosso:Vermouth,$7.99,011034410079
Alcohol,Martini & Rossi Dry Vermouth (750 ml),$14.99,011034420054
Alcohol,Martini & Rossi:Vermouth,$7.99,011034420078
Alcohol,COTE DU RHONE,$21.99,012086009945
Alcohol,Cloudline:Pinot Noir,$28.99,012086965319
Alcohol,19 CRIMES RED BLEND,$16.99,012354000995
Alcohol,19 CRIMES CABERNET SAUVIGNLN,$15.99,012354001350
Alcohol,19 CRIMES BANISHED PARK RED 750 ml,$15.99,012354001688
Alcohol,19 CRIMES.SHIRAZ,$14.99,012354001848
Alcohol,19 CRIMES HARD CHARDONNAY,$15.99,012354001947
Alcohol,19 CRIMES CALI RED BLAEND pp750 ML,$18.99,012354004290
Alcohol,19 CRIMES CALI ROSE 750ML,$16.99,012354005006
Alcohol,19 CRIMES RED BLEND 2 OF AMERIKAZ MOST,$18.99,012354016156
Alcohol,auston Hope,$76.99,012776767926
Alcohol,GRAND MARNIER MAISON FONDEE EN 1827,$164.99,012881774895
Alcohol,TREFETHEN CHARDONNAY 750 ml,$40.99,013024070010
Alcohol,OVERTURE CABERNET SAUVIGNON,$549.99,013068131180
Alcohol,SHAFAR CABERNET SAUVIGNON,$159.99,013528800014
Alcohol,Comte LAFOND,$71.99,013688285317
Alcohol,WOODCHCK AMBER 6PK,$9.99,014974500091
Alcohol,FREEMARK ABBEY CABERNET SAUVIGNON,$49.99,015917026968
Alcohol,FREEMARK ABBEY MERLOT 750 ml,$27.99,015917026975
Alcohol,CHALK HILL CHARDONNAY,$21.99,016236000028
Alcohol,CHALK HILL PINOT NOIR SON CST 23 750ML,$39.99,016236000042
Alcohol,CHALK HILL S BLC,$32.99,016236002046
Alcohol,EL PINO CLUB P NOIR FUNKY JORY 21 750ML,$47.99,016236020002
Alcohol,BONANZA CAB,$12.99,017224510208
Alcohol,BONANZA CHARDONNAY,$12.99,017224510222
Alcohol,Caymus-Suisun GRAND DURIF Red Wine 750 ml,$68.99,017224710004
Alcohol,CAYMUS SUISUN The walking fool,$42.99,017224710011
Alcohol,BONANZA CABERNET SAUVIGNON,$27.99,017224710202
Alcohol,BBONANZA  CABERNET SAUVIGNON,$45.99,017224710219
Alcohol,BONANZA CHARDONNAY,$24.99,017224710226
Alcohol,CAYMUS NAPA CABERNET SAUVIGNON,$120.99,017224712107
Alcohol,CAYMUS CALIFORNIA CABERNET SAUVIGNON,$76.99,017224713104
Alcohol,CAYMUS CABERNET SAUVIGNON,$98.99,017224714101
Alcohol,CAYMUS CAB SAUV SPEC SELECTION19WD 750ML,$298.99,017224720102
Alcohol,CONUNDRUM WHITE,$26.99,017224750123
Alcohol,CONUNDRUM RED BLEND 750 ml,$30.99,017224760122
Alcohol,RED SCHONER RED WINE,$60.99,017224770107
Alcohol,SUPREMA,$8.99,017698061060
Alcohol,CHALONE PINOT NOIR 22 750ML,$35.99,018138104026
Alcohol,EDNA VALLEY CHARD,$15.99,018138201022
Alcohol,EDNA SAUVGNON BLANC,$15.99,018138202029
Alcohol,Edna Valley Pinot Noir (750 ml),$26.99,018138204023
Alcohol,EDNA VALLEY  CABERNET SAUVIGNON,$19.99,018138209028
Alcohol,Provenance Vineyards:Cabernet Sauvignon,$43.99,018138565025
Alcohol,Budweiser Can 6pk,$10.99,018200000164
Alcohol,BUD 16 OZ 6 PACK,$9.99,018200000188
Alcohol,WAT RITA,$1.99,018200000324
Alcohol,PLATINUM 22OZ. BOTTL,$3.99,018200000645
Alcohol,NATURLA ICE CAN,$0.99,018200000676
Alcohol,MANG-O-RITA 8 OZ.,$1.99,018200000812
Alcohol,PEACH RITA,$1.99,018200000829
Alcohol,Bud Light,$10.99,018200001062
Alcohol,Budweiser Bottle (40 oz),$5.99,018200001260
Alcohol,KING COBRA 32 O,$1.99,018200001307
Alcohol,6PK ODOULS 12OZ,$5.99,018200001574
Alcohol,BUD LIGHT LIME-A-RIT,$6.99,018200001741
Alcohol,B-LT LIME,$1.99,018200001789
Alcohol,BUDLIGHT LIME 22 OZ.,$3.99,018200002144
Alcohol,BUD LT CHLADA,$10.99,018200002304
Alcohol,BUD ICE,$1.99,018200002434
Alcohol,BEATS SENSES MIXED BERRY 24/7.5 CAN,$1.99,018200002489
Alcohol,BEATS SENSES MANGO PINEPPLE 24/7.5 CAN,$1.99,018200002496
Alcohol,BEATS SENSES LEMON LIME 24/7.5 CAN,$1.99,018200002519
Alcohol,Margaritaville Paradise Key:Tropical,$5.99,018200002724
Alcohol,BUDWEISER 16 OZ ALUM,$1.99,018200004735
Alcohol,HURRICANE,$4.99,018200005329
Alcohol,16OZ NAT LIGHT,$4.99,018200005442
Alcohol,BUD ICE 12PK,$8.99,018200006470
Alcohol,Bud Light Bottles (12 oz x 12 ct),$18.99,018200007699
Alcohol,Budweiser Bottles (12 oz x 12 ct),$18.99,018200007712
Alcohol,BUD LIGHT 6.70Z,$4.99,018200007736
Alcohol,ODOULS 24/12 NR 4/6,$11.99,018200007842
Alcohol,Bud Light Bottles (12 oz x 6 ct),$10.99,018200008337
Alcohol,BUDWEISER 6 PK 12OZ,$10.99,018200008344
Alcohol,BUD CHELADA 16 0Z.,$2.99,018200008634
Alcohol,BUD L CLAMATO 4PK 16OZ,$2.99,018200008665
Alcohol,MICHELOB L 6 PK,$7.99,018200009563
Alcohol,NATURAL ICE 12P,$9.99,018200009648
Alcohol,BUD ICE 12 PK,$9.99,018200009785
Alcohol,O'Doul's NA Bottles (12 oz x 6 ct),$9.99,018200029929
Alcohol,MICHELOB ULTRA 6PK,$12.99,018200059896
Alcohol,MICHELOB ULTRA 12-PK 12OZ BOTTLES,$19.99,018200059902
Alcohol,MICHELOB ULTRA 12-PK 12OZ,$18.99,018200069918
Alcohol,MICHELOB ULT AMBR 12,$16.99,018200109874
Alcohol,BUD 20 PK 12 OZ,$18.99,018200110252
Alcohol,BUDWEISER 12 CAN,$18.99,018200110474
Alcohol,BUDWEISER 18PK,$18.99,018200111822
Alcohol,BUDWEISER 18/12 CAN LOOSE,$23.99,018200112188
Alcohol,SHOCK TOP BELGIAN WHITE 24/12 LNNR 4/6,$13.99,018200139864
Alcohol,NATURAL LIGHT 30PK,$18.99,018200150302
Alcohol,NATURAL LGHT 12,$9.99,018200150470
Alcohol,BD LT LME,$17.99,018200159831
Alcohol,MICHELOB ULTRA - INFUSIONS,$18.99,018200169847
Alcohol,SHOCK TOP,$17.99,018200179914
Alcohol,BUDLIGHT 12PK 8 OZ,$6.99,018200179990
Alcohol,ULTRA 8 OZ,$12.99,018200189821
Alcohol,BUDLIGHT PLATINUM 12PK 12OZ,$17.99,018200189920
Alcohol,BEST DAMN ROOT 6PK,$14.99,018200200021
Alcohol,MICHELOB ULTRA,$13.99,018200200113
Alcohol,BUDWEISER ZERO NON ALCOHOLIC  24/12 CAN 2/12,$17.99,018200200380
Alcohol,BUDWEISER ZERO ALCOHOL 6PK 12OZ,$10.99,018200200397
Alcohol,Michelob Ultra Light Beer Aluminum Bottles (16 oz x 12 ct),$23.99,018200200595
Alcohol,BUD AMBER LAGER,$18.99,018200200687
Alcohol,BUDWEISER FREEDOM 6P,$9.99,018200200694
Alcohol,BUDDLIGHT ORANGE 6PK,$9.99,018200200793
Alcohol,ORANGE,$15.99,018200200809
Alcohol,Michelob Ultra Pure Gold Can (25 oz),$14.99,018200200823
Alcohol,MICH ULTRA PURE GOLD,$25.99,018200200830
Alcohol,ESTRELLA JALISCO 12/24 CAN 4/3,$11.99,018200200878
Alcohol,STELLA ARTOIS,$12.99,018200201325
Alcohol,MICH ULTRA PURE GOLD 24/12 CAN 2/12,$25.99,018200201448
Alcohol,NATURAL LIGHT - SELTZER,$16.99,018200201790
Alcohol,NATURAL LIGHT - SELTZER,$16.99,018200201806
Alcohol,BUD LIGHT,$23.99,018200202179
Alcohol,STELLA ARTOIS 12PK 12OZ CANS,$23.99,018200202490
Alcohol,BUD LIGHT PLATINUM,$12.99,018200202506
Alcohol,Michelob Ultra Pure Gold Bottles (12 oz x 6 ct),$23.99,018200202582
Alcohol,CACTI,$24.99,018200202728
Alcohol,NUTRL VODKA SELTZER PINEAPPLE 24/12 CAN 6/4,$11.99,018200202988
Alcohol,STELLA ARTOIS NON ALCOHOL 6 PK 12 OZ,$13.99,018200203138
Alcohol,NUTRL FRUIT VARIETY PZCK  CAN 3/8PK 12Z,$23.99,018200203527
Alcohol,NUTRL VODKA SELTZER WATERMELON 24/12 CAN 6/4,$11.99,018200203534
Alcohol,NUTRL LEMONAD,$16.99,018200203718
Alcohol,NUTRL VODKA SELTZER CRANBERRY 24/12 CAN 6/4,$12.99,018200203725
Alcohol,CANTARITOS MANDARIN HARD SODA 24/12 NR 4/6,$13.99,018200203916
Alcohol,CANTARITOS PINEAPPLE HARD SODA 24/12 NR 4/6,$13.99,018200203923
Alcohol,NUTRL VODKA SELTZER ORANGE 24/12 CAN 6/4,$12.99,018200204012
Alcohol,NUTRL VODKA SELTZER BLACK CHERRY 24/12 CAN 6/4,$12.99,018200204227
Alcohol,MICH ULTRA ZERO 12pk,$19.99,018200204241
Alcohol,NUTRL LIME CAN 9 6/4P 12Z,$12.99,018200204302
Alcohol,RITAS LIME-A-RITA 24/7.5 CAN 2/12,$16.99,018200204319
Alcohol,RITAS STRAW-BER-RITA 24/7.5 CAN 2/12,$15.99,018200204326
Alcohol,NUTRL FRUIT VP3 CAN 2/12 PK 12Z,$30.99,018200204418
Alcohol,MICH ULTRA ZERO 24/12 NRLN 4/6,$13.99,018200204456
Alcohol,CANTARITOS TAMARIND HARD SODA 24/12 NR 4/6,$15.99,018200204463
Alcohol,NUTRL VODKA SELTZER STRAWBERRY 24/12 CAN 6/4,$13.99,018200204470
Alcohol,skimmers vodka iced tea original,$15.99,018200204555
Alcohol,skimmers vodka iced tea peach,$15.99,018200204562
Alcohol,skimmers vodka iced tea,$15.99,018200204579
Alcohol,skimmers iced tea lemonade variety pack,$26.99,018200204586
Alcohol,MICHELOB ULTRA ZERO LIME 6PK 12OZ BOTTLE,$14.99,018200204661
Alcohol,NUTRL PEACH,$16.99,018200204685
Alcohol,STELLA ARTOIS,$12.99,018200209918
Alcohol,8PK BUDLIGHT 16OZALM,$12.99,018200209987
Alcohol,BUD12PK 8OZ CHELDA B,$12.99,018200209994
Alcohol,BUDWEISER 16OZ ALUMI,$11.99,018200219795
Alcohol,Budweiser Cans (25 oz x 3 ct),$10.99,018200219856
Alcohol,Bud Light Can (25 oz),$10.99,018200219863
Alcohol,STELLA CIDER,$9.99,018200219917
Alcohol,SHOCK TOP,$16.99,018200219979
Alcohol,SHOCK TOP APPLE 6PK,$9.99,018200219986
Alcohol,HURRICANE,$5.99,018200229855
Alcohol,MANGO^RITA 12PK 8OZ,$15.99,018200229893
Alcohol,MONTEJO CERVESA,$8.99,018200240058
Alcohol,Michelob Ultra Cans (25 oz x 3 ct),$12.99,018200249815
Alcohol,Budweiser Can (25 oz),$3.99,018200250002
Alcohol,BUD LIGHT CAN,$3.99,018200250019
Alcohol,NATURAL LIGHT 24 OZ,$4.99,018200250026
Alcohol,BUSCH LIGHT,$3.99,018200250040
Alcohol,Michelob Ultra Light Beer Can (25 oz),$4.99,018200250101
Alcohol,COBRA 25OZ,$2.99,018200250118
Alcohol,Bud Light Lime Straw-Ber-Rita Margarita with a Twist,$4.99,018200255052
Alcohol,BUD LIGHT CHELADA  CAN,$4.99,018200255083
Alcohol,BUD CHELADA 15/25 CAN,$4.99,018200255090
Alcohol,Budweiser Chelada Beer Can (25 oz),$4.99,018200255106
Alcohol,Bud Light Chelada Extra Lime with Clamato Can (25 oz),$4.99,018200255274
Alcohol,SEASONAL RITA 25 OZ,$3.99,018200255380
Alcohol,BUD LIGHT PLATINUM,$4.99,018200255434
Alcohol,Estrella Jalisco 3 pack Cans (24 oz),$4.99,018200258169
Alcohol,BUD L GRAPE A RITA,$3.99,018200258336
Alcohol,PEACH-A-RITA 25 OZ,$3.99,018200258923
Alcohol,NATTY RUSH WATERMELON,$2.99,018200259012
Alcohol,MICHELOB GOLD 12 OZ,$1.99,018200259043
Alcohol,RITA WATERMELON 25OZ,$4.99,018200259081
Alcohol,BUD LIGHT ORANGE 24Z,$2.99,018200259104
Alcohol,COCONUT RITA,$3.99,018200259142
Alcohol,MIC ULTRA 25OZ,$3.99,018200259401
Alcohol,Estrella Jalisco/Golden Road Collab Mango Michelada Can (25 oz),$4.99,018200259463
Alcohol,BUD LIGHT MANGO CHELDA 25OZ,$4.99,018200259760
Alcohol,ESTRELLA JALISCO CHAMOY MICHELADA 15/25 CAN,$4.99,018200260094
Alcohol,NATURAL LIGHT SELTZE,$3.99,018200260315
Alcohol,NATURAL SELTZER,$3.99,018200260322
Alcohol,BUD LIGHT LEMONADE,$3.99,018200260674
Alcohol,ESTRELLA JALISCO,$4.99,018200260698
Alcohol,MICH ULTRA PURE GOLD CAN,$4.99,018200261107
Alcohol,STELLA ARTOIS,$4.99,018200261244
Alcohol,BUD LIGHT CHELADA TAJIN (CHILE LIMON) 15/25 CAN,$4.99,018200261626
Alcohol,CACTI,$4.99,018200261930
Alcohol,BUD LIGHT CHELADA TAJIN MANGONADA 15/25 CAN,$3.99,018200263859
Alcohol,NUTRL PINEAPPLE CAN 9 12P 720ML,$6.99,018200263866
Alcohol,Jarritos Mandarin Cantaritos Hard Soda Can (25 oz),$4.99,018200263941
Alcohol,NUTRL WATERMELON 9 CAN 12P 720ML,$5.99,018200264252
Alcohol,NUTRL ORANGE,$4.99,018200264580
Alcohol,4 PKN PINAPLE nUTRLE,$16.99,018200264764
Alcohol,NATURAL,$14.99,018200272189
Alcohol,BUD LT WATERMELON RITA,$17.99,018200284274
Alcohol,NATURAL ICE BEER,$9.99,018200284434
Alcohol,NUTRL FRUIT VP3 CAN 3/8P 12Z,$21.99,018200290664
Alcohol,NUTRL WATERMELON 9 CAN 6/4P 12Z,$11.99,018200290671
Alcohol,NUTRL ORANGE CAN 9 6/4P 12Z,$10.99,018200292088
Alcohol,SKIMMERS VOD TEA VP CAN3/8P 12Z,$23.99,018200293061
Alcohol,SKIMMERS ICED TEA H-H CAN 6/4P 12Z,$10.99,018200293092
Alcohol,NUTRL PINEAPPLE CAN 9 6/4P 16Z,$16.99,018200293139
Alcohol,Bud Light Bottles (12 oz x 30 ct),$35.99,018200530302
Alcohol,Bud Light Cans (12 oz x 12 pk,$18.99,018200530470
Alcohol,BUDLIGHT 18-PACK 12OZ CAN,$23.99,018200532184
Alcohol,BUSCH 30PK,$17.99,018200610301
Alcohol,REPLACEMENT CREDITb,$179.99,018200710063
Alcohol,BUSCH LIGHT 30PK,$0.99,018200860317
Alcohol,LEMON-ADE-RITA 25 OZ,$3.99,018200959998
Alcohol,MICH ULTRA 18PK CANS,$25.99,018200967214
Alcohol,MONTIJO 6PK,$8.99,018200969034
Alcohol,CRAN-BER-RITA 25 OZ,$3.99,018200969348
Alcohol,ESTRELLA JALISCO,$18.99,018200970030
Alcohol,BUDWEISER CAN AL,$20.99,018200970085
Alcohol,BUD LIGHT ALUMINIUM BTLS,$20.99,018200970092
Alcohol,Barefoot Cellars Cabernet (1.5 L),$14.99,018341151015
Alcohol,BAREFOOT SAUV BLANC 1.75 LITER,$14.99,018341151022
Alcohol,BAREFOOT CHARD 1.75 LITER,$14.99,018341151053
Alcohol,BARE FOOT MERLOT 1.75 L,$14.99,018341151107
Alcohol,BAREFOOT CABERNET,$8.99,018341751017
Alcohol,BAREFOOT SAUVIGNON BLANC 750,$9.99,018341751024
Alcohol,BAREFOOT CHARD 750 ml,$9.99,018341751055
Alcohol,BAREFOOT MERLOT,$8.99,018341751109
Alcohol,BAREFOOT BUBBLY EXTRA DRY 750 ml,$13.99,018341751253
Alcohol,BAREFOOT BUBBLY BRUT CUVEE 750 ml,$13.99,018341751260
Alcohol,Schramsberg Blanc de Blancs Brut:Champagne Blend,$51.99,019855112004
Alcohol,MIRABLLEE Brut 750 mm,$39.99,019855272005
Alcohol,TRACK 7 PORTER,$9.99,019962090233
Alcohol,PALM,$13.99,019962536038
Alcohol,CLASE AZUL GOLD,$494.99,020212030039
Alcohol,BOGLE SAUVIGNON BLANC,$12.99,020227493942
Alcohol,BITBURGER PRUMIEM,$13.99,020507000112
Alcohol,TOPO CHICO VARIETY PACK C24 12OZ 12P,$28.99,021136180879
Alcohol,TOPO CHICO strawberry guava  24 oz,$4.99,021136180947
Alcohol,Pabst Blue Ribbon Can (24 oz),$3.99,022100000049
Alcohol,PABST BEER,$7.99,022100000711
Alcohol,PABST BLUE RIBBON  18-PK CANS,$24.99,022100001572
Alcohol,PABST BLUE RIBBON 12 PK 12OZ CAN,$15.99,022100001701
Alcohol,PATS BLUE RIBBON - 24PK,$21.99,022100001718
Alcohol,PABST BLUE RIBBON C12 24OZ 3P,$8.99,022100002586
Alcohol,PABST 12 PACK BOTL,$10.99,022100002883
Alcohol,PAB BLUE 6PK,$6.99,022100002890
Alcohol,PABST LIGHT 12-PACK,$12.99,022100004122
Alcohol,OLIMPIA BEER 12.0 EA,$8.99,022100075009
Alcohol,PABST LIGHT 25OZ,$3.99,022100112766
Alcohol,PABST LIGHT C24 12OZ 12P,$14.99,022100112780
Alcohol,SESSION LAGER 12PK,$10.99,024866470005
Alcohol,LATOUR BOURGOGNE 750,$32.99,026861102974
Alcohol,Flor De Cana Gold Label Rum (750 ml),$13.99,026964177190
Alcohol,LICOR 43,$5.99,029929801031
Alcohol,123 Tequila Blanco 750 ml,$87.99,030131362074
Alcohol,123 Tequila Repesado 750 ml,$98.99,030131362142
Alcohol,FAR NIENTE NAPA VALLEY CHARDONAY,$93.99,030174091122
Alcohol,FAR NIENTE CABERNET SAUVIGNON,$144.99,030174091306
Alcohol,JOSH CELLARS ROSE 750ML,$18.99,031259001043
Alcohol,JOSH PINOT GRIGIO,$18.99,031259001456
Alcohol,JOSH RESERVE CABERNET SAUVIGNON,$25.99,031259003047
Alcohol,MASTERSONS WSKY RYE 10YR 90 750ML,$104.99,031259003559
Alcohol,JOSH PROSECCO 750 ml,$21.99,031259003726
Alcohol,JOSH RESERVE C C CHARDONAY 750 ml,$21.99,031259004471
Alcohol,HONEST THIEF CABERNET SAUVIGNON,$27.99,031259005232
Alcohol,JOSH HEARTH CABERNET SAUVIGNON,$20.99,031259005317
Alcohol,FORCE & GRACE CABERNET SAUVIGNON,$36.99,031259005393
Alcohol,josh reserver,$27.99,031259005454
Alcohol,Josh,$21.99,031259005805
Alcohol,GRAY WHALE VODKA,$32.99,031259005904
Alcohol,YELLOW TAIL CHARD,$10.99,031259008929
Alcohol,Yellow Tail Shiraz (750 ml),$8.99,031259008943
Alcohol,YELLOW TAIL MERLOT,$8.99,031259009223
Alcohol,JOSH CELLARS PINOT NOIR 750ML,$21.99,031259046952
Alcohol,JOSH CELLARS SAUVIGNON BLANC,$18.99,031259046976
Alcohol,JOSH CELLARS RED BLEND,$20.99,031259048024
Alcohol,HNOBB RED,$15.99,031259048710
Alcohol,JOSH RESERVE CABERNET SAUVIGNON,$25.99,031259049236
Alcohol,FREIXENET BRUT 750ML,$17.99,033293003007
Alcohol,FREIXENET SWEET CUVEE 750ml,$16.99,033293003014
Alcohol,Freixenet Cordon Negro Brut Champagne Blend (187 ml),$4.99,033293003113
Alcohol,FREIXENET EXTRA DRY 750 ml,$17.99,033293003809
Alcohol,GLORIA FERRE 750 ml,$21.99,033293111009
Alcohol,MODELO NEGRA 24 PK,$43.99,033544000113
Alcohol,CORONA REFRESCA 12PK 12OZ CAN,$26.99,033544000137
Alcohol,PACIFICO 3 PK 24OZ CANS,$13.99,033544000151
Alcohol,MODELO ESP 25BOTTLES 7OZ,$31.99,033544000212
Alcohol,CORONA FAMILAR  C12 24OZ,$4.99,033544000250
Alcohol,MODELO CHELADA MANGO 24OZ,$4.99,033544000267
Alcohol,CORONA,$24.99,033544000434
Alcohol,MODELO CHELADA PINA PICANTE 24 OZ,$4.99,033544000809
Alcohol,BACIFICO 18PK  BOTTELS 12 OZ`,$32.99,033544001134
Alcohol,MODELO CHELADA LIMON Y SAL C24 12OZ,$24.99,033544001301
Alcohol,Modelo Chelada Naranja Picosa (24 oz),$4.99,033544001585
Alcohol,Modelo Oro Gold Standard Lager Can (24 oz),$25.99,033544001622
Alcohol,MODELO ORO  C12 24OZ,$4.99,033544001653
Alcohol,PACIFCO 18 PK 12 OZ CANS,$32.99,033544001738
Alcohol,VICTORIA VICKY CHAMOY C12 24OZ,$4.99,033544001745
Alcohol,MODELO CHELADA VARIETY C24 12OZ 12P,$21.99,033544001776
Alcohol,PACIFICO 24PK CANS 12 OZ,$40.99,033544001820
Alcohol,CORONA Non alcoholic 12OZ 6P,$13.99,033544001844
Alcohol,MODELO CHELADA SANDIA PICANTE 24 OZ,$4.99,033544001875
Alcohol,MODELO CHELADA ESPECIAL 12PK,$24.99,033544001882
Alcohol,MODELO AGUA FR AGUA FRESCA VARIETY P,$25.99,033544002018
Alcohol,AGUA FRESCA PINEAPPLE 24 OZ,$4.99,033544002025
Alcohol,VICTORIA  C12 24OZ,$4.99,033544002070
Alcohol,CORONA NA  C24 12OZ 12PSL,$25.99,033544002261
Alcohol,MODELO CHELADA FRESA PICANTE 24 OZ,$4.99,033544002315
Alcohol,MODELO CHELADA NEGRA CON CHILE  24 OZ,$4.99,033544002339
Alcohol,CORONA SUNBREW CITRUS CERVEZA  12,$13.99,033544002384
Alcohol,CORONA SUNBREW CITRUS CERVEZA 24 OZ,$4.99,033544002445
Alcohol,MODELO ORO   12OZ 12P,$20.99,033544002483
Alcohol,MODELO NEGRA CAN,$21.99,033544002544
Alcohol,VICTORA CHAMOY MANGO,$4.99,033544002599
Alcohol,MODELO CHELEDA SUPREMA MANGONAADA,$5.99,033544002681
Alcohol,MODELO CHILADE SUPREME TROPICAL,$5.99,033544002704
Alcohol,MODELO NOCHE ESPECIAL B24 12OZ 6P,$14.99,033544002810
Alcohol,CERVEZA CLASSIC,$23.99,033544950210
Alcohol,PACIFICO  C12 24OZ,$4.99,033544950227
Alcohol,Victoria Mexican Lager Beer Bottle (32 oz),$5.99,033544950258
Alcohol,Modelo Especial Pilsner Bottles (12 oz x 18 ct),$32.99,033544950272
Alcohol,MODELO CHELADA ESPECIAL 3PK 24,$14.99,033544950289
Alcohol,PACIFICO 12-PACK 12OZ CANS,$21.99,033544950319
Alcohol,MODELO TAMZRINDO 24,$4.99,033544950333
Alcohol,CORONA EXTRA 3 PK 24 OZ,$13.99,033544950371
Alcohol,Corona Premier Bottles (12 oz x 6 ct),$1.99,033544950401
Alcohol,CORONA PREMIER  B24 12OZ 6P,$13.99,033544950418
Alcohol,CORONA PREMIER 12 PK 12 OZ,$25.99,033544950425
Alcohol,CORONA PREMIER  C24 12OZ 12PSL,$24.99,033544950449
Alcohol,CORONA PREMIER 24 OZ,$4.99,033544950470
Alcohol,CORONA FAMILIAR 6-PK 12OZ,$13.99,033544950517
Alcohol,CORONA FAMILIAR 12PK 12 OZ,$25.99,033544950531
Alcohol,MODELO CHELADA LIMON Y SAL 24OZ,$4.99,033544950609
Alcohol,MODELO NEGRA 24 OZ,$4.99,033544950616
Alcohol,MODELO ESPECIAL 32OZ BOTTLE,$5.99,033544950906
Alcohol,MILLER HIGHL 40,$2.99,034100000097
Alcohol,MHL  B12 32OZ,$4.99,034100000318
Alcohol,MICKEYS 12 OZ SINGLE,$1.99,034100001780
Alcohol,HENRY WEINHARDS RB12,$1.99,034100002596
Alcohol,RED APPLE 1 2PK,$15.99,034100003425
Alcohol,343231,$3.99,034100003494
Alcohol,Miller Lite 6pk,$10.99,034100003548
Alcohol,LITE  C12 24OZ,$4.99,034100003555
Alcohol,MILLER LITE 32O,$2.99,034100003586
Alcohol,MILLER LITE 12,$1.99,034100003623
Alcohol,REDDS WICKED CHRY 24,$3.99,034100003876
Alcohol,MGD 12 OZ,$1.99,034100005542
Alcohol,MGD 24 OZ,$2.99,034100005559
Alcohol,MGD 16OZ,$1.99,034100005610
Alcohol,OLD ENGLISH 40,$3.99,034100006228
Alcohol,ICEHOUSE 24 OZ,$2.99,034100008802
Alcohol,MGD 160Z,$1.99,034100009069
Alcohol,High Noon Hard Seltzer Pineapple Can (355 ml),$12.99,034100012335
Alcohol,THURS PNP STFR C12 24OZ,$5.99,034100013301
Alcohol,HAPPY THURSDAY STRAWBERRY C12 24OZ,$4.99,034100013325
Alcohol,HIGH LIFE 6 PK,$5.99,034100015053
Alcohol,H LIFE 12 PK,$9.99,034100016364
Alcohol,APPLE  REEDS 6PK,$10.99,034100087166
Alcohol,PISLNER URQUELL CASE,$16.99,034100087593
Alcohol,MGD 18 PK 12 OZ,$16.99,034100173401
Alcohol,MGD 6 PK BOT,$8.99,034100175054
Alcohol,MGD 12 PK BOTTL,$12.99,034100175092
Alcohol,MGD 3 PK,$5.99,034100176631
Alcohol,CAPE LINE,$12.99,034100516802
Alcohol,LITE 9 PK,$15.99,034100570231
Alcohol,LITE 18 PK BOT,$16.99,034100572563
Alcohol,MILER LITE 18-PK CAN,$27.99,034100573409
Alcohol,MILLER LIGHT 6 PK 12OZ,$11.99,034100575052
Alcohol,LITE 12 PK BOTT,$17.99,034100575090
Alcohol,MILLER LITE 12PK 12OZ CAN,$19.99,034100576363
Alcohol,Miller Lite Can (24 oz x 3 ct),$10.99,034100576639
Alcohol,MICKEYS 6 PK BO,$10.99,034100774356
Alcohol,LEINENJUGELS GFS 6PK,$10.99,034100786588
Alcohol,HENRY HRD ORNG 6PK,$10.99,034100989163
Alcohol,WIESEN EDELWEISS,$5.99,037398027227
Alcohol,ASAHI SUPER DRY 21OZ,$4.99,038766302144
Alcohol,Asahi Super Dry Bottles (11 oz x 6 ct),$15.99,038766361202
Alcohol,Michters American Whiskey 750ml,$49.99,039383005944
Alcohol,Michters Rye,$54.99,039383006507
Alcohol,Michters Bourbon,$54.99,039383007184
Alcohol,MITCHER 750ML SMSMALL BATCH,$54.99,039383009072
Alcohol,KIRIN  12PK CAN,$10.99,040063100903
Alcohol,KIRIN LIGHT,$12.99,040063116782
Alcohol,KIRIN ICHIBAN 6PK 12OZ,$13.99,040063175468
Alcohol,FOUR ROSES SINGLE BARREL,$60.99,040063400027
Alcohol,FOUR ROSES SMALL BATCH,$45.99,040063400317
Alcohol,FOUR ROSES BOURBON,$45.99,040063400409
Alcohol,FOUR ROSES BOURBON,$54.99,040063400430
Alcohol,ANGELS & cowboys rose,$21.99,040232096716
Alcohol,ANGELS COWBOYS RED,$27.99,040232096723
Alcohol,FOUR ROSES SMALL BATCH SELECT,$65.99,040232288333
Alcohol,UNCLE NEAREST 1884 93 PROOF,$50.99,040232379123
Alcohol,FOUR ROSES SMALL BATCH SELECT,$8.99,040232498282
Alcohol,FOUR ROSES SMALL BATCH SELECT 50 ML,$7.99,040232498299
Alcohol,UNCLE NESREST 1856 100 PROOF,$61.99,040232555442
Alcohol,FREERIDE APA,$10.99,040850020124
Alcohol,NIKKA WHISKY SMAL TYOICHI,$131.99,042300445747
Alcohol,NIKKA WHISKY COFFEY MALT,$87.99,042300449875
Alcohol,NIKKA WHISKY FROM THE BARREL,$98.99,042300497395
Alcohol,SCHOFFERHOFER 6-PACK,$10.99,042572040060
Alcohol,SCHOFFERHOFER,$10.99,042572044044
Alcohol,RADEBERGER,$9.99,042572050069
Alcohol,CLAUSTHALER N/A 6-PK,$13.99,042572057150
Alcohol,LA CREMA RUSSIAN RIVER VALLEY CHARD,$34.99,049331002215
Alcohol,LA CREMA CHARDONNAY,$26.99,049331002222
Alcohol,LA CREMA  PINOT NOIR,$27.99,049331002307
Alcohol,LA CREMA PINOT GRIS,$24.99,049331003120
Alcohol,LA CREMA SAUVIGNON BLANC,$26.99,049331004134
Alcohol,LA CREMA CABERNT SAUVIGNON  750ML,$54.99,049331012528
Alcohol,LA CREMA PINOT NOIR ROSE,$21.99,049331816126
Alcohol,Disaronno Original Amaretto,$41.99,050037014501
Alcohol,Disaronno Orinal,$4.99,050037014549
Alcohol,TIA MARIA COFFE LIQUEUR,$41.99,050037597172
Alcohol,SUNNYD VODKA SELTZER TANGY ORANGE C2,$12.99,050200003295
Alcohol,SUNNYD VODKA SELTZER VARIETY C24 12O,$25.99,050200003486
Alcohol,SUNNYD VODKA SUMMER VARIETY C24 12OZ,$25.99,050200006050
Alcohol,AVALINE ORGANIC CABERNET SAUVIGNON,$30.99,051497320782
Alcohol,UNCLE NEAREST RYE 100 PROOF,$61.99,051497363840
Alcohol,16OZ SCHLITZ,$4.99,052300000440
Alcohol,JMX Strawberry Hard Nectar 12/1 22oz,$5.99,061300877310
Alcohol,SCHLENKERLA ORIGINAL SMOKEBEER,$6.99,062067027604
Alcohol,NEST BEER,$15.99,062067028274
Alcohol,ESPRESSO STOUT,$7.99,062067029684
Alcohol,VIC Golden Monkey Belgian-Style Trip,$17.99,063027946539
Alcohol,STO India Pale Ale 2/12 12oz Can,$26.99,063625174099
Alcohol,STO India Pale Ale 12/1 19.2oz Can,$4.99,063625174211
Alcohol,STO India Pale Ale 4/6 12oz Can,$15.99,063625174334
Alcohol,STO Delicious IPA 4/6 12oz Can,$15.99,063625174358
Alcohol,STO Buenaveza Lager 2/12 12oz Can,$26.99,063625174402
Alcohol,STO Buenaveza Lager 12/1 19.2oz Can,$4.99,063625174419
Alcohol,STO Variety Pack #2 2022 Mixed 2/12,$26.99,063625174440
Alcohol,STO Buenaveza Lager 4/6 12oz Can,$15.99,063625174464
Alcohol,STO Hazy IPA 12/1 19.2oz can,$4.99,063625174501
Alcohol,STO Delicious Double IPA 4/6 12oz Ca,$15.99,063625174617
Alcohol,STO Delicious Hazy IPA 12/1 19.2oz C,$4.99,063625174655
Alcohol,STO Pilsner 4/6 12oz Can,$15.99,063625174662
Alcohol,STO India Pale Ale 4/6 12oz Btl,$15.99,063625177618
Alcohol,WYDERS 12OZ,$1.99,063791000352
Alcohol,PEAR CIDER 6 PK,$13.99,063791001335
Alcohol,PZA SWAMI'S IPA 4/6 16OZ CAN,$19.99,068992610003
Alcohol,PZA Swami's IPA 12/1 19.2oz Can,$4.99,068992610010
Alcohol,PZA Journey Ahead WC IPA 4/6 16oz Ca,$9.99,068992610201
Alcohol,PZA Swami's IPA 2/12 12oz Can,$25.99,068992611000
Alcohol,SEAGRAMS COOLERS,$5.99,070310013205
Alcohol,FALL BEER,$3.99,070310014837
Alcohol,Foster's Lager Can (25.4 oz),$3.99,070897013315
Alcohol,FOSTERS PREMIUM 25.4OZ,$3.99,070897183315
Alcohol,COLT 45 16OZ,$0.99,071250000140
Alcohol,COLT 45 24OZ,$1.99,071250402050
Alcohol,ROLLING ROCK,$6.99,071439000060
Alcohol,ROLLING ROCK CANS,$3.99,071439006017
Alcohol,Rolling Rock Can (24 oz),$15.99,071439344188
Alcohol,ROLLING ROCK 24/12 CAN 2/12,$12.99,071439344508
Alcohol,ROLLING ROCK 16 OZ,$1.99,071439400167
Alcohol,Rolling Rock Bottles (12 oz x 12 ct),$14.99,071439457123
Alcohol,ORIG COORS 6PK CAN,$1.99,071990000073
Alcohol,COORS LIGHT 12OZ 6P,$10.99,071990000080
Alcohol,High Noon Hard Seltzer Black Cherry Cans (355 ml x 4 ct),$3.99,071990000141
Alcohol,COORS BANQUEST 12 PK 12OZ CAN,$18.99,071990000479
Alcohol,Coors Light Cans (12 oz x 6 ct),$18.99,071990000486
Alcohol,BLUE MOON BELGIAN WHITE ALE 19.2,$3.99,071990001148
Alcohol,BLUE MOON EXTRA  19.2 OZ,$4.99,071990001360
Alcohol,BLUEMOON CANS 12 PK 12 OZ,$28.99,071990095062
Alcohol,Blue Moon Belgian White Bottles (12 oz x 6 ct),$15.99,071990095116
Alcohol,BLUE MOON BELGIAN WHEAT 12PK 24 OZ,$28.99,071990095161
Alcohol,Coors Light Aluminum Bottle (16 oz),$23.99,071990095277
Alcohol,COORS BANQUEST 18 PK 12OZ CANS,$25.99,071990100209
Alcohol,Coors Golden Banquet,$3.99,071990100711
Alcohol,Coors Banquet Singles 16 FL OZ Aluminum Bottle,$3.99,071990170202
Alcohol,COORS BANQUET 9-PACK 16 oz ALIMINUM,$18.99,071990170226
Alcohol,COORS BANQUET 3 PK 24 OZ,$10.99,071990170264
Alcohol,COORS BANQUEST BOTTLES  6 PACK 12OZ,$12.99,071990170288
Alcohol,COORS BANQUET  B24 12OZ 12P,$19.99,071990170370
Alcohol,COORS BANQUET  B18 12OZ,$27.99,071990170387
Alcohol,COORS LIGHT 6PK 12OZ,$12.99,071990300050
Alcohol,Coors Light Bottles (12 oz x 18 ct),$24.99,071990300173
Alcohol,COORS LIGHT 30 PK 12OZ CANS,$35.99,071990300302
Alcohol,Coors Can (24 oz),$3.99,071990300654
Alcohol,COORS LITE 12PK 12 OZ,$18.99,071990300692
Alcohol,COORS LIGHT  B18 12OZ,$27.99,071990300784
Alcohol,COORS LIGHT  C36 12OZ,$43.99,071990300944
Alcohol,Coors Light aluminum bottle,$3.99,071990301033
Alcohol,Coors Light Cans (16.9 oz x 9 ct),$18.99,071990301040
Alcohol,COORS LT 3PK CANS 24 OZ,$10.99,071990301200
Alcohol,Coors Light,$12.99,071990320003
Alcohol,Dos Equis Lager Especial Bottles (12 oz x 12 ct),$24.99,072311230124
Alcohol,DOS EQUIS LAGER C12 24OZ,$4.99,072311321242
Alcohol,DOS EQUIS AMBAR B24 12OZ 6P,$13.99,072311630115
Alcohol,Dos Equis Lager Especial Bottles (12 oz x 6 ct),$13.99,072311630122
Alcohol,EMISHIKI SENSATION,$30.99,072546103200
Alcohol,HEINEKEN Lager Bottles (12 oz x 6 ct),$13.99,072890000118
Alcohol,Heineken Light Bottles (12 oz x 12 ct),$25.99,072890000163
Alcohol,HEINEKEN 12OZ 12P,$24.99,072890000200
Alcohol,HEINEKEN 24OZ,$4.99,072890001191
Alcohol,Heineken 0.0 Can (11.2 oz x 12 ct),$13.99,072890006219
Alcohol,HEINEKEN  C12 24OZ 3P,$12.99,072890006448
Alcohol,HEINEKEN 0.0 11.2OZ 12P,$24.99,072890006547
Alcohol,Amstel Light Bottles (12 oz x 6 ct),$14.99,072890100115
Alcohol,Amstel Light Bottles (12 oz x 12 ct),$25.99,072890100160
Alcohol,BCH Patio Project Crushable WC IP 6/,$19.99,073238804535
Alcohol,DAILYS SIMPLE SYRUP 1.0L,$11.99,074806000427
Alcohol,BCH CITRAHOLIC WC STYLE IPA W/CITRA,$18.99,075283089547
Alcohol,ANGOSTURA AROMATIC BITTERS 4FL,$16.99,075496000407
Alcohol,ANGOSTURA AROMATIC BITTERS,$27.99,075496002005
Alcohol,ANGOSTURA ORANGE BITTERS4FL.OZ,$16.99,075496331143
Alcohol,ANGOSURA COCOA BITTERS 4FL.OZ,$16.99,075496332867
Alcohol,Abita Turbo Dog 6-Pack 12 FL OZ Bottle,$13.99,080020353324
Alcohol,Purple Haze raspberry lager 4.2%,$14.99,080020422303
Alcohol,PAULANER,$18.99,080157112641
Alcohol,Paulaner Original Premium Lager 6-Pack,$18.99,080157113761
Alcohol,PAULANER MUNCHNER LAGER,$15.99,080157311648
Alcohol,Blanton's The Original Single Barrel Bourbon Whiskey (750 ml),$164.99,080244002039
Alcohol,HANCOCKS BOURBON B6 750ML,$68.99,080244006938
Alcohol,ELMER T LEE BOURBON B12 750ML,$109.99,080244007737
Alcohol,BUFFALO TRACE BOURBON B12 750ML,$31.99,080244009236
Alcohol,JAMESON LEMONADE,$4.99,080432000076
Alcohol,JAMESON COCKTAILS WHISKEY LEMONADE C,$15.99,080432000083
Alcohol,JAMESON COCKTAILS ORANGE SPRITZ C24,$15.99,080432000779
Alcohol,JAMESON ORANGE SPRITZ 355 ML,$4.99,080432000786
Alcohol,ABSOLUT VODCA CRANBERRY,$4.99,080432001110
Alcohol,ABSOLUT COCKTELS,$26.99,080432001257
Alcohol,JAMESON TRIPLE TRIPLE,$36.99,080432002117
Alcohol,SCREWBALL 4 PK 50 ML,$14.99,080432002506
Alcohol,ABSOLUT COCKTAILS OCEAN SPRAY VODKA,$5.99,080432002681
Alcohol,Absolut vodka,$5.99,080432002698
Alcohol,MALIBU COCKTATLS,$6.99,080432002865
Alcohol,MALIBU DOLE PINEAPPLE MANGO,$6.99,080432002872
Alcohol,The Glenlivet French Oak Reserve Whisky 15 Years Age,$98.99,080432100783
Alcohol,Redbreast 12 Yr Irish Whiskey (750 ml),$181.99,080432106419
Alcohol,ALTOS SILVER,$32.99,080432106846
Alcohol,ALTOS REPOSADO,$36.99,080432106853
Alcohol,JAMESON BARREL RESERVED,$54.99,080432107263
Alcohol,ALTOS 50ML,$5.99,080432108550
Alcohol,REDBREAST SINGLE POT STILL PX ED,$84.99,080432117163
Alcohol,Jameson Irish Whiskey Orange (750 ml),$38.99,080432117330
Alcohol,JAMESON GINGER LIME,$4.99,080432117521
Alcohol,JAMESON COCKTAILS GINGER AND LIME C2,$15.99,080432117538
Alcohol,MONKEY 47 GIN 94,$87.99,080432117712
Alcohol,Chivas Regal (750 ml),$32.99,080432400395
Alcohol,GLENLIVET SCO SM 12YR 80 YRC 750ML,$60.99,080432400630
Alcohol,Seagram's Extra Dry Gin,$5.99,080432401217
Alcohol,Seagram's Extra Dry Gin,$8.99,080432401224
Alcohol,Seagram's Extra Dry Gin,$17.99,080432401231
Alcohol,JAMESON 50 ML,$5.99,080432500101
Alcohol,JAMESON IRISH WHISKEY 80 200ML,$12.99,080432500125
Alcohol,Jameson Irish Whiskey (375 ml),$19.99,080432500149
Alcohol,Jameson Irish Whiskey,$29.99,080432500170
Alcohol,JAMESODN  Irish Whiskey,$65.99,080432500187
Alcohol,REDBREAST IRISH WHISKEY,$93.99,080432586174
Alcohol,BOMBAY SAPPHIRE GIN 94 200ML,$9.99,080480000066
Alcohol,BOMBAY SAPPHIRE GIN,$3.99,080480000080
Alcohol,D'Usse Cognac VSOP,$71.99,080480002923
Alcohol,D'USSE COGNAC VSOP,$38.99,080480002930
Alcohol,ST GERMAIN,$51.99,080480004699
Alcohol,Grey Goose Le Melon Vodka (375 ml),$23.99,080480004903
Alcohol,St german,$27.99,080480006662
Alcohol,BACARDI RUM SUPERIOR WHITE 80 1.75L,$27.99,080480015206
Alcohol,BACARDI RUM SUPERIOR WHITE 80,$17.99,080480015404
Alcohol,Bacardi Superior,$10.99,080480015602
Alcohol,BACARDI RUM SUPERIOR WHITE 80,$6.99,080480015701
Alcohol,BACARDI SUPERIOR 50 ML,$2.99,080480016210
Alcohol,BACARDI LUPERIOR,$19.99,080480016265
Alcohol,BACARDI RUM GOLD 80 1.75L,$24.99,080480025205
Alcohol,Bacardi Gold Puerto Rican Rum,$17.99,080480025403
Alcohol,Bacardi Gold,$10.99,080480025601
Alcohol,Bacardi Gold,$6.99,080480025700
Alcohol,Bacardi Gold,$2.99,080480026219
Alcohol,Tequila Cazadores Reposado,$69.99,080480170004
Alcohol,CAZADORES REPOSADO,$32.99,080480170028
Alcohol,CAZADORES REPOSADO,$20.99,080480170035
Alcohol,CAZADORES REPOSADO,$10.99,080480170127
Alcohol,Cazadores Tequila Blanco,$65.99,080480172008
Alcohol,CAZADORES BLANCO,$28.99,080480172022
Alcohol,Cazadores Blanco,$19.99,080480172039
Alcohol,CAZADORES ANEJO 750,$54.99,080480172527
Alcohol,DEWARS 12 YEARS,$32.99,080480231026
Alcohol,Grey Goose Vodka,$80.99,080480280000
Alcohol,GREY GOOSE,$36.99,080480280024
Alcohol,GREY GOOSE,$20.99,080480280031
Alcohol,GREY GOOSE,$12.99,080480280048
Alcohol,BOMBAY SAPPHIRE GIN,$32.99,080480301026
Alcohol,BOMBAY SAPPHIRE GIN 94 375ML,$16.99,080480301033
Alcohol,DUSSE VSOP COGNAC,$21.99,080480983192
Alcohol,CAZADORES BLANCO,$3.99,080480983512
Alcohol,CAZADORES REPOSADO 50ML,$3.99,080480984069
Alcohol,Grey Goose Essences Watermelon Basil (750 ml),$32.99,080480985721
Alcohol,Cazadores Margarita,$5.99,080480987022
Alcohol,CAZADORES CKTL MARGARITA 10 CAN PAD(104 355ML,$18.99,080480987039
Alcohol,CAZADORES PALOMA,$5.99,080480987060
Alcohol,CAZADORES CKTL PALOMA 4 PK,$18.99,080480987077
Alcohol,Bacardi mango,$5.99,080480987626
Alcohol,GREY GOOSE VODKA 80W/2MARTINIGLASS 750ML,$35.99,080480988869
Alcohol,GREY GOOSE 50ML VODKA,$5.99,080480989347
Alcohol,Gray gose Berry Rouge,$36.99,080480990107
Alcohol,Riunite Lambrusco (750 ml),$7.99,080516135144
Alcohol,Banfi Chianti Superiore:Sangiovese Blend,$20.99,080516406947
Alcohol,SINGLE BARREL 1792 ( 98.6 PROOF ),$49.99,080660001142
Alcohol,FULL PROOF 1792 125  (PROOF ),$65.99,080660001159
Alcohol,1792 BBN SWEET WHEAT 91.2 750ML,$49.99,080660001166
Alcohol,SMALL BATCH 1792 89 (93.7 PROOF ),$36.99,080660001203
Alcohol,99 BUTTERSCOTCH,$1.99,080660010113
Alcohol,99 PINEAPPLE,$1.99,080660010700
Alcohol,CHI CHIS MARGARITA 750L,$9.99,080660018812
Alcohol,99 BLACKCHERRY,$1.99,080660113692
Alcohol,99 CINNAMON,$1.99,080660113760
Alcohol,CRYSTAL PALACE DELUXE,$4.99,080660487076
Alcohol,CRYSTAL PALACE DELUXE,$2.99,080660487083
Alcohol,99 BANANA 50 ML,$1.99,080660620992
Alcohol,PACIFICO 6 PACK 12OZ,$13.99,080660953014
Alcohol,PACIFICO 32 OZ.BOT,$5.99,080660953052
Alcohol,PACIFICO 24PK BOTTLES 12 oz,$42.99,080660953083
Alcohol,PACIFICO  B24 12OZ 12P,$24.99,080660953151
Alcohol,Corona Extra Bottles (12 oz x 12 ct),$14.99,080660956053
Alcohol,Corona Extra Bottles (12 oz x 24 ct),$40.99,080660956084
Alcohol,Corona EXTRA 12 PK 12 OZ,$25.99,080660956152
Alcohol,Corona Light Bottles (12 oz x 6 ct),$13.99,080660956251
Alcohol,CORONA EXTRA  B12 24OZ,$5.99,080660956411
Alcohol,CORONA EXTRA  24 OZ CAN,$4.99,080660956435
Alcohol,CARONA LIGHT 12 PK 12 OZ,$25.99,080660956756
Alcohol,CORONA EXTRA 18PK BOTTLES,$35.99,080660956800
Alcohol,CORONA FAMILIAR 32 OZ.BOTTLE,$5.99,080660956831
Alcohol,CORONA EXTRA CANS  12PK CANS 12OZ,$24.99,080660956954
Alcohol,MODELO 24-PACK CANS 12 OZ,$41.99,080660957104
Alcohol,MODELO 18-PACK CAN,$32.99,080660957111
Alcohol,MODELO 12-PK 12OZ CAN,$21.99,080660957159
Alcohol,MODELO ESP  C12 24OZ,$4.99,080660957210
Alcohol,Modelo Especial Bottle (24 oz),$23.99,080660957579
Alcohol,MODELO 6PK 12OZ BOTTLE,$13.99,080660957654
Alcohol,MODELO 3PK 24OZ CAN,$13.99,080660957746
Alcohol,Modelo Especial Bottles (12 oz x 24 ct),$43.99,080660957760
Alcohol,MODELO 24OZ,$5.99,080660957777
Alcohol,Modelo Negra Bottles (12 oz x 6 ct),$13.99,080660957852
Alcohol,Modelo Negra Bottles (12 oz x 12 ct),$24.99,080660957876
Alcohol,MODELO CHELADA ESPECIAL 24OZ,$4.99,080660957968
Alcohol,VICTORIA  B24 12OZ 6P,$14.99,080660958811
Alcohol,Victoria Bottles (12 oz x 12 ct),$25.99,080660958835
Alcohol,JIM BEAM BOURBON,$36.99,080686001102
Alcohol,Jim Beam (750 ml),$19.99,080686001409
Alcohol,Jim Beam (375 ml),$12.99,080686001607
Alcohol,Jim Beam Bourbon,$7.99,080686001706
Alcohol,JIM BEAM 50 ML,$3.99,080686001904
Alcohol,BASIL HAYDENS RED WINE CASK FINISH,$82.99,080686002956
Alcohol,BASIL HAYDEN MALTED RYE,$54.99,080686003601
Alcohol,196 LEMON VODKA,$4.99,080686004585
Alcohol,ON THE ROCK STRAMBERRY DAIQUIRI,$15.99,080686007241
Alcohol,OTR STRAWBERRY 200ML,$8.99,080686007265
Alcohol,ON THE ROCK STRAWBERRY DAIQUIRI,$27.99,080686007289
Alcohol,ON THE ROCK BLUE HAWAIIAN,$15.99,080686008064
Alcohol,ON THE ROCK COSMOPOLITAN,$15.99,080686008088
Alcohol,OTR COSMOPOLITAN EFFEN 40 750ML,$27.99,080686008101
Alcohol,ON THE ROCKS COSMOPLOITAN,$8.99,080686008118
Alcohol,OTR WSKY SOUR SPICED PEAR 40 375ML,$10.99,080686008361
Alcohol,KNOB CREEK BBN 100 W/2 ROCK GLS 750ML,$28.99,080686008460
Alcohol,OTR TEQ ESPRESSO MARTINI 40 375ML,$15.99,080686008705
Alcohol,OTR LEMON DROP MARTINI 40 375ML,$15.99,080686008934
Alcohol,196 STRAWBEERY,$4.99,080686009085
Alcohol,196 CKTL VOD STRAWBERRY 11 CAN 4P 355ML,$14.99,080686009092
Alcohol,196 CKTL VOD LEMON 11 CAN 6/4P 355ML,$14.99,080686009108
Alcohol,196 GRAPEFRUIT 4 PK,$4.99,080686009115
Alcohol,196 PEACH,$14.99,080686009122
Alcohol,196 CKTL VOD  A(S/L/G/P)CAN 8 PK,$25.99,080686009269
Alcohol,- 196 GRAPEFRUIT,$16.99,080686009276
Alcohol,1969 vodka,$14.99,080686009283
Alcohol,196 lemon,$14.99,080686009290
Alcohol,ON THE ROCKS  MOJITO,$4.99,080686009436
Alcohol,ON THE ROCKS MULE,$4.99,080686009443
Alcohol,ON THE ROCKS MARGARITA,$4.99,080686009450
Alcohol,OTR MOJITO CKTL MANGO MINT 4 PACK,$15.99,080686009474
Alcohol,OTR MULE CKTL CUCUMBER LEMONGRASS,$15.99,080686009481
Alcohol,OTR CKTL SPARKLING LIME MARGARITA 4 PACK,$15.99,080686009498
Alcohol,OTR,$19.99,080686009528
Alcohol,OTR AST(JPBOUL/MATCHAM)6/2PK 375ML,$35.99,080686009542
Alcohol,JIM BEAM RTD BBN COLA 4 PACK,$12.99,080686009740
Alcohol,JIM BEAM RTD BBN GINGER 4 PACK,$12.99,080686009757
Alcohol,JIM BEAM PINEAPPLE,$19.99,080686009955
Alcohol,196 CKTL VOD A(LL/LR/SW/SP)CAN 8P 355ML,$26.99,080686010357
Alcohol,JIM BEAM 750 ML,$19.99,080686010425
Alcohol,-196 LEMON ZERO SUGAR,$4.99,080686010654
Alcohol,196 CKTL VOD LEM ZERO SUGAR CAN4P 355ML,$14.99,080686010692
Alcohol,JIM BEAM BBN 109 DODGERS 8TH TITLE 750 ML,$32.99,080686010739
Alcohol,BOOKERS NOE BBN (2025-1)BARRY125.7 750ML,$122.99,080686011408
Alcohol,196 lemon,$6.99,080686011651
Alcohol,BASIL HAYDEN'S 375ML,$32.99,080686012122
Alcohol,BASIL HAYDEN'S DARK AND RICH DARK RUY,$49.99,080686012146
Alcohol,BASIL HAYDENS RYE 10YR 750ML,$142.99,080686012337
Alcohol,BASIL HAYDENS TOAST,$109.99,080686012344
Alcohol,Basil Hayden's Whisky,$43.99,080686012405
Alcohol,BASIL HAYDENS SUBTLE SMOKE BBN,$109.99,080686012474
Alcohol,KNOB CREEK 750ML,$98.99,080686016564
Alcohol,KNOB GREEK 9 STRAIGHT BOURBON,$43.99,080686016762
Alcohol,KNOB CREEK 12 YEARS,$109.99,080686016786
Alcohol,KNOB CREEK SINGLE BARREL 120 PROOF,$54.99,080686016823
Alcohol,SQRRL PEANUT BUTTER WHISKEY,$21.99,080686028017
Alcohol,SKINNYGIRL CKTL MARG 25.4 750ML,$15.99,080686110040
Alcohol,Blue curacao,$21.99,080686316022
Alcohol,DEKUYPER TRIPLE SEC 375ML,$8.99,080686363019
Alcohol,Laphroaig 10 Years Age,$76.99,080686813019
Alcohol,LAPHROAIG SELECT 750ML,$76.99,080686813064
Alcohol,Canadian Club Whisky,$8.99,080686821601
Alcohol,Cannadian Club Whisky,$5.99,080686821700
Alcohol,Sauza Tequila Gold,$18.99,080686831013
Alcohol,Sauza silver tequila,$18.99,080686832010
Alcohol,Sauza Tequila Silver,$12.99,080686832607
Alcohol,HORNITOS REPOSADO,$30.99,080686835028
Alcohol,HORNITOS REPOSADO,$19.99,080686835035
Alcohol,HORNITOS REPOSADO  50ML,$6.99,080686835042
Alcohol,HORNITOS REPOSADO,$51.99,080686835059
Alcohol,HORNITOS REPOSDO,$12.99,080686835066
Alcohol,HORNITOS PLATA 50 ML,$6.99,080686835295
Alcohol,HORNTOS PLATA,$10.99,080686835301
Alcohol,HORNITOS PLATA,$18.99,080686835318
Alcohol,HORNITOS PLATA,$29.99,080686835325
Alcohol,HORNITOS PLATA,$43.99,080686835349
Alcohol,HORNITOS ANEJJO,$32.99,080686835424
Alcohol,OTR COSMOPOLITAN EFFEN 40 PET 200ML,$7.99,080686897019
Alcohol,PINNACLE WHIPPED,$17.99,080686926511
Alcohol,HIBIKI,$109.99,080686934059
Alcohol,EFFEN BLK CHERRY,$18.99,080686938101
Alcohol,EFFEN BLACKHERRY 750,$32.99,080686938125
Alcohol,Effen Cucumber Vodka (750 ml),$27.99,080686938248
Alcohol,EFFEN CUCMBER,$18.99,080686938613
Alcohol,VOX SHOT 50 ML VODKA,$5.99,080686940906
Alcohol,Suntory Whisky Toki (750 ml),$54.99,080686957010
Alcohol,HAKU VODKA,$38.99,080686958024
Alcohol,ROKU GIN,$38.99,080686958031
Alcohol,COURVOISIER COG VS 80 750ML,$43.99,080686961048
Alcohol,Cruzan Aged Rum,$21.99,080686967651
Alcohol,WOODWORK PINOT NOIR,$12.99,080720963045
Alcohol,BOGLE PITITE SIRAH,$13.99,080887493744
Alcohol,BOGLE MERLOT,$13.99,080887493782
Alcohol,BOGLE OLD VINE ZINFANDEL,$16.99,080887493850
Alcohol,BOGLE CHARD,$13.99,080887493928
Alcohol,BOGLE SAUVIGNON BLANC,$13.99,080887493942
Alcohol,BOGLE CABERNET SAUVIGNON,$13.99,080887493966
Alcohol,BOGLE PINOT NOIR 22 750ML,$13.99,080887496318
Alcohol,BOGLE ESSENTIAL RED BLEND 750 ml,$14.99,080887496431
Alcohol,BOGLE HERITAGE RED,$13.99,080887496660
Alcohol,JUGGERNAUT CABERNET SAVIGNON750 ml,$25.99,080887551017
Alcohol,JUGGERNAUT PINOT NOIR,$25.99,080887551048
Alcohol,JUGGERNAUT RED BLEND 750 ML,$25.99,080887551116
Alcohol,Woodford Reserve Whisky',$43.99,081128000646
Alcohol,Old Forester 1897,$76.99,081128000981
Alcohol,OLD FORESTER 750ML,$74.99,081128001094
Alcohol,OLD FORESTER 750ML,$76.99,081128001155
Alcohol,Woodford Reserve Double Oaked Kentucky Straight Bourbon Whiskey (750 ml),$65.99,081128001209
Alcohol,WOODFORD RESERVE HOLLOWAY HOUSE,$47.99,081128001360
Alcohol,Woodford Reserve,$38.99,081128001506
Alcohol,OLD FORESTER 750ML,$70.99,081128001735
Alcohol,WOODFORD RESERVE DOUBLE OAKE,$36.99,081128001872
Alcohol,SLANE IRISH WHISKEY,$30.99,081128002145
Alcohol,OLD FOSTER 100PR RYE 750ML,$38.99,081128002275
Alcohol,WOODFROD RESERVE 119.8 PROOF,$175.99,081128002879
Alcohol,Old Forester Whisky 86 PROOF,$32.99,081128005085
Alcohol,Old Forester 86 PROOF,$17.99,081128005139
Alcohol,Fords Gin (750 ml),$21.99,081128005207
Alcohol,Woodford Reserved,$76.99,081128013165
Alcohol,CANADIAN MIST,$12.99,081128023164
Alcohol,CASA NOBLE REPOSADO,$63.99,081240044818
Alcohol,Clase Azul Reposado Tequila (750 ml),$131.99,081240049523
Alcohol,CLASE AZUL PLATA,$181.99,081240049547
Alcohol,CASA NOBLE BLANCO,$56.99,081240050376
Alcohol,CASA NOBLE ANEJO,$65.99,081240050499
Alcohol,CLASE AZUL ANEJO,$659.99,081240120758
Alcohol,Clase Azul Mezcal Durango Tequila (750 ml),$439.99,081240501106
Alcohol,CUPCAKE SAUVIGNON BLANC,$13.99,081308000435
Alcohol,CUPCAKE PINOT GRIGIO,$12.99,081308001067
Alcohol,CUPCAKE PINOT NOIR 750 ml,$14.99,081308001241
Alcohol,CUP CAKE PRESECCO 750 ml,$14.99,081308001326
Alcohol,CUPCAKE MOSCATO 750ML,$14.99,081308003009
Alcohol,CHLOE CHARDONNAY,$19.99,081308003320
Alcohol,CHLOE PINOT GRIGIO,$16.99,081308003337
Alcohol,CHLOE PINOT NOIR 750 ml,$17.99,081308003566
Alcohol,CUPCAKE ROSE 750ML,$10.99,081308004143
Alcohol,Cupcake Vineyards Butterkissed Chardonnay (750 ml),$12.99,081308004396
Alcohol,IMAGERY CALIFORNIA CABERNET SAUVIGNON,$19.99,081308004426
Alcohol,CHLOE CABERNET SAUVIGNON  750 ml,$18.99,081308004532
Alcohol,CHLOE SAUVIGNON BLANC,$14.99,081308011011
Alcohol,CUPCAK SAUV BLANC NA SC,$12.99,081308015576
Alcohol,Cupcake:Cabernet Sauvignon,$12.99,081308591872
Alcohol,CUPCAKE CHARD,$12.99,081308592077
Alcohol,BLACK BOX CABERNET SAUV P6 3L,$24.99,081434000033
Alcohol,Black Box:Chardonnay,$24.99,081434000040
Alcohol,BLACK BOX PINOT GRIGIO P6 3L,$24.99,081434000224
Alcohol,NOBILO SAUCNIGNON BLANC,$16.99,081434315304
Alcohol,BLACK STONE MERLOT,$10.99,081434500168
Alcohol,BLACK BOX PINOT NOIR P6 3L,$24.99,081434710017
Alcohol,KENDALL JACKSON PINOT,$18.99,081584002154
Alcohol,KENDAL KACKSON VINTERS CHARDONNAY,$21.99,081584013105
Alcohol,KENDAL JACKSON CAB,$27.99,081584013174
Alcohol,KENDAL JACKSON ROSE,$19.99,081584013297
Alcohol,KINDAL JACKSON  SAUVIGNON BLANC,$17.99,081584014645
Alcohol,KENDALL JACKSON SAUIGNON BLANC,$15.99,081584130406
Alcohol,KENDAL JACKSON NOIR,$25.99,081584131519
Alcohol,Chimay Grande Reserve Ale Singles 25.4 FL OZ Bottle,$16.99,081706000075
Alcohol,Chimay Premier Ale Bottle (25.4 oz),$32.99,081706003014
Alcohol,VEUVE CLICQUOT BRUT 750ML,$87.99,081753050207
Alcohol,VEUVE CLICQUOT ROSE 750ML,$98.99,081753802479
Alcohol,Glenmorangle 10Y,$43.99,081753810818
Alcohol,GLENMORANGIE 18 YEARS,$274.99,081753810849
Alcohol,Glenmorangie Quinta 12 YEARS,$54.99,081753810870
Alcohol,MOET ICE Imperial,$82.99,081753818029
Alcohol,DON PERIGNON BRUT,$439.99,081753822422
Alcohol,Grand Marnier GM TITANIUM,$109.99,081753823092
Alcohol,GRAND MARNIER RASPBERRY PEACH,$4.99,081753825003
Alcohol,Hennsy Privilege Cognac VSOP,$43.99,081753825492
Alcohol,LA GRANDE DAME 2008 BRUT,$329.99,081753830106
Alcohol,ROCK ANGEL,$46.99,081753833787
Alcohol,WHISPERING ANGLE ROSE 750ML,$21.99,081753833909
Alcohol,WHISPERING,$36.99,081753833916
Alcohol,HENNESSY V.S.O.P  PRIVILEGE,$98.99,081753834357
Alcohol,HENNESSY V.S.O.P,$93.99,081753835057
Alcohol,BELVEDERE VODKA,$43.99,081753837822
Alcohol,BELVEDERE ORGANIC VODKA,$25.99,081753838034
Alcohol,BELVDR 50 ML VODKA,$5.99,081753838041
Alcohol,MINUTY PRESTIGE 750 ML,$38.99,081753839376
Alcohol,Veuve Clicquot Rich 750,$96.99,081753840822
Alcohol,Veuve Clicquot Rich Rose,$104.99,081753840839
Alcohol,Moet & Chandon Pharrell Imerial Rose 750,$71.99,081753840877
Alcohol,MOET IMP NECTAR ROSE PHARRELL GB 750ML,$59.99,081753840983
Alcohol,VUVE BRUT ROSE',$98.99,081753842772
Alcohol,OJR,$32.99,081761042126
Alcohol,SMIRNOFF No21,$16.99,082000000068
Alcohol,Smirnoff No21,$7.99,082000000082
Alcohol,SMIRNOFF 100 PROOF,$23.99,082000000105
Alcohol,Smirnoff 100 proof,$8.99,082000000129
Alcohol,Popov Vodka 80 Proof Bottle (200 ml),$3.99,082000000440
Alcohol,Smirnoff Green Apple (750 ml),$17.99,082000001041
Alcohol,SMIRNOFF WATERMELON 50 ML,$2.99,082000001164
Alcohol,Smirnoff Watermelon (750 ml),$17.99,082000001171
Alcohol,CIROC BLUE 50 ML VODKA,$6.99,082000001539
Alcohol,CIROC PEACH  50 ml,$6.99,082000003083
Alcohol,CAPTAIN MORGAN WHITE RUM,$1.99,082000003786
Alcohol,Smirnoff Orange (50 ml),$2.99,082000003908
Alcohol,Smirnoff Twist of Raspberry Vodka (750 ml),$17.99,082000003960
Alcohol,Smirnoff Raspberry,$2.99,082000004004
Alcohol,SMIRNOFF VANILLA 750,$17.99,082000004011
Alcohol,Smirnoff Vodka RED 50 ML,$2.99,082000004721
Alcohol,SMIRNOFF 50 ML BLUE 100 PROOF,$2.99,082000005506
Alcohol,Smirnoff Vodka,$12.99,082000005612
Alcohol,Smirnoff 100 proof,$14.99,082000005629
Alcohol,JW BLUE LABEL 50ML,$29.99,082000006114
Alcohol,Bulleit Rye WhiskeY,$13.99,082000006282
Alcohol,Bulleit rye,$5.99,082000006862
Alcohol,BULLEIT BOURBON 50 ML,$5.99,082000006886
Alcohol,BULLEIT BOURBON 90 PET,$14.99,082000006923
Alcohol,DON JULIO 1942,$21.99,082000007319
Alcohol,Smirnoff No21,$16.99,082000009504
Alcohol,SMIRNOFF VODKA 100 12/10PK PET 50ML,$23.99,082000104889
Alcohol,Smirnoff No. 21 Vodka (1.75L),$27.99,082000105701
Alcohol,Smirnoff Trriple Distilled,$35.99,082000105749
Alcohol,ARROW SUPER SCHNAPPS PEPPERMINTT,$21.99,082000202714
Alcohol,Smirnoff Ice Bottles (11 oz x 6 ct),$15.99,082000723851
Alcohol,SMIRNOFF ICE ORIGINAL B12 24OZ,$5.99,082000725695
Alcohol,SMIRNOFF RED 80PRF 50ML SLVEE,$2.99,082000726371
Alcohol,SMIRNOFF VOD RASPB 60 12/10PK PET 50ML,$11.99,082000726951
Alcohol,SMIRNOFF ICE GREEN APPLE B24 11.2OZ,$15.99,082000727514
Alcohol,SMIRNOFF VODKA 80 PET,$27.99,082000727606
Alcohol,SMIRNOFF ICE GREEN APPLE B12 24OZ,$5.99,082000729020
Alcohol,SMIRNOFF 50 ML STRAWBERRY,$2.99,082000729327
Alcohol,SMIRNOFF STRAWBERRY,$17.99,082000729341
Alcohol,SMIRNOFF PINAPPL 750,$17.99,082000747314
Alcohol,Crown Black,$32.99,082000750437
Alcohol,BULLEIT RYE,$37.99,082000752967
Alcohol,Smirnoff Ice Screwdriver 6 Pack,$15.99,082000757481
Alcohol,CAPTAIN MORGAN BLACK SPICED RUM,$27.99,082000757900
Alcohol,Captain Morgan Black Spiced Rum,$32.99,082000757924
Alcohol,Smirnoff Kissed Caramel (750 ml),$17.99,082000759614
Alcohol,Bulleit Bourbon 10years,$52.99,082000760832
Alcohol,SMIRNOFF ICE SCREWDRIVER B12 24OZ,$5.99,082000762126
Alcohol,Smirnoff Ice Peach Bellini Bottles (11.2 oz x 6 ct),$15.99,082000766001
Alcohol,BULLEIT 95 RYE,$65.99,082000766070
Alcohol,Bulleit Rye WhiskeY,$20.99,082000766087
Alcohol,Capt Morgan White Rum (750 ml),$19.99,082000766827
Alcohol,Crown Royal Regal Apple (750 ml),$32.99,082000771562
Alcohol,Crown Rye,$32.99,082000773375
Alcohol,Crown Royal Vanilla (750 ml),$32.99,082000776598
Alcohol,Smirnoff Ice Smash Screwdriver Malt Liquor Can (24 oz),$5.99,082000776925
Alcohol,SMIRNOFF ICE RED WHITE AND BERRY B24,$15.99,082000782506
Alcohol,Crown Royal Peach (750 ml),$32.99,082000782919
Alcohol,Smirnoff Ice Spicy Tamarind Bottles (11.2 oz x 6 ct),$17.99,082000783534
Alcohol,CROWN ROYAL SLTD CRML 750ML,$32.99,082000783978
Alcohol,Smirnoff Ice Smash Peach + Mango Can (23.5 oz),$4.99,082000786252
Alcohol,Smash Pineapple Coconut,$5.99,082000786290
Alcohol,CROWN ROYAL BLACKBERRY 70 750ML,$32.99,082000789550
Alcohol,SMIRNOFF ICE SMASH 23.5 OZ CANS,$5.99,082000791652
Alcohol,CAPTAIN MORGAN,$32.99,082000795674
Alcohol,Crown Royal Peach Tea Canadian Whisky Cocktail Cans (12 oz x 4 ct),$15.99,082000796213
Alcohol,CROWN ROYAL APPLE,$4.99,082000796220
Alcohol,Crown Royal Washington Apple Canadian Whisky Cocktail Cans (12 oz x 4 ct),$15.99,082000796237
Alcohol,CROWN ROYAL WHISKY AND COLA,$4.99,082000796244
Alcohol,CROWN ROYAL CKTL WSKY-COLA14CAN4P 355ML,$15.99,082000796251
Alcohol,SMIRNOFF PINK LEMONADE,$17.99,082000797203
Alcohol,BULLEIT OLD FASHIONED COCKTAIL,$18.99,082000798330
Alcohol,BULLEIT MANHATTAN COCKTAIL,$18.99,082000798347
Alcohol,CROWN ROYAL WHISKY LEMONADE,$4.99,082000798637
Alcohol,Crown Royal Whisky RTD Cocktail Lemonade Cans (12 oz x 4 ct),$15.99,082000798651
Alcohol,SMIR ICE SMASH PINK LEMONADE C12 23.,$4.99,082000798965
Alcohol,VITA COCO STRAWBERRY DAIQUIRI,$4.99,082000800392
Alcohol,VITA COCO LIME MOJITO,$4.99,082000800408
Alcohol,Smironoff Ice pink lemonade,$5.99,082000800934
Alcohol,SMIRNOFF ICE PINK LEMONADE B12 24OZ,$4.99,082000800941
Alcohol,SMIRONOFF BLUE RASPBERRY LEMONADE,$17.99,082000802181
Alcohol,CROWN ROYAL CKTL SOUR BLK CHERRY46 375ML,$17.99,082000807964
Alcohol,BULLEIT WHISKEY SOUR COCKTAIL,$18.99,082000809043
Alcohol,SMIRNOFF ICE ORANGE CREAM POP,$15.99,082000809111
Alcohol,CROWN ROYAL,$58.99,082000809791
Alcohol,KETEL ONE  LEMON DROP MARTINI,$17.99,082000809838
Alcohol,CROWN ROYAL CHOCOLATE,$32.99,082000811053
Alcohol,CASAMIGOS MARG(SL/CL/GH/PFPP)CN3/8 200ML,$24.99,082000811374
Alcohol,CASAMIGO MARGARITA PASSION FRUIT,$4.99,082000811381
Alcohol,CASAMIGO MARGARITA GUAVA,$4.99,082000811398
Alcohol,CASAMIGO MARGARITA STRAWBERRY,$4.99,082000811404
Alcohol,CASAMIGO MARGARITA,$4.99,082000811411
Alcohol,SMIRNOFF ELECTRIC GUAVA,$17.99,082000811435
Alcohol,CASAMIGO MARG CL LIME,$18.99,082000812098
Alcohol,CASAMIGO MARG SPICY,$18.99,082000812104
Alcohol,BLACK BOX SAUV 3 LT,$24.99,082100738397
Alcohol,Cuavision:Pinot Noir,$47.99,082148099924
Alcohol,JACK DANIEL 50 ML,$3.99,082184000052
Alcohol,Jack Daniels Tennessee Honey (750 ml),$27.99,082184000335
Alcohol,Jack Daniels Tennessee Honey (375 ml),$15.99,082184000342
Alcohol,JACK DANIELS HONEY 50ML,$3.99,082184000359
Alcohol,Jack Daniel's Honey,$50.99,082184000618
Alcohol,Jack Daniel's Tennesse Honey,$9.99,082184000625
Alcohol,JACK DANIELS FLAVORS TENNESSEE FIRE,$27.99,082184001172
Alcohol,Jack Daniel's Fire,$9.99,082184001554
Alcohol,Jack Daniels RYE,$17.99,082184003459
Alcohol,JACK DANIELS SOUTHERN PEACH,$4.99,082184004333
Alcohol,Jack Daniel Honey & Lemoade 355ml,$4.99,082184004777
Alcohol,JACK DANIELS COCA COLA,$4.99,082184006870
Alcohol,jack daniels coco,$5.99,082184006887
Alcohol,JACK DANIELS GINGERALE,$4.99,082184007211
Alcohol,JACK DANIELS FLAVORS TENNESSEE BLACKBERRY,$27.99,082184008737
Alcohol,JACK DANIEL BLACKBERRY 50 ML,$3.99,082184008768
Alcohol,JACK DANIELS COCA,$4.99,082184009093
Alcohol,JACK DAN RTD ZERO SUGAR,$4.99,082184009147
Alcohol,GENTLEMAN JACK,$21.99,082184038710
Alcohol,Gentleman Jack,$36.99,082184038727
Alcohol,Gentleman Jack,$65.99,082184038741
Alcohol,JACK DANIELS,$6.99,082184081839
Alcohol,JACK DANIELS,$98.99,082184083598
Alcohol,Jack Daniels SINGLE BARREL SELECT,$60.99,082184087008
Alcohol,Jack Daniel's Old No. 7 Tennessee Whiskey Black Label (1.75L),$50.99,082184090428
Alcohol,JACK DANIELS,$21.99,082184090466
Alcohol,Jack Daniel's Tennesse Whiskey,$15.99,082184090503
Alcohol,JACK DANIELS,$15.99,082184090510
Alcohol,Jack Daniel's Tennesse Whiskey,$9.99,082184090527
Alcohol,JACK DANIELS  P120 50ML 10P,$3.99,082184090541
Alcohol,Jack Daniels Tennessee Fire (750 ml),$24.99,082184202777
Alcohol,JACK DANIELS  B60 50ML 5P,$14.99,082184202784
Alcohol,JACK DANIELS HONEY LEMONADE 4 PACK,$17.99,082184204771
Alcohol,JACK DANIELS AND COKE 4 PACK,$17.99,082184206874
Alcohol,JACK DANIELS AND COKE ZERO SUGAR 4 PACK,$17.99,082184206881
Alcohol,JACK DANIELS AND GINGER ALE 4 PACK,$17.99,082184207215
Alcohol,JACK DANIELS FLAVORS TENNESSEE HONEY,$18.99,082184207512
Alcohol,JACK DANIELS FLAVORS TENNESSEE APPLE,$18.99,082184207536
Alcohol,JACK DANIELS AND COKE VARIETY PACK,$25.99,082184208267
Alcohol,JACK DANIELS RTD COKE VANILA,$17.99,082184208786
Alcohol,Jack Daniel's Downhome Punch,$9.99,082184226018
Alcohol,Jack Daniels Single Barrel,$7.99,082184787182
Alcohol,Bota Box:Cabernet Sauvignon,$7.99,082242010412
Alcohol,Bota Box Cabernet (3 L),$25.99,082242010450
Alcohol,Bota Box:Chardonnay,$25.99,082242011051
Alcohol,bota box pino noir,$25.99,082242012362
Alcohol,Bota mini sau blanc,$6.99,082242014311
Alcohol,NIGHTHAWK LUSH PINOT NOIR,$6.99,082242016766
Alcohol,COPPOLA PROSECCO,$8.99,082242017770
Alcohol,Gnarly Head Cabernet (750 ml),$12.99,082242290432
Alcohol,Gnarly Head Old Vine Zin (750 ml),$12.99,082242294935
Alcohol,Noble vines 667 PINOT NOIR 750 ml,$15.99,082242544030
Alcohol,Don Q 151,$32.99,082301751515
Alcohol,TRES GENERACIONES REPOSADO,$43.99,082422470852
Alcohol,Beck's Bottles (12 oz x 6 ct),$17.99,082488123006
Alcohol,BECKS PILSNER 24/12 LN NR 4/6,$12.99,082488123457
Alcohol,Beck's NA Bottles (12 oz x 6 ct),$12.99,082488127004
Alcohol,OZV LODI,$15.99,082544009046
Alcohol,OLD SOUL,$15.99,082544990832
Alcohol,OZV RED BLEND 750ML,$16.99,082544991266
Alcohol,RON DE BARRILITO 750ML,$65.99,082869000124
Alcohol,RON DEL BARRILITO THREE STAR,$76.99,082869000223
Alcohol,BONTERRA P/NOIR 750ML,$27.99,082896000043
Alcohol,BONTERRA ZINFANDEL 750 ML,$17.99,082896780129
Alcohol,BONTERRA CABERNET SAUVIGNON  750 ml,$17.99,082896780402
Alcohol,FIRESTONE CABERNET SAUVIGNON,$25.99,082915001075
Alcohol,Estancia Cabernet (750 ml),$17.99,083085300265
Alcohol,Estancia Chardonnay (750 ml),$14.99,083085300586
Alcohol,RUFFINO PROSECCO 375ML,$10.99,083085420000
Alcohol,RUFFINO ROSE 750 ml,$18.99,083085420130
Alcohol,RUFFINO PROSECCO(SC)24 LSE 187ML,$6.99,083085420239
Alcohol,RUFFINO CHIANTI 750 ml,$16.99,083085903022
Alcohol,RUFFINO MODUS Toscana Italian wine 750 ml,$36.99,083085903053
Alcohol,RUFFINO RISERVA ITALIAN WINE 750 ml,$32.99,083085903084
Alcohol,RUFFINO  LUMINA PINOT GRIGIO,$14.99,083085903213
Alcohol,RUFFINO RSV DUCALE GOLD GS 20 WD 750ML,$52.99,083085903220
Alcohol,RUFFINO PROSECCO 750 ml,$19.99,083085904081
Alcohol,TEQUILA CORAZON DE AGAVE BLANCO,$25.99,083089003971
Alcohol,CORAZON REPOSADO,$30.99,083089004015
Alcohol,CORAZON ANEJO,$60.99,083089004046
Alcohol,MONKEY 47 GIN 94 375ML,$51.99,083089410359
Alcohol,BARENJAGER HONEY LIQUEUR,$36.99,083089500005
Alcohol,Jagermeister (750 ml),$29.99,083089524001
Alcohol,JAGERMEISTER,$4.99,083089660105
Alcohol,JAGERMEISTER LIQ 70 5/24B 50ML,$70.99,083089660112
Alcohol,Jagermeister,$38.99,083089660150
Alcohol,Jagermeilter Auszug Liqueur,$54.99,083089660174
Alcohol,JAGERMEISTER,$6.99,083089660303
Alcohol,JAGERMEISTER LIQ 70 4/12B 100ML,$72.99,083089660334
Alcohol,Jagermeister (375 ml),$16.99,083089660358
Alcohol,Jagermeister (200 ml),$8.99,083089660402
Alcohol,CORAZON,$54.99,083089710008
Alcohol,101 NORTH CABERNET,$8.99,083120011309
Alcohol,KUNGFU GIRL Riesling,$17.99,083120015048
Alcohol,SUMMIT CABERNET SAUVIGNON,$24.99,083120015413
Alcohol,Chambord Black Berry Liqueur,$27.99,083300034531
Alcohol,AMARULA,$28.99,083300048729
Alcohol,GLENFIDDICH 12 YEAR B12 750ML,$65.99,083664107360
Alcohol,The Balvenie DoubleWood 12 Years,$87.99,083664112210
Alcohol,Sailor Jerry spiced Rum,$28.99,083664864461
Alcohol,LILLET BLANC,$29.99,083664866281
Alcohol,Sailor Jerry Spiced Rum,$32.99,083664868735
Alcohol,Hendricks Gin,$65.99,083664868780
Alcohol,MILAGRO TEQUILA SILV,$32.99,083664868919
Alcohol,MILAGRO REPOSADO,$38.99,083664868940
Alcohol,MILAGRO ANEJO,$47.99,083664868971
Alcohol,Leyenda del Milagro Tequila,$76.99,083664868995
Alcohol,SAILOR JERRY,$3.99,083664869619
Alcohol,MILLAGRO SILVER SELECT BARREL RESERVE,$65.99,083664869640
Alcohol,STOLI WITH POMEGRANIT,$19.99,083664871209
Alcohol,STOLI WITED CHERRI,$19.99,083664871469
Alcohol,THE BALVENIE Aged 14 Years,$122.99,083664871681
Alcohol,Tullamore Dew The Legendary Irish Whiskey (750 ml),$27.99,083664872466
Alcohol,TRULLAMORE D.E.W.,$54.99,083664872497
Alcohol,MONKEY SHOULDER BATCH,$43.99,083664872541
Alcohol,Glenfiddich 21 Years Old,$274.99,083664872565
Alcohol,LILLET APERITIF ROSE,$29.99,083664872589
Alcohol,STOLI SALTED KARAMEL,$19.99,083664872718
Alcohol,Hendrick's Gin (375 ml),$27.99,083664873449
Alcohol,MONKEY SHOULDER,$76.99,083664874224
Alcohol,SAILOR JERRY SPICED RUM,$7.99,083664874743
Alcohol,SAILOR JERRY SPICED RUM,$14.99,083664874750
Alcohol,GLENFIDDICH 16 YEAR ASTON MARTIN B12,$89.99,083664875412
Alcohol,HENDRICK'S GIN,$49.99,083664990436
Alcohol,Duvel Belgian Ale 4-Pack 11.20 FL OZ Bottle,$24.99,083706014151
Alcohol,Murphy Goode Pinot Noir (750 ml),$19.99,083722023489
Alcohol,MURPHY RED BLEND,$18.99,083722028392
Alcohol,MURPHYGOODE CABERNET  SAUVIGNON,$19.99,083722870045
Alcohol,Murphy Goode Chardonnay California (750 ml),$18.99,083722880020
Alcohol,MURPHY SAUVIGNON BLAC,$14.99,083722880068
Alcohol,Sierra Nevada Hazy Little Thing IPA Can (19.2 oz),$15.99,083783110104
Alcohol,Sierra Nevada Pale Ale Can (12 oz x 12 ct),$21.99,083783222005
Alcohol,SIERRA NEVADA OCTOBERFEST C24 12OZ 6,$16.99,083783228229
Alcohol,SIERRA NEVADA PEACHY LITTLE THING C2,$15.99,083783228625
Alcohol,SIERRA NEVADA ATOMIC TORPEDO C24 12O,$16.99,083783228649
Alcohol,SIERRA NEVADA JUICY LITTLE THINGS HA,$15.99,083783228656
Alcohol,TRIP IN THE WOOD,$21.99,083783328271
Alcohol,Sierra Nevada Torpedo Extra IPA Bottles (12 oz x 6 ct),$15.99,083783331004
Alcohol,SIERRA NEVADA PALE ALe 12OZ 12P,$28.99,083783375121
Alcohol,Sierra Nevada Pale Ale Bottle (12 oz x 12 ct),$15.99,083783375213
Alcohol,SIERRA NEVADA HOPTIMUM B24 12OZ 6P,$17.99,083783375459
Alcohol,Sierra Navada Hazy 19.2oz,$4.99,083783375503
Alcohol,SIERRA NEVADA PALE ALE C15 19.2OZ,$4.99,083783375534
Alcohol,SIERRA NEVADA BIG LITTLE THING C15 1,$4.99,083783375558
Alcohol,SIERRA NEVADA ATOMIC TORPEDO C15 19.,$4.99,083783375572
Alcohol,SIERRA NEVADA TORPEDO EXTRA IPA C15,$4.99,083783375596
Alcohol,SIERRA NEVADA COSMIC LITTLE THING C1,$4.99,083783375626
Alcohol,SIERRA NEVADA PALE ALE C24 12OZ 6P,$15.99,083783535419
Alcohol,SIERRA NEVADA BIG LITTLE THING C24 1,$15.99,083783535785
Alcohol,TEA WEST,$3.99,083783662412
Alcohol,SIERRA NEVADA PILS PREMIUM LAGER,$16.99,083783676129
Alcohol,Cooks Brut (1.5 L),$16.99,083804043152
Alcohol,Cooks Extra Dry (1.5 L),$16.99,083804043169
Alcohol,COOKS BRUT 750 ML,$13.99,083804047211
Alcohol,COOKS EXTRA DRY 750 ml,$13.99,083804047235
Alcohol,COOKS EXTRA DRY 187,$4.99,083804074507
Alcohol,COOKS EXTRA DRY 4-PK,$16.99,083804074699
Alcohol,COOKS BRUT 4-PACK,$16.99,083804074712
Alcohol,COOKS BRUT 187 ML,$4.99,083804077768
Alcohol,Guinness Draught Bottles (11 oz x 6 ct),$13.99,083820104011
Alcohol,Guinness Draught Cans (15 oz x 4 ct),$12.99,083820123609
Alcohol,Guinness Extra Stout Bottles (11 oz x 6 ct),$13.99,083820123937
Alcohol,RED STRIPE  B24 11.2OZ 6P,$12.99,083820567939
Alcohol,Red Stripe jamaican lager beer,$4.99,083820567960
Alcohol,Pendleton Blended Canadian Whiskey (750 ml),$21.99,084104115914
Alcohol,Fernet Branca Liqueur Bottle (750 ml),$43.99,084105307509
Alcohol,Fernet Branca,$5.99,084105307516
Alcohol,Fernet Branca (375 ml),$19.99,084105307523
Alcohol,BORGHETTI CAFFE LIQOUR,$32.99,084105981013
Alcohol,HAPPY DAD,$10.99,084173968008
Alcohol,YES WAY ROSE 750ML,$17.99,084279002156
Alcohol,GRAND NOIR CABERNET SAUVIGNON,$14.99,084279972121
Alcohol,Le Grand Noir Pinot Noir (750 ml),$15.99,084279975054
Alcohol,GLEN MORAY 12,$43.99,084279981505
Alcohol,JORDAN CABERNET SAUVIGNON,$90.99,084444100199
Alcohol,JORDAN Chardonay,$43.99,084444200226
Alcohol,Erath Pinot Noir (750 ml),$24.99,084687001017
Alcohol,EARTRH,$38.99,084687007477
Alcohol,CAKEBREAD CELLARS 750 ml CHARDONAY,$54.99,084692478941
Alcohol,CAKEBREAD CELLARS CABERNET SAUVIGNON,$104.99,084692479146
Alcohol,LOUIS JADOT GEVREY-CHAMBERTIN LES CAZETIERS,$27.99,084692675586
Alcohol,"Korbel:California Champagne, Brut",$21.99,084704091212
Alcohol,KORBEL  BRUT 187ML,$4.99,084704091229
Alcohol,KORBEL BRUT 750 ml,$18.99,084704091328
Alcohol,KORBEL EXTRA DRY 750 ml,$18.99,084704091472
Alcohol,"Korbel:California Champagne, Brut Rose",$21.99,084704098013
Alcohol,E&J BRANDY RED V.S  50ML,$1.99,085000003404
Alcohol,E & J VS Brandy (200 ml),$6.99,085000003794
Alcohol,E&J BRANDY V S O P,$15.99,085000003817
Alcohol,E&J VSOP Brandy,$9.99,085000003831
Alcohol,E&J VSOP 50 ML BLUE,$1.99,085000003862
Alcohol,New Amsterdam Gin (50 ml),$1.99,085000004029
Alcohol,E&J BRANDY VS,$13.99,085000004135
Alcohol,VS Original E&J Brandy,$6.99,085000004210
Alcohol,E&J BRANDY VS,$9.99,085000004265
Alcohol,Barfoot Cabernet SAUVIGNON 187ML,$3.99,085000005217
Alcohol,BAREFOOT PINOT GRIGIO 187,$3.99,085000005286
Alcohol,BAREFOOT CHARDONNAY 187ML,$3.99,085000005361
Alcohol,New Amsterdam Red Berry 50 ML,$1.99,085000005750
Alcohol,NEW AMSTERDAM PEACH 50 ML.,$1.99,085000005781
Alcohol,NEW AMSTRDM PINEAPLE 50 ML,$1.99,085000006214
Alcohol,NEW AMSTERDAM MANGO 50 ML,$1.99,085000006344
Alcohol,NEW AMSTERDAM  APPLE 50ML,$1.99,085000006566
Alcohol,NEW AMSTERDAM RASBERRY 50ML,$1.99,085000006627
Alcohol,NEW AMSTERDAM 50 ML WATERMELON,$1.99,085000006740
Alcohol,New Amsterdam Vodka pink whitney 50ml,$1.99,085000006757
Alcohol,NEW AMSTERDAM PASSION FRUIT 50 ML,$1.99,085000006801
Alcohol,Andre:Brut Champagne,$9.99,085000007433
Alcohol,Andre Brut (750 ml),$9.99,085000007488
Alcohol,Barfoot SAUVIGNON BLANC 187 ml,$3.99,085000007594
Alcohol,ECDO DOMANI PINOT GRIGIO,$14.99,085000008430
Alcohol,New Amsterdan Vodka,$1.99,085000008805
Alcohol,CAMARENA SILVER,$3.99,085000008812
Alcohol,CAMARENA REPOSADO,$3.99,085000008829
Alcohol,Frei Brothers:Chardonnay,$15.99,085000010563
Alcohol,TISDALE CABERNET  SAUVIGNON,$5.99,085000011423
Alcohol,Tisdale Chardonnay (750 ml),$4.99,085000011430
Alcohol,Louis M. Martini:Cabernet Sauvignon,$24.99,085000011638
Alcohol,LOUIS MARTINI CABERNET SAUVIGNON,$54.99,085000011645
Alcohol,WHITEHEAVEN SAUVIGNON BLANC,$24.99,085000012017
Alcohol,New Amsterdam Straight Gin,$25.99,085000014301
Alcohol,New Amsterdam Gin,$17.99,085000014318
Alcohol,Barefoot Cellars Pinot Grigio (1.5 L),$14.99,085000014431
Alcohol,BAREFOOT PINOT GRIGIO 750,$9.99,085000014448
Alcohol,MacMurray Ranch:Pinot Noir,$21.99,085000015261
Alcohol,GASCON MELBEC,$17.99,085000016145
Alcohol,GHOST PINE CABERNET SAUVIGNON,$25.99,085000016237
Alcohol,STARBOROUGH SAUVIGNON BLANC,$14.99,085000016602
Alcohol,Barefoot Cellars Moscato (1.5 L),$14.99,085000016671
Alcohol,BAREFOOT MOSCATO 750 ML,$8.99,085000016688
Alcohol,CAMARENA SILVER,$28.99,085000016824
Alcohol,Barefoot Cellars Pinot Noir (750 ml),$8.99,085000017074
Alcohol,CAMARENA SILVER,$14.99,085000017272
Alcohol,CAMARENA SILVER,$8.99,085000017289
Alcohol,CAMARENA REPOSADO,$28.99,085000017326
Alcohol,CAMARENA REPOSADO,$14.99,085000017333
Alcohol,CAMARENA REPOSADO,$8.99,085000017340
Alcohol,Barefoot Cellars Pinot Noir (1.5 L),$14.99,085000017364
Alcohol,LAMARCA PRESECCO 750,$21.99,085000017739
Alcohol,APOTHIC RED BLEND,$13.99,085000017746
Alcohol,Tisdale Pinot Noir (750 ml),$4.99,085000018057
Alcohol,ALAMOS CABERNET SAUVIGNON,$13.99,085000018170
Alcohol,ALAMOS MALBEC,$13.99,085000018194
Alcohol,ALAMOS MALBEC 750 ml,$21.99,085000018200
Alcohol,ALAMOS RED BLEND,$14.99,085000019450
Alcohol,NEW AMSTERDAM,$6.99,085000019474
Alcohol,NEW AMSTERDAM,$9.99,085000019481
Alcohol,NEW AMSTERDAM,$16.99,085000019498
Alcohol,NEW AMSTERDAM ORIGINAL,$21.99,085000019511
Alcohol,DARKHORSE CABERNET,$10.99,085000020302
Alcohol,DARK HORSE CHARDONNAY,$10.99,085000020319
Alcohol,New Amsterdam Peach,$15.99,085000020333
Alcohol,NEW AMSTERDAM RED BERRY,$6.99,085000020371
Alcohol,NEW AMESTRDAM PEACH,$6.99,085000020401
Alcohol,Carnivor Cabernet Sauvignon (750 ml),$15.99,085000020425
Alcohol,DARK HORSE RED BLEND,$10.99,085000020746
Alcohol,New Amsterdam Coconut,$15.99,085000021361
Alcohol,WILLIAM HILL CHARD,$18.99,085000021590
Alcohol,WILLIAM HILL NORTH COAST CABERNET SAUVIGNON,$24.99,085000021606
Alcohol,New Amsterdam Peach Vodka (1.75 L),$24.99,085000021651
Alcohol,LIBERTY GREEK CHARDONNAY,$5.99,085000021811
Alcohol,LIBERTY CREEK CABERNET SAUVIGNON,$5.99,085000021828
Alcohol,NEW AMSTERDAM PINEAPPLE,$6.99,085000022290
Alcohol,AMSTRDAM PINEAPPLE,$9.99,085000022306
Alcohol,New Amsterdam Pineapple,$15.99,085000022313
Alcohol,New Amsterdam Pineapple,$25.99,085000022337
Alcohol,LAMARCA PROSECCO,$8.99,085000022436
Alcohol,WILLIAM HILL SAUVIGNON BLANC,$17.99,085000022641
Alcohol,LIBERTY CREEK  PINOT GRIGIO,$5.99,085000022719
Alcohol,Libery creek,$5.99,085000022726
Alcohol,E & J Gallo Brandy (375 ml),$7.99,085000022757
Alcohol,LA MARKA PROSECCO HALF GALLON,$43.99,085000022849
Alcohol,APOTHIC DARK BLEND,$13.99,085000022863
Alcohol,DARK HORSE SAUVIGNON BLANC,$10.99,085000022924
Alcohol,Prophecy Pinot Noir (750 ml),$14.99,085000023105
Alcohol,PROPHECY SAUVIGNON BLANC,$14.99,085000023112
Alcohol,EDNA VALLY PINOT GRIGIO,$15.99,085000023136
Alcohol,NEW AMSTERDAM MANGO,$4.99,085000023174
Alcohol,AMSTERDAM MANGO,$15.99,085000023181
Alcohol,APOTHIC CRUSH BLEND,$13.99,085000023488
Alcohol,NEWAMSTERDAM GRAPEFRUIT,$15.99,085000023563
Alcohol,DARK HORSE PINOT NOIR 750 ml,$10.99,085000023792
Alcohol,New Amsterdam 100 proof,$12.99,085000024300
Alcohol,New Amstedam 100 Proof,$19.99,085000024317
Alcohol,ProPhecy Pinot Grigio,$16.99,085000024492
Alcohol,NEW AMSTERDAM 100 PROOF,$27.99,085000024560
Alcohol,Fleur de Mer Rose (750 ml),$25.99,085000024706
Alcohol,NEW AMSTERDAM APPLE,$6.99,085000024850
Alcohol,NEW AMSTERDAM APPLE,$9.99,085000024867
Alcohol,NEW AMSTRDM VDKA APPLE,$15.99,085000024874
Alcohol,New Amsterdam Apple,$25.99,085000024881
Alcohol,APOTHIC INFERNO RED BLEND,$15.99,085000024904
Alcohol,DARK HORSE PINOT GRIGIO,$10.99,085000025284
Alcohol,PALERMO CABERNET SAUVIGNON,$71.99,085000025345
Alcohol,ORIN SWIFT ABSTRACT RED RETAIL,$43.99,085000025369
Alcohol,New Amsterdam Vodka Raspberry,$15.99,085000026151
Alcohol,HIGH NOON VODKA & SODA GRAPEFRUIT,$3.99,085000026274
Alcohol,New Amsterdam Lemon,$15.99,085000026526
Alcohol,ORIN SWIFT RED WINE,$54.99,085000026700
Alcohol,PROPHECY ROSE,$14.99,085000027028
Alcohol,CHATEAU PINOT NOIR 750 ml,$13.99,085000028773
Alcohol,NEW AMSTERDAM PINK WHITNEY,$16.99,085000029626
Alcohol,HIGH NOON VODKA VARIETY C24 355ML 12,$32.99,085000029862
Alcohol,NEW AMSTERDAM WATERMELON,$15.99,085000030929
Alcohol,NEW AM WATERMELON,$25.99,085000030943
Alcohol,HIGH NOON LIME CAN 335 ml,$3.99,085000030950
Alcohol,APOTHIC CABERNET SAUVIGNON,$13.99,085000030967
Alcohol,La marka 375,$14.99,085000031094
Alcohol,NEW AMSTERDAM PINK WHITNEY,$25.99,085000031360
Alcohol,High noon peach,$3.99,085000031377
Alcohol,HIGH NOON VODKA VARIETY C24 355ML 8P,$24.99,085000031513
Alcohol,APOTHIC MERLOT 750 ML,$12.99,085000032145
Alcohol,High noon,$3.99,085000032329
Alcohol,APOTHIC PINOT NOIR 750 ML,$13.99,085000032336
Alcohol,LAMARCA ROSE 750 ml,$27.99,085000032442
Alcohol,Pink whitney,$6.99,085000032534
Alcohol,NEW AMSTERDAM PINK WHITNEY,$8.99,085000032541
Alcohol,HIGH NOON VODKA TROPICAL C24 355ML 8,$24.99,085000032558
Alcohol,NEW AMSTERDAM PASSIONFRUIT,$15.99,085000034194
Alcohol,high noon,$3.99,085000034248
Alcohol,HIGH NOON LEMON,$3.99,085000034262
Alcohol,High Noon Sun Sips Vodka & Soda Pineapple (355 ml),$6.99,085000034484
Alcohol,HIGH NOON VODKA PEACH C12 700ML,$6.99,085000034491
Alcohol,la marka ROSE,$7.99,085000034705
Alcohol,RUM CHATA PUMPKIN SPICE,$30.99,085000035771
Alcohol,vibe blue raspberry,$5.99,085000035795
Alcohol,HIGH NOON TEQUILA VARIETY C24 355ML,$26.99,085000036099
Alcohol,vibes classic margarita,$5.99,085000036969
Alcohol,VMC MARGARITA C12 700ML,$6.99,085000037089
Alcohol,VMC PALOMA C12 700ML,$6.99,085000037096
Alcohol,VMC JAMAICA C12 700ML,$6.99,085000037102
Alcohol,HIGH NOON RASPBERRY,$3.99,085000037256
Alcohol,HIGH NOON TEQUILA FIESTA C24 355ML 8,$26.99,085000037393
Alcohol,BLACK BOX CABERNET SAUVIGNON,$12.99,085000037522
Alcohol,BLACK BOX CHARDONNAY,$12.99,085000037539
Alcohol,VIBE MANGO,$5.99,085000037584
Alcohol,VIBE PEACH,$5.99,085000037591
Alcohol,RUM CHATA PINEAPPLE CREAM,$30.99,085000037652
Alcohol,HIGH NOON TEQUILA LIME C12 700ML,$6.99,085000037720
Alcohol,HIGN NOON ORIGINAL,$3.99,085000038925
Alcohol,HIGH NOON VODKA TEA VARIETY C24 355M,$24.99,085000038963
Alcohol,Barefoot Savuignon Blanc 4pack 187 ml,$8.99,085000039472
Alcohol,BEACH JUICE STRAWBERRY GUAVA LEMONAD,$5.99,085000039588
Alcohol,BEACH JUICE MANGO PEACH SMASH P12 16,$5.99,085000039595
Alcohol,BEACH JUICE PINEAPPLE PASSION PUNCH,$5.99,085000039601
Alcohol,ORANGE CREAM,$5.99,085000039700
Alcohol,VIBE WATERMELON LIMEADE,$5.99,085000039717
Alcohol,VIBE,$5.99,085000040027
Alcohol,HIGH NOON VODKA DAY C24 355ML 8PSL,$24.99,085000040058
Alcohol,HIGH NOON VODKA BEACH C24 355ML 12SL,$32.99,085000040065
Alcohol,HIGH NOON VODKA TEA VARIETY LAKE C24,$24.99,085000040195
Alcohol,HIGH NOON VODKA TEA ORIGINAL C12 700,$6.99,085000040201
Alcohol,VMC VARIETY 6 PK  12 OZ,$20.99,085000040362
Alcohol,VMC TAMARINDO C24 12OZ 4PSL,$14.99,085000040454
Alcohol,VMC TAMARINDO C12 700ML,$6.99,085000040461
Alcohol,COR Salty Crew Blonde Ale 4/6 12oz C,$15.99,085000040638
Alcohol,COR Nice & Dry Hard Cider 6/4 16oz C,$16.99,085000040652
Alcohol,COR Salty Crew Blonde Ale 12/1 19.2o,$3.99,085000040676
Alcohol,LOUCKY ONE ORIGINAL,$3.99,085000040683
Alcohol,LUCKY ONE VODKA ORIGINAL LEMONADE C2,$14.99,085000040690
Alcohol,LUCKY ONE VODKA PEACH LEMONADE C24 1,$14.99,085000040713
Alcohol,LUCKY ONE RASPBERRY,$3.99,085000040720
Alcohol,LUCKY ONE VODKA RASPBERRY LEMONADE C,$13.99,085000040737
Alcohol,LOUCKY ONE LEMONADE BLUEBERRY,$3.99,085000040744
Alcohol,LUCKY ONE VODKA BLUEBERRY LEMONADE C,$13.99,085000040751
Alcohol,LUCKY ONE VODKA VARIETY LEMONADE C24,$24.99,085000040768
Alcohol,BEACH JUICE WATERMELON RUSH 16.9 OZ,$5.99,085000041123
Alcohol,SALT POINT 8 PK,$32.99,085000041185
Alcohol,SALT PIINT KENTUCKY BUCK,$5.99,085000041512
Alcohol,SALT POINT KENTUCKY BUCK C24 12OZ 4P,$18.99,085000041529
Alcohol,BAREFOOT 4 pk Cabernet 187 ml,$8.99,085000045213
Alcohol,BAREFOOT PINOT GRIGIO 4PK,$8.99,085000045282
Alcohol,BAREFOOT CHARDONNAY 4PK,$8.99,085000045367
Alcohol,FIG Guava Point Conception Fruited I,$3.99,085000239674
Alcohol,LA MARCA PROSECCO B24 187ML 3P,$23.99,085000322437
Alcohol,HIGH NOON VODKA GRAPEFRUIT C24 355ML,$13.99,085000426272
Alcohol,High Noon Sun Sips Vodka & Soda Watermelon (355 ml),$13.99,085000429259
Alcohol,High Noon Pineapple Vodka Hard Seltzer Can 4*335 ml,$13.99,085000429266
Alcohol,High Noon Sun Sips Vodka & Soda Black Cherry (355 ml),$13.99,085000429273
Alcohol,HIGH NOON VODKA LIME C24 355ML 4PSL,$13.99,085000430958
Alcohol,High Noon Hard Seltzer Peach Cans (355 ml x 4 ct),$8.99,085000431054
Alcohol,HIGH NOON VODKA PEACH C24 355ML 4PSL,$13.99,085000431375
Alcohol,HIGH NOON VODKA MANGO C24 355ML 4PSL,$13.99,085000432327
Alcohol,HIGH NOON PASSION FRUIT 4 PK 12 OZ,$13.99,085000432563
Alcohol,HIGH NOON LEMON 4 PK 12 OZ,$13.99,085000434260
Alcohol,HIGH NOON TEQUILA LIME C24 355ML 4PS,$13.99,085000435960
Alcohol,HIGH NOON GRAPEFRUIT,$13.99,085000435977
Alcohol,VMC MARGARITA C24 12OZ 4PSL,$14.99,085000437056
Alcohol,VMC PALOMA 4PK 12 OZ,$14.99,085000437063
Alcohol,VMC JAMAICA C24 12OZ 4PSL,$14.99,085000437070
Alcohol,HIGH NOON ORIGINAL VODKA ICED TEA,$13.99,085000438923
Alcohol,highnoon vodka ice tea 4 pk,$14.99,085000438930
Alcohol,JSH MIDNIGHT VARIETY PACK H. KOMBUCH,$22.99,085000684429
Alcohol,JSH SPIRITS TEQUILA PALOMA 6/4 12OZ,$16.99,085000684436
Alcohol,JSH SPIRITS CLASSIC TEQUILA MARGARIT,$16.99,085000684443
Alcohol,JSH SPIRITS CLASSIC VODKA MULE 6/4 1,$16.99,085000684450
Alcohol,JSH Sunset Variety Pack H. Kombucha,$23.99,085000684474
Alcohol,EAS LIGHT AMERICAN LAGER 2/12 12OZ C,$20.99,085000684498
Alcohol,ASH Tropical Variety 2/12 12oz Can,$25.99,085001394228
Alcohol,ASH Red Variety Pack 2/12 12oz Can,$25.99,085001394242
Alcohol,ASH Orange Variety Pack Hard Seltzer,$25.99,085001394273
Alcohol,BOO Ginger Lime Hard Kombucha 4/6 12,$19.99,085001467502
Alcohol,BOO Grapefruit Hibiscus Hard Kombuch,$19.99,085001467519
Alcohol,BOO PINEAPPLE PASSION HARD KOMBUCHA,$19.99,085001467526
Alcohol,FRE HEAD FULL OF DYNOMITE HAZY IPA 4,$16.99,085001769576
Alcohol,BIG Strawberry Margarita (Malt Base),$4.99,085002832484
Alcohol,"TAH Dankerman IPA w/ Burg, C. Coast",$16.99,085003938819
Alcohol,SPY MAX CHOCOLATE MILK W/ PROTEIN &,$4.99,085004588709
Alcohol,SPY VANILLA MILK W/ PROTEIN & CAFFEI,$4.99,085004588716
Alcohol,MWE IPA 4/6 16oz Can,$19.99,085005904102
Alcohol,JSH Ocean Squeeze Hard Kombucha 12/1,$5.99,085006215603
Alcohol,EAS LIGHT AMERICAN LAGER 12/1 24OZ C,$3.99,085006215610
Alcohol,JSH Midnight Painkiller Hard Kombuch,$13.99,085006215627
Alcohol,JSH Desert Cooler Hard Kombucha 6/4,$13.99,085006215634
Alcohol,BER Edge Hill Non-Alc Hazy IPA 4/6 1,$17.99,085006470101
Alcohol,Landmark Vineyards Overlook:Pinot Noir,$36.99,085124859215
Alcohol,CHANDON Brut 750ML,$28.99,085155000013
Alcohol,CHANDON Blanc De Pinot Noir 750 ML,$27.99,085155000037
Alcohol,CHANDON Brut Rose,$27.99,085155000402
Alcohol,CHANDON GARDEN Spritz 750,$28.99,085155273837
Alcohol,KETEL ONE VODKA CITROEN 50 ML,$4.99,085156000500
Alcohol,KETEL ONE 50 ML,$4.99,085156018017
Alcohol,KETEL ONE,$18.99,085156122158
Alcohol,KETLE ONE,$29.99,085156515417
Alcohol,Ketel One Botanical Peach Orange (750 ml),$32.99,085156675005
Alcohol,Ketel One Botanical Grpfruit Rose (750 ml),$32.99,085156775002
Alcohol,Ketel One Vodka,$54.99,085156803682
Alcohol,KETEL ONE CUCUMBER & MINT,$32.99,085156875009
Alcohol,SUTTER HOME Cab Sauv 187ML,$2.99,085200000050
Alcohol,Sutter Home Chardonnay,$2.99,085200000067
Alcohol,SUTTER HOME SAUVIGNON BLANC 187ML,$2.99,085200000074
Alcohol,SUTTER HOME WHITE ZINFANDEL 187,$2.99,085200000098
Alcohol,SUTTER HOME PINOT GRIGIO,$2.99,085200000142
Alcohol,Sutter Home:Chardonnay,$7.99,085200000265
Alcohol,SUTTER HOME CHARDONNAY(SC) 1.5L,$12.99,085200000562
Alcohol,SUTTER HOME PINOT GRIGIO,$5.99,085200001354
Alcohol,SUTTER HOME CHARDONNAY,$5.99,085200001361
Alcohol,SUTTER HOME CABERNET SAUVIGNON,$5.99,085200001378
Alcohol,SEAGLASS SAUVIGNON BLANC,$16.99,085200005758
Alcohol,Sea Glass Pinot Noir (750 ml),$18.99,085200005789
Alcohol,SEAGLASS PINOT GRIGIO,$15.99,085200005796
Alcohol,SEAGLASS CAB,$18.99,085200027613
Alcohol,SUTTER HOME PINOT GRIGIO 4-PK,$7.99,085200118755
Alcohol,SUTTER HOME CAB 4-PK,$7.99,085200518746
Alcohol,SUTTER HOME CHA 4-PK,$7.99,085200618743
Alcohol,Sutter Home :Sauvignon Blanc,$8.99,085200718740
Alcohol,SUTTER HOME WHITE ZINFANDEL 4PK,$7.99,085200918744
Alcohol,MAKERS MARK,$60.99,085246139417
Alcohol,Maker's Mark Bourbon Whisky (750 ml),$32.99,085246139431
Alcohol,Maker's Mark Bourbon Whisky (200 ml),$10.99,085246139462
Alcohol,MAKERS MARK 50 ML,$5.99,085246171561
Alcohol,Maker's Mark Kentucky Straight Bourbon Whisky (375 ml),$20.99,085246185001
Alcohol,Maker's 46,$54.99,085246500101
Alcohol,MAKERS MARK  101 PROOF,$46.99,085246501566
Alcohol,MAKERS MARK CHAMPION SELECTION,$219.99,085246503126
Alcohol,MARKHAM Napa Valley MERLOT,$30.99,085385000012
Alcohol,MARKHAM CABERNET SAUVIGNON,$60.99,085385000029
Alcohol,FRE Lush IPA 4/6 12oz Can,$16.99,085453700356
Alcohol,SMG Rainbow Bright Hazy IPA 6/4 16oz,$18.99,085573100555
Alcohol,SMG IPA 6/4 16oz Can,$16.99,085573100562
Alcohol,BUTTERED POPCORN VODKA,$10.99,085592146954
Alcohol,GREEN,$9.99,085725176063
Alcohol,COR Weekend Vibes WC IPA 4/6 16oz Ca,$19.99,085971800590
Alcohol,TAH LIQUID CANDY WC HAZY IPA 6/4 16O,$18.99,086000592424
Alcohol,Woodbridge Mondavi Chardonnay (750 ml),$8.99,086003000087
Alcohol,WOODBRIDGE CABERNET SAUVIGNON,$7.99,086003000094
Alcohol,WOODBRIDGE PINOT GRIGIO,$8.99,086003001640
Alcohol,Woodbridge Mondavi Pinot Grigio (1.5 L),$14.99,086003001657
Alcohol,WOODBRIDGE CABERNET SAUVIGNON 4 pack,$8.99,086003002562
Alcohol,WOODBRDGE MERLOT 4 pack,$8.99,086003002579
Alcohol,WOODBRIDGE CHARDONNAY 4PK,$8.99,086003002586
Alcohol,ROBERT MONDAVI PINOT GRIGIO,$12.99,086003002692
Alcohol,WOODBRIDGE  PINOT GRGIO 4PK,$8.99,086003002968
Alcohol,WOODBRIDGE PINOT NOIR 750 ml,$7.99,086003003392
Alcohol,MARK WEST BLACK PINOT NOIR 750 ml,$17.99,086003018082
Alcohol,MONDAVI CABERNET,$12.99,086003061910
Alcohol,meiomi rose,$21.99,086003251052
Alcohol,MEIOMI CABERNET SAUVIGNON,$32.99,086003251274
Alcohol,MEIOMI RED BLEND 750ML,$31.99,086003251311
Alcohol,Charles Smith Kung Fu Riesling (750 ml),$16.99,086003253001
Alcohol,THE PRISONER RED BLEND 750 ml,$71.99,086003255067
Alcohol,THE PRISANER CABERNET SAVIGNON,$71.99,086003255142
Alcohol,UNSHAGKLED SAUVIGNON BLANC,$27.99,086003255173
Alcohol,PRISONER PINOT NOIR SONOMA CST 21 750ML,$63.99,086003255203
Alcohol,UNSHACKLED PINOT NOIR 23 750ML,$26.99,086003255241
Alcohol,SALDO ZINFANDEL 750 ML,$38.99,086003258006
Alcohol,SALDO RED BLEND 750 ml,$38.99,086003258037
Alcohol,HIGH WEST WSKY AM SM HIGH COUNT 88 750ML,$109.99,086003267084
Alcohol,HIGH WEST OLD FASHION,$21.99,086003267091
Alcohol,HIGH WEST MANHATTAN,$21.99,086003267114
Alcohol,MI CAMPO CKTL MARG SPICY JALAP45.6 375ML,$10.99,086003272057
Alcohol,MI CAMPO TEQ BLANCO 80 375ML,$15.99,086003272064
Alcohol,MI CAMPO TEQ REPOSADO 80 375ML,$15.99,086003272071
Alcohol,MI CAMPO TEQ BLANCO 80 1.75L,$63.99,086003272118
Alcohol,MI CAMPO TEQ REPOSADO 80 1.75L,$68.99,086003272125
Alcohol,MI CAMPO TEQ BLANCO80VAP W/SKULMUG 750ML,$30.99,086003272132
Alcohol,TO KALON CAB SAUV HWC 21 750ML,$325.99,086003276062
Alcohol,TO KALON VINEYAED C0,$329.99,086003276130
Alcohol,UNSHACKLED RED BLEND,$38.99,086003278011
Alcohol,UNSHACKLED CABERNET SAUVIGNON,$32.99,086003278028
Alcohol,DOUBLE DIAMOUND CABERNET SAUVIGNON,$109.99,086003280441
Alcohol,DOUBLE DIAMOND,$109.99,086003282018
Alcohol,DRYLANDS SAUVIGNON BLANC(SC) 750ML,$22.99,086003319004
Alcohol,Mondavi Chardonnay Napa (750 ml),$21.99,086003451865
Alcohol,MONDAVI PRV SEL CHARD CA(SC) 750ML,$12.99,086003461925
Alcohol,ROBERT MONDAVI PRIVT SELECTION CABERNET,$16.99,086003780217
Alcohol,Woodbridge by Robert Mondavi Cabernet Sauvignon,$15.99,086003813854
Alcohol,WOODBRDGE ROSÔøΩÔøΩÔøΩÔøΩÔøΩÔøΩÔøΩÔøΩÔøΩÔøΩÔøΩÔøΩ,$8.99,086003820678
Alcohol,WOODBRIDGE SAUVIGNON BLANC,$7.99,086003861862
Alcohol,CHARLES KRUG SB,$26.99,086012102734
Alcohol,CHARLES KRUG CABERNET SAUVIGNON,$89.99,086012601138
Alcohol,MARGARITAVILLE SILVER TEQUILA P120 5,$1.99,086024007874
Alcohol,MARGARITAVILLE GOLD TEQUILA P120 50M,$1.99,086024007997
Alcohol,JSH Oasis H Kombucha Variety Pack 3/,$22.99,086027500181
Alcohol,MWE SHORT LIVED IPA COLLABORATION 6/,$17.99,086112900032
Alcohol,NIGORI UNRILTERED SAKE,$13.99,086395094558
Alcohol,SHO CHIKU BAI,$9.99,086395095005
Alcohol,BAILEYS 750ML,$38.99,086767210067
Alcohol,BAILEYS 375 ML,$21.99,086767210098
Alcohol,BAILEYS 200 ML,$15.99,086767210104
Alcohol,Baileys Irish Cream (50 ml),$4.99,086767210128
Alcohol,Imported Goldschlager,$3.99,086767500120
Alcohol,Rumple Minze (750 ml),$30.99,086767520067
Alcohol,Rumple Minze (50 ml),$4.99,086767520227
Alcohol,RUMPLE MINZE PEPP 100 12/10PK PET 50ML,$40.99,086767703798
Alcohol,RUMPLE MINZE PEPPERMINT SCH100 PET 200ML,$10.99,086767705426
Alcohol,RUMPLE MINZE PEPPERMINT,$18.99,086767705433
Alcohol,Cavit Collection Pinot Grigio (750 ml),$10.99,086785000084
Alcohol,CAVIT ITALY,$14.99,086785212067
Alcohol,Cavit Collection:Moscato,$17.99,086785212364
Alcohol,HAHN GSM,$17.99,086788000470
Alcohol,SMITH & HOOK,$21.99,086788001477
Alcohol,HAHN SLH,$19.99,086788015573
Alcohol,BONESHAKER ZINFANDEL,$21.99,086788042272
Alcohol,SMITH HOOK RED BLENB 750 ml,$24.99,086788060177
Alcohol,HAHN CABERNET SAUVIGNON,$17.99,086788666881
Alcohol,HAHN MERLOT 750 ml,$16.99,086788777891
Alcohol,HAHN PINOT NOIR 750 ML,$18.99,086788888023
Alcohol,Santa Margherita Pinot Grigio (750 ml),$30.99,086891022871
Alcohol,NONINO,$62.99,086891054001
Alcohol,CHIMNEY ROCK S L D CAB 2015,$142.99,086891071503
Alcohol,THE FEDERALIST CAVERNET SAUVIGNON,$21.99,086891083186
Alcohol,TERLATO  FRIULI PINOT GRIGIO,$16.99,086891084657
Alcohol,FEDERALIST RED BLEND,$19.99,086891086132
Alcohol,FEDERALIST ZINFANDEL 750 ML,$24.99,086891087030
Alcohol,THE FEDERALIST PINOT NOIR,$27.99,086891090399
Alcohol,FEDERALIST SAUVIGNON BLANC,$21.99,086891090580
Alcohol,fontabonne Herbal Liqueur 90 750 ml,$71.99,086891090672
Alcohol,CROWN ROYAL 50 ML,$4.99,087000001992
Alcohol,Captain Morgan  Spiced Rum,$20.99,087000002715
Alcohol,CAPT MORGAN SPICED RUM,$7.99,087000002739
Alcohol,CAPT MORGAN SPICED  RUM,$12.99,087000002777
Alcohol,CAPTAIN MORGAN SPICED RUM,$3.99,087000003149
Alcohol,Seagram 7,$1.99,087000003262
Alcohol,Bulleit Bourbon Frontier Whisky,$65.99,087000004047
Alcohol,Bulleit Bourbon Frontier Whiskey Kentucky Straight Bourbon Whiskey (375 ml),$21.99,087000004122
Alcohol,Bulleit Bourbon (750 ml),$38.99,087000005525
Alcohol,Crown Royal Fine de Luxe Blended Canadian Whisky (750 ml),$32.99,087000007253
Alcohol,Crown Royal (200 ml),$10.99,087000007277
Alcohol,SEAGRAMS 7 CROWN 80 750ML,$16.99,087000007338
Alcohol,Seagram's 7 American Blended Whisky,$5.99,087000007352
Alcohol,Seagram's Vo Whiskey,$6.99,087000007390
Alcohol,Crown Royal (375 ml),$18.99,087000007604
Alcohol,SEAGRAMS 7 CROWN 80 PET FLASK 375ML,$9.99,087000007659
Alcohol,Capt Morgan Spiced Rum (1.75 L),$32.99,087000201156
Alcohol,Crown Reserve,$43.99,087000201330
Alcohol,STELLINA DI NOTTE PINOT GRIGIO,$15.99,087000351608
Alcohol,CROWN ROYAL,$62.99,087000700604
Alcohol,Seagram's 7 American Blended Whisky,$27.99,087000700703
Alcohol,Seagram's VO Canadian,$32.99,087000700758
Alcohol,CROWN ROYAL CANADIAN 80 10/6PK PET 50ML,$22.99,087000701045
Alcohol,KAMORA COFFEE LIQUEUR 750ML,$16.99,087116008304
Alcohol,Belvedere Vodka (1.75L),$71.99,087116069732
Alcohol,LUZARDO ESPRESSO,$27.99,087229127022
Alcohol,LUXARDO APERITIVO LIQ 22 750ML,$31.99,087229127411
Alcohol,NO 3 LONDON DRY GIN 92 750ML,$62.99,087229174033
Alcohol,REMY MARTIN V.S.O.P.,$19.99,087236001131
Alcohol,RE'MY MARTIN V.S.O.P,$71.99,087236001162
Alcohol,REMY MARTIN V.S.O.P,$32.99,087236001247
Alcohol,REMY MARTIN 1738,$87.99,087236002114
Alcohol,REMY MARTIN 1738,$43.99,087236002831
Alcohol,Cointreau (750 ml),$54.99,087236565107
Alcohol,Cointreau Orange Liqueur (375 ml),$24.99,087236565206
Alcohol,COINTREAU,$3.99,087236565305
Alcohol,THE BOTANIST GIN,$49.99,087236700362
Alcohol,Mount Gay Eclipse (750 ml),$27.99,087236950033
Alcohol,Mezzacorona Pinot Grigio (750 ml),$9.99,087241881063
Alcohol,CLOS DU BOIS CABERNET SAUVIGNON 750 ml,$16.99,087356405123
Alcohol,CLOS DU BOIS PINOT NOIR 750 ml,$16.99,087356442128
Alcohol,CLOS DU BOIS CHARDONNAY 375ML,$9.99,087356510117
Alcohol,CLOS DU BOIS CHARD,$14.99,087356510124
Alcohol,CLOS DU BOIS PINOT GRIGIO,$14.99,087356510445
Alcohol,CLOD DU BOIS SAUVIGNON BLANC,$14.99,087356535127
Alcohol,RAYMOND RESERVE CABERNET SAUVIGNON,$43.99,087447218724
Alcohol,RAYMOND MERLOT,$21.99,087447419220
Alcohol,RODNEY SYMMET CABERNET SAUVIGNON,$69.99,087512075337
Alcohol,RODNEY STRONG CAB,$27.99,087512912359
Alcohol,Rodney Strong Chardonnay (750 ml),$24.99,087512913257
Alcohol,RODNEY STRONG,$24.99,087512914230
Alcohol,RODNEY STRONG CABERNET SAUVIGNON RRV,$32.99,087512929364
Alcohol,RODNEY STRONG CABERNET SAUVIGNON,$36.99,087512929685
Alcohol,Jura,$54.99,087647081425
Alcohol,DALMORE 12 YEARS,$93.99,087647111672
Alcohol,DALMORE 15 YEARS,$170.99,087647111689
Alcohol,SHACKLETON SCOTCH WHISKY,$38.99,087647113225
Alcohol,DALMORE PORT WOOD,$98.99,087647113409
Alcohol,THE DALMORE SHERRY CASK SELECT,$109.99,087647114123
Alcohol,ANGRY ORCHARD CRISP APPLE C24 16OZ,$5.99,087692000846
Alcohol,TWISTED TEA LITE C12 24OZ,$5.99,087692001171
Alcohol,TWISED TEA PARTY PACK 12 PK 12 OZ,$27.99,087692003786
Alcohol,TRULY CITRUS MIX PACK VARIETY C24 12,$27.99,087692004240
Alcohol,Twisted Tea Peach Can (24 oz),$5.99,087692004905
Alcohol,TWISTED TEA LITE C24 12OZ 12P,$28.99,087692006701
Alcohol,Truly Wild Berry Can (24 oz),$2.99,087692006770
Alcohol,TRULY BERRY MIX PACK VARIETY C24 12O,$27.99,087692006862
Alcohol,TRULY WILD BERRY 24 OZ,$4.99,087692009511
Alcohol,TRULY strawberry lemonade  24 OZ,$4.99,087692009702
Alcohol,TRULY LEMONADE VARIETY 12 PK 12 OZ,$27.99,087692009917
Alcohol,TWISTED TEA BLACK CHERRY24OZ,$5.99,087692010753
Alcohol,TRULY STRAWBERRY LEMONADE 24 OZ,$4.99,087692011682
Alcohol,TRULY PUNCH MIXED VARIETY C24 12OZ 1,$28.99,087692012276
Alcohol,TRULY GETAWAY VARIETY C24 12OZ 12PSL,$28.99,087692012825
Alcohol,SAUZA,$4.99,087692014409
Alcohol,TWISTED TEA LIGHT VARIETY 12 PK 12 OZ,$28.99,087692015161
Alcohol,TWISTED TEA PINEAPPLE C12 24OZ,$5.99,087692016144
Alcohol,TWISTED XTREME BLUE RAZZ 24OZ,$5.99,087692017820
Alcohol,TWISTED XTREME LEMON C12 24OZ,$4.99,087692017837
Alcohol,ANGRY ORCHARD 6 PK CANS,$15.99,087692017912
Alcohol,TRULY CITRUS SQUEEZE 24 OZ,$4.99,087692018100
Alcohol,TRULY BERRY PARTY VARIETY C24 12OZ 12PSL,$27.99,087692018506
Alcohol,TRULY UNRULY VARIETY C24 12OZ 12PSL,$28.99,087692019046
Alcohol,TRULY,$3.99,087692019435
Alcohol,SUN CRUISER CLASIC ICE TEA 4 PK 12 oz,$14.99,087692020288
Alcohol,SUN CRUISER,$14.99,087692020295
Alcohol,SUN CRUISER ICED TEA PLUS VODKA 8 PK 12 OZ,$24.99,087692020301
Alcohol,TWISTED TEA ROCKET POP C12 24OZ,$5.99,087692020516
Alcohol,SUN CRUISER PEACH ICE TEA 4 PK 12 oz,$14.99,087692021049
Alcohol,TRULY UNRULY TROPICAL TWIST,$5.99,087692021063
Alcohol,SUN CRUISER CLASSIC ICE TEA VODKA 8 PK 12 OZ,$24.99,087692021414
Alcohol,Suncruser,$24.99,087692021421
Alcohol,SUN CRUISER LEMONADE VARIETY 8 PK,$24.99,087692021544
Alcohol,SUN CRUISER CLASSIC ICE TEA 24 OZ,$7.99,087692021926
Alcohol,SUN CRUISER LEMONADE OLUS ICED TEA 24 OZ,$6.99,087692021933
Alcohol,TRULY UNRULY BUMPIN BLUE RAZZ C12 24,$4.99,087692021988
Alcohol,TRULY UNRULY LEMONADE VARIETY PACK C,$28.99,087692021995
Alcohol,sun cruiser vodka pink lemonade 8p,$24.99,087692023074
Alcohol,TWISTED TEA EXTREME,$28.99,087692023722
Alcohol,Tweated tea extra,$4.99,087692024408
Alcohol,TWISTED TEA MANGO 24 OZ,$5.99,087692212317
Alcohol,TWITED TEA HALF AND HALF 12 PK 12 OZ,$27.99,087692751342
Alcohol,TWISTED TEA HALF AND HALF 24 OZ,$5.99,087692752318
Alcohol,ANGRY ORCHARD 6PK CRISP APPLE 12 OZ BOTTLES,$15.99,087692821021
Alcohol,TWISTED TEA ORIGNAL 12PK 12 Oz,$27.99,087692831341
Alcohol,Twisted Tea Pineapple Hard Iced Tea (24 oz),$5.99,087692832317
Alcohol,TWISTED TEA RASPBERRY 24 oz,$5.99,087692852315
Alcohol,SAN SIMEON CABERNET SAUVIGNON,$76.99,087872223102
Alcohol,SPRITZ FIZZ & FANCY,$21.99,087872628570
Alcohol,STELLA ROSA  MOSCATO D^~ASTI,$16.99,087872630122
Alcohol,STELAROSA ROSORED BERRY 750 ml,$16.99,087872630139
Alcohol,STELLA ROSA BLUEBERRY 750ML,$16.99,087872630931
Alcohol,STELLA ROSA BLACK CHERRY,$16.99,087872630955
Alcohol,STELLA ROSA PEACH,$16.99,087872632218
Alcohol,STELLA ROSA STELLA BERRY 750ML,$16.99,087872632225
Alcohol,STELLA ROSA STELLA PINK PINK,$16.99,087872632232
Alcohol,STELLA ROSA BLACK 750 ML,$16.99,087872633369
Alcohol,STELLA ROSA RED THE ORIGINAL 750ML,$16.99,087872633406
Alcohol,STELLA ROSA TROPICAL MANGO,$16.99,087872633956
Alcohol,STELA ROSA BLACK BERRY,$16.99,087872634205
Alcohol,STELLA ROSA  STRAWBERRY ROSE 750ML,$16.99,087872634502
Alcohol,Stella Rosa Lemon Lime,$16.99,087872634717
Alcohol,STELLA ROSA  WATERMELON 750ML,$16.99,087872638425
Alcohol,Sapporo Premium Bottle (20.3 oz),$4.99,087975006305
Alcohol,SAPPORO 22 OZ BOTTLE,$5.99,087975006503
Alcohol,SAPPORO PREMIUM 6PK 12OZ,$14.99,087975013501
Alcohol,SAPPORO 22OZ,$4.99,087975026501
Alcohol,SAPPORO  C24 12OZ 6P,$13.99,087975033509
Alcohol,TAAKA VODKA,$3.99,088004000066
Alcohol,TAAKA VODKA,$5.99,088004000073
Alcohol,E H TAYLOR JR SMALL BATCH BOURBON B6,$98.99,088004005498
Alcohol,E.H. TAYLOR SB 750ML,$175.99,088004005511
Alcohol,E H TAYLOR JR 127.4PF BARREL PROOF B,$659.99,088004005528
Alcohol,Fireball Cinnamon Whisky (1.75 L),$32.99,088004009281
Alcohol,FIREBALL  DOUBLE SHOT 100 ML,$3.99,088004009373
Alcohol,TAAKA,$8.99,088004010140
Alcohol,TAAKA 100 PROOF,$6.99,088004010362
Alcohol,PLATINUM 7X 1.75 L,$20.99,088004012724
Alcohol,PLATINUM 7x,$12.99,088004012748
Alcohol,PlatinuM SHOT,$1.99,088004012786
Alcohol,chestnut farms bourbon,$98.99,088004012885
Alcohol,GEORGE T STAGG JUNIOR B6 750ML,$329.99,088004018580
Alcohol,WHEATLEY VODKA,$25.99,088004019761
Alcohol,Kentucky Dale 750ml,$14.99,088004020248
Alcohol,FIREBALL CINNAMON P120 50ML 10P,$14.99,088004020491
Alcohol,Benchmark Old No.8,$17.99,088004020842
Alcohol,Eagle Rare Kentucky Straight Bourbon Whiskey 10 Year (750 ml),$65.99,088004021344
Alcohol,FIREBALL CINNAMON  4PK,$5.99,088004022785
Alcohol,99 ROOT BEER,$1.99,088004023850
Alcohol,99 PEPPERMINT SHOT,$1.99,088004024086
Alcohol,W.L. WELLER RESERVE BOURBON B12 750M,$131.99,088004025748
Alcohol,Tuaca 750ml,$32.99,088004025984
Alcohol,Fireball,$32.99,088004026172
Alcohol,Southern Comfort 80Proof 750ml,$21.99,088004026653
Alcohol,Southern Comfort 80p 200ml,$9.99,088004026684
Alcohol,W.L. WELLER 12 YEAR BOURBON B12 750M,$219.99,088004027742
Alcohol,wheatley vodka 50,$2.99,088004027834
Alcohol,FIREBALL 6PK 50 ml,$9.99,088004029227
Alcohol,FIREBALL 12 PK 50 ML,$15.99,088004029234
Alcohol,FIREBALL PARTY BUCKET P120 50ML 20P,$22.99,088004029296
Alcohol,99 MANGOES,$1.99,088004030261
Alcohol,PLATINUM 10X,$15.99,088004030377
Alcohol,W.L. WELLER CYPB B6 750ML,$879.99,088004031480
Alcohol,Wheatley Vodka,$13.99,088004034191
Alcohol,JUNE & WULFF TRINIDAD,$49.99,088004034238
Alcohol,JUNG AND WULLF RUM 750,$54.99,088004034252
Alcohol,GOLD CHLAGER,$4.99,088004035761
Alcohol,SEAGRAMS VO WHISKY B12 750ML,$21.99,088004036171
Alcohol,POPOV,$12.99,088004036195
Alcohol,PARROT BAY COCONUT 42 PROOF,$15.99,088004036577
Alcohol,The Club Margarita Can (200 ml),$3.99,088004037840
Alcohol,THE CLUB LONG ISLAND ICED TEA C24 20,$3.99,088004037857
Alcohol,The Club Gin Martini Bottle (200 ml),$3.99,088004037864
Alcohol,Vodka martini,$3.99,088004037871
Alcohol,The Club Mudslide Bottle (200 ml),$3.99,088004037901
Alcohol,99 Peanut Butter Whiskey 50 ml,$1.99,088004038557
Alcohol,BUFFALO TRACE KOSHER RYE BOURBON B6,$87.99,088004039592
Alcohol,BUFFALO TRACE KOSHER STRAIGHT RYE B6,$87.99,088004039608
Alcohol,BUFFALO TRACE KOSH WHEAT BOURBON B6,$87.99,088004039615
Alcohol,99 STRAWBERRIES LIQ 99 PET 10/12PK 50ML,$1.99,088004039653
Alcohol,99 BLUE RASPBERRIES,$1.99,088004039660
Alcohol,BENCHMARK SINGLE BARREL,$17.99,088004041663
Alcohol,FIREBALL WINDOW BOX B48 100ML 12P,$34.99,088004041724
Alcohol,THE CLUB SCREWDRIVER C24 200ML,$3.99,088004043186
Alcohol,THE CLUB MOSCOW MULE,$3.99,088004043193
Alcohol,99 CHERRY LIMEADE,$1.99,088004045418
Alcohol,99 CHOCOLATE,$1.99,088004045425
Alcohol,99C GUAVA,$1.99,088004045449
Alcohol,99 FRUIT PUNCH,$1.99,088004045456
Alcohol,WHEATLEY VODKA P120 50ML 10P,$11.99,088004046156
Alcohol,FIREBALL SUMMER BAG P120 50ML 15P,$20.99,088004056612
Alcohol,SIETE LEGUAS BLANCO,$60.99,088004057572
Alcohol,SIETE LEGUAS REPOSADO,$65.99,088004057589
Alcohol,7 SIETE LEGUAS TEQULIA ANEJO,$93.99,088004057596
Alcohol,MANGO SHOTTA,$1.99,088004058708
Alcohol,MANGO SHOTTA TEQUILA P120 50ML 10P,$12.99,088004058715
Alcohol,TRAVELLER BLENDED WHISKEY B12 750ML,$47.99,088004060060
Alcohol,FIREBALL APPLE SHOT 50 ML,$1.99,088004069155
Alcohol,FIREBALL BLAZIN APPLE P120 50ML 10P,$14.99,088004069162
Alcohol,FIREBALL BLAZIN APPLE P48 200ML,$4.99,088004074579
Alcohol,BUZZBALLZ PINK,$6.99,088004076580
Alcohol,BUZZ BALLZ PINK LEMONSQUEEZY,$28.99,088004076603
Alcohol,SAZERAC RYE WHISKEY B6 750ML,$38.99,088004139940
Alcohol,FIREBALL SHOT 50 ML,$1.99,088004144708
Alcohol,Fireball Cinnamon Whisky (375 ml),$12.99,088004144722
Alcohol,Fireball Cinnamon Whisky (200 ml),$7.99,088004144739
Alcohol,Fireball Cinnamon Whisky (750 ml),$20.99,088004146689
Alcohol,CIROC REGULAT,$32.99,088076161863
Alcohol,JOHNNIE WALKER GREEN 15YR 86 750ML,$85.99,088076162624
Alcohol,CIROC VODKA,$21.99,088076162655
Alcohol,Johnnie Walker Red Label,$49.99,088076163164
Alcohol,Johnnie Walker Black Label,$87.99,088076163171
Alcohol,THE SINGLETON 12,$54.99,088076170858
Alcohol,GLENKINCHIE,$69.99,088076171459
Alcohol,CIROC,$14.99,088076173774
Alcohol,Ciroc Vodka Peach (375 ml),$21.99,088076177390
Alcohol,JOHNIE WALKER DOUBLE BLACK,$54.99,088076177703
Alcohol,CIROC PEACH 200ML,$18.99,088076178403
Alcohol,Ciroc Amaretto,$23.99,088076178694
Alcohol,CIROC AMARETTO,$32.99,088076178700
Alcohol,Ciroc Pineapple Vodka (375 ml),$18.99,088076179073
Alcohol,CIROC APPLE 750 ML,$21.99,088076180451
Alcohol,JOHNNIE WALKER 18YR 80 750ML,$120.99,088076181366
Alcohol,Buchananas 15 Yrs,$54.99,088076182691
Alcohol,IRISH WHISKEY DUBLIN ROE&CO,$38.99,088076183650
Alcohol,Ciroc Vodka Summer Watermelon (750 ml),$32.99,088076183728
Alcohol,KETEL ONE GRAPEFRUIT AND ROSE,$4.99,088076185043
Alcohol,KETEL ONE CKTL BVS GRAPEFRUIT-ROSE  355ML,$15.99,088076185050
Alcohol,KETEL ONE CUCUMBER MINT,$4.99,088076185067
Alcohol,KETEL ONE CKTL BVS CUCUMBER MINT CAN6/4 355ML,$15.99,088076185074
Alcohol,KETEL ONE PEACH AND ORANGE,$4.99,088076185081
Alcohol,Ketel One Botanical Peach & Orange Blossom Vodka Spritz Cans (12 oz x 4 ct),$16.99,088076185098
Alcohol,CIROC POMEGRANATE,$26.99,088076186040
Alcohol,JOHNNIE WALKER BLUE LABEL,$296.99,088076186071
Alcohol,CASAMIGOS JALAPENO,$65.99,088076186880
Alcohol,ASTRAL ANEJO,$43.99,088076186941
Alcohol,ARSTAL BLANCO,$25.99,088076186958
Alcohol,ASTRAL REPOSADO`,$32.99,088076186965
Alcohol,DON JULIO TEQ REP ROSADO 80 750ML,$164.99,088076187955
Alcohol,BUCHANAN'S PINEAPPLE,$43.99,088076188365
Alcohol,MARGARITA ARSTAL,$18.99,088076188457
Alcohol,TANGUERAY NEGRONI,$17.99,088076188624
Alcohol,ketel one,$17.99,088076188648
Alcohol,KETELONE ESPRESSO MARTINI,$17.99,088076188662
Alcohol,21 SEEDS CUCUMBER JALAPEÔøΩÔøΩÔøΩÔøΩÔøΩÔøΩÔøΩÔøΩÔøΩÔøΩÔøΩÔøΩO,$38.99,088076188808
Alcohol,21 SEEDS GRAPEFRUIT HIBISCUS,$38.99,088076188815
Alcohol,21 Seeds Valencia Orange Infused Blanco Tequila 750mL Bottle,$38.99,088076188822
Alcohol,CASAMIGOS  CRESTALINO,$76.99,088076189041
Alcohol,DON JULIO 1942,$109.99,088076189355
Alcohol,DON JULIO TEQ REPOSADO 80 W/2GLSS 750ML,$65.99,088076189669
Alcohol,JOHNNIE WALKER GOLD LABEL,$76.99,088076190030
Alcohol,SQUID GAME JOHNNIE WALKER BLACK LABEL,$27.99,088076190108
Alcohol,1942,$219.99,088076190306
Alcohol,CASAMIGOS TEQ BLANCO 80W/TOWEL 750ML,$54.99,088076190504
Alcohol,BUCHANANS SCOTCH GREEN SEAL 80 750ML,$120.99,088076190566
Alcohol,Don Jolio 70 50 ml,$14.99,088076190788
Alcohol,DON JULIO TEQ ANEJO 80 70TH DOTD2 750ML,$95.99,088076190825
Alcohol,DON JULIO ANEJO 1942,$285.99,088076191013
Alcohol,Black Velvet Canadian Whisky,$27.99,088100134511
Alcohol,JOHNNIE WALKER BLACK 12YR 80 200ML,$15.99,088110011130
Alcohol,JOHNNIE WALKER BLACK 12YR 80 375ML,$25.99,088110011192
Alcohol,JOHNNIE WALKER BLACK LABEL,$43.99,088110011307
Alcohol,JOHNNIE WALKER RED LABEL 200ML,$9.99,088110021139
Alcohol,JHOHNNIE WALKER RED LABEL 375 ML,$17.99,088110021191
Alcohol,JOHNNIE WALKER RED LABEL,$32.99,088110021306
Alcohol,TANQUERAY GIN 94.6 200ML,$8.99,088110110109
Alcohol,TANQUERAY GIN,$31.99,088110110307
Alcohol,Tanqueray Gin (1.75 L),$36.99,088110110505
Alcohol,TANQUERAY GIN 94.6 375ML,$16.99,088110110604
Alcohol,Tanqueray Gin (375 ml),$16.99,088110110642
Alcohol,LAGAVULIN 16 YEARS,$154.99,088110140052
Alcohol,HENNESSY,$8.99,088110150501
Alcohol,HENNESSY COGNAC VS 80 FLASK,$17.99,088110150525
Alcohol,HENNESSY VERY SPECIAL,$43.99,088110150556
Alcohol,HENNESSY,$12.99,088110150617
Alcohol,HENNESSY  VERY SPECIAL,$29.99,088110150624
Alcohol,Henessy Vsop,$43.99,088110151034
Alcohol,Hennessy Privilege Cognac,$87.99,088110151058
Alcohol,HENNESSY  V. S.O.P. PRIVILEGE,$26.99,088110151102
Alcohol,ALTOS CABERNET SAUVIGNON,$10.99,088110158958
Alcohol,ALTO DEL PLATA MALBEC,$13.99,088110158965
Alcohol,OBAN,$131.99,088110160050
Alcohol,MOET&CHANDON Imerial Brut,$76.99,088110551056
Alcohol,MOET NECTAR imperial,$76.99,088110551254
Alcohol,MOET & CHANDON Rose emerial 750,$87.99,088110552404
Alcohol,Buchanan's Deluxe Blended Scotch Whisky,$76.99,088110955311
Alcohol,Buchanan's Deluxe Blended Scotch Whisky,$43.99,088110955328
Alcohol,Buchanan's Special Reserve 18,$109.99,088110955342
Alcohol,VENDANGE MERLOT,$7.99,088232001170
Alcohol,Whispering Angel RosÔøΩÔøΩ Bottle (750 ml),$27.99,088320001969
Alcohol,PALE ROSE,$21.99,088320002638
Alcohol,REÔøΩÔøΩÔøΩÔøΩÔøΩÔøΩÔøΩÔøΩÔøΩÔøΩÔøΩÔøΩL SANGRIA,$8.99,088320341034
Alcohol,PEACH REÔøΩÔøΩÔøΩÔøΩÔøΩÔøΩÔøΩÔøΩÔøΩÔøΩÔøΩÔøΩL SAGARIA,$10.99,088320341133
Alcohol,REAL SANGARIA 4 pack 250 ml,$12.99,088320341201
Alcohol,GEKKEIKAN NIGORI,$24.99,088320700039
Alcohol,HORIN GEKKEIKAN SAKE,$54.99,088320700091
Alcohol,CASA DEL SOL REPOSADO,$76.99,088320700275
Alcohol,Newcastle Brown Ale Bottles (12 oz x 6 ct),$13.99,088345100050
Alcohol,FRANZISKANER NATURUB BAVARIAN HEFE 24/12 NR 4/6 PK,$14.99,088394000332
Alcohol,SILVERADO CABERNET SAUCIGNON,$93.99,088417870270
Alcohol,SILVERADO CABERNET SAUVIGNON,$54.99,088417870379
Alcohol,SILVERADO CABERNET SAUVIGNON,$142.99,088417870676
Alcohol,Silverado Vineyards:Sauvignon Blanc,$32.99,088417880279
Alcohol,Southern Comfort 70 (50 ml),$2.99,088544000021
Alcohol,SOUTHERN COMFORT,$15.99,088544018255
Alcohol,Southern Comfort,$5.99,088544019160
Alcohol,CHATEAU SOUVERA CABERNET,$14.99,088553093496
Alcohol,SOUVERAIN SAUVIGNON BLANC,$13.99,088553094059
Alcohol,SOUVERAIN CHARDONNAY,$13.99,088553812202
Alcohol,COL SOLARE CABERNET SAUVIGNON,$89.99,088586000171
Alcohol,14 Hands:Chardonnay,$16.99,088586001765
Alcohol,14 HANDS CAB,$16.99,088586001895
Alcohol,ANTINORI MARCHESE CHIANTI CL RSV22 750ML,$59.99,088586002601
Alcohol,VILLA ANTINOTOSCANA 750 ml,$27.99,088586002755
Alcohol,IL BRUCIATO ANTINORI Italian Wine 750 ml,$48.99,088586003516
Alcohol,NICOLAS FEUILLATTE CHAMPAGNE,$46.99,088586003899
Alcohol,14 HANDS RED BLEND,$16.99,088586004483
Alcohol,VILLA ANTINORI RISERVA Italian Wine 750 ml,$41.99,088586005480
Alcohol,INTRINSIC RED WINE 750 ml,$25.99,088586009211
Alcohol,Domaine Ste Michelle Extra Dry (750 ml),$17.99,088586600258
Alcohol,CHATEAU MICHELL CABERNET SAUVIGNON,$21.99,088586601835
Alcohol,STE CHATEAU MICHELLE CHRD,$17.99,088586603846
Alcohol,Chateau Ste. Michelle:Riesling,$16.99,088586621840
Alcohol,CH STE MICHL,$10.99,088586642890
Alcohol,STAGS KARIA CHARDONAY,$38.99,088593450303
Alcohol,STAGS LEAP WINE CELLARS ARTEMIS CABERNET SAUVIGNON,$87.99,088593700200
Alcohol,STAG*s LEAP CASK 23 CABERNET SAUVIGNON,$218.99,088593850066
Alcohol,Gordon's London Dry Gin,$17.99,088600000026
Alcohol,gordons dry gin,$10.99,088600000064
Alcohol,STRLING CAB 750,$17.99,088692860232
Alcohol,CAMPRI AP,$24.99,088734100708
Alcohol,The Yamazaki,$252.99,088857001616
Alcohol,MIDORI 750ML,$29.99,088857003306
Alcohol,MIDORI MELON 375ML,$16.99,088857003344
Alcohol,Black Label Blended Scotch Whiskey,$4.99,089000001118
Alcohol,JW RED LABEL 50ML,$4.99,089000001132
Alcohol,Tanquery London Dry Gin,$3.99,089000005000
Alcohol,99 APPLES,$1.99,089000118397
Alcohol,99 PEACHES,$1.99,089000990610
Alcohol,99 GRAPE,$1.99,089000990764
Alcohol,99 WATERMELON,$1.99,089000991044
Alcohol,99 Xxpresso,$1.99,089000992010
Alcohol,99 WHIPPED,$1.99,089000993086
Alcohol,99 Coconuts,$1.99,089000993154
Alcohol,J LOHR CHARDONNY,$18.99,089121068823
Alcohol,J LOHR VALDI,$16.99,089121108529
Alcohol,J.LOHR MERLOT MERLOT 750 ml,$21.99,089121188521
Alcohol,J.LOHR CABERNET SAUVIGNON,$25.99,089121288122
Alcohol,J.LOHR HILLTOP CABERNET SAUVIGNON,$39.99,089121348529
Alcohol,J LOHR Red wine 750 ml,$39.99,089121408520
Alcohol,WARRES WARRIOR 375 ML,$9.99,089419003055
Alcohol,MIRAVAL ROSE,$28.99,089419235111
Alcohol,MIRVAL COTES,$16.99,089419242140
Alcohol,KAHLUA 750 ML,$32.99,089540122717
Alcohol,KAHLUA 200 ML,$8.99,089540122731
Alcohol,Kahlua Coffee Liqueur,$4.99,089540122748
Alcohol,H WALKER TRIPLE SEC 60 750ML,$13.99,089540125251
Alcohol,H WALKER APRICOT BRANDY 60 750ML,$15.99,089540125473
Alcohol,Hiram Walker Peach Brandy 750 M,$16.99,089540125572
Alcohol,Hiram Walker Creme de Cacao,$25.99,089540125664
Alcohol,Hiram Walker,$9.99,089540145402
Alcohol,KAHLUA 375 ML,$17.99,089540145631
Alcohol,HIRAM WALKER PEACH SCHNAPPS 1,$17.99,089540165158
Alcohol,BALLANTINES FINEST BLENDED SCOTCH WHISKY,$27.99,089540352848
Alcohol,MALIBU RUM COCONUT 42,$19.99,089540448992
Alcohol,Malibu Caribbean Rum with Coconut Liqueur (375 ml),$12.99,089540449036
Alcohol,MALIBU COCONUT RUM,$32.99,089540449326
Alcohol,Malibu Caribbean Rum,$6.99,089540449357
Alcohol,Malibu Caribbean Rum,$3.99,089540453927
Alcohol,MALIBU RUM COCONUT 42 PET 12/10PK 50ML,$23.99,089540498683
Alcohol,MALIBU WATERMELON,$19.99,089540535555
Alcohol,MALIBU PINA COLADA,$4.99,089540535654
Alcohol,MALIBU COCKTAILS PINA COLADA 4 PACK,$15.99,089540535661
Alcohol,MALIBU STAWBERRY DAIQUIRI,$4.99,089540535678
Alcohol,MALIBU COCKTAILS STRAWBERRY DAQUIRI 4 PACK,$15.99,089540535685
Alcohol,MALIBU  PINEAPPLE BAY BREEZE 355 ML,$4.99,089540535692
Alcohol,MALIBU COCKTAILS PINEAPPLE BAY BREEZE,$15.99,089540535708
Alcohol,MALIBU PEACH RUM PUNCH 355 ML,$4.99,089540536019
Alcohol,MALIBU COCKTAILS PEACH RUM PUNCH 4 PK,$15.99,089540536026
Alcohol,MALIBU PINK,$19.99,089540536521
Alcohol,KAHLUA DUNKIN CARAMEL,$32.99,089540536545
Alcohol,GROTH CABERNET SAUVIGNON,$65.99,089541300893
Alcohol,CHOCOLAT DELUXE TRIPLE,$32.99,089552000522
Alcohol,CHOCOLAT DELUXE WHITE,$28.99,089552000737
Alcohol,Wente Chardonnay Morning Fog (750 ml),$18.99,089636190002
Alcohol,WENTE SAVIGNON BLANC,$18.99,089636230005
Alcohol,WENTE VYDS CHARD RIVA RANCH 750ML,$16.99,089636240103
Alcohol,WENTE VYDS P NOIR RIVA RANCH 750ML,$27.99,089636430313
Alcohol,WENTE CABERNET SAUVIGNON 750,$19.99,089636460006
Alcohol,CHARTREUSE,$95.99,089744329561
Alcohol,CHARTREUSE,$95.99,089744329615
Alcohol,ILEGAL MEZCAL REP,$65.99,089744757333
Alcohol,RIUNITE LAMBRUSCO 750 ml,$9.99,089744765482
Alcohol,Beringer Founders' Est Pinot Noir (750 ml),$13.99,089819001972
Alcohol,BERINGER CABERNET SAUVIGNON,$24.99,089819003471
Alcohol,BERINGER Reserve CABERNET SAUVIGNON,$164.99,089819012985
Alcohol,STAGS LEAB CABERNET SAUVIGNION,$76.99,089819042401
Alcohol,STAGS LEAP MERLOT,$38.99,089819044412
Alcohol,STAGE LEAP Petite Birah Napa Valley 750 ml,$27.99,089819045853
Alcohol,Matua Pinot Noir (750 ml),$16.99,089819236015
Alcohol,Gabbiano Sangiovese (750 ml),$12.99,089819501458
Alcohol,STAGS LEAP THE INVES,$87.99,089819547043
Alcohol,19 CRIMES PINOT NOIR 750 ml,$14.99,089819721443
Alcohol,BERINGER PINOT GRIGIO,$9.99,089819760091
Alcohol,STAG LEAP CABERNET SAUVIGNON,$104.99,089819806942
Alcohol,Carta Blanca Bottle (32 oz),$4.99,089826000043
Alcohol,Tecate Can (24 oz),$3.99,089826001422
Alcohol,DOS EQUIS PINEAPPLE CHELADA C12 24OZ,$4.99,089826231201
Alcohol,DOS EQUIS CAGUAMA,$6.99,089826231232
Alcohol,Dos Equis Lager Lime & Salt Pilsner Can (24 oz),$4.99,089826300402
Alcohol,TECATE  C12 24OZ 3P,$9.99,089826302413
Alcohol,TECATE LIGHT  12OZ 12P,$18.99,089826900206
Alcohol,Tecate Bottles (12 oz x 12 ct),$18.99,089826900336
Alcohol,TECATE LIGHT  C12 24OZ,$3.99,089826901241
Alcohol,TECATE LIGHT  C12 24OZ 3P,$9.99,089826902026
Alcohol,DOS EQUIS LAGER C12 24OZ 3P,$12.99,089826905027
Alcohol,FORDS GIN 750ML,$28.99,091037027078
Alcohol,LLAMA MALBEC,$16.99,091771062083
Alcohol,LA PLAYA RED BLEND,$10.99,091771143003
Alcohol,DON R PINOT GRIGIO,$15.99,091771161601
Alcohol,THECHARMER Pinot NOIR 750 ml,$17.99,091771230185
Alcohol,CLARK ESTATE SAUVIGNON  BLANC,$19.99,091771240016
Alcohol,PORTO,$32.99,094799010043
Alcohol,GRAHAMÔøΩÔøΩÔøΩÔøΩÔøΩÔøΩÔøΩÔøΩÔøΩÔøΩÔøΩÔøΩÔøΩÔøΩÔøΩÔøΩÔøΩÔøΩS 10 YEARS TAWNY PORTO,$49.99,094799010081
Alcohol,ELIJAH CRAIG,$7.99,096740000097
Alcohol,Elijah Craig Small Batch Kentucky Straight Bourbon Whiskey (750 ml),$54.99,096749000067
Alcohol,black velvet,$14.99,096749003068
Alcohol,black velvet,$9.99,096749003075
Alcohol,OLD FITZGERALD BBN BIB 7YR 100 700ML,$82.99,096749005796
Alcohol,ELIJAH CRAIG SINGLE BARREL 18 YEARS OLD,$439.99,096749010189
Alcohol,Larceny (750 ml),$40.99,096749031559
Alcohol,HENRY MCKENNA BBN SB 10YR 100 750ML,$89.99,096749200566
Alcohol,ELIJAH CRAIG BBN BP 10Y,$93.99,096749472215
Alcohol,ROEDERER ESTATE 750 Ml,$39.99,097546102008
Alcohol,ROMBAUER CHARDONNAY CARNEROS,$98.99,097921870201
Alcohol,ROMBAUER MERLOT CARNEROS 750 ml,$38.99,097921871307
Alcohol,ROMBAUER CABERNET SAUIGNON,$91.99,097921872106
Alcohol,ROMBAUER SAUV BLANC,$32.99,097921877101
Alcohol,ROMBAUER CHARDONAY,$49.99,097921970109
Alcohol,ROMBAUER ZINFANDEL 750 Ml,$43.99,097921978105
Alcohol,MENAGE A TROIS RED BLEND,$12.99,099988071096
Alcohol,MENAGE A TROIS CHARDONNAY 750ML,$11.99,099988071102
Alcohol,Menage A TROIS CABERNET SAUVIGNON,$15.99,099988071140
Alcohol,MENAGE A TROS MIDNIGHT RED BLEND,$12.99,099988071294
Alcohol,MENAGE A TROI SILK RED BLEND,$12.99,099988071362
Alcohol,Menage a Trois Luscious Pinot Noir (750 ml),$13.99,099988071577
Alcohol,Menage sultry red BLEND,$12.99,099988071959
Alcohol,GREAT NATION BAKED FUIT BUNSH SOUR,$9.99,111111111117
Alcohol,MOUNTUCKY COLD SNACK,$6.99,128490013734
Alcohol,Coors originaL,$3.99,0170071990170
Alcohol,MEMOTH 4 PK,$20.99,180716000126
Alcohol,MAMMOTH 395 DIPA,$24.99,180716000720
Alcohol,MAMOTH GOLDEN TROUT,$18.99,180716000898
Alcohol,mammoth pilsner 4 pk 12 oz,$18.99,180716000911
Alcohol,PERONI NASTRO AZZURRO 6PK 12OZ,$14.99,181954000022
Alcohol,BUD LIGHT NEXT,$10.99,182002035652
Alcohol,PORTLANDIA OREGON PINOT NOIR,$21.99,182442000401
Alcohol,JOEL GOTT CHARDONNAY,$16.99,188985000038
Alcohol,JEOL GOTT SAUVIGNON BLANC,$17.99,188985000113
Alcohol,JOEL GOTT ZINFANDEL 750 ML,$24.99,188985000120
Alcohol,JOEL GOTT CABERNET SAUVIGNON,$21.99,188985000137
Alcohol,818 REPOSADO,$43.99,195893031092
Alcohol,818 ANEJO,$54.99,195893154296
Alcohol,818 TEQUILA BLANCO,$43.99,195893687015
Alcohol,JOEL GOTT SAUVIGNON BLANC,$20.99,196383005500
Alcohol,SEAGLASS ALCOHOL REMOVER,$19.99,196383005814
Alcohol,MÔøΩÔøΩÔøΩÔøΩÔøΩÔøΩÔøΩÔøΩÔøΩÔøΩÔøΩÔøΩNAGE ÔøΩÔøΩÔøΩÔøΩÔøΩÔøΩÔøΩÔøΩÔøΩÔøΩÔøΩÔøΩ TROIS LIGHT RED BLEND,$12.99,196383006101
Alcohol,JOEL GOTT PASO ROBLES CABERNET SAUVIGNON,$27.99,196383007917
Alcohol,MF WHITE PINOT GRIS,$25.99,196852736195
Alcohol,MIF ARENI RED WINE DRY 750 ml,$27.99,196852935604
Alcohol,818 TEQUILA BLANCO,$32.99,197716000032
Alcohol,BONDI BEER AUSTRALIAN LAGER 6 PK 12 OZ,$14.99,199284707610
Alcohol,MODELO WATERMELON,$4.99,335440023150
Alcohol,MURPHYS 4 PACK,$8.99,488345101406
Alcohol,LOST SOULS IPA,$5.99,602573184714
Alcohol,LAGER,$17.99,602755002720
Alcohol,FIRESTONE 805 B24 12OZ 6P,$15.99,602755006261
Alcohol,FIRESTONE 805 12oz 12 pk,$27.99,602755006285
Alcohol,FIRESTONE 805 C24 12OZ 6P,$15.99,602755006346
Alcohol,FIRESTONE 805 C24 12OZ 12P,$27.99,602755006353
Alcohol,FIRESTONE 805 C12 24OZ,$4.99,602755006582
Alcohol,FIRESTONE 805 18 PK 12 OZ,$36.99,602755006599
Alcohol,FIRESTONE MIND HAZE C24 12OZ 6P,$15.99,602755009491
Alcohol,Firestone Walker Mind Haze IPA Can (12 oz x 6 ct),$24.99,602755009507
Alcohol,805 3 PACK 24 OZ,$14.99,602755009583
Alcohol,FIRESTONE MIND HAZE C12 19.2OZ,$4.99,602755010381
Alcohol,FIRESTONE 805 CERVZ 6 PK 12 OZ,$15.99,602755010787
Alcohol,805 CERVEZA 12PK 12OZ CANS,$27.99,602755010794
Alcohol,FIRE 805 CERVZ 6 PACK 12 OZ BOTTLES,$15.99,602755010817
Alcohol,805 BOTTLES ` 12 PACK,$27.99,602755010831
Alcohol,FIRESTONE 805 CERVEZA C12 24OZ,$4.99,602755011036
Alcohol,CALI SQUEEZE BLOOD ORANGE C24 12OZ 6,$15.99,602755011647
Alcohol,CALI SQUEEZE HEFEWEIZEN VARIETY C24,$28.99,602755011692
Alcohol,805 CERVEZA 3 PK 24 OZ,$14.99,602755011821
Alcohol,CALI SQUEEZE BLOOD ORANGE C12 24OZ,$4.99,602755012613
Alcohol,FIRESTONE MIND HAZE COSMIC CRUSHER C,$15.99,602755013023
Alcohol,FIRESTONE MIND HAZE COSMIC CRUSHER,$4.99,602755013030
Alcohol,FIRESTONE MIND HAZE BRAIN MELTER C12,$4.99,602755013078
Alcohol,FIRESTONE MIND HAZE LEMONADE RAGE C1,$4.99,602755013511
Alcohol,805 CHELADA  SALTED CHILI LIME,$4.99,602755013689
Alcohol,FIRESTONE MID HAZE GALAXY BENDER,$16.99,602755014044
Alcohol,FIRESTONE MIND HAZE GALAXY BENDER,$5.99,602755014051
Alcohol,ALLAGASH 6 PK 12 OZ CANS,$18.99,603675101685
Alcohol,ALLAGASH 6 PK 12 OZ,$18.99,603675101883
Alcohol,SOME MO,$24.99,603738423778
Alcohol,JINRO SOJU GREEN GRAPE 26 375ML,$7.99,605779976084
Alcohol,JINRO PEACH,$7.99,605779976107
Alcohol,JINRO SOJU PLUM,$7.99,605779976206
Alcohol,JINRO PINEAPPLE,$7.99,605779976220
Alcohol,Jinor strawberry soju,$7.99,605779976251
Alcohol,JINRO SOJU STRAWBERRY 26 375ML,$7.99,605779976268
Alcohol,JINRO SOJU PEACH 26 375ML,$7.99,605779976459
Alcohol,JINRO LEMON SOJU,$7.99,605779976527
Alcohol,JINERO SOUJ LEMON,$7.99,605779976534
Alcohol,PLU608782500666,$21.99,608782500666
Alcohol,MIKKELLER BIG WORSE,$10.99,608782669905
Alcohol,LOVE BUZZ SAISON,$15.99,608782675371
Alcohol,CLARITY,$14.99,610097416303
Alcohol,ARZ HARD TEA LEMON,$4.99,613008763732
Alcohol,ARZ GRNTEA 12/1 22OZ CAN,$4.99,613008763749
Alcohol,ARZ PEACH- 12/1 22OZ CAN,$4.99,613008763756
Alcohol,ARIZONA HARD  GREEN TEA,$25.99,613008763824
Alcohol,ARIZONA PARTY PACK 12 PK,$21.99,613008763831
Alcohol,ARIZONA HARD TEA with peach,$21.99,613008768065
Alcohol,ARZ-HRD Sweet Tea 12/1 22oz Can,$4.99,613008768799
Alcohol,ARZ  HARD LEMONADE,$4.99,613008769826
Alcohol,ARZ HARD MANGO,$4.99,613008769888
Alcohol,ARZ WTRMLN 12/1 22OZ CAN,$4.99,613008769918
Alcohol,JUMEX 12 PK,$29.99,613008772505
Alcohol,JMX STRBRY 12/1 22OZ CAN,$5.99,613008773151
Alcohol,JMX PINAPL 12/1 22OZ CAN,$5.99,613008773182
Alcohol,EXPLORATION IPA,$7.99,614590000441
Alcohol,IRIE JUNGLE,$8.99,616612922205
Alcohol,THE FABLEIST CABERNET SAUVIGNON,$25.99,616806661071
Alcohol,SVEDKA VODKA,$25.99,617768111178
Alcohol,SVEDKA,$16.99,617768111758
Alcohol,SVEDKA,$7.99,617768112007
Alcohol,SVEDKA,$10.99,617768113752
Alcohol,Del Maguey Vida Mezcal (750 ml),$48.99,618397200929
Alcohol,DEL MAGUEY VIDA MESCAL,$40.99,618397202220
Alcohol,Tito's Handmade Vodka (1 L),$32.99,619947000013
Alcohol,TITOS 750 ML,$27.99,619947000020
Alcohol,TITOS VODKA,$46.99,619947000037
Alcohol,TITOS,$10.99,619947000044
Alcohol,TITOS,$16.99,619947000051
Alcohol,TITOS 50 ML VODKA,$3.99,619947000068
Alcohol,TITOS VODKA ORIGINAL B60 50ML 12P,$25.99,619947000082
Alcohol,TITOS DUBLE SHOT,$6.99,619947000518
Alcohol,VICTORY GOLDEN MONKEY 4/6 12OZ CAN,$17.99,630279465325
Alcohol,STORM KING STOUT,$15.99,630279688069
Alcohol,Sour Monkey sour triple 9.5%,$17.99,630279776322
Alcohol,STUDIO,$18.99,631470008342
Alcohol,STUDIO MIRVAL SB,$19.99,631471001977
Alcohol,"HANKEY BANNISTER SCOTCH,",$27.99,632070100337
Alcohol,SANTA MARGARITA PINOT GRIGIO,$36.99,632987200205
Alcohol,ZUMBI,$7.99,634654504173
Alcohol,Cayman jacked margarita,$5.99,635985000464
Alcohol,WHITE CLAW SURGE GRAPE,$4.99,635985000624
Alcohol,MIKES HARDER BLUE RASPBERRY,$3.99,635985000648
Alcohol,Mike's Harder Black Cherry,$3.99,635985010128
Alcohol,MIKES HARDER CRANBERRY C24 16OZ,$3.99,635985010371
Alcohol,WHITE CLAW HARD SELTZER NATURAL LIME,$14.99,635985025986
Alcohol,MIKES HARD MANGO LEMONADE B24 11.2OZ,$15.99,635985060703
Alcohol,MIKES HARD BLACK CHERRY LEMONADE B24,$15.99,635985067443
Alcohol,Mike's Harder Green Apple,$3.99,635985100164
Alcohol,WC HRD MANGO C24 12OZ 12PSL,$27.99,635985100331
Alcohol,MIKES HARD LEMONADE B24 11.2OZ 6P,$15.99,635985100621
Alcohol,Mike's Hard Lemonade Bottles (12 oz x 6 ct),$17.99,635985129981
Alcohol,Mike's Harder BLACK CHERRY,$5.99,635985132158
Alcohol,Mike's Harder STRAWBERRY PINEAPLE,$5.99,635985132172
Alcohol,Mike's Harder Strawberry Lemonade,$3.99,635985132196
Alcohol,MIKES HARD PEACH LEMONADE B24 11.2OZ,$15.99,635985190028
Alcohol,WHITE CLAW BLACK CHERRY 6 PK 12 OZ,$14.99,635985200253
Alcohol,WHITE CLAW RUBY GRABFRUIT 6-PK,$14.99,635985200284
Alcohol,MIKES HARD STRAWBERRY LEMONADE B24 1,$14.99,635985224136
Alcohol,Mike's Harder LEMONADE,$5.99,635985245834
Alcohol,MIKES HARDER BLOOD ORANGE C24 16OZ,$2.99,635985245957
Alcohol,Mike's Harder Lemonade Can (23.5 oz),$5.99,635985249856
Alcohol,MIKES HARDER LEMONADE,$3.99,635985258759
Alcohol,Mike's Harder Mango Can (23.5 oz),$5.99,635985258919
Alcohol,WHITE CLAW - RASPBERRY,$2.99,635985260356
Alcohol,White Claw Mango Hard Seltzer Can (19.2 oz),$4.99,635985260394
Alcohol,WHITE CLAW HARD SELTZER RASPBERRY,$14.99,635985260660
Alcohol,WHITE CLAW MANGO 6PK 12 OZ,$14.99,635985260875
Alcohol,White Claw Hard Seltzer Black Cherry Can (12 oz),$27.99,635985260899
Alcohol,WHITECLAW - VARIETY NUMBER 1 PACK 12 OZ 12 PK,$27.99,635985548904
Alcohol,WHITE CLAW VARTY NUMBER 2 PACK 2 12 PK 12 OZ,$27.99,635985800064
Alcohol,MIKES HARDER PINEAPPLE MANDARIN C12,$5.99,635985800217
Alcohol,WHITE CLAW NUMBER 3 12 PK 12 OZ,$27.99,635985800262
Alcohol,WHITE CLAW MANGO 6PK,$14.99,635985800347
Alcohol,WHITE CLAW SURGE VARIETY 12 PK 12 OZ,$27.99,635985800804
Alcohol,MIKES HARDER HALF AND HALF C12 23.5O,$5.99,635985800828
Alcohol,White Claw Surf Variety Pack Hard Seltzer Cans (12 fl oz x 12 ct),$26.99,635985801085
Alcohol,WHITE CLAW PEACH 6 PK 12 OZ,$14.99,635985801573
Alcohol,WHITE CLAW BLACKBERRY 6 PK 12 OZ,$15.99,635985801610
Alcohol,WHITE CLAW HARD SELTZER BLACK CHERRY,$4.99,635985801986
Alcohol,WHITE CLAW HARD SELTZER BLACKBERRY C,$4.99,635985801993
Alcohol,WHITE CLAW SURGE BLACKBERRY C12 19.2,$4.99,635985802013
Alcohol,WHITE CLAW WATERMELON 19.20 OZ,$4.99,635985802051
Alcohol,WHITE CLAW SURGE BLOOD ORANGE C12 19,$4.99,635985802075
Alcohol,WHITE CLAW SURGE CRANBERRY C12 19.2O,$4.99,635985802082
Alcohol,WHITE CLAW SURGE LIME C12 19.2OZ,$4.99,635985802099
Alcohol,WHITE CLAW HARD SELTZER MANGO C12 19,$4.99,635985802136
Alcohol,WHITE CLAW RUBY GRAPEFRUIT 19.20,$4.99,635985802143
Alcohol,WHITE CLAW HARD SELTZER STRAWBERRY C,$4.99,635985802150
Alcohol,WHITE CLAW SURGE VARIETY PACK #2  12 PK 12 OZ,$27.99,635985802525
Alcohol,WHITE CLAW SURGE GREEN APPLE C12 19.,$4.99,635985802686
Alcohol,WHITE CLAW SURGE PINEAPPLE C12 19.2O,$4.99,635985802709
Alcohol,WHITE CLAW HARD SELTZER GREEN APPLE,$14.99,635985802730
Alcohol,MIKES HARDER PINA COLADA C24 16OZ,$3.99,635985802877
Alcohol,MIKES HARDER SCREWDRIVER 16OZ,$3.99,635985802891
Alcohol,WHITE CLAW MANGO,$14.99,635985803058
Alcohol,MIKES HARDER HURRICANE PUNCH C12 23.,$5.99,635985803096
Alcohol,WHITE CLAW GRAPE  6PK 12 OZ,$14.99,635985803645
Alcohol,WHITE CLAW HARD SELTZER PEACH C12 19,$4.99,635985803669
Alcohol,WHITE CLAW SURGE BLUEBERRY C12 19.2O,$4.99,635985803690
Alcohol,WHITE CLAW HARD SELTZER PEACH C24 12,$27.99,635985803713
Alcohol,WHITE CLAW CLAWTAILS VARIETY PACK C2,$27.99,635985804437
Alcohol,APPLETON ESTATE RESERVE,$54.99,636191207401
Alcohol,STONE C-INDPAL 2/12 12OZ CAN,$25.99,636251740947
Alcohol,STO C-INDPAL 12/1 19.2OZ CAN,$4.99,636251742118
Alcohol,Stone IPA (India Pale Ale) Can (12 oz x 6 ct),$16.99,636251742149
Alcohol,STONE C-INDPAL 4/6 12OZ CAN,$16.99,636251743351
Alcohol,STONE C-DELIPA 4/6 12OZ CAN,$16.99,636251743542
Alcohol,WIZARDS GARGOYLES,$16.99,636251743955
Alcohol,STONE FML 19OZ,$4.99,636251744013
Alcohol,STONE BUENAVEZA LAGER,$28.99,636251744068
Alcohol,Stone Buenavesa salt&lime lager,$5.99,636251744143
Alcohol,STONE C-MIXXED 2/12 12OZ CAN,$26.99,636251744433
Alcohol,STONE DELICIOUS IPA 12/1 19.2OZ CAN,$4.99,636251744662
Alcohol,STO C-BUENA- 4/6 12OZ CAN,$15.99,636251744693
Alcohol,STONE  HAZYIPA 12/1 19.2OZ CAN,$4.99,636251745072
Alcohol,STO DELICIOUS DOUBLE IPA 12/1 19.2OZ,$5.99,636251746062
Alcohol,STO C-DELDBL 4/6 12OZ CAN,$15.99,636251746147
Alcohol,STONE FIGHT ONI,$15.99,636251746444
Alcohol,Stone Brewing Hazy IPA Can (19.2 oz),$4.99,636251746529
Alcohol,STONE C-PILSNR 4/6 12OZ CAN,$16.99,636251746628
Alcohol,STONE GREEN BUDS IPA,$18.99,636251746994
Alcohol,Stone Delicious IPA Cans 6.9% ABV (12 oz x 6 ct),$16.99,636251776120
Alcohol,NAPANOOK Red wine 750 ml,$98.99,636595216757
Alcohol,ULESSES CABERNET SAUVIGNON,$219.99,636595517755
Alcohol,PARADOX,$18.99,638170305610
Alcohol,PARADOX,$18.99,638170305634
Alcohol,Don ramon blanco,$32.99,638478000149
Alcohol,Dogfish Head Sequench ale,$3.99,638489003078
Alcohol,BRAVERY SHROUD,$19.99,640213346542
Alcohol,Charmsoju  citron,$7.99,643485994503
Alcohol,BCH MELROSE IPA,$19.99,644216114122
Alcohol,GRAND MARNIER,$16.99,649188900377
Alcohol,GRAND MARNIER,$16.99,649188900384
Alcohol,GRAND MARNIER 80 375ML,$30.99,649188900469
Alcohol,Grand Marnier,$54.99,649188900476
Alcohol,Chum Churum Peach Soju Bottle (375 ml),$7.99,649241861034
Alcohol,Earthquake:Zinfandel,$27.99,652935100043
Alcohol,Earthquake:Cabernet Sauvignon,$27.99,652935100067
Alcohol,PETTE PETITE PETIT,$24.99,652935100210
Alcohol,FREAKSHOW CABERNET SAUVIGNON,$26.99,652935100333
Alcohol,Freakshow redwine 750 ml,$25.99,652935100432
Alcohol,7 DEADLY RED WINE 2019,$21.99,652935100449
Alcohol,FREAKSHOW ZINFANDEL 750 ML,$21.99,652935100500
Alcohol,misfits and mavens,$16.99,652935100869
Alcohol,misfits and mavens,$16.99,652935100876
Alcohol,HONEST,$18.99,655257870885
Alcohol,PAPERBACK HYPER DRIVE WC IPA,$23.99,655498088872
Alcohol,JEFFERSON'S BOURBON,$38.99,655709000303
Alcohol,LIBERTY SCHOOL CABERNET SAUVIGNKN  750 ml,$21.99,657891700207
Alcohol,TROUBLEMAKER RED BLEND 750 ML,$25.99,657891702423
Alcohol,Austin Hope Paso Robles Cabernet Sauvignon Bottle (750 ml),$76.99,657891715591
Alcohol,TREANA CABERNET SAUVIGNON,$39.99,657891716147
Alcohol,QUEST CAB,$32.99,657891718806
Alcohol,PASO ROBLES AUSTIN CABERNET SAUVIGNON,$26.99,657891720915
Alcohol,TREANA SAUVIGNON BLANC 2022,$25.99,657891722162
Alcohol,PRSO ROBLES,$21.99,657891722926
Alcohol,WONDERLAND RANCH ORGANIC CHARDONNAY,$27.99,658580386962
Alcohol,ESPOLON BLANCO,$21.99,664804000378
Alcohol,ESPOLON REPOSADO,$23.99,664804000385
Alcohol,ESPOLONE BLANCO,$65.99,664804001351
Alcohol,ESPOLONE REPOSADO,$79.99,664804001368
Alcohol,DECOY RED BLEND 750 ml,$27.99,669576019207
Alcohol,DECOY SAUVIGNON BLANC,$21.99,669576019214
Alcohol,DECOY ZINFANDEL,$27.99,669576019238
Alcohol,DECOY CHARDONNAY,$21.99,669576019245
Alcohol,DECOY MERLOT 750 ml,$25.99,669576019252
Alcohol,DECOY CABERNET SAUVIGNON,$27.99,669576019269
Alcohol,DUCKHORN Napa Valley 1,$54.99,669576019283
Alcohol,DUCKHORN NAPA VALLEY CABERNET SAUVIGNON,$65.99,669576019344
Alcohol,DUCKHORN SAUV BLANC,$32.99,669576019405
Alcohol,DUCKHORN NAPA VALLEY CHARDONAY,$38.99,669576020548
Alcohol,DECOY ROSE 750ML,$21.99,669576020562
Alcohol,DECOY PASO ROBLES CABERNET SAUVIGNON,$36.99,669576040294
Alcohol,GREENWINE,$18.99,669576040430
Alcohol,KOSTA BROWNE PINOT NOIR,$131.99,669576080122
Alcohol,COORS 16OZ 6 PACK,$9.99,671990100027
Alcohol,BONITA ANEJO,$98.99,673908100020
Alcohol,DON JULIO BLANCO,$65.99,674545000001
Alcohol,DON JULIO SILVER 50 ML,$7.99,674545000025
Alcohol,DON JULIO ANEJO,$80.99,674545000063
Alcohol,DON JULIO ANEJO 50 ML,$9.99,674545000070
Alcohol,DON JULIO TEQ 1942 80 YRC 750ML,$233.99,674545000322
Alcohol,DON JULIO REPOSADO,$71.99,674545000414
Alcohol,DON JULIO REPOSADO 50 ML,$8.99,674545000421
Alcohol,DON JULIO SILVER,$27.99,674545000599
Alcohol,DON JULIO REPOSADO,$39.99,674545000605
Alcohol,DON JULIO ANEJO,$43.99,674545000612
Alcohol,Don Julio Blanco 1.75L,$153.99,674545000629
Alcohol,Tequila Don Julio Anejo (750 ml),$175.99,674545000643
Alcohol,DON JULIO ANEJO 70th ANNIVERSARY,$109.99,674545000827
Alcohol,DON JULIO TEQ 1942 80 1.75L,$478.99,674545001084
Alcohol,GLENLIVET SMALT JAMAICA ED 12YR 80 750ML,$64.99,674868000146
Alcohol,HOFBRAU MUNCHEN 6PK NR,$16.99,675747001117
Alcohol,HOFBRAU HEFE WIZEN,$16.99,675747004064
Alcohol,Hofbrau Munchen:Ale,$16.99,675747014278
Alcohol,BELLA GRACE BELLA ROSE,$24.99,680750900821
Alcohol,Nickel Cab Quicksilver Bottle (750 ml),$175.99,686014000719
Alcohol,KIM CRAWFORD  SAUVIGNON BLANC,$24.99,689352009611
Alcohol,KIM CRW SAUVIGNON BLANC 375ML,$13.99,689352009925
Alcohol,KIM CRAWFORD PINOT GRIGIO,$23.99,689352010310
Alcohol,PZA Summer Visit IPA 4/6 16oz Can,$19.99,689926000006
Alcohol,LOST ABBEY #10 375ML,$20.99,689926006107
Alcohol,CHRONIC ALE,$16.99,689926100010
Alcohol,PZA SWAMIS 4/6 16OZ CAN,$19.99,689926100027
Alcohol,PZA CAHONY 6 16OZ CAN,$18.99,689926100072
Alcohol,PZA MONGO- 4/6 16OZ CAN,$19.99,689926100096
Alcohol,PZA COASTIN' TROPICAL IPA 4/6 16OZ C,$20.99,689926100102
Alcohol,PIZZA PORT AMIGO LAGER,$16.99,689926100119
Alcohol,PZA SWAMIS 12/1 19.2OZ CAN,$4.99,689926100195
Alcohol,PZA MONGO WC DOUBLE IPA,$5.99,689926100201
Alcohol,PZA BEACHSIDE RESET 4/6 16OZ CAN,$19.99,689926102021
Alcohol,Pizza Port Swami's IPA Cans (16 oz x 6 ct),$26.99,689926110040
Alcohol,LANCASTER ESTATE CABERNET SAUVIGNON,$131.99,698743167502
Alcohol,ROTH CABERNET SAUVIGNON,$32.99,698743907504
Alcohol,RON ZACAPA SISTEMA #23,$65.99,699013000550
Alcohol,RON ZACAPA XO,$175.99,699013000567
Alcohol,ZACAPA NEGRA,$93.99,699013000956
Alcohol,SPOOK HOUSE,$7.99,703856899162
Alcohol,Talbott Pinot Noir Kali Hart (750 ml),$28.99,709192460646
Alcohol,SEASUN CHAR,$21.99,710909750103
Alcohol,SEA SUN PINOT NOIR 750 ML,$24.99,710909760102
Alcohol,erdinger brauhaus lager,$15.99,711556241020
Alcohol,101,$4.99,712131510081
Alcohol,JINRO SOJU GRAPEFRUIT 26 375ML,$7.99,712166833278
Alcohol,THE FABLEIST 053 SAVIGNON BLANC,$20.99,713382533690
Alcohol,DUET ASMOOTH AMBER 500ML,$16.99,715006020111
Alcohol,THE HESS CABERNET SAUVIGNON COLLECTION,$87.99,717888110225
Alcohol,HESS SELECT CAB,$20.99,717888510025
Alcohol,HESS SELECT  SAUVIGNON BLANC,$15.99,717888570029
Alcohol,AMALAYA MALBEC,$18.99,717888934128
Alcohol,COLOME MALBEC 750 ml,$32.99,717888990124
Alcohol,CASCAHUIN TAHONA BLANCO,$61.99,718783000062
Alcohol,CASCAHUIN REPOSADO,$82.99,718783000468
Alcohol,SIPSMITH LONDON  GIN,$27.99,720815270039
Alcohol,TEMPLETON  RYE 4 YEARS,$38.99,720815920101
Alcohol,CORRALEJO REPOSADO,$38.99,720815930131
Alcohol,CORRALEJO ANEJO,$49.99,720815930339
Alcohol,CORRALEJO BLANCO,$38.99,720815930636
Alcohol,SEAGRAMS GRABEFRUIT,$10.99,720815980136
Alcohol,SEAGRAMS APPLE 750ML,$10.99,720815982734
Alcohol,SEAGRAMS VODKA,$5.99,720815985575
Alcohol,SEAGRAMS,$8.99,720815985629
Alcohol,SEAGRAM VODKA,$14.99,720815985735
Alcohol,SEAGRAM SWT TEA 750,$10.99,720815987135
Alcohol,Seagrams Vodka,$21.99,720815988347
Alcohol,PEACH SEAGRAMS VDK75,$10.99,720815988835
Alcohol,AMERICAN RIVER RED WINE 750 ml,$25.99,720926022473
Alcohol,SKYY VODKA 50 ML,$2.99,721059000505
Alcohol,ESPOLON TEQ ANEJO BOURBON BRL 80 750ML,$48.99,721059001298
Alcohol,APEROL,$40.99,721059001311
Alcohol,APPLETON ESTATE SIGNATURE,$29.99,721059001502
Alcohol,SKY CRANBERRY,$19.99,721059001779
Alcohol,SKYY VODKA,$8.99,721059002004
Alcohol,SKYY VODKA MANGO,$19.99,721059002219
Alcohol,SKY VODKA LEMON,$4.99,721059003438
Alcohol,SKY LEMON 4 PACK *335ML,$18.99,721059003445
Alcohol,Skyy lime,$5.99,721059003469
Alcohol,SKY LIME 4PACK 12 OZ,$18.99,721059003476
Alcohol,SKYY VODKA,$13.99,721059003759
Alcohol,SKYY ESPRESSO,$12.99,721059003773
Alcohol,SKYY COSMO,$12.99,721059003780
Alcohol,SKYY VODKA,$17.99,721059007504
Alcohol,SKYY VODKA,$32.99,721059017503
Alcohol,CAMPARI,$36.99,721059047500
Alcohol,Skyy Vodka (375 ml),$16.99,721059627504
Alcohol,SKYY PASSION FRUIT 750ML,$19.99,721059647502
Alcohol,ESPOLON BLANCO,$32.99,721059707503
Alcohol,ESPOLON REPOSADO,$38.99,721059707510
Alcohol,WILD TURKEY BBN 81 750ML,$21.99,721059847506
Alcohol,WILD TURKEY BBN 101 PET FLASK 200ML,$10.99,721059892001
Alcohol,WILD TURKEY,$16.99,721059893763
Alcohol,WILD TURKEY 101 50ML,$3.99,721059895002
Alcohol,Wild Turkey 101,$32.99,721059897501
Alcohol,FRANGELICO 375ML,$18.99,721059983754
Alcohol,FRANGELICO,$41.99,721059987509
Alcohol,Gosling Ginger Beer,$2.99,721094199707
Alcohol,PATRON ANEJO,$76.99,721733000012
Alcohol,PATRON SILVER,$60.99,721733000029
Alcohol,PATRON TEQ REPOSADO 80 750ML,$56.99,721733000159
Alcohol,PATRON ANEJO 50 ML.,$9.99,721733000210
Alcohol,PATRON REPOSADO 50ML,$9.99,721733000227
Alcohol,PATRON SILVER 50 ML.,$8.99,721733000234
Alcohol,PATRON TEQ SILVER 80 1.75L,$136.99,721733000883
Alcohol,GRAN PATRON PLATINUM,$274.99,721733000913
Alcohol,PATRON SILVER,$27.99,721733000944
Alcohol,PATRON REPOSADO,$32.99,721733000951
Alcohol,PATRON ANEJO,$36.99,721733000968
Alcohol,PATRON ANEJO,$24.99,721733001088
Alcohol,PATRON REPOSADO,$21.99,721733001095
Alcohol,PATRON BLANCO,$19.99,721733001101
Alcohol,ROCA PATRON SILVER,$76.99,721733001996
Alcohol,ROCA PATRON ANEJO,$109.99,721733002016
Alcohol,PATRON BLANCO,$13.99,721733005413
Alcohol,PATRON REPOSADO,$14.99,721733005420
Alcohol,PATRON ANEJO,$15.99,721733005437
Alcohol,PATRON TEQ ASST(REP/SIL/ANE)8PK 50ML,$42.99,721733506217
Alcohol,BEAR REPUBLIC,$17.99,722130058033
Alcohol,CUVEE,$7.99,723175029613
Alcohol,IPA LAGUNITAS 6PK 12OZ  BOTTLES,$15.99,723830000094
Alcohol,Lagunita's Lucky 13 - 6 pk,$16.99,723830000148
Alcohol,Lagunitas Maximus Bottles (12 oz x 6 ct),$14.99,723830000179
Alcohol,LAGUNITAS A LITTLE SUMPIN SUMPIN  6PK 12OZ BOTTLES,$16.99,723830000209
Alcohol,Lagunitas IPA Cans 6.2% ABV (12 oz x 12 ct),$4.99,723830011922
Alcohol,LAGUNITAS A LITTLE SUMOIN SUMPIN 6 PK 12 OZ,$16.99,723830014060
Alcohol,Lagunitas Little Sumpin' Sumpin' Ale Can (19.2 oz),$4.99,723830014190
Alcohol,LAGUNITAS IPA C24 12OZ 6P,$16.99,723830046122
Alcohol,LAGUNITAS MAXIMUS C12 19.2OZ,$4.99,723830051928
Alcohol,LAGUNITAS MAXIMUS C24 12OZ 6P,$15.99,723830054127
Alcohol,LAGUNITAS 6 PACK,$16.99,723830095670
Alcohol,lagunitas island beats,$16.99,723830143067
Alcohol,LAGUNITAS THE BEAST OF BOTH WORLDS C,$16.99,723830165618
Alcohol,LAGUNITAS HAZICUS MAXIMUS C12 19.2OZ,$4.99,723830200067
Alcohol,LAGUNITAS UNCENSORED C12 19.2OZ,$4.99,723830200180
Alcohol,LAGUNITAS IPA C24 12OZ 12P,$28.99,723830212121
Alcohol,LAGUNITAS HAZY IPA,$16.99,723830300026
Alcohol,LAGUNITAS DAYTIME IPA C24 12OZ 6P,$15.99,723830370111
Alcohol,NOBLE NAUGHTY SAUCE 24/16 CAN 6/4,$21.99,724087538262
Alcohol,J CHRDONAY 750 ml,$27.99,724624001075
Alcohol,J PINOT GRIGIO,$21.99,724624116090
Alcohol,PROBITAS WHITE BLENDED RUM COFFEY STILL AND POT STILLL,$36.99,724803017132
Alcohol,Red Seal Ale 6-Pack 12 FL OZ Bottle,$16.99,727344000052
Alcohol,Scrimshaw Pilsner 6-Pack 12 FL OZ Bottle,$16.99,727344000076
Alcohol,Blue Star Wheat 6-Pack 12 FL OZ Bottle,$14.99,727344000137
Alcohol,Old Rasputin Russian Stout 4-Pack 12 FL OZ Bottle,$14.99,727344000236
Alcohol,Pranqster Golden Ale 4-Pack 12 FL OZ Bottle,$14.99,727344000380
Alcohol,north coast skrimshaw,$37.99,727344000656
Alcohol,NORTH COAST BROTHER THEL 4 PK,$14.99,727344001059
Alcohol,Nort Coast Brewing Co,$14.99,727344002063
Alcohol,OLD STOCK ALE,$26.99,727344002209
Alcohol,NORTH COAST TART CHERRY BEER,$13.99,727344002704
Alcohol,north coast steller IPA,$17.99,727344002766
Alcohol,North Coast Foggy Day Ipa,$17.99,727344002834
Alcohol,north coast laguna baja,$17.99,727344002872
Alcohol,north coast pacific magic,$17.99,727344003879
Alcohol,NORRTH COAST BRWING,$21.99,727344003954
Alcohol,NORTH  COAST SCRIMSHAW,$5.99,727344004081
Alcohol,NORTH COST OLD RASPUTIN,$6.99,727344004104
Alcohol,GEKKEIKAN SAKE,$9.99,728817199129
Alcohol,BLACK & GOLD SAKE,$21.99,728817199600
Alcohol,SILVER GEKKEIKAN SAKE 750 ML,$14.99,728817199617
Alcohol,IMMER ERFORSCHEN,$16.99,729105875206
Alcohol,STELLAR MASS HAZY IPA,$17.99,729105876722
Alcohol,DOUBLE ACTUATOR,$6.99,729105877965
Alcohol,STELLAR MASS HAZY IPA,$17.99,729105878313
Alcohol,Angeline:Pinot Noir,$15.99,729722700127
Alcohol,BCH WESTSIDE-BEACHSIDE IPA 6/4 16OZ,$19.99,732388140176
Alcohol,infinte glow,$19.99,732388140770
Alcohol,BCH ELEMENTAL EXISTENCE IPA W/ THER,$19.99,732388161942
Alcohol,JUSTIN ROSE 750ML,$27.99,733952007048
Alcohol,JUSTIN SAUVIGNON BLANC,$25.99,733952097025
Alcohol,JUSTIN CHARDONNAY,$27.99,733952123144
Alcohol,JUSTIN CAERNET SAUVIGNON,$98.99,733952987500
Alcohol,JUSTIN CABERNET SAUVIGNON,$43.99,733952997103
Alcohol,JUSTIN RESERVE CABERNET SAUCIGNON,$91.99,733952997110
Alcohol,JUSTIN JUSTIFICATION CABERNET SAUVIGNON,$76.99,733952997554
Alcohol,DOM ROSE,$65.99,734599020056
Alcohol,LOUIS ROEDERER COLLECTION 242,$98.99,734599400056
Alcohol,EL CRISTIANO SILVER,$43.99,736040003984
Alcohol,EL CRISTIANO REPOSADO,$49.99,736040003991
Alcohol,El Cristiano Reposado,$120.99,736040004004
Alcohol,EL CRISTIANO EXTRA ANEJO,$137.99,736040004011
Alcohol,HPNOTIQ,$34.99,736040011064
Alcohol,HPNOTIQ 375ML,$16.99,736040012856
Alcohol,HPNOTIQ,$4.99,736040012870
Alcohol,"Pallini Roma:Liqueur, Limoncello",$43.99,736040501381
Alcohol,Pallini Roma RASPBERRY,$43.99,736040502371
Alcohol,AVION REPOSADO,$49.99,736040519324
Alcohol,AVION SILVER,$43.99,736040519348
Alcohol,AVION SILVER,$21.99,736040521884
Alcohol,CASA DRAGONES BLANCO,$98.99,736040532736
Alcohol,A,$46.99,736040537113
Alcohol,BOTTLE LOGIC BREWING,$29.99,737534449172
Alcohol,SUPER FUNI,$19.99,739601815651
Alcohol,RAMAZZOTTI SAMBUCA,$32.99,739949600018
Alcohol,Francis Coppola Diamond Collection Silver Label:Pinot Noir,$21.99,739958014509
Alcohol,Coppola Diamond Pinot Noir (750 ml),$12.99,739958023105
Alcohol,COPPOLA CABERNET SAUVIGNON,$21.99,739958064801
Alcohol,COPPOLA DM PINOT GRIGIO,$14.99,739958075005
Alcohol,FRANCIS COPPOLA RED BLEND,$21.99,739958105405
Alcohol,COPPOLA DMND CLARET CABERNET SAUVIGNON,$25.99,739958974001
Alcohol,COPPOLA MERLOT,$19.99,739958974100
Alcohol,BELLS TWO HEARTED ALE C24 12OZ 6P,$15.99,740522110886
Alcohol,BELLS TWO HEARTED ALE C15 19.2OZ,$3.99,740522120861
Alcohol,NOBLE WATCH ME WHIP PINEAPPLE SELTZER 24/16 CAN 6/4,$23.99,741728738928
Alcohol,FERRARI CARANO CHARDONAY 750 ml,$30.99,742651107195
Alcohol,FERRARI SAUVIGNON BLANCO,$21.99,742651123102
Alcohol,FERRAR CARANO CABERNET SAUVIGNON,$42.99,742651135198
Alcohol,FERRARI CARANO TRESOR 21 750ML,$59.99,742651138298
Alcohol,FERRARI CARANO PINOT GRIGIO(SC)24 750ML,$19.99,742651152102
Alcohol,FERRARI CARNO CABERNET SAUVIGNON,$109.99,742651667101
Alcohol,FOOTBALL BALL,$10.99,743305395739
Alcohol,HERRADURA BLANCO B12 700ML,$53.99,744607000109
Alcohol,EL JIMADOR SILVER B60 50ML 12P,$3.99,744607000345
Alcohol,EL JIMADOR NEW MIX PALOMA,$7.99,744607002691
Alcohol,EL JIMADOR NEW MIX VAMPIRO,$7.99,744607002707
Alcohol,HERRADURA BLANCO TEQUILA,$76.99,744607003728
Alcohol,HERRADURA LEGEND AÔøΩÔøΩÔøΩÔøΩÔøΩÔøΩÔøΩÔøΩÔøΩÔøΩÔøΩÔøΩEJO BARRIL ACANALADO,$197.99,744607007108
Alcohol,EL JIMADOR NEW MIX CANTARITO,$7.99,744607008914
Alcohol,EL JIMADOR NEW MIX TAMARINDO,$7.99,744607009409
Alcohol,HERRADURA SILVER TEQ 50ML,$7.99,744607010405
Alcohol,El Jimador Tequila Repasado,$54.99,744607049801
Alcohol,EL JIMADOR ANEJO,$34.99,744607063203
Alcohol,EL JIMADOR BLANCO,$27.99,744607068208
Alcohol,EL JEMADOR SILVER,$49.99,744607068406
Alcohol,ELJIMADOR SILVER,$14.99,744607068604
Alcohol,EL JIMADOR SILVER,$8.99,744607068703
Alcohol,EL JIMADOR REPSADO,$27.99,744607069205
Alcohol,EL JIMADOR REPOSADO,$4.99,744607069403
Alcohol,EL JIMADOR REPOSADO,$14.99,744607069601
Alcohol,EL JIMADOR REPOSADO,$9.99,744607069700
Alcohol,HERRADURA SILVER 750,$54.99,744607111317
Alcohol,HERRADURA REPO 750ML,$60.99,744607111324
Alcohol,HERRADURA ANEJO 750M,$65.99,744607111331
Alcohol,Nwe mix cantarito,$14.99,744607210034
Alcohol,new mixpaloma 4 pk,$14.99,744607210041
Alcohol,EL JEMADOR NEW MIX,$14.99,744607210157
Alcohol,HAKUTSURU SUPERIOR SAKE,$25.99,747846010014
Alcohol,HAKUTSURLI,$12.99,747846010021
Alcohol,HAKUTSURU 720ML,$24.99,747846010069
Alcohol,SAYURI SAKE IMPORTED,$12.99,747846020013
Alcohol,SAYURI,$21.99,747846020020
Alcohol,AWA YUKI SPARKLING SAKE,$10.99,747846040011
Alcohol,CARMEL ROAD NOIR 750 ml,$21.99,748284002838
Alcohol,DOWNTOWN BROWN,$15.99,751249116129
Alcohol,LC Great White 12pk,$23.99,751249127040
Alcohol,GREAT WHITE 6 PACK,$14.99,751249127064
Alcohol,Indica IPA 6pk,$14.99,751249129068
Alcohol,LC PBT STOUT,$15.99,751249130484
Alcohol,8 BALL STOUT,$15.99,751249241067
Alcohol,LOST CST TANGER WT 6PK,$15.99,751249252063
Alcohol,FUGCUTTER DOUBLE IPA,$15.99,751249252285
Alcohol,IPA lost coast  12pck,$20.99,751249252858
Alcohol,Lost coast imperail stout,$18.99,751249600093
Alcohol,LOST COAST STARGAZE WIT,$13.99,751249600123
Alcohol,weihenstephan hefe weissbier bavarian style,$16.99,752245141504
Alcohol,Weinenstephan 6pk Original premium lager,$16.99,752245143508
Alcohol,BLACK CECD,$49.99,752830059290
Alcohol,BCH AMALGA 6/4 16OZ CAN,$18.99,752830895324
Alcohol,BCH CITRA- 6/4 16OZ CAN,$18.99,752830895423
Alcohol,OPUS ONE 22,$549.99,753604062225
Alcohol,THIS IS THE WAY IPA IPA,$19.99,754194056243
Alcohol,LONG BEACH LAB,$21.99,754194056267
Alcohol,New Belgium Voodoo Ranger Imperial IPA Can (19.2 oz),$14.99,754527000660
Alcohol,VOODOO RANGER TROPIC FORCE IPA,$16.99,754527006525
Alcohol,VOODOO RANGER JUICE HAZE IPA,$15.99,754527008857
Alcohol,New Belgium Voodoo Ranger Imperial IPA Bottles (12 oz x 6 ct),$4.99,754527010218
Alcohol,NEW BELGIUM HOPPY PACK,$26.99,754527010706
Alcohol,NEW BELGIUM VOODOO RANGER JUICY HAZE,$4.99,754527011055
Alcohol,New Belgium Voodoo Ranger Juice Force IPA Cans (12 oz x 6 ct),$4.99,754527011710
Alcohol,NEW BELGIUM VOODOO RANGER JUICE FORC,$15.99,754527011727
Alcohol,Voodoo Ranger Fruit Force Ale Cans (12 oz x 6 ct),$4.99,754527012076
Alcohol,NEW BELGIUM VOODOO RANGER FRUIT FORCE,$15.99,754527012205
Alcohol,NEW BELGIUM VOODOO RANGER TROPIC FOR,$4.99,754527012274
Alcohol,NEW BELGIUM VOODOO RANGER JUICE FORC,$12.99,754527012595
Alcohol,VODO RANGER  g FORCE,$4.99,754527012779
Alcohol,VOODOO RANGER SWEET RIDE JUCY IPA,$16.99,754527012878
Alcohol,BROADSIDE CABERNET SAUVIGNON PASO ROBLES,$21.99,757725564613
Alcohol,THE BAD STUFF EXTRA ANEJO,$219.99,759380119559
Alcohol,Four Vines Zinfandel Lodi (750 ml),$24.99,761180802005
Alcohol,WILDER GIN,$32.99,765857335926
Alcohol,SIEMPRE TEQUILA,$76.99,767665663628
Alcohol,Duck Pond Pinot Noir 750,$25.99,768154231540
Alcohol,Acrobat:Pinot Noir,$21.99,768675085929
Alcohol,KING ESTATE PINOT GRIS,$25.99,768675960127
Alcohol,SONOMA-CUTRER CHARDONAY 750,$35.99,769611454441
Alcohol,RAMOS PINTO PORTO TAWNY 750 ml,$24.99,769692000100
Alcohol,RAMOS PINTO,$23.99,769692000209
Alcohol,RAMOS PINTO PORTO RUBY  750 ml,$23.99,769692000308
Alcohol,STIRRINGS SIMPLE COCKTAIL MIX,$7.99,780999002710
Alcohol,strrings blood orange mix,$9.99,780999002918
Alcohol,Stirrings mojito 750ml,$7.99,780999003519
Alcohol,STIRRINGS SIMPLE POMEGRANATE COCKTAIL MIX,$7.99,780999003915
Alcohol,LO SIENTO CALIENTE CINNAMON,$53.99,783495433668
Alcohol,SILVER OAK ALEXANDER VALLEY CABERNET SAUVIGNON,$109.99,785214190753
Alcohol,SILVER OAK NAPA CABERNET SAUVIGNON,$148.99,785214290750
Alcohol,BENZIGER CABERNET SAUVIGNON,$21.99,785774000394
Alcohol,STELLA ARTOIS 6PK 12OZ,$13.99,786150000014
Alcohol,Stella Artois Bottles (11 oz x 12 ct),$24.99,786150000144
Alcohol,LEFFE BLONDE 24/11.2 NRLN 4/6,$14.99,786150000304
Alcohol,STELLA ARTOIS,$4.99,786150000571
Alcohol,Hoegaarden Original Belgian Bottle (11.2 oz x 6 ct),$14.99,786150001462
Alcohol,Racing Bitch IPA,$18.99,786243119906
Alcohol,BLOODLINE,$17.99,786243550242
Alcohol,LO SIENTO BLANCO,$49.99,787269005006
Alcohol,LO SIENTO REPOSADO,$54.99,787269005013
Alcohol,LO SIENTO ANEJO,$76.99,787269005020
Alcohol,RADIANT IPA,$20.99,787790965367
Alcohol,LAGRITONA TEQUILA REPOSADO,$65.99,791689021010
Alcohol,ALC HEADY- 6/4 16OZ CAN,$24.99,793573117267
Alcohol,WHISTLEPIG RYE WSKY 10YR,$104.99,793573797940
Alcohol,ROCKMULL,$12.99,793573938060
Alcohol,almanac big love hazy double ipa,$24.99,793888048010
Alcohol,Alb Vodka,$21.99,793888644731
Alcohol,electrohop beachwood,$17.99,793888863569
Alcohol,JINRO Chamisul Classic,$7.99,795652200501
Alcohol,KONA LIGHT 24/12 NR 4/6,$12.99,796030114809
Alcohol,Kona Longboard Island Lager Bottles (12 oz x 6 ct),$13.99,796030114946
Alcohol,KONA BIG WAVE BOTTLES 6PK 12OZ,$13.99,796030114960
Alcohol,Big Wave Golden Ale,$1.99,796030214967
Alcohol,KONA BIG WAVE 25OZ,$4.99,796030250965
Alcohol,BIG WAVE 6 PK 12 OZ,$13.99,796030424960
Alcohol,KONA WAVE RIDER VARIETY PK 24/12 CAN 2/12,$24.99,796030614927
Alcohol,KONA ISLAND HOPPER VARIETY PK 24/12 NR 2/12,$24.99,796030614934
Alcohol,Kona Big Wave Golden Ale Cans (12 oz x 12x ct),$24.99,796030614965
Alcohol,KONA HANALEI ISLAND STYLE IPA 24/12 NRLN 4/6,$12.99,796030814914
Alcohol,KONA,$21.99,796030824319
Alcohol,KONA BIG WAVE 24/12 CAN 2/12,$24.99,796030824968
Alcohol,AVERY,$10.99,796363001241
Alcohol,KARL STRAUSS BOAT SHOES HAZY IPA 24/12 CAN 4/6,$16.99,796535130939
Alcohol,SPONTANE W,$15.99,798304413922
Alcohol,ACE CIDER PINEAPPLE 24/12 CAN 4/6,$17.99,798449008243
Alcohol,ACE CIDER HIGH PINEAPPLE 24/12 CAN 4/6,$18.99,798449080034
Alcohol,ECOISTE BATISTE,$16.99,804879039365
Alcohol,CHI CHIS MARGARITA PET 20 FLASK 750ML,$6.99,806600188816
Alcohol,WILSON CREEK ALMOND 750 ml,$18.99,807239110018
Alcohol,CHICKEN COCK BOURBON,$93.99,810020890020
Alcohol,CHICKEN COCK RYE,$93.99,810020890037
Alcohol,ALA CHERRY TWIST 12 OZ 1/24 CAN,$4.99,810030518082
Alcohol,DIAMOND,$20.99,810041880079
Alcohol,MIK,$20.99,810041880253
Alcohol,CHOMP CHOMP,$7.99,810059392229
Alcohol,TOPO CHICO RANCH WATER C24 12OZ 12P,$28.99,810078780021
Alcohol,TOPO CHICO RANCH WATER 24 OZ,$4.99,810078780045
Alcohol,TOPO CHICO STRAWBERRY GUAVA B24 12OZ,$26.99,810078780076
Alcohol,Simply Vari 12pk,$28.99,810078780205
Alcohol,TOPO CHICO MARGARITA VARIETY C24 12O,$15.99,810078780380
Alcohol,TOPO CHICO OASIS CHERRY 24 OZ,$4.99,810078781356
Alcohol,SIMPLY SPIKED BOLD SIGNATURE LEMONAD,$4.99,810078781806
Alcohol,SIMPLY SPIKED  bumpin blue razz C1,$4.99,810078781820
Alcohol,TOPO CHICO TROPICAL MANGO B24 12OZ 1,$28.99,810078781912
Alcohol,SIMPLY SPIKED TROPICAL VARIETY PACK 12 PK 12 OZ,$28.99,810078782131
Alcohol,TOPO CHICO FMB HARD MARGARITA VARIET,$28.99,810078782216
Alcohol,TOPO CHICO  oasis cherry,$4.99,810078782223
Alcohol,TOPO CHICO MARGARITA MAX STR HIBISCUS,$4.99,810078782513
Alcohol,TOPO CHICO 6 PK,$14.99,810078782674
Alcohol,WHISTLEPIG BBN PIGGYBACK 6YR,$65.99,810080550032
Alcohol,WHISLE PIG YHE BOSS HOG,$1099.99,810080550735
Alcohol,WHISTLE PIG LIQUID DEATH PROOFED LMTD ED,$98.99,810080552029
Alcohol,WHISTLEPIG RYE WHISKY,$307.99,810080552128
Alcohol,MOON SHINE SOUR WATERMELON,$4.99,810088370120
Alcohol,OLE SMOKY 50MLSTRAWBERRY CREAM,$4.99,810088370168
Alcohol,OLE SMOKY CREAM WC STRAWBRY35 8/6P 50ML,$3.99,810088370175
Alcohol,OLE SMOKY BANANA PUDDING,$4.99,810088370182
Alcohol,SMOKY MOONSHINE PINEAPPLES,$27.99,810088370267
Alcohol,SMOKY MOONSHINE JEY LIME CREAM,$27.99,810088370434
Alcohol,MOON SHINE ORANGE SHINEASICLE,$4.99,810088370847
Alcohol,OLE SMOKY MOONSHINE,$4.99,810088370908
Alcohol,OLE SMOKY MOONSHINE BEANUT BUTTER,$27.99,810089490964
Alcohol,CANE,$21.99,810089491497
Alcohol,MONSTER BREW MEAN GREEN  16OZ,$3.99,810117130015
Alcohol,MONSTER BREW PEACH PERFECT  16OZ,$3.99,810117130077
Alcohol,BLACK TUESDAY,$63.99,810139030003
Alcohol,OFFSHOOT RELAX HAZY 4/16 CN,$20.99,810139030171
Alcohol,OFFSHOOT,$19.99,810139031079
Alcohol,OFFSHOOT BEER,$16.99,810139031093
Alcohol,IL BRUCIATO,$48.99,810147310005
Alcohol,PEPPOLI ITALIAN WINE,$27.99,810147310203
Alcohol,MARCHESE ANTINORI Riserva Italian wine 750 ml,$54.99,810147310449
Alcohol,HIGH GROUND,$32.99,810155750015
Alcohol,EVIL BEAN,$35.99,810155750053
Alcohol,SURFSIDE GREEN TEA VARIETY 8 PK 12 OZ,$25.99,810171360144
Alcohol,SUN FSIDE  STRAWBERRY LEMO,$4.99,810171361141
Alcohol,SURFSIDE HALF AND HALF,$25.99,810171361868
Alcohol,Modern Times Orderville IPA Cans (16 oz x 4x ct),$15.99,810273030051
Alcohol,NUGMO,$18.99,810458031187
Alcohol,GOLDEN ROAD MANGO CART 15/25 CAN,$4.99,810628030088
Alcohol,Golden Road Brewing Passion Wolf IPA Cans (12 oz x 6x ct),$14.99,810628031559
Alcohol,GOLDEN ROAD RIDE ON TROPICAL IPA 24/12 CAN 4/6,$13.99,810628031801
Alcohol,GOLDEN ROAD STREET CART 24/12 CAN 4/6,$13.99,810628032303
Alcohol,GOLDEN ROAD,$14.99,810628032624
Alcohol,CAROLANS IRISH CREAM 34 750ML,$26.99,810845030045
Alcohol,SHAKARA 12 YEARS THAILAND RUM,$51.99,810852037136
Alcohol,Belching Beaver Phantom Bride IPA Cans (16 oz x 6 ct),$17.99,810960021584
Alcohol,Belching Beaver Passionfruit Guava Seltzer 1/12 19.2oz Cans,$4.99,810960025445
Alcohol,BEL PHANTOM BRIDE 12 OZ 4/6 CAN,$18.99,810960027845
Alcohol,Belching Beaver Tropical Terps Hazy IPA 4/6 16oz Cans,$17.99,810960028705
Alcohol,LALO BLANCO,$57.99,811041030013
Alcohol,LALO BLANCO TEQUILA,$32.99,811041030044
Alcohol,LALO TEQUILA SILVER,$76.99,811041030068
Alcohol,LALO BLANCO HIGH PROOF,$91.99,811041030082
Alcohol,1800 REPOSADO,$13.99,811538010108
Alcohol,1800 SILVER 50 ML,$5.99,811538010115
Alcohol,1800 SILVER,$20.99,811538010122
Alcohol,1800 SILVER,$32.99,811538010139
Alcohol,1800 SILVER,$13.99,811538010191
Alcohol,1800 REPOSADO 50ML,$5.99,811538010214
Alcohol,1800 REPOSADO,$18.99,811538010221
Alcohol,1800 REPOSADO,$36.99,811538010238
Alcohol,1800 COCONUT 50 ML,$5.99,811538010290
Alcohol,Jose Cuervo GOLD,$36.99,811538010764
Alcohol,JOSE CUERVO SILVER,$32.99,811538010771
Alcohol,JOSE CUERVO ESPECIAL GOLD,$19.99,811538010832
Alcohol,JOSE CUERVO ESPECIAL SILVER,$19.99,811538010856
Alcohol,JOSE CUERVO ESPECIAL SILVER,$14.99,811538010870
Alcohol,JOSE CUERVO ESPECIAL GOLD,$15.99,811538010887
Alcohol,JOSE CUERVO ESPECIAL GOLD,$8.99,811538010924
Alcohol,JOSE CUERVO ESPECIAL SILVER,$7.99,811538010931
Alcohol,JOSE CUERVO REPOSADO,$2.99,811538010948
Alcohol,JOSE CUERVO SILVER,$2.99,811538010955
Alcohol,Jose Cuervo Margaritas,$21.99,811538010993
Alcohol,Jose Cuervo Auth Lime Marg Bottles (1.75 L),$20.99,811538011006
Alcohol,JOSE CURVO RESERV DE LA FAMILI,$219.99,811538011457
Alcohol,Maestro Dobel Diamante Tequila Reposado,$54.99,811538012034
Alcohol,Kraken Black Spiced Rum (750 ml),$27.99,811538013024
Alcohol,Centenario aÔøΩÔøΩÔøΩÔøΩÔøΩÔøΩÔøΩÔøΩÔøΩÔøΩÔøΩÔøΩejo,$54.99,811538014038
Alcohol,GRAN CENTENARIO PLATA,$43.99,811538014137
Alcohol,GRAN CENTENARIO REPOSADO,$47.99,811538014236
Alcohol,BUSHMILLS BLACK BUSH,$21.99,811538016230
Alcohol,1800 CRISTALINO ANEJO,$71.99,811538016469
Alcohol,BUSHMILLS RED BUSH,$21.99,811538018715
Alcohol,Proper Twelve,$34.99,811538019569
Alcohol,PROPER TWELVE,$54.99,811538019675
Alcohol,STOLICHNAYA,$25.99,811751020007
Alcohol,STOLI,$16.99,811751020038
Alcohol,STOLI VODKA,$43.99,811751020045
Alcohol,STOLI,$9.99,811751020052
Alcohol,STOLI BLUEBERI 750ML,$19.99,811751020076
Alcohol,Stolichnaya Elit Vodka (750 ml),$60.99,811751020601
Alcohol,MACALLAN RAPE CASK,$439.99,812066020034
Alcohol,Highland Park 12 Years Age,$62.99,812066020300
Alcohol,MACALLAN 18YR SNG MALT SCOTCH,$659.99,812066020355
Alcohol,MACALLAN 12 YEARS SHERRY OAK CASK,$130.99,812066020553
Alcohol,The Macallan Fine Oak 15 Years Age,$274.99,812066020690
Alcohol,Macallan Double Cask,$109.99,812066021598
Alcohol,MACALLAN 15 DOUBLE CASK,$237.99,812066023066
Alcohol,MACALLAN THE HERMONY COLLECTION RICH CACAO,$439.99,812066024131
Alcohol,MACALLAN CLASSIC CUT,$219.99,812066024865
Alcohol,MACALLAN EARTH JEREZ,$164.99,812066024957
Alcohol,GT ROSE,$21.99,812147020083
Alcohol,COTE 375,$12.99,812147020984
Alcohol,HAMPTN WATER ROSE 750ML,$27.99,812147021004
Alcohol,HAMPTON WATER BUBBLY 750 ML,$32.99,812147022209
Alcohol,ALESMITH,$16.99,812465001740
Alcohol,ALESMITH PARTY IPA,$4.99,812465002389
Alcohol,PALAZZO DELLA TORRE Italian wine 750 ml,$30.99,812643020006
Alcohol,Belair luxe,$38.99,813497005010
Alcohol,Luc Belaire Rare Rose Blend (750 ml),$30.99,813497005904
Alcohol,BUMBU THE ORIGINAL,$53.99,813497006109
Alcohol,MCQUEEN AND THE VIOLET FOG,$43.99,813497007168
Alcohol,Luc Belaire Bleu Addition Limited (750 ml),$39.99,813497007809
Alcohol,JEFFERSOM'S RYE,$38.99,814794011957
Alcohol,delirium 4 pk,$27.99,815184010178
Alcohol,BELIRIUM NOCTURNUM 23.5 OZ,$15.99,815184010239
Alcohol,DELIRIUM 1.32 GAL,$98.99,815184010413
Alcohol,Blue Ice Potato Vodka (750 ml),$26.99,815197000128
Alcohol,CAYMAN JACK VARIETY PACK C24 12OZ 12,$28.99,815829010044
Alcohol,CAYMAN JACK MARGARITA B24 11.2OZ 6P,$15.99,815829010068
Alcohol,CAYMAN JACK MARGARITA C12 24OZ,$5.99,815829010853
Alcohol,CAYMAN JACK MARGARITA C24 12OZ 12PSL,$28.99,815829011119
Alcohol,CAYMAN JACK MARGARITA VARIETY C24 12,$27.99,815829011539
Alcohol,CAYMAN JACK MARGARITA ZERO SUGAR B24,$15.99,815829011751
Alcohol,CAYMES JACK MARGARITA,$5.99,815829011829
Alcohol,CAYMAN JACK STRAWBERRY MARGARITA B24,$15.99,815829011898
Alcohol,CAYMAN JACK PALOMA B24 11.2OZ 6P,$15.99,815829011911
Alcohol,CAYMAN JACK SWEET HEAT C24 12OZ 12P,$28.99,815829011966
Alcohol,BEER GEEK BREAKFAST,$13.99,816130020005
Alcohol,ITALICUS ROSOLIO DI BERGAMOTTO,$49.99,816136021556
Alcohol,DUKE BOURBON,$43.99,816136023413
Alcohol,COPALLI WHITE ORGANIC RUM,$21.99,816136023826
Alcohol,COPALLI BARREL RESTED,$32.99,816136025806
Alcohol,CHATEAU MAGNOL PORTO WINE 750 ml,$32.99,816685010339
Alcohol,LISTEL ROSE 750ML,$14.99,816685011725
Alcohol,Cutwater Spirits Spicy Bloody Mary Cans (12 oz x 4 ct),$4.99,816751020088
Alcohol,CUTWATER CKTL BL MARY SPICY20CAN4P 12Z,$17.99,816751020477
Alcohol,CUTWATER VODKA MULE 12OZ,$5.99,816751020590
Alcohol,CUTWATER VOD MULE 14 CAN 6/4PK 12Z,$17.99,816751020606
Alcohol,Cutwater Spirits Grapefruit Tequila Paloma Cocktail Can (12 oz),$5.99,816751021184
Alcohol,CUTWATER TEQ PALOMA 14 CAN 4P 12Z,$18.99,816751021207
Alcohol,CUT EATER SPIRITS LIME MARGARITA,$5.99,816751021214
Alcohol,CUTWATER TEQUILA MARGARITA LIME 4 PK 12 OZ,$14.99,816751021238
Alcohol,CUTWATER BALI HAI DARK RUM,$32.99,816751021542
Alcohol,CUTWATEER TIKI RUM MAI TAI,$5.99,816751021665
Alcohol,Cutwater Tiki Rum Mai Tai Can (12 oz),$17.99,816751021689
Alcohol,CUT WATER RUM MOJITO,$5.99,816751021764
Alcohol,CUTWATER GIN COLLINS 4-PK,$17.99,816751021788
Alcohol,Cutwater mia tai,$5.99,816751021986
Alcohol,CUTWATER LONG ISLAND 26 CAN 6/4PK 12Z,$16.99,816751021993
Alcohol,SKIMMERS ICED TEA ORIGINAL CAN 12P 720ML,$6.99,816751022051
Alcohol,CUTWATER WHITE RUSSIAN 4 OK 12 OZ,$17.99,816751022068
Alcohol,CUTWATER MANGO MARGARITA,$5.99,816751022099
Alcohol,Cutwater Mango Margarita Cans (12 oz x 4 ct),$17.99,816751022105
Alcohol,CUTWATER MARG PEACH 20 CAN 6/4PK 12Z,$16.99,816751022389
Alcohol,CUTWATER STRAWBERRY MARGARITA,$5.99,816751022440
Alcohol,CUTWATER MARG STRAWBERRY 20 6/4P 12Z,$16.99,816751022457
Alcohol,Cutwater,$5.99,816751022471
Alcohol,CUTWATER PINA COLADA 26 CAN 6/4P 12Z,$17.99,816751022488
Alcohol,CUTWATER VODKA TRANSFUSIAN,$4.99,816751022556
Alcohol,CUTWATER VOD TRANSFUSION14CAN6/4P 12Z,$16.99,816751022563
Alcohol,CUTWATER PINEAPP;E MARGARITA,$5.99,816751022785
Alcohol,CUTWATER MARGARITA PINEAPPLE 4-PK 12 OZ,$17.99,816751022792
Alcohol,CUTWATER ESPRESSO MARTINI,$5.99,816751023720
Alcohol,CUTWATER ESPRESSO MARTINI 4 PK 12 OZ,$17.99,816751023737
Alcohol,CUT EATER SPIRITS LIME MARGARITA,$5.99,816751023782
Alcohol,CUTWATER LEMON DROP MARTINI 4 PK 12 OZ,$18.99,816751023799
Alcohol,CUT WATER TIKI RUM HARRICANE,$5.99,816751023874
Alcohol,CUTWATER TIKI RUM  HURRICANE 4-PK,$17.99,816751023881
Alcohol,cutwater whiskey sour,$5.99,816751023911
Alcohol,CUTWATER sbicy blood mary 16 CAN 6/4P 12Z,$17.99,816751023928
Alcohol,CUTWATER PEPPERMINT WHITE RUSSIAN,$5.99,816751023959
Alcohol,CUTWATER WHITE RUSSIAN  PEPPERMINT 4PK 12 OZ,$17.99,816751023966
Alcohol,CUT WATER,$30.99,816751024161
Alcohol,CUTWATER GIN COLLINS,$5.99,816751024215
Alcohol,CUTWATER GIN COLLINS 4 PK 12 OZ,$17.99,816751024239
Alcohol,CUTWATER SPICY MANGO MARGARITA,$5.99,816751024277
Alcohol,CUTWATER MARGARITA MANGO SPICY 4 PK 12 OZ,$17.99,816751024284
Alcohol,CUTWATER LONG ISLAND ICED TEA,$4.99,816751024420
Alcohol,CUTWATER  CHOCOLATE ESPRESSO MARTINI,$5.99,816751024512
Alcohol,Cutwater,$16.99,816751024529
Alcohol,JOEL GOTT ROSE,$18.99,817625010006
Alcohol,PALISADES RED WINE 750 ml,$16.99,817625010181
Alcohol,Elysian Space Dust IPA Can (19.2 oz),$18.99,817904000834
Alcohol,ELYSIAN SPACE DUST IPA,$30.99,817904000865
Alcohol,ELYSIAN JACKTAIL HAZY IPA,$5.99,817904005099
Alcohol,ELYSIAN SPACE DUST IPA 24/12 CAN 2/12,$29.99,817904006829
Alcohol,ELYSIAN SPACE DUST IPA 19.2 OZ,$4.99,817904006898
Alcohol,Elysian Brewing Contact Haze IPA Cans (12 oz x 6 ct),$16.99,817904007918
Alcohol,ELYSIAN JUICE DUST JUICY IPA 15/19.2 CAN,$5.99,817904009493
Alcohol,BREAD & BUTTER CAB,$21.99,818051020744
Alcohol,BREAD & BUTTER SAUV BLANC,$17.99,818051021956
Alcohol,MONTUCKY  C24 16OZ 6P,$14.99,818490010580
Alcohol,MONTUCKY  C12 24OZ,$4.99,818490013734
Alcohol,CENTENARIO  REPOSADO,$87.99,818844022351
Alcohol,GRAN CENTENARIO CRISTALINO ANEJO,$109.99,818844023136
Alcohol,JAJA BLANCO,$47.99,818844023211
Alcohol,JAJA TEQUILA BLANCO 80 375ML,$25.99,818844023877
Alcohol,1800 REPOSADO HIGH PROOF,$26.99,818844029367
Alcohol,1800 SILVER HIGH PROOF,$24.99,818844029671
Alcohol,HOLY GRAIL - ALE,$9.99,819538005117
Alcohol,DON ABRAHAM ORGANIC EXTRA ANEJO,$131.99,819588011755
Alcohol,OSKAR BLUES,$14.99,819942002344
Alcohol,OSKAR BLUES,$3.99,819942002351
Alcohol,OCHO ANEJO,$109.99,828087000511
Alcohol,EMMOLO SAUVNLANC,$21.99,831526000614
Alcohol,ABSOLUT 50 ML.,$3.99,835229000001
Alcohol,ABSOLUT VODKA 80 10/12PK (GLS) 50ML,$22.99,835229000025
Alcohol,ABSOLUT VODKA 200ML,$9.99,835229000100
Alcohol,ABSOLUT VODKA,$16.99,835229000209
Alcohol,ABSOLUT VODKA 750ML,$24.99,835229000308
Alcohol,Absolut Country of Sweden Vodka,$42.99,835229000605
Alcohol,Absolut Country of Sweden Mandarin Vodka (50 ml),$32.99,835229000711
Alcohol,ABSOLUT CITRUS 50 ML,$4.99,835229001008
Alcohol,Absolut Apeach (750 ml),$28.99,835229001138
Alcohol,ABSOLUTE CITRON 750,$28.99,835229001305
Alcohol,ABSOLUT MANDRIN 50 ML,$4.99,835229002005
Alcohol,ABSOLUT VOD MANDRIN 80 750ML,$23.99,835229002302
Alcohol,ABSOLUT VOD VANILIA 76 750ML,$23.99,835229006300
Alcohol,ABSOLUT VODKA,$24.99,835229010109
Alcohol,ABSOLUT VOD LIME 80 750ML,$28.99,835229010277
Alcohol,ABSOLUT VODKA TAPASCO CHILL PEPPER,$28.99,835229011144
Alcohol,DONA PAULA ESTATE CABERNET SAUVIGNON 750 ml,$20.99,836950000100
Alcohol,DONA PAULARED WINE 750 ml,$24.99,836950000391
Alcohol,DONA PAULA MALBEC,$24.99,836950000452
Alcohol,JUICED GOSE ALE,$21.99,837654070222
Alcohol,Globerati:Cabernet Sauvignon,$54.99,839728006939
Alcohol,BALLAST POINT SCULPIN,$16.99,840166600047
Alcohol,BALLAST POINT GRAPEFRUIT 6 PK 12 OZ,$16.99,840166600122
Alcohol,BALLAST POINT SCULPIN ALOHA,$16.99,840166600184
Alcohol,BSLLAST POINT SCULPIN,$5.99,840166601709
Alcohol,BALLAST POINT IMPERIAL SCULPIN C24 1,$16.99,840166660102
Alcohol,BALLAST POINT SCULPIN,$5.99,840166660126
Alcohol,JACK DANIELS C BOLDER BOLDER DOWNHOM,$5.99,840245600418
Alcohol,MTN DEW ZERO SUGAR,$5.99,840262400015
Alcohol,MTN DEW MALT BAV,$5.99,840262400077
Alcohol,Suntory maru hi,$5.99,844483090123
Alcohol,MARUHI MALT RTD TRADITIONAL CITRUS C,$4.99,844483090130
Alcohol,MARUHI MALT RTD VARIETY C24 12OZ 12P,$28.99,844483090208
Alcohol,HOUSE WINE CHARDONNAY,$6.99,848375004564
Alcohol,HOUSE WINE ROSE,$6.99,848375004649
Alcohol,HOUSE WINE ROSÔøΩÔøΩÔøΩÔøΩÔøΩÔøΩÔøΩÔøΩÔøΩÔøΩÔøΩÔøΩ BUBBLES,$6.99,848375004991
Alcohol,HOUSE WINE SUVIGNON BLANC,$6.99,848375005004
Alcohol,HOUSE WINE Brut Bubbles,$6.99,848375005141
Alcohol,Four Loko Sour Apple Beer Can (23.5 oz),$5.99,849806000957
Alcohol,Four Loko Gold Can (23.5 oz),$5.99,849806001169
Alcohol,FOUR LOO,$5.99,849806004726
Alcohol,FOUR LOKO ABV13.9 SOUR GALACTIC PUNC,$4.99,849806004948
Alcohol,FOUR LOKO ABV14 JUNGLE JUICE C12 23.,$5.99,849806005457
Alcohol,Camo  four loko,$5.99,849806005822
Alcohol,Four loko,$5.99,849806006362
Alcohol,Absolut Vodka,$9.99,850000000100
Alcohol,Recess Black Cherry NA CBD 12oz 1/12 Cans,$5.99,850000230231
Alcohol,COR SALTY- 4/6 12OZ CAN,$15.99,850000406322
Alcohol,Salty Crew Blonde Ale,$6.99,850000406773
Alcohol,COR WKNDVB 12/1 19.2OZ CAN,$4.99,850000406803
Alcohol,COR WEEKEND BIBES WC IPA,$27.99,850000406827
Alcohol,COR ALOHA- 4/6 16OZ CAN,$19.99,850000406919
Alcohol,CORONADO HAZY IPA,$19.99,850000406957
Alcohol,CORONADO EL SEGUNDO WEST COAST IPA,$19.99,850000406971
Alcohol,WHISTLE PIG RYE 6 YEARS,$76.99,850001901116
Alcohol,WHISTLE PIG 18 YEARS,$549.99,850001901154
Alcohol,WHISTLEPIG WSKY SM BEHOLDEN 21Y 92 750ML,$1167.99,850001901871
Alcohol,GUAVA POINT IPA,$5.99,850002396720
Alcohol,HOWLER HEAD,$1.99,850003347646
Alcohol,HOWLER HEAD BANANA WHISKEY,$32.99,850003347653
Alcohol,TIP TOP OLD FASHIONED,$6.99,850003799001
Alcohol,BEES KNEES GIN LEMON HONEY,$5.99,850003799193
Alcohol,OLD FASHIONED WHISKEY SUGAR BITTERS,$25.99,850003799490
Alcohol,TIP TOP MAI LAI,$6.99,850003799711
Alcohol,TIP TOP MAI TAI,$25.99,850003799728
Alcohol,TIP TOP COSMOPOLITAN,$6.99,850003799865
Alcohol,TIP TOP COSMOPOLITAN,$25.99,850003799872
Alcohol,CITRA EXTRA IPA,$16.99,850004572122
Alcohol,CASA DRAGONES TEQ BLANCO 80 375ML,$46.99,850005002123
Alcohol,CASA DRAGON ANEJO,$219.99,850005002161
Alcohol,CASA DRAGONES REPO,$204.99,850005002215
Alcohol,RITUAL GIN ALTERNATIVE ZERO PROOF,$21.99,850005389002
Alcohol,RITUAL ZERO PROOF WHISKEY ALTRNATIVE,$21.99,850005389026
Alcohol,RITUAL ZERO PROOF TEQUILA ALTERNATIVE,$21.99,850005389057
Alcohol,JSH PEACHY 4/6 12OZ CAN,$15.99,850006844111
Alcohol,JUNE SHINE TEQUILA MARGARITA,$4.99,850006844203
Alcohol,Jun shine,$29.99,850006844289
Alcohol,JSH GRPSPL 4/6 12OZ CAN,$19.99,850006844319
Alcohol,JSH CC-PALOMA 6/4 12OZ CAN,$16.99,850006844371
Alcohol,JSH MGODAY 4/6 12OZ CAN,$19.99,850006844449
Alcohol,JSH CC-MAR 6/4 12OZ CAN,$16.99,850006844463
Alcohol,JUNE SHINE PASSION FRUIT 12 OZ,$4.99,850006844487
Alcohol,JSH CC-PAS 6/4 12OZ CAN,$16.99,850006844494
Alcohol,JUNE SHINE VODKA MULE,$4.99,850006844555
Alcohol,JSH MGODAY 12/1 16OZ CAN,$6.99,850006844685
Alcohol,JSH POG--- 4/6 12OZ CAN,$19.99,850006844715
Alcohol,JUNE SHINE 8 PK VARIETY HARD KAMBOUCHA,$25.99,850006844739
Alcohol,EASy RIDER 12pk 12OZ CAN,$20.99,850006844999
Alcohol,HAR HAZY IPA 19.2 OZ 1/12 CAN,$5.99,850006990016
Alcohol,HAR JAPANESE LAGER 19.2 OZ 1/12 CAN,$5.99,850006990023
Alcohol,HARLAND BREWING WAINIUI WEST COAST IPA,$18.99,850006990115
Alcohol,Harland Japanese Lager 6/4 16oz Cans,$15.99,850006990122
Alcohol,HAR HAZY IPA 16 OZ 6/4 CAN,$17.99,850006990153
Alcohol,HARLAND BREWING CITRA CITRA IPA,$20.99,850006990177
Alcohol,HARLAND BREWING WEST CAST IPA,$17.99,850006990191
Alcohol,HAR JAPANESE LAGER,$5.99,850006990344
Alcohol,DAOU ROSE 750ML,$27.99,850008182020
Alcohol,DAOU RESERVE CHARDONNAY 750 ml,$47.99,850008182686
Alcohol,DAOU CABERNET SAUVIGNON,$164.99,850008182785
Alcohol,Revision disco,$20.99,850011672174
Alcohol,REVISION,$21.99,850011672204
Alcohol,REVISON SUCKA FISH TIPA,$24.99,850011672488
Alcohol,CROSSFIRE HURRICANE,$47.99,850013491414
Alcohol,FLECHA AZUL BLANCO,$54.99,850013524006
Alcohol,FLECHA AZUL REPOSADO,$65.99,850013524020
Alcohol,FLECHA AZUL BLNCO,$6.99,850013524105
Alcohol,ASH VARTRP 2/12 12OZ CAN,$25.99,850013942213
Alcohol,ASH VARRED 2/12 12OZ CAN,$27.99,850013942435
Alcohol,ASHLAND HARD  SELTZER,$27.99,850013942763
Alcohol,ASHLAND HARDER,$27.99,850013942787
Alcohol,ASH VARORG 2/12 12OZ CAN,$27.99,850013942794
Alcohol,ASH BLKLEM 12/1 19.2OZ CAN,$5.99,850013942800
Alcohol,Ashland passion orange guava,$5.99,850013942824
Alcohol,CLASEAZUL REPOSADO,$219.99,850014275099
Alcohol,casae azul reposado,$549.99,850014275211
Alcohol,CLASE AZUL REPOSADO,$142.99,850014275228
Alcohol,CLASE AZUL TEQ BLANCO AHUMADO 90 750ML,$317.99,850014275440
Alcohol,CLASE AZUL ANEJO DIA MUERTOS 1 L,$2749.99,850014275617
Alcohol,BOO C-GM-LEM 4/6 12OZ CAN,$19.99,850014675042
Alcohol,BOO C-GINLIM 4/6 12OZ CAN,$19.99,850014675097
Alcohol,BOO C-GFRUIT 18/1 16OZ CAN,$6.99,850014675110
Alcohol,BOO C-GFRUIT 4/6 12OZ CAN,$19.99,850014675141
Alcohol,BOO C-PINPAS 4/6 12OZ CAN,$19.99,850014675295
Alcohol,BOOCH CRAFT GRAPEFRUIT,$6.99,850014675325
Alcohol,TEREMANA BLANCO,$21.99,850015640001
Alcohol,TEREMANA REPOSADO,$24.99,850015640018
Alcohol,TEREMANA TEQUILA,$43.99,850015640025
Alcohol,TEREMANA TEQUILA SMALL BATCH,$32.99,850015640032
Alcohol,TEREMANA BLANCO,$4.99,850015640070
Alcohol,TEREMANA  BLANCO,$65.99,850015640087
Alcohol,TEREMANA  REPOSADO,$70.99,850015640100
Alcohol,TEREMANA TEQ REPOSADO SB 80 5/12PK 50ML,$66.99,850015640117
Alcohol,TEREMANA ANEJO SMALL BATCH,$54.99,850015640124
Alcohol,TEREMANA ANEJO,$28.99,850015640186
Alcohol,MOONSHAKE CHOCOLATE  BROWNIE,$5.99,850015676475
Alcohol,MIJENTA BLANCO,$74.99,850015899003
Alcohol,MIJENTA TEQUILA REPOSADO B6 750ML,$87.99,850015899010
Alcohol,MIJENTA BLANCO,$98.99,850015899034
Alcohol,MIJENTA BLANCO,$87.99,850015899072
Alcohol,Salt point,$5.99,850017248007
Alcohol,Salt point GREYHOUND,$5.99,850017248014
Alcohol,Salt point,$5.99,850017248021
Alcohol,SALT POINT GREYHOUND C24 12OZ 4P,$20.99,850017248038
Alcohol,SALT POINT GIN HIGHBALL C24 12OZ 4P,$20.99,850017248045
Alcohol,SALT POINT MOSCOW MULE C24 12OZ 4P,$19.99,850017248083
Alcohol,Salt point MARGARITA,$5.99,850017248090
Alcohol,SALT POINT MARGARITA C24 12OZ 4P,$18.99,850017248106
Alcohol,POST BEAM CABERNET,$65.99,850017337503
Alcohol,2 TOWNS CIDERHOUSE HUCKLEBERRY,$18.99,850017944329
Alcohol,2 TOWS CIDERHOUSE,$14.99,850017944343
Alcohol,GUNWHALE,$21.99,850021679057
Alcohol,GUNWDOMO,$19.99,850021679071
Alcohol,ESG CMORG,$19.99,850024508330
Alcohol,Madri,$49.99,850025313179
Alcohol,SPINDRIFT,$4.99,850025457224
Alcohol,SUNDSIDE,$4.99,850025605205
Alcohol,SURFSIDE VODKA TEA 4 PACK,$14.99,850025605212
Alcohol,SUNDSIDE,$4.99,850025605427
Alcohol,SURFSIDE PEACH TEA VODKA4 PACK,$14.99,850025605502
Alcohol,SURFSIDE VODKA LEMONADE C24 12OZ 4PS,$14.99,850025605526
Alcohol,SURFSIDE half and half ice tea 4 PACK,$14.99,850025605540
Alcohol,SURFSIDE 8PK 12 OZ,$26.99,850025605564
Alcohol,BIG SIPZ MAERGASRITA,$5.99,850028324882
Alcohol,BIG SIPZ STRAWBERY MARGARITA,$5.99,850028324899
Alcohol,MARGS,$5.99,850028702000
Alcohol,LIQUID DEATH SPRKLNG BERRY IT ALIVE 24/19.2 CAN,$2.99,850031700215
Alcohol,LA ADELITA TEQUILA ANEJO,$100.99,850032272025
Alcohol,KOMOS ANEJO RESERVA,$197.99,850033013207
Alcohol,BREWERY X CITRA LOVES GALAXY 24/16 CAN 4/6,$18.99,850034488097
Alcohol,BREWERY X DICTIONARY ROULETTE 24/16 CAN 4/6,$18.99,850034488479
Alcohol,BREWERY X BLACKBERRY MOJITO,$16.99,850034488592
Alcohol,BREWERY X JUNGLE JUICE HARD SELTZER 24/12 CAN 4/6,$16.99,850034488684
Alcohol,BREWERY X SUCCULENT SIPPER HARD SELTZER 12/19.2 CAN,$4.99,850034488882
Alcohol,BREWERY X SUCCULENT SIPPER HARD SELTZER 24/12 CAN 4/6,$14.99,850034488912
Alcohol,SUCCULENT SIPPER 12PK,$26.99,850034488943
Alcohol,HARVEY-HARRIET WHITE(SC)23 750ML,$23.99,850034565125
Alcohol,SCREWBALL CUP,$12.99,850038229115
Alcohol,405 NORTH  GH BEAR TRAP LITE,$9.99,850038229351
Alcohol,TAH THE FIRST RULE WC IPA 6/4 16OZ C,$20.99,850039388118
Alcohol,MCH BLULEM 12/1 24OZ CAN,$4.99,850040452341
Alcohol,MCH OGLEM- 12/1 24OZ CAN,$4.99,850040452358
Alcohol,GOOD BOY VODKA,$27.99,850041804163
Alcohol,BUZZBALLZ SPIRITS BERRY CHERRY LIMEA,$4.99,850042638743
Alcohol,BELUGA,$127.99,850045482039
Alcohol,BELUGA TRANSATLANTIC RACING,$46.99,850045482053
Alcohol,HAPPY DAD HARD SELTZER BP FRUIT PUNCH 12/24 CAN,$5.99,850046522024
Alcohol,HAPPY DAD HARD SELTZER DEATH ROW GRAPE 24/12 CAN 2/12,$25.99,850046522154
Alcohol,HAPPY DAD MOM HARD SELTZER RASPBERRY 24/12 CAN 2/12,$25.99,850046522178
Alcohol,HAPPY DAD HARD SELTZER DEATH ROW BP GRAPE 12/24 CAN,$5.99,850046522215
Alcohol,HAPPY DAD HARD TEA PEACH 24/12 CAN 2/12,$26.99,850046522963
Alcohol,HAPPY DAD HARD TEA HALF&HALF 24/12 CAN 2/12,$23.99,850046522987
Alcohol,Angel's Envy Bourbon (750 ml),$62.99,850047003003
Alcohol,Angels Envy Finished Rye Rye Whiskey Finished in Caribbean Rum Casks (750 ml),$109.99,850047003065
Alcohol,Yuzy,$9.99,850047873323
Alcohol,STUDY BREAK THROWBACK,$28.99,850049640060
Alcohol,Study Break LA Punch Hard Seltzer 1/15 19.2oz Cans,$4.99,850049640091
Alcohol,surfside blueberry,$14.99,850050071051
Alcohol,SURFSIDE  LEMONADE 8 PK 12 OZ,$25.99,850050071082
Alcohol,SURFSIDE LA DODGERS VODKA TEA C12 70,$7.99,850050071105
Alcohol,SURFSIDE VODKA LEMONADE C,$7.99,850050071129
Alcohol,SURFSIDE HALF AND HALF ICED TEA LEMO,$7.99,850050071167
Alcohol,SURFSIDE VODKA LEMONADE STRAWBERRY C,$14.99,850050071235
Alcohol,SURFSIDE VODKA GREEN TEA C24 12OZ 4P,$14.99,850050071372
Alcohol,SURFSIDE LA DODGERS VODKA STRAWBERRY,$7.99,850050071792
Alcohol,BREWERY X BAJA SIPPER HARD SELTZER 12/19.2 CAN,$4.99,850051248001
Alcohol,BREWERY X TIPPITY TIPPITY TOP IPA 24/16 CAN 4/6,$18.99,850051248032
Alcohol,BREWERY X SUPER SLAP 24/16 CAN 4/6,$20.99,850051248544
Alcohol,RAD KO-HZY 6/4 16OZ CAN,$19.99,850051996087
Alcohol,TPA CHIEF PEAK IPA 19.2OZ 1/12 CAN,$5.99,850052111021
Alcohol,SOON HARI SOJO,$7.99,850052711283
Alcohol,SOON HARI SOJU PLUM,$7.99,850052711771
Alcohol,PANTALONES BLANCO,$54.99,850054342003
Alcohol,PANTALONES REPOSADO ORGANICO,$60.99,850054342010
Alcohol,PANTALONES ANEJO ORGANICO,$65.99,850054342027
Alcohol,HELLA MARGARITA,$4.99,850054746009
Alcohol,HABANERO MARGARITA HELLA,$4.99,850054746016
Alcohol,HELLA PINEAPPLE,$4.99,850054746023
Alcohol,HELLA CLASSIC MARGARITA 11.8CAN4P 12Z,$18.99,850054746030
Alcohol,HELLA HABANERO MARGARITA 11.8CAN4P 12Z,$18.99,850054746047
Alcohol,MONACO KNOCKOUT PUNCH C12 12OZ LSESL,$3.99,850055337244
Alcohol,MONACO GRAPEFRUIT CRUSH C12 12OZ LSE,$3.99,850055337299
Alcohol,HAPPY DAD HARD SELTZER DEATH ROW GRAPE 24/16 CAN,$3.99,850057925210
Alcohol,HAPPY DAD HARD SELTZER FRUIT PUNCH 24/12 CAN 2/12,$25.99,850057925364
Alcohol,HAPPY DAD HARD SELTZER VARIETY PACK 24/12 CAN 2/12,$25.99,850057925371
Alcohol,HAPPY DAD REAL TREE EXTRA HARD LEMONADE 12/24 CAN,$5.99,850057925586
Alcohol,HAPPY DAD HARD TEA VARIETY PACK 24/12 CAN 2/12,$26.99,850057925647
Alcohol,MWE HZYIPA 4/6 16OZ CAN,$17.99,850059041000
Alcohol,MWE IPA--- 4/6 16OZ CAN,$19.99,850059041048
Alcohol,BEATBOX ORANGE BLAST 12/500ML TETRA,$4.99,850059195178
Alcohol,BEATBOX MYSTIC GRAPE 12/500ML TETRA,$5.99,850059195314
Alcohol,BEATBOX BLUEBERRY LEMONADE 12/500ML TETRA,$4.99,850059195352
Alcohol,BEATBOX WATERMELON LEMONADE 12/500ML TETRA,$4.99,850059195376
Alcohol,BEATBOX BLUEBERRY LEMONADE 6/3 LITER TETRA,$21.99,850059195451
Alcohol,BEATBOX GREEN APPLE 6/3 LITER TETRA,$21.99,850059195512
Alcohol,BEATBOX SWEET HEAT CINNAMON 12/500ML TETRA,$5.99,850059195529
Alcohol,JSH OCEAN- 12/1 19.2OZ CAN,$6.99,850062156098
Alcohol,JUNE SHINE STRAWBERRY KIWI CRUSH,$6.99,850062156104
Alcohol,easy rider can,$3.99,850062156111
Alcohol,JUNE SHINE REAL REFRESHING,$6.99,850062156128
Alcohol,JSH MGODAY 6/4 12OZ CAN,$13.99,850062156234
Alcohol,JSH STRKIW 6/4 12OZ CAN,$13.99,850062156241
Alcohol,JSH MIDNIT 6/4 12OZ CAN,$13.99,850062156258
Alcohol,JSH DESERT 6/4 12OZ CAN,$13.99,850062156319
Alcohol,JUNE SHINE DESERT COOLER,$6.99,850062156326
Alcohol,JSH GRPSPL 6/4 12OZ CAN,$13.99,850062156418
Alcohol,MONACO PORNSTAR CRUSH,$3.99,850064265316
Alcohol,MONACO PORNSTAR CRUSH C12 12OZ LSESL,$3.99,850064265323
Alcohol,MONACO SOUR APPLE CRUSH,$3.99,850064265910
Alcohol,BERO KINGSTON GOLDEN PILS,$17.99,850064701036
Alcohol,BERO EDGE HILL IPA NON-ALCOHOLIC BREW,$17.99,850064701043
Alcohol,FREE SPIRITS ESPRESSO OLD FASHIONED,$21.99,850065617039
Alcohol,INFINITE EUREKAS HAZY IPA,$19.99,850066306062
Alcohol,SUBLIME MEXICAN LAGER,$16.99,850066306222
Alcohol,MACHETE CAB,$109.99,850067117018
Alcohol,MASON HOP DOGS WC IPA,$19.99,850068635030
Alcohol,MASON DISCOUNT STUNTMAN HAZY DIPA,$21.99,850068635146
Alcohol,great nation,$7.99,850070326063
Alcohol,OWLS BREW SPIKED POP BLACK CHERRY,$4.99,850077661006
Alcohol,OWLS BREW SPIKED POP LEMON LIME,$4.99,850077661013
Alcohol,CRUSH,$25.99,850162008334
Alcohol,MISSION DARK SEAS,$8.99,850411004117
Alcohol,BODEM,$15.99,850438002547
Alcohol,BREAD & BUTTER CHARD,$21.99,850832004260
Alcohol,BuzzBallz Biggies Tequila 'Rita (1.75LT),$28.99,851091006200
Alcohol,BUZZBALLZ SPIRITS STRAWBERRY RITA P3,$28.99,851091006217
Alcohol,Buzzballz Chocolate Tease Bottles (200 ml),$28.99,851091006224
Alcohol,BUZZBALLZ SPIRITS SNOW GLOBE P3 1.75,$29.99,851091006231
Alcohol,BZBL SP BRYCHR P3 1.75L,$28.99,851091006347
Alcohol,BUZZBALLZ SPIRITS GRAPES GONE WILD P,$27.99,851091006729
Alcohol,BEATBOX BEVERAGES,$0.99,851133006007
Alcohol,BEATBOX BLUE RAZZBERRY 6/3 LITER TETRA,$21.99,851133006076
Alcohol,BEATBOX FRUIT PUNCH 6/3 LITER TETRA,$21.99,851133006106
Alcohol,BEATBOX FRUIT PUNCH 12/500ML TETRA,$5.99,851133006120
Alcohol,BEATBOX BLUE RAZZBERRY 12/500ML TETRA,$4.99,851133006137
Alcohol,BEATBOX PINK LEMONADE 12/500ML TETRA,$4.99,851133006151
Alcohol,BEATBOX FRESH WATERMELON 12/500ML TETRA,$4.99,851133006175
Alcohol,BEATBOX TROPICAL PUNCH 12/500ML TETRA,$5.99,851133006342
Alcohol,BEATBOX JUICY MANGO 12/500ML TETRA,$4.99,851133006519
Alcohol,BEATBOX CRANBERRY DREAMS 12/500ML TETRA,$4.99,851133006700
Alcohol,BEATBOX GREEN APPLE 12/500ML TETRA,$4.99,851133006731
Alcohol,BEATBOX HARD TEA 12/500ML TETRA,$5.99,851133006755
Alcohol,BEATBOX PEACH HARD TEA 12/500ML TETRA,$4.99,851133006991
Alcohol,BAROSSA VALLY SHIRAZ,$20.99,851389006004
Alcohol,WhistlePig 12 Yr Old World Rye (750 ml),$142.99,851460002253
Alcohol,WHISTLEPIG 15 years  750ML,$329.99,851460002369
Alcohol,CASCADE BREWING,$32.99,851514002437
Alcohol,CASCADE,$38.99,851514002536
Alcohol,WIRETAP NAMA BIRU,$15.99,851538008132
Alcohol,SOUL CAL,$21.99,851697008417
Alcohol,MARK WEST PINOT NOIR 750 ml,$15.99,851718000048
Alcohol,RAEBWRN CABERNET SAUVIGNON,$28.99,851718000536
Alcohol,RAEBURN CHARDONNAY,$27.99,851718000970
Alcohol,Raeburn Pinot Noir (750 ml),$32.99,851718000987
Alcohol,GARRISON BROTHERS 94 PROOF,$87.99,851756002141
Alcohol,GARRISON BROTHERS 750ML,$109.99,851756002196
Alcohol,GARRISON BROTHERS 80 PROOF,$109.99,851756002455
Alcohol,MOONSHINE APPLEPIE,$5.99,851767001737
Alcohol,MOONSHINE WATERMELON,$5.99,851767001973
Alcohol,ABSULION DIPA,$19.99,852037006506
Alcohol, XICARU SILVER MEZCAL 750 ML,$46.99,852176003336
Alcohol,MISSION EVERYDAY CALIFORNIA 24/16 CAN 4/6,$17.99,852644007804
Alcohol,MUMM NAPA BRUT PRESTIGE,$27.99,852832000150
Alcohol,MUMM NAPA BRUT ROSE,$27.99,852832000174
Alcohol,MUMM NAPA CUVEE M,$27.99,852832000310
Alcohol,BRANCOTT SAUVIGNON BLANC,$14.99,852832104711
Alcohol,GH MUMM BRUT,$65.99,852832104896
Alcohol,PERRIER JOUET 750,$175.99,852832105220
Alcohol,CAMPO VIEJO RIOJA,$16.99,852832106524
Alcohol,PF,$19.99,852857007189
Alcohol,2 TOWNS BRIGHTCIDER 6 PK,$16.99,852892003139
Alcohol,2TOWN,$10.99,852892003412
Alcohol,2 TOWNS CIDERHOUSE PRICKLY PEARADISE,$16.99,852892003825
Alcohol,CHOPIN RYE VODKA,$43.99,852935001085
Alcohol,Potato Vodka,$38.99,852935001153
Alcohol,CHOPIN 750ML WHEAT VODKA,$32.99,852935001221
Alcohol,CANTERA NEGRA ANEJO,$32.99,853278007062
Alcohol,CANTERA NEGRA REPOSADO,$27.99,853278007079
Alcohol,CANTERA NEGRA SILVER,$24.99,853278007086
Alcohol,CANTERA NEGRA CAFE LIQUEUR 40 750ML,$30.99,853278007093
Alcohol,MASON ALE W 4PKS,$19.99,853315008106
Alcohol,mason ale works bride of dankenstein West Coast IPA pk,$18.99,853315008748
Alcohol,SANTA MONICA,$15.99,853505006608
Alcohol,WESTWARD WHISKEY,$98.99,853507000291
Alcohol,Bourgogne Hautes- Cotes De Beaune 750 ml,$40.99,853546000085
Alcohol,BUTTER CHARDONNY 750 ML,$21.99,853706002034
Alcohol,Butter'' chardonay 8.4oz,$7.99,853706002195
Alcohol,"Butter Chardonay 4 pk 
250 ml",$27.99,853706002225
Alcohol,SERIAL PASO ROBLES,$30.99,853706002249
Alcohol,SERIAL CABERNET SAUVIGNON,$30.99,853706002423
Alcohol,BUTTER CAB,$21.99,853706002522
Alcohol,BUTTER pinot noir 750 ml,$21.99,853706002577
Alcohol,KLINKERBRICK ZINFANDEL,$24.99,853739000021
Alcohol,BRICK MASON RED BLEND,$20.99,853739000212
Alcohol,BANSHEE PINOT NOIR 23 750ML,$22.99,853868006024
Alcohol,BANSHEE CABERNET,$26.99,853868006345
Alcohol,RICKSHAW SAUVIGNON BLAC,$14.99,853868006468
Alcohol,MOON SHINE MOUNTAIN JAVA,$4.99,853915008261
Alcohol,OLE SMOKY 50ML BUTTER PECAN,$4.99,853915008285
Alcohol,SMOKY MOONSHINE SIUR RAZZIN BERRY,$27.99,853915008421
Alcohol,SMOKY MOONSHINE SOUR WATERMELON,$27.99,853915008629
Alcohol,SMOKY MOONSHINE STRAWBERRY CREAM,$27.99,853915008797
Alcohol,SMOKY MOONSHINE BANANA PUDDING,$27.99,853915008995
Alcohol,FOUR SONS THE GREAT ONE 24/12 CAN 4/6,$16.99,853956006042
Alcohol,4 SONS,$20.99,853956006257
Alcohol,FOUR SONS HB LAGER 24/12 CAN 4/6,$9.99,853956006684
Alcohol,VODKA RIKI A SPLASH OF LIME,$5.99,854076006011
Alcohol,VODKA RIKI A SPLASH OF BLACK CHERRY,$5.99,854076006028
Alcohol,TEQUILA RIKI A SPLASH OF GRAPEFRUIT,$5.99,854076006035
Alcohol,TEQUILA RIKI A SPLASH OF LIME,$5.99,854076006165
Alcohol,VODKA RIKI A SPLASH OF LEMON,$5.99,854076006325
Alcohol,BARE,$7.99,854290007153
Alcohol,HIGH WEST RYE DOUBLE RYE 92 750ML,$47.99,854396005008
Alcohol,HIGH WEST RYE RENDEZVOUS RYE 92 750ML,$164.99,854396005022
Alcohol,High West Whiskey American Prairie,$47.99,854396005220
Alcohol,Buzzballz Horchata (200 ml),$4.99,854530008568
Alcohol,LOS SUNDAYS REPOSADO,$49.99,854533007018
Alcohol,Los Sundays Tequila BLANCO,$38.99,854533007346
Alcohol,LOS SUNDAYS COCONUT,$38.99,854533007414
Alcohol,LOS SUNDAYS JALAPENO,$38.99,854533007452
Alcohol,DARK STAR STOUT 22OZ,$24.99,854537003108
Alcohol,FREMONT LUSH IPA,$17.99,854537003597
Alcohol,OLD SMOKY HUNCH PUNCH,$4.99,854628006056
Alcohol,OLE SMOKY MOONSH HUNCH PUNCH 80 6P 50ML,$19.99,854628006322
Alcohol,OLE SMOKY MOONSH BLACKBERRY 40 8/6 50ML,$19.99,854628006568
Alcohol,SMOKY MOONSHINE BUTTER PECAN,$27.99,854628006728
Alcohol,CLOWNSHOES MANGO,$16.99,854763007055
Alcohol,Meiomi Pinot Noir (750 ml),$32.99,855165005076
Alcohol,MEIOMI CHARDONNAY 750 ml,$25.99,855165005779
Alcohol,BuzzBallz Watermelon Smash (200 ml),$4.99,855200005320
Alcohol,BUZZBALLZ SPIRITS LEMON TEA P24 200M,$4.99,855200005337
Alcohol,BUZZBALLZ GRABE 200ML,$4.99,855200005368
Alcohol,ATHLETIC NA RUN WILD IPA C24 12OZ 6P,$14.99,855352008057
Alcohol,ATHLETIC NA FREE WAVE HAZY IPA C24 1,$14.99,855352008491
Alcohol,Belle Glos:Pinot Noir,$65.99,855622000118
Alcohol,SMG SUPERCELL HAZY IPA 6/4 16OZ CAN,$18.99,855731000009
Alcohol,SMOG CITY ICE BLINK HAZY IPA,$18.99,855731005523
Alcohol,SMG C-SMGIPA 6/4 16OZ CAN,$16.99,855731005615
Alcohol,SMog city bay ipa,$18.99,855731005691
Alcohol,ON THE ROCK OLD FASHIONED,$8.99,855880008017
Alcohol,OTR OLD FASHIONED CKTL 70 KNOB 375ML,$15.99,855880008024
Alcohol,On the Rocks Cocktails Hornitos Margarita (375 ml x 4 ct),$14.99,855880008048
Alcohol,ON THE ROCKS JALAPENO PINEAPPLE MARGARITA,$8.99,855880008079
Alcohol,OTR MARG TRES GEN JALAP PINEAP 40 375ML,$15.99,855880008086
Alcohol,ONE THE ROCKE MARGARITA,$8.99,855880008109
Alcohol,ON THE ROCKS MARGARITA,$15.99,855880008116
Alcohol,ONE THE ROCKE MAI TAI,$8.99,855880008130
Alcohol,OTR MAI TAI CRUZAN 40 375ML,$16.99,855880008147
Alcohol,ONE THE ROCKE AVIATION,$8.99,855880008161
Alcohol,OTR AVIATION LARIOS 40 375ML,$16.99,855880008178
Alcohol,OTR MANHATTAN,$16.99,855880008369
Alcohol,On The Rocks Basil Hayden's The Manhattan Bottle (375 ml),$16.99,855880008376
Alcohol,ONE THE ROCK CALSSIC DAIQUIRI,$8.99,855880008406
Alcohol,ON THE ROCKS ESPRESSO MARTINI,$15.99,855880008420
Alcohol,OTR THE WHITE NEGRONI LTD RLS 55 375ML,$10.99,855880008451
Alcohol,SMOKY MOONSHINE CHERRIES,$27.99,856011004021
Alcohol,SMOKY MOONSHINE BLCKBERRY,$27.99,856011004052
Alcohol,SMOKY MOONSHINE HUNCH PUNCH,$27.99,856011004076
Alcohol,OLE SMOKY APPLE PIE,$4.99,856011004151
Alcohol,Ole Smoky Blackberry,$4.99,856011004175
Alcohol,OLE SMOKY WHITE LIGHTNIN,$4.99,856011004182
Alcohol,SMOKY MOONSHINE PEACHES,$27.99,856011004861
Alcohol,SMOKY MOONSHINE LEMON DROP,$27.99,856011004885
Alcohol,SMOKY MOONSHINE APPLE PIE,$27.99,856011004984
Alcohol,GOLDEN STATE CIDER MIGHTY DRY 24/16 CAN 6/4,$16.99,856247005007
Alcohol,GOLDEN STATE CIDER NON ALCOHOLIC  MIGHTY DRY 24/16 CAN 6/4,$16.99,856247005038
Alcohol,GOLDEN STATE CIDER MIGHTY DRY 19.2 OZ,$5.99,856247005052
Alcohol,GOLDEN STATE CIDER BRUT 24/16 CAN 6/4,$16.99,856247005069
Alcohol,GOLDEN STATE CIDER JAMAICA 24/16 CAN 6/4,$16.99,856247005182
Alcohol,Golden state cider apple JAMAICA  19oz,$5.99,856247005205
Alcohol,GOLDEN STATE CIDER RADICAL PARADISE PINEAPPLE 24/16 CAN 6/4,$21.99,856247005311
Alcohol,GOLDEN STATE CIDER GINGER LIME 24/16 CAN 6/4,$16.99,856247005441
Alcohol,GOLDEN STATE CIDER RADICAL POG 24/16 CAN 6/4,$21.99,856247005458
Alcohol,WIDOW JANE LUCKY THIRTEEN 93 PROOF 13 YRS,$109.99,856282005918
Alcohol,ASOMBROSO BLANCO,$76.99,856365000212
Alcohol,ASOMBROSO REPOSADO,$142.99,856365000250
Alcohol,MASTERSON'S 750.,$104.99,856442005154
Alcohol,MR PICKLES GIN 86 750ML,$49.99,856592006018
Alcohol,CHANGE ORDER,$17.99,856619002306
Alcohol,Dump truck,$25.99,856619002535
Alcohol,OCEAN 750ML,$32.99,856695001002
Alcohol,CASAMIGOS ANEJO 750,$76.99,856724006015
Alcohol,CASAMIGOS ANEJO,$40.99,856724006022
Alcohol,CASAMIGOS ANEJO 50ML.,$9.99,856724006039
Alcohol,CASAMIGOS SILVER 750,$65.99,856724006114
Alcohol,CASAMIGOS BLANCO,$27.99,856724006121
Alcohol,CASAMIGOS BLANCO 50ML,$7.99,856724006138
Alcohol,CASAMIGOS TEQUILA BLANCO 80 1.75L,$118.99,856724006145
Alcohol,CASAMIGOS REPO 750ML,$75.99,856724006213
Alcohol,CASAMIGO REPOSADO,$32.99,856724006220
Alcohol,CASAMIGOS REPOSADO 50 ML,$8.99,856724006237
Alcohol,Casamigos Reposado (1.75 L),$153.99,856724006244
Alcohol,CASAMIGOS JOVEN,$87.99,856724006329
Alcohol,SCHILLING,$10.99,856793004165
Alcohol,Golden Road Brewing Ride On IPA Cans (12 oz x 6x ct),$14.99,856895003561
Alcohol,GOLDEN ROAD MANGO CART 24/12 CAN 4/6,$14.99,856895003844
Alcohol,COWABUNGA,$20.99,856969007723
Alcohol,Purple AF,$18.99,857062008006
Alcohol,YELLOW ROSE REY 90 PROOF,$43.99,857186006018
Alcohol,YELLOW ROSE OUTLAW BOURBON,$43.99,857186006025
Alcohol,JSH ISLAND COOLER HARD KOMBUCHA 12/1,$5.99,857280000004
Alcohol,JUNE SHINE ISLAND COOLER,$6.99,857280008956
Alcohol,JAYSON SAUVIGNON BLANC,$47.99,857407002256
Alcohol,BuzzBallz Cran Blaster (200 ml),$4.99,857641002005
Alcohol,BuzzBallz Tequila 'Rita (200 ml),$4.99,857641002043
Alcohol,BuzzBallz Forbidden Apple (200 ml),$4.99,857641002234
Alcohol,BuzzBallz Lotta Colada (200 ml),$4.99,857641002258
Alcohol,BUZZBALLZ SPIRITS STRAWBERRY RITA P2,$4.99,857641002609
Alcohol,BUZZBALLZ SPIRITS CHOC TEASE P24 200,$4.99,857641002753
Alcohol,Buzzballz Peachballz Bottles (200 ml),$4.99,857641002951
Alcohol,BUZZBALLZ SPIRITS HAZELNUT LATTE P24,$4.99,857674007657
Alcohol,BUZZBALLZ SPIRITS CHILI MANGO P24 20,$4.99,857674007855
Alcohol,BUZZBALLZ SPIRITS ESPRESSO MARTINI P,$4.99,857674007923
Alcohol,OVIS CABERNET SAUVIGNON,$65.99,857680001953
Alcohol,JOSH CELLARS CABERNET SAUVIGNON,$20.99,857744001318
Alcohol,JOSH CELLARS CHARD,$18.99,857744001325
Alcohol,JOSH CELLARS MERLOT,$20.99,857744011157
Alcohol,MR. BLACK COFFEE LIQUEUR,$36.99,857932007009
Alcohol,TOOTH NAIL XLVI PASO ROBLES  750 ml,$27.99,858031006535
Alcohol,TOOTH NAIL CABERNET SAUVIGNON,$27.99,858031006542
Alcohol,TOOTH NAIL,$27.99,858031006559
Alcohol,TOOTH NAIL PASO ROBLE 750 ml,$27.99,858031006658
Alcohol,POST MERIDIEM OLD FASHIONED,$5.99,858173008015
Alcohol,POST MERIDIEM MARGARITA,$5.99,858173008114
Alcohol,POST MERIDIEM  COSMOPOLITAN,$5.99,858173008183
Alcohol,POST MERIDIEM ESPRESSO MARTINI,$5.99,858173008190
Alcohol,Bluecoat American Gin,$38.99,858198001015
Alcohol,Bluecoat Gin ELDERFLOWER 94,$40.99,858198001824
Alcohol,RE FIND GIN,$54.99,858230003021
Alcohol,SAGAMORE HONEY PALOMA,$5.99,858232007454
Alcohol,SAGAMORE PINEAPPLE RYEGARITA,$5.99,858232007591
Alcohol,SAGAMORE SPIRIT RYE,$19.99,858232007645
Alcohol,DOS ARTES JOVEN,$153.99,858349001857
Alcohol,Woodinville   bourbon Whisky 750.ml,$54.99,858349004100
Alcohol,POG CRUSH,$19.99,858696006710
Alcohol,Jamieson Ranch Double Lariat:Cabernet Sauvignon,$76.99,858698002512
Alcohol,MAU MHPOG,$4.99,858799002176
Alcohol,La gritona,$65.99,859026001221
Alcohol,CODIGO 1530 BLANCO,$27.99,859061006199
Alcohol,CODIGO 1530 REPOSADO,$32.99,859061006212
Alcohol,CODIGO 1530 AGAVE NECTAR PET 11.6Z,$9.99,859061006632
Alcohol,SEAN MINOR PINOT NOIR,$29.99,859139001316
Alcohol,SEAN MINOR CABERNET SAUVIGNON,$29.99,859139001415
Alcohol,SEAN MINOR RED BLEND,$28.99,859139001903
Alcohol,Faust:Cabernet Sauvignon,$80.99,859369001254
Alcohol,Saldo Zinfandel (750 ml),$27.99,859369001407
Alcohol,The Prisoner Red Blend (750 ml),$54.99,859369001537
Alcohol,Flowers Pinot Noir (750 ml),$71.99,859369001636
Alcohol,WANDER,$7.99,859604004057
Alcohol,COR WKNDVB 4/6 16OZ CAN,$19.99,859718005995
Alcohol,HOLLYWOOD HAZY,$21.99,859809006467
Alcohol,High Noon Mango Hard Seltzer Cans (355 ml x 4x ct),$14.99,859809006498
Alcohol,QUILT CABERNET SAUVIGNON,$69.99,859889006005
Alcohol,QUILT NAPA VALLEY RED WINE 750 ml,$38.99,859889006302
Alcohol,PURE WEST COAST  IPA,$25.99,860001229875
Alcohol,KOMOS ANIEJO CRISTALINO,$186.99,860001753417
Alcohol,KOMOS REPOSADO ROSA,$164.99,860001753448
Alcohol,LOVER BOY,$16.99,860001867213
Alcohol,AGUA FRIA,$19.99,860002678757
Alcohol,WILD BARREL HAZY,$21.99,860002912080
Alcohol,AGREEABLE FOLK,$17.99,860003103265
Alcohol,BREWERY X HUCKLEBERRY HARD SELTZER 24/12 CAN 4/6,$13.99,860003651711
Alcohol,BREWERY X WATERMELON LIME HARD SELTZER 24/12 CAN 4/6,$14.99,860003651742
Alcohol,BREWERY X SLAP & TICKLE 24/16 CAN 4/6,$18.99,860003651780
Alcohol,CADRE SEA GUEEN,$32.99,860003733103
Alcohol,X JUNGLE JUICE,$16.99,860003751442
Alcohol,SOCIAL HOUR GIN TONIC,$6.99,860003777503
Alcohol,SOCIAL HOUR WHISKEY MULE,$6.99,860003777527
Alcohol,WILD,$20.99,860003930113
Alcohol,FREE SPIRITS BOURBON NON- ALCOHOLIC,$47.99,860004117513
Alcohol,Freespirit,$2.99,860004117537
Alcohol,FREE SPIRITS KENTUCKY MULE NON- ALCOHOLIC,$21.99,860004117544
Alcohol,FREE SPIRITS MARGARITA NON -ALCOHOLIC,$21.99,860004117575
Alcohol,FREE SPIRITS APERITIVO MILANO NON- ALCOHOLIC,$47.99,860004117582
Alcohol,CONDESA GIN PRICKLY PEAR &ORANGE BLOSSOM,$49.99,860004438618
Alcohol,CONDESA GIN CLASICA,$49.99,860004438656
Alcohol,Study Break Blast Of Baja Seltzer 1/15 19.2oz Cans Loose,$4.99,860004944638
Alcohol,STU THROWBACK VARIETY 12 OZ 2/12 CAN,$28.99,860004944683
Alcohol,BREWERY X BATTLESNAKES 24/16 CAN 4/6,$14.99,860005045549
Alcohol,LONG DRINK CITUS ZERO SUGAR 12PK,$32.99,860005277889
Alcohol,TAH LIQCAN 6/4 16OZ CAN,$18.99,860005924202
Alcohol,PEYRASSOL LA CROIX ROOS,$21.99,860005982325
Alcohol,BLOC,$16.99,860006402112
Alcohol,WILD BARREL,$8.99,860006506445
Alcohol,JOEY TENSLEY RED WINE,$27.99,860006730666
Alcohol,PINHOOK SMALL BATCH BOURBON WHISKEY,$87.99,860006826161
Alcohol,BREWERY X,$16.99,860007169052
Alcohol,RAD BCKYRD 6/4 16OZ CAN,$19.99,860007272011
Alcohol,FOUR ROSES OESK SINGLE BARREL,$60.99,860007585340
Alcohol,FOUR ROSES OESO SINGLE BARREL,$60.99,860007585357
Alcohol,FOR ROSES OBSF SINGLE BARREL,$60.99,860007585364
Alcohol,INSTITUTION WEST COAST IPA,$20.99,860007597121
Alcohol,INSTITUTION ALE RESTRAIN,$19.99,860007597145
Alcohol,LONG DRINK CKTL VARIETY PACK(CR/ZERO/TR)CAN3/8P 355ML,$21.99,860007994166
Alcohol,screw ball,$6.99,860008141200
Alcohol,SKREWBALL PEANUT BUTTER WHISKEY,$65.99,860008141217
Alcohol,OUT OF ORDER FORGOT S,$8.99,860008361196
Alcohol,THREADCOUNT CABERNET SAUVIGNON,$40.99,860009046023
Alcohol,GREAT NOTION BLUBERRY MUFFIN FRUI,$31.99,860009371613
Alcohol,FRASER & THOMPSON WHISKEY,$27.99,860009871007
Alcohol,homooage,$20.99,860010660812
Alcohol,BEATBOX CHERRY LIMEADE 12/500ML TETRA,$5.99,860010695852
Alcohol,BEAT BOX HARD TEA,$27.99,860010695876
Alcohol,BIG SIPZ MARGARITA,$5.99,860010737385
Alcohol,LONG DRINK CKTL ZERO SUGAR VARIETY PACKCN12P 12Z,$32.99,860010793862
Alcohol,HURRAY'S GIRL BEER PINEAPPLE YUZU 24/12 CAN 4/6,$14.99,860010820933
Alcohol,HURRAY'S GIRL BEER BLUEBERRY LAVENDER 24/12 CAN 4/6,$14.99,860010820940
Alcohol,PAPERBACK BUNNY WITH A CHAINSAW HA,$20.99,860011139508
Alcohol,PAPERBACK IPA INDIA PALE ALE,$24.99,860011139515
Alcohol,paperback capiche,$17.99,860011139522
Alcohol,PAPERBACK BEER OF CHAMPIONS 4P,$13.99,860011139539
Alcohol,PAPERBACK,$5.99,860011139546
Alcohol,PAPERBACK,$6.99,860011139553
Alcohol,Bunny With A Chainsawm,$6.99,860011139560
Alcohol,CHICAS DIVERTIDAS BLANCO,$100.99,860012058105
Alcohol,CHICAS DIVERTIDAS REPOSADO,$116.99,860012058112
Alcohol,AI ENERGY PEACH 12/12 CAN (1/12PK),$3.99,860012318605
Alcohol,AI ENERGY GRAPE 12/12 CAN (1/12PK),$3.99,860012318612
Alcohol,AI ENERGY WATERMELON 12/12 CAN (1/12PK),$3.99,860012318629
Alcohol,AI ENERGY BLUE RASPBERRY 12/12 CAN (1/12PK),$3.99,860012318636
Alcohol,MADWOMAN ESPRESSO MARTINI DECAF,$14.99,860012378418
Alcohol,MADWOMAN CACAO MARTINI,$14.99,860012378425
Alcohol,BETTY BOOZE CKTL VOD TEA LEM9CAN4P 355ML,$12.99,860012486731
Alcohol,BETTY BOOZE CKTL VOD TEA PFR9CAN4P 355ML,$12.99,860012486755
Alcohol,SMILE SPIRITS MAD WITH VODKA,$27.99,860012546848
Alcohol,LONG DRINK CKTL TRAD  19.2Z,$5.99,860013382001
Alcohol,LONG DRINK 19.2,$5.99,860013382018
Alcohol,LONG DRINK 19.2,$6.99,860013382025
Alcohol,LONG DRINK ZERO PAPLE 6 PK 12 OZ,$17.99,860013382063
Alcohol,Waterloo gin,$49.99,860014147104
Alcohol,SKREWBALL PN WHISKY,$21.99,860265002405
Alcohol,SKREWBALL 50 ML,$4.99,860265002429
Alcohol,SKREBALL,$32.99,860265002443
Alcohol,SKREWBALL WSKY PEANUT BUTTER 70 375ML,$18.99,860265002450
Alcohol,LONG DRINK CKTL TRAD 11 CAN 2/12PK 355ML,$4.99,860272001408
Alcohol,LONG DRINK CKTL ZERO 10 CAN 2/12PK 355ML,$4.99,860272001422
Alcohol,LONG DRINK CKTL TRAD 11 CAN 4/6PK 355ML,$17.99,860272001446
Alcohol,LONG DRINK CRANBERRY,$4.99,860272001453
Alcohol,LONG DRINK CITRUS,$4.99,860272001460
Alcohol,The Finnish Long Drink citurs 8.5%alc Cans (12 oz x 6 ct),$20.99,860272001477
Alcohol,LONG DRINK CKTL CRANBRY 10 CAN4/6P 355ML,$18.99,860272001484
Alcohol,JuneShine Blood Orange Mint Cans (12 oz x 6x ct),$6.99,860275001801
Alcohol,june shine 8 pk,$27.99,860275001825
Alcohol,JSH MIDNIT 12/1 16OZ CAN,$6.99,860275001832
Alcohol,JSH BLDORG 4/6 12OZ CAN,$19.99,860275001849
Alcohol,Juice preaa hazy,$18.99,860790002611
Alcohol,MWE SHOLIV 6/4 16OZ CAN,$17.99,861129000346
Alcohol,GRAY WHALE GIN,$46.99,861602000412
Alcohol,El Silencio Mezcal Espadin (750 ml),$38.99,863415000023
Alcohol,EARTH 750ML,$10.99,863748000103
Alcohol,RABBIT HOLE CAVHIU BOURBON WHISKEY,$54.99,865674000165
Alcohol,Elouan Pinot Noir (750 ml),$26.99,865776000070
Alcohol,HARVEY AND HARET RED BLEND 750 ml,$30.99,867506000428
Alcohol,DREKKER 16OZ 4PK CN ECT,$24.99,867530901135
Alcohol,DREKKER PARTY PACK,$32.99,867530912834
Alcohol,BRUNCH BUBBZ,$21.99,867530913060
Alcohol,DREKKER BRUNSH BUBBS MIMOSAS SOUR,$6.99,867530913091
Alcohol,DREKKER STRAWBERRY LEMONADE,$6.99,867530914111
Alcohol,DREKKER BLUE RAZZ,$6.99,867530914555
Alcohol,"DREKKERS PASSION FRUIT, ORANGE AND GUAVA",$6.99,867530914593
Alcohol,DEKKER PLOP 4 PK,$25.99,867530921805
Alcohol,DREKKER LEGEND OF THE LOST,$6.99,867530924417
Alcohol,DREKKER 4 PK PASSION FRUIT,$21.99,867530953523
Alcohol,DREKKER 4 PK 16 OZ STUFF IPA,$27.99,867530954674
Alcohol,Rancho La Gloria Margarita De Agave (750 ml),$10.99,869671000371
Alcohol,SNAKE EYE,$5.99,869920000077
Alcohol,OYSTER BAY  SAUVIGNON BLANC 750 ML,$19.99,870661008024
Alcohol,Oyster Bay Pinot Noir (750 ml),$24.99,870661008093
Alcohol,OYSTER BAY PINOT GRIS 750 ML,$19.99,870661008161
Alcohol,NAPA CELLARS CABERNET SAUVIGNON,$30.99,870731000033
Alcohol,Antigal Uno:Malbec,$20.99,874390001035
Alcohol,ANTIGAL UNO MALBEC(SC)22 SS 750ML,$23.99,874390001295
Alcohol,CLOS DE LOS SIETE 750ML,$32.99,876987000018
Alcohol,BELLERUCHE,$21.99,877397006867
Alcohol,Domaine Jean Bousquet:Malbec,$14.99,879716000013
Alcohol,BASQUET CABERNET SAUVIGNON,$14.99,879716000037
Alcohol,CAMPARI NEGRONI,$14.99,887341007093
Alcohol,APEROL,$25.99,887341340060
Alcohol,APEROL SPRITZ,$25.99,887341340091
Alcohol,STOLPMAN SAUVIGNON BLANC,$26.99,890095000067
Alcohol,LOVE YOU BUNCHES,$29.99,890095000159
Alcohol,LA CUADEILLA,$29.99,890095000883
Alcohol,Rum Chata Horchata con Ron,$30.99,890355001025
Alcohol,Rum Chata (50 ml),$2.99,890355001049
Alcohol,RUM CHATA PEPPERMINT BARK,$30.99,890355001551
Alcohol,DAOU sav Bl PASO ROBLES,$23.99,890409002015
Alcohol,DAOU CABERNET SAUVIGNON,$38.99,890409002398
Alcohol,DAOU PASO ROBLES CHARDONAY 750 ml,$23.99,890409002619
Alcohol,MONACO CITRUS RUSH C12 12OZ LSESL,$3.99,891278002298
Alcohol,MONACO BLACK RASPBERRY C12 12OZ LSES,$3.99,891278002304
Alcohol,MONACO MANGO,$3.99,891278002335
Alcohol,MONACO TEQUILA LIME CRUSH C12 12OZ L,$3.99,891278002373
Alcohol,MONACO BLUE CRUSH C12 12OZ LSESL,$3.99,891278002458
Alcohol,Monaco Tequila Sun Crush Cocktail Can (12 oz),$3.99,891278003219
Alcohol,MONACO WATERMELON CRUSH C12 12OZ LSE,$3.99,891278003530
Alcohol,FIELD SOUND 100 PROOF,$38.99,891500002676
Alcohol,A TO Z PINOT GRIS,$21.99,892931000149
Alcohol,A to Z Wineworks Pinot Noir (750 ml),$25.99,892931000347
Alcohol,IICHIKE,$27.99,893041000081
Alcohol,ROBERT CRAIG CAB SAUV,$109.99,893924000047
Alcohol,PRAIRIE FLARE,$13.99,894776001015
Alcohol,FRANK FAMILY 750  CHARDONAY,$51.99,894910000102
Alcohol,FRANK FAMILY CABERNET SAUVIGNON,$76.99,894910000409
Alcohol,Four Loko Watermelon Singles,$5.99,895216001077
Alcohol,Four Loko Strawberry Lemonade,$5.99,895216001497
Alcohol,ANGEL & COWBOYS CAB,$27.99,896499001174
Alcohol,LAYER CAKE SHIRAZ,$19.99,896599002026
Alcohol,LAYER CAKE CABERNET SAUVIGNON,$17.99,896599002088
Alcohol,Layer Cake Chardonnay (750 ml),$16.99,896599002095
Alcohol,CHERRY pie pinot noir 750 ml,$24.99,896599002170
Alcohol,EDUCATED CABERNET SAUVIGNON,$32.99,898079001000
Alcohol,EDUCATED GUESS CHARDONAY 750 ml,$24.99,898079001017
Alcohol,Educated Guess:Pinot Noir,$27.99,898079001024
Alcohol,EDUCATED GUESS MERLOT 750ML,$27.99,898079001048
Alcohol,EDUCATED GUESS RED NAPA VALLEY 750 ml,$24.99,898079001079
Alcohol,EDUCATED GUESS CAB SAUV CALIF 21 750ML,$32.99,898079001147
Alcohol,Waterloo gin,$40.99,898185001048
Alcohol,WATERLOO BARREL AGED 2 YEARS,$49.99,898185001109
Alcohol,Select Pilla,$3.99,898193001955
Alcohol,CARPANO ANTICA 375ML,$24.99,898563002506
Alcohol,CARPANO ANTICA FORMU,$48.99,898563002605
Alcohol,FERNET BRANCA,$27.99,898563002636
Alcohol,OCHO TEQUILA EXTRA ANIJO,$274.99,898627001155
Alcohol,OCHO PLATA 750 ML,$65.99,898627001308
Alcohol,OCHO REPOSADO 750 ML,$71.99,898627001315
Alcohol,LOCK STOCK & BARREL,$274.99,898804005082
Alcohol,SILVER OAK NAPA VALLEY CABERNET SAUVIGNON,$109.99,999999158451
Alcohol,LOUIS ROEDERER CRISTAL 2014,$439.99,3114080721452
Alcohol,Petit our,$21.99,3760042586289
Alcohol,SANCERRE,$43.99,3760260110013
Alcohol,PAS DE PRO BLEME PINOT NOIR,$17.99,3760280009861
Alcohol,Hofbrau original 6pk,$16.99,4005686001118
Alcohol,HOFBRAU HEFE WEIZEN,$16.99,4005686004218
Alcohol,HOFBRAU OKTOBER FESTBIER,$16.99,4005686014453
Alcohol,CHICAS DIVERTIDAS,$100.99,4850170058105
Alcohol,NIKKA SINGLE MALT YOICHI 750ML,$126.99,4904230044574
Alcohol,NIKKA FROM THE BARREL 750ML,$109.99,4904230049739
Alcohol,BUNNAHABHAIN,$54.99,5029704219001
Alcohol,DIPLOMAYICO RESERVA EXCLUSIVA,$49.99,5099873027301
Alcohol,DIPLOMATICO SELECCION DE FAMILIA B6,$65.99,5099873027349
Alcohol,KOMBINE 6.0 %,$21.99,5411911004882
Alcohol,THE FIFTH EMPIRE CABERNET SAUVIGNON NAPA VALLEY,$43.99,5604242009590
Alcohol,DON FULANO BLANCO,$60.99,7416388130506
Alcohol,DON FULANO FUERTE,$76.99,7416388130674
Alcohol,DON FILANO REP,$76.99,7416388230596
Alcohol,DON FULANO ANEJO,$106.99,7416388330586
Alcohol,DON FULANO IMPERIAL EXTRA ANEJOI,$296.99,7416388337516
Alcohol,ADICTIVO ANEJO,$93.99,7500462214302
Alcohol,ADICTIVO PLATA,$74.99,7500462214319
Alcohol,ADICTIVO REPOSADO,$76.99,7500462214326
Alcohol,MANDALA EXTRA ANEJO,$329.99,7500462253158
Alcohol,CAZCANES BLANCO,$82.99,7500462805401
Alcohol,CAZCANES REPOSADO,$142.99,7500462805418
Alcohol,CAZCANES ANEJO,$186.99,7500462805432
Alcohol,MANDALA REPOSADO,$109.99,7500463004148
Alcohol,MANDALA BLANCO,$98.99,7500463004162
Alcohol,PRIMO LICORES DE MEXICO APERITIVO,$43.99,7500464903600
Alcohol,MAESTRO TEQUILERO BLANCO,$54.99,7501035014206
Alcohol,ELTEQUILENO BLANCO,$36.99,7501398100318
Alcohol,ELTEQUILENO PLATINUM,$72.99,7501398100325
Alcohol,DINASTIA REAL REPOSADO,$204.99,7502211473558
Alcohol,FORTALEZA BLANCO,$109.99,7502221966101
Alcohol,FORTALEZA REPOSADO,$219.99,7502221967108
Alcohol,FORTALEZA,$329.99,7502221968105
Alcohol,FORTALEZA BLANCO STILL STRENGTH,$131.99,7502221969034
Alcohol,EMBAJADOR PREMIUM MAZALUEL,$76.99,7503008810990
Alcohol,Tequila,$76.99,7503013136207
Alcohol,Mazcal union,$41.99,7503016230018
Alcohol,G4 BLANCO,$65.99,7503018079004
Alcohol,G 4 REPOSADO,$71.99,7503018079059
Alcohol,G4 BLANCO PREMIUM 108 PROOF,$82.99,7503018079240
Alcohol,G4 BLANCO 90 PROOF,$87.99,7503018079288
Alcohol,OCEANO AZUL BLANCO,$16.99,7503020378331
Alcohol,Oceano Azul,$2.99,7503020378560
Alcohol,Oceano Azul Anejo,$3.99,7503020378911
Alcohol,DON CAMILO  EZTRA ANEJO,$142.99,7503023613736
Alcohol,GRAN MALO SPICY TAMARINDO,$30.99,7503027709879
Alcohol,GRAN MALO HORCHATA,$120.99,7503027709909
Alcohol,ADICTIVO TEQUILA AÔøΩÔøΩÔøΩÔøΩÔøΩÔøΩÔøΩÔøΩÔøΩÔøΩÔøΩÔøΩEJO,$142.99,7503029246594
Alcohol,PALOMO MEZCAL ARTESANAL,$27.99,7503032563527
Alcohol,RESERVA DE LA TORRE REPOSADO,$54.99,7503036790011
Alcohol,de la terre reserve,$43.99,7503036790028
Alcohol,B,$4.99,7503036790202
Alcohol,GRAN MALO 50 ML,$3.99,7503039965416
Alcohol,GRAN MALO JAMAICA,$120.99,7503039965553
Alcohol,LAELIA BLANCO,$71.99,7503047497008
Alcohol,LAELIA REPOSADO,$83.99,7503047497015
Alcohol,LAELIA ANEJO,$102.99,7503047497022
Alcohol,DADY O MEZCAL,$59.99,7503051473005
Alcohol,MR BLUE AZULITO CON VODKA,$7.99,7506192510028
Alcohol,SCARPETTA PINOT GRIGIO,$17.99,8008863040029
Alcohol,MENABREA AMBRATA,$19.99,8009076000886
Alcohol,D'ORSARIA PINOT GRIGEO,$20.99,8032927372481
Alcohol,FRICO BIANCO,$16.99,8056737003502
Alcohol,SANTALBA CRIANZA RIOJA ALTA,$16.99,8430961111026
Alcohol,FRICO,$16.99,8504770060322
Alcohol,DOS ARTES ANEJO,$219.99,8583490018714
Alcohol,DOS ARTES REPOSADO,$131.99,8583490018882
Alcohol,DOS ARTES BLANCO,$109.99,8583490018950
Alcohol,GOOD DAY 375ML ORIGINAL,$7.99,8801100129729
Alcohol,Good day sojo,$7.99,8801100130503
Alcohol,GOOD DAY SOJU PEACH FLAVOR,$7.99,8801100130510
Alcohol,GOOD DAY SOJU WATERMELON,$7.99,8801100130527
Alcohol,GOOD DAY SOJU PINEAPPLE,$7.99,8801100130534
Alcohol,GOOD DAY BLUEBERRY,$7.99,8801100130541
Alcohol,GOOD DAY SOJU POMEGRANATE,$7.99,8801100130558
Alcohol,GOOD DAY SOJU GRAPEFRUIT,$7.99,8801100130572
Alcohol,GOOD DAY SOJU GREEN GRAPE,$7.99,8801100130589
Alcohol,GOOD DAY SOJU CHERRY,$7.99,8801100130619
Alcohol,GOOD DAY SOJU MANGO,$7.99,8801100130961
Alcohol,good day,$7.99,8801100132262
Alcohol,GOOD DAY SOJU YOGURT FLAVOR,$7.99,8801100132453
Alcohol,new zealand helles craft brewed lager,$16.99,9421908353011
BEACH TOYS,Wiffle Ball,$4.99,072133063924
BEACH TOYS,LIGHT UP SPINNER,$4.99,075656006898
BEACH TOYS,BLITZ,$12.99,075656015661
BEACH TOYS,BLITZ BUBBLES,$14.99,075656015678
BEACH TOYS,GLIDE STAR 15 INCH WINGSPAN,$10.99,075656023451
BEACH TOYS,TROPI KOOL,$5.99,075656050068
BEACH TOYS,CRITER KIDZ,$10.99,075656054196
BEACH TOYS,PONG GAME,$5.99,075656059405
BEACH TOYS,NOISE DUCKIE,$5.99,075656950238
BEACH TOYS,GAYLA SAFERTY SPOOL,$10.99,076022008089
BEACH TOYS,DELTA FISH KITES 52' w,$16.99,076022702505
BEACH TOYS,TRENDSETTER POLY DELTA KITE,$6.99,076022705001
BEACH TOYS,BLITZ WORLDS BEST BUBBLES,$17.99,076666263998
BEACH TOYS,SWIM BAND,$5.99,639277136763
BEACH TOYS,CAR FLAG,$5.99,639277854988
BEACH TOYS,STREET HEAT POLICE,$5.99,680058300194
BEACH TOYS,HANDCUFFS,$4.99,689521993680
BEACH TOYS,JUMP ROPE,$5.99,697587242000
BEACH TOYS,RAINBOW PLASTIC,$4.99,698523200658
BEACH TOYS,MINI LIQUIDATOR,$18.99,729747802714
BEACH TOYS,HYDRO BLASTER,$21.99,729747804510
BEACH TOYS,WATER BAKLLOONS 100 PACK,$3.99,743305000053
BEACH TOYS,BEACH BAGS,$8.99,743305000091
BEACH TOYS,SMASHBALL,$14.99,743305090023
BEACH TOYS,PACIFIC SPORTS,$4.99,743305090030
BEACH TOYS,WET PRODUCTS,$5.99,743305090047
BEACH TOYS,A BOAT TOY,$8.99,743305322452
BEACH TOYS,UMBRELLA BEACH,$38.99,743305388366
BEACH TOYS,SEA SHOVEL BIG,$5.99,743305388434
BEACH TOYS,CONSTRUCTION VEHICLES,$13.99,743305388441
BEACH TOYS,SEA BOAT,$6.99,743305388458
BEACH TOYS,SEA BUCKET BIG,$9.99,743305388472
BEACH TOYS,PLASTIC CASSALL,$4.99,743305388489
BEACH TOYS,SEA BUCKET,$5.99,743305388519
BEACH TOYS,SHOVEL SEA,$3.99,743305388557
BEACH TOYS,beach chair,$32.99,743305390468
BEACH TOYS,SAND WHEEL BEACH SET,$14.99,743305390482
BEACH TOYS,WET PRODUCTS,$6.99,743305390529
BEACH TOYS,Beach umbrekla,$38.99,743305390895
BEACH TOYS,REACH VOLLEY,$10.99,743305391342
BEACH TOYS,ACTION GAME SMASHVOLLEY,$14.99,743305391366
BEACH TOYS,VOLLEY BALL,$21.99,743305391724
BEACH TOYS,SMASHBALL,$14.99,743305394305
BEACH TOYS,SOCCER SIZE 5 FOOT BOLL,$21.99,743305394343
BEACH TOYS,PACIFIC EAGLE,$10.99,743305395104
BEACH TOYS,beach Towel,$21.99,743305395340
BEACH TOYS,PACIFIC SPORTS,$10.99,743305396057
BEACH TOYS,beach toys,$21.99,743305396118
BEACH TOYS,SMASH BALL,$14.99,743305396132
BEACH TOYS,SMASH BALL,$14.99,743305396149
BEACH TOYS,PACIFIC SPORTS AMERICAN HAND BOLL,$17.99,743305396156
BEACH TOYS,PICKLE PRO PICKLE BALL,$27.99,743305396729
BEACH TOYS,TABLE TENNIS BALLS,$5.99,743305396828
BEACH TOYS,PICKLE POR 3 BALLS,$10.99,743305396835
BEACH TOYS,CLASSIC VOLLEY BALL,$21.99,743305397238
BEACH TOYS,NILLMPLDONGGUAN,$3.99,755545018088
BEACH TOYS,AEROBIE PRBITER,$16.99,795861500096
BEACH TOYS,table tennis balls,$5.99,810043495684
BEACH TOYS,TURTLE ARMBANDS,$5.99,821808011216
BEACH TOYS,BEACH BALL,$5.99,821808310210
BEACH TOYS,BINOCULAR,$4.99,890202308383
BEACH TOYS,MEXICAN LOTERIA,$5.99,2657872010019
CAFFEINE POUCHES,MO JO 50 MG COFFEINE PER POUCH,$5.99,198816000120
CAFFEINE POUCHES,MOJO CAFFEINE POUCHES BLUE RASPBEEY,$5.99,198816000144
CAFFEINE POUCHES,MO JO 50 MG CAFFEIN PER POUCH,$5.99,198816000168
CAFFEINE POUCHES,MOJO CAFFEINE POUCHES,$5.99,198816000182
CAFFEINE POUCHES,CAFFEINE BREAK COFFEE BREAK CLASSIC,$10.99,840158617305
CAFFEINE POUCHES,ALP CAFFEINE Pouches BLACK CHERRY,$10.99,840158619033
CAFFEINE POUCHES,CAFFEINE BREAK WITER GREEN,$10.99,840158619064
Candy,KINDER COUNTRY BAR,$2.99,40084176
Candy,KNOPPERS CRISPY CHOCOLATE,$2.99,40144399
Candy,HALLS LIME,$2.99,59070689
Candy,KINDER BUENO,$3.99,80052760
Candy,KINDER CHOCOLATE,$4.99,80177609
Candy,KINDER BUENO WHITE,$3.99,80761761
Candy,HELLO KITTY,$3.99,80769507
Candy,KINDER CARDS,$2.99,80874652
Candy,"Mega Warheads:Candy, Strawberry",$2.99,009060000029
Candy,"The Foreign Candy Company:Rip Rolls, Blue Raspberry",$2.99,009060000036
Candy,"Mega Warheads:Candy, Sour Apple",$2.99,009060000043
Candy,Rip Rolls Rainbow Reaction,$2.99,009060000081
Candy,RIP ROLLS CHERRY CEREZA,$2.99,009060000098
Candy,KINDER BUENO WHITE,$3.99,009800000609
Candy,TICTAC FRUIT ADVENTURE 1.7 OZ,$4.99,009800001002
Candy,Tic tac,$4.99,009800001026
Candy,TICTAC ORANGE,$4.99,009800001033
Candy,TICTAC STRABERRY AND CREAM,$3.99,009800003624
Candy,TICTAC WINTERGREEN 1.7 OZ,$4.99,009800007462
Candy,TICTAK TRPOPICAL ADVENTURE 1.7 OZ,$4.99,009800007479
Candy,Tic Tac Freshmints,$3.99,009800007615
Candy,TIC TAC DR PEPPER,$4.99,009800008070
Candy,Ferrero Rocher:Fine Hazelnut Chocolates,$3.99,009800123018
Candy,KINDER CHOCOLATE,$3.99,009800512041
Candy,Nutella Ferrero & Go Hazelnut Spread + Breadsticks,$3.99,009800800056
Candy,NUTELLA  BE-READY,$1.99,009800820016
Candy,NUTELLA BISCUITS BAG,$10.99,009800830039
Candy,MILK DUDS,$4.99,010700021526
Candy,JOLLY RANCHER FREEZE DRIED,$10.99,010700530202
Candy,JOLLY RANCHER GUMMIES,$4.99,010700557100
Candy,JOLLY RANCHER ROPES,$5.99,010700557308
Candy,JOLLY RANCHER CHEWY POPPERS ORIGINAL,$5.99,010700701770
Candy,Whoppers:Malted Milk Balls,$6.99,010700702029
Candy,JOLLY RANCHER,$5.99,010700702302
Candy,JOLLY RANCHER GUMMIES,$5.99,010700702623
Candy,PAYDAY PEANUT CARAMEL BAR,$3.99,010700807229
Candy,PAYDAY PEANUT CARAMEL BAR KING SIZE,$4.99,010700807274
Candy,Trident Sugar Free Gum Tropical Twist - 14 PC,$3.99,012546011112
Candy,TRIDENT MELON 14 STK,$3.99,012546011136
Candy,TRIDENT PEPRFECT PEPPERMINT,$3.99,012546011426
Candy,Trident Bubblegum,$3.99,012546011440
Candy,Trident Sugarfree Minty Sweet Twist 14 PC,$3.99,012546011563
Candy,TRIDENT PINAPLE TWST,$3.99,012546011587
Candy,DENTYNE FIRE CINNAMO,$3.99,012546315098
Candy,LISTERINE COOL MINT,$4.99,012547433654
Candy,MILANO DOUBLE DARK CHOCOLATE,$2.99,014100054016
Candy,pop,$0.99,014200000647
Candy,Charms Blow Pops,$0.99,014200000692
Candy,SUPER BLOW POP,$0.99,014200002566
Candy,OLYY POP,$0.99,014200007080
Candy,GUSHERS FRUIT BERRY,$4.99,016000137042
Candy,GUSHERS FRUIT TROPICAL,$4.99,016000172616
Candy,FOOT BERRY- TIE DYE,$4.99,016000196131
Candy,FOOT STRAWBERRY GUMMIES,$4.99,016000204324
Candy,GUSHERS WATERMELON &SOUR APPLE,$4.99,016000226616
Candy,JAMBA,$4.99,016000345911
Candy,GUSHERS FLAVOR MIXERS,$4.99,016000515284
Candy,Sndria MANGO,$1.99,016757641755
Candy,Crazy sandia WATERMELON,$1.99,016757642752
Candy,Crazy Fresa,$3.99,016757645852
Candy,JARRITOS GUMMIES,$5.99,018804059315
Candy,JARRITOS GUMMIES SOUR,$5.99,018804059322
Candy,JARRITOS SPICY GUMMIES,$5.99,018804059674
Candy,JARRITOS SOUR GUMMY SMALL,$3.99,018804059698
Candy,L SAVERS GUMIE 5 FLV,$4.99,019000083425
Candy,L SAVERS GUMIE SOUR,$4.99,019000170491
Candy,Trolli:Peachie-O's,$4.99,020709002532
Candy,Trolli:Sour Brite Crawler Eggs,$4.99,020709012081
Candy,TROLL SOUR CRWLERS 5 OZ,$4.99,020709012302
Candy,TROLLI SOCTOPUS 4.254.25 OZ,$4.99,020709012319
Candy,TROLLI PUFFS 4.25 OZ STRAWBERRY,$4.99,020709012562
Candy,Hubba Bubba Max:5 Pc Strawberry-Watermelon 8/,$3.99,022000000675
Candy,ORBIT WHITE PRMNT 15,$3.99,022000000897
Candy,ORBIT WHITE SRMNT 15,$3.99,022000000941
Candy,HUBBA BUBBA ORIGINAL,$2.99,022000002709
Candy,Hubba Bubba:Bubble Tape Tangy Tropical,$3.99,022000002785
Candy,Life Savers:Hard 5 Flavors,$2.99,022000004345
Candy,ORBIT SWEET MINT GUM,$3.99,022000004833
Candy,ORBIT SWEET MINT GUM,$3.99,022000004840
Candy,ORBIT WINTERMINT,$3.99,022000004864
Candy,ORBIT WINTERGREEN,$3.99,022000004888
Candy,ORBIT BUBBLEMINT,$3.99,022000004895
Candy,5 Gum Cobalt 15 ct,$3.99,022000005120
Candy,5 GUM RAIN,$3.99,022000005144
Candy,Spearmint WRIGLEYS,$3.99,022000006653
Candy,DOUBLEMINT 15 STICK,$3.99,022000006660
Candy,JUICY FRUIT 15 STICK,$3.99,022000006677
Candy,BIG RED 15 STICK,$3.99,022000006684
Candy,WINTER FRESH 15 STIC,$3.99,022000006691
Candy,Altoids Artic Wintergreen 1.2 OZ,$3.99,022000007681
Candy,Altoids Arctic Peppermint,$4.99,022000007698
Candy,EXTRA SWEET WATERMEL,$3.99,022000008381
Candy,EXTRA WINTERFRESH 15,$3.99,022000008404
Candy,EXTRA ORIGINAL BGUM,$3.99,022000008459
Candy,Extra Peppermint,$3.99,022000008916
Candy,EXTRA POLAR ICE 15,$3.99,022000008985
Candy,EXTRA SPEARMINT 15,$3.99,022000008992
Candy,Altoids Arctic Strawberry,$3.99,022000009951
Candy,ORBIT STRAWBERRY,$3.99,022000012098
Candy,ECLIPSE PEPPERMINT,$3.99,022000013194
Candy,ECLIPSE WINTERFROST,$3.99,022000013200
Candy,ECLIPSE SPEARMINT SPEARMINT,$3.99,022000013316
Candy,Orbit White Sugarfree Spearmint Gum 15 CT,$3.99,022000013477
Candy,EXTRA SMOOTH MINT,$3.99,022000014139
Candy,LIFE SAVER GUMMIES COLLOSION 4.2 OZ,$4.99,022000014634
Candy,LIFE SAVER 5FLAVORS 4.2 OZ,$4.99,022000014641
Candy,5 GUM ASCENT,$3.99,022000015532
Candy,5 GUM STRAWBERRY,$3.99,022000016690
Candy,HUBBA BUBBA SOUR,$3.99,022000016935
Candy,EXTRA LL SPEARMINT,$6.99,022000017871
Candy,EXTRA POLAR ICE 35 STICKS,$6.99,022000017888
Candy,GUM PEPPERMINT COBALT,$7.99,022000017895
Candy,5 SPEARMINT 35 STICS,$7.99,022000017901
Candy,EXTRA GUM SF CINNAMON,$3.99,022000019080
Candy,LIFESAVER GUMMIES NEONS,$4.99,022000019233
Candy,Starbusrt All Pink,$3.99,022000019882
Candy,EXTRA LL  PEPPERMINT,$6.99,022000020369
Candy,Doublemint,$8.99,022000021694
Candy,EXTRA REFRESHING SPEARMINT 40 PCS,$7.99,022000021908
Candy,EXtra long lasting flavor 40 pieces,$7.99,022000021977
Candy,LIFESAVER GUMMIES EXOTICS,$4.99,022000073815
Candy,5 GUM SWEET MINT,$3.99,022000076038
Candy,5 GUM WATERMELON,$3.99,022000116024
Candy,5 GUM REACT2 MINT,$3.99,022000117014
Candy,L SAVERS GUM COLSION,$4.99,022000120304
Candy,Altoids:Spearmint,$5.99,022000159311
Candy,ALTOID MINT PEPPERMINT,$5.99,022000159335
Candy,Altoids Wintergreen,$5.99,022000159342
Candy,Altoids Mints Cinnamon (1.76 oz),$5.99,022000159359
Candy,EXTRA WATERMELON 35STICKS,$6.99,022000282170
Candy,Extra  REFRESHING MINT MIX,$7.99,022000282323
Candy,EXTRA REFRESHING BERRY MIX 40 PCS,$7.99,022000282354
Candy,ORBIT PEPPERMINT,$7.99,022000283818
Candy,ORBIT SPEARMINT,$7.99,022000283863
Candy,SKITTLES GUMMIES,$5.99,022000285942
Candy,SKITTLE GUMMIES,$5.99,022000285966
Candy,EXTRA FRUIT MIX,$7.99,022000289599
Candy,SOUR SKITTLE GUMMY,$5.99,022000289735
Candy,HUBBA BUBBA MAX,$3.99,022000290090
Candy,EXTRA PINK LEMONADE,$3.99,022000292780
Candy,HUBBA BUBBA MINI GUM,$7.99,022000295644
Candy,STARBURST GUMMIES ALL PINK 3 OZ,$3.99,022000298577
Candy,SKETTLE GUMMIES ORIGINAL 3 OZ,$4.99,022000298669
Candy,STARBURST GUMMIES ORIGINAL 3 OZ,$3.99,022000298829
Candy,SKITTLE POPD,$10.99,022000301253
Candy,SKITTLE SOUR POPD,$10.99,022000301284
Candy,Lifesaver Gummies Fruit Rings,$4.99,022000302991
Candy,HUBBA BUBBA DBL TAPE,$3.99,022110079806
Candy,WILLY WALLABG WATERMELON,$5.99,022224200691
Candy,Willey Wallaby Australian Soft & Chewy Gourmet,$5.99,022224200707
Candy,WILEY WALLABY SOUR RAGEOUS 3 OZ,$3.99,022224206747
Candy,WILLY WALLABG,$5.99,022224213042
Candy,Duvalin STRAWBERRY  VANILLA,$0.99,025000002069
Candy,Nestle Crunch Candy Bar (1.55 oz),$1.99,028000131708
Candy,MINTYZ WINTERMINT,$5.99,030242940017
Candy,WARHEADS CUBES,$4.99,032134239001
Candy,WAREHEAD SOUR WATERMELON SQUEZE CANDY 2.25 OZ,$3.99,032134240502
Candy,WAREHED,$4.99,032134271018
Candy,WAREHED,$4.99,032134285039
Candy,Reeses Nutrageous Candy Bar,$3.99,034000000050
Candy,ICEBRKER  SPEARMINT 1.5 OZ,$5.99,034000000067
Candy,ICE BREAKERS COOLMINT 1.5 OZ,$5.99,034000000074
Candy,ICE BREAKER MINT WINTERGREEN   1.5 oz,$5.99,034000000098
Candy,REESE'S WHITE PEANUT,$2.99,034000000289
Candy,"Reese's FastBreak, King Size",$4.99,034000000357
Candy,Reese's Fast Break,$2.99,034000000524
Candy,"Ice Breakers:Sours, Sugar-Free, Assorted",$4.99,034000000982
Candy,"REESE'S Take 5, King Size",$4.99,034000001354
Candy,Reese's ReeseSticks,$2.99,034000001521
Candy,"Reese's:Peanut Butter Cup, Big Cup",$2.99,034000001637
Candy,REESES PIECES KING SIZE,$4.99,034000001651
Candy,Reese's ReeseSticks KING SIZE,$4.99,034000002030
Candy,Mr. Goodbar Peanuts In Milk Chocolate,$4.99,034000002238
Candy,Kit Kat Bar King Size,$4.99,034000002290
Candy,Hershey's Cookies 'N' Creme,$2.99,034000002399
Candy,Hershey's Milk Chocolate,$2.99,034000002405
Candy,Hershey's Milk Chocolate with Almonds,$2.99,034000002412
Candy,Rolo:Candy,$2.99,034000002443
Candy,Hershey's:Special Dark,$3.99,034000002450
Candy,Kit Kat 1.5 OZ,$2.99,034000002467
Candy,Whatchamacalit Bars,$2.99,034000002474
Candy,Reese's Pieces,$2.99,034000002481
Candy,Cadbury Caramello,$2.99,034000003402
Candy,Hershey's Skor,$2.99,034000003709
Candy,REESE'S Take 5 Bar,$2.99,034000003860
Candy,ICE BREAKERS,$7.99,034000004058
Candy,REESE'S PEANUT BUTTER CUPS,$2.99,034000004409
Candy,REESE'S PEANUT BUTTER CUP KING SIZE,$4.99,034000004805
Candy,"Twizzlers: Twists, Strawberry",$2.99,034000005024
Candy,Mounds - King Size,$4.99,034000005215
Candy,Almond Joy Milk Chocolate - Coconut & Almonds,$4.99,034000005222
Candy,Gum,$7.99,034000005291
Candy,ICE CUBES GRAPE 40CT,$7.99,034000005451
Candy,Reese's Nutrageous King Size,$4.99,034000006533
Candy,Ice Breakers Duo Strawberry,$5.99,034000006656
Candy,BUBBLE YUM,$3.99,034000007196
Candy,BRAETH SAVER,$2.99,034000007646
Candy,"Breath Savers:Breath Mints, Spearmint",$2.99,034000007714
Candy,Ice Breakers - Peppermint,$7.99,034000008438
Candy,ICE CUBES SPEARMINT,$7.99,034000008476
Candy,REESE'S PEANUT BUTTER PIECES,$3.99,034000114702
Candy,KIT KAT MINIS KING SIZE,$4.99,034000138517
Candy,KITKAT VANILLA KING SIZE,$4.99,034000228089
Candy,KITKAT BIG KAT KING SIZE,$4.99,034000245222
Candy,REESE'S CARAMEL BIG CUP,$2.99,034000250103
Candy,REESE'S CARAMEL BIG CUP,$3.99,034000252183
Candy,Reese's Outrageous Bar (2.95 oz),$3.99,034000412013
Candy,REESE'S BIG CUP KING SIZE,$3.99,034000430956
Candy,ROLO CREAMY CARAMEL IN RICH,$4.99,034000458004
Candy,RESES,$3.99,034000458134
Candy,icebreakers ice cubes,$7.99,034000711789
Candy,REESE&S OREO,$4.99,034000946532
Candy,REESE'S CHOCOLATE LAVA BIG CUP KING SIZE,$3.99,034000953424
Candy,Welch's  Fruit Snacks Island Fruits,$2.99,034856028918
Candy,WELCHS BERRIES,$1.99,034856028925
Candy,WELCHS FRUIT,$1.99,034856028987
Candy,Bon Appetit Cheese & Berries Danish,$4.99,035751111095
Candy,RECOLA COUGH DROPS,$2.99,036602001015
Candy,M&M's Chocolate Candy,$2.99,040000000310
Candy,M&MS PEANUT 1.74 OZ,$2.99,040000000327
Candy,STARBURST ORIGINAL 2.07 OZ,$2.99,040000000518
Candy,MILKEY WAY MIDNIGHT,$2.99,040000001041
Candy,Snickers Almond Bar,$2.99,040000001058
Candy,M&M's Peanut Butter Chocolate Candies,$2.99,040000001447
Candy,SKITTLES ORIGINAL 2.17 OZ,$2.99,040000001607
Candy,SKITTLES WILD BERRY 2.17 OZ,$2.99,040000001621
Candy,SKITTLES TROPICAL 2.17 OZ,$2.99,040000001638
Candy,M&M'S MINIS TUBE,$2.99,040000002376
Candy,SNICKERS SHARE SIZE,$4.99,040000002635
Candy,Skittle Bite Size Sour 1.8 oz,$2.99,040000002666
Candy,MILKY WAY SHARE SIZE,$4.99,040000004011
Candy,TWIX,$4.99,040000004059
Candy,M&M MILK CHOCLATE KING 3.14 OZ,$4.99,040000004318
Candy,M&M PEANUT KING SIZE,$4.99,040000004325
Candy,TWIX,$2.99,040000004356
Candy,STARBURST KING SIZE 3.45 OZ,$4.99,040000004455
Candy,SKITTLES ORIGINAL 4 OZ,$4.99,040000004608
Candy,Skittles:Bite Size Sour 3.3 OZ,$4.99,040000004660
Candy,3 MUSKETEERS SHARE SIZE,$4.99,040000006039
Candy,Snickers Almond Sharing Size,$4.99,040000006275
Candy,STRBRST FAVE REDS 2.07 OZ,$2.99,040000009702
Candy,SNICKERS PEANUT BUTTER,$2.99,040000394129
Candy,MILKY WAY,$2.99,040000422068
Candy,3 MUSKETEERS,$3.99,040000422082
Candy,SNICKERS,$2.99,040000424314
Candy,SNICKERS PEANUT BUTTER SHARE SIZE,$4.99,040000441489
Candy,Dove Milk Chocolate Bar (1.44 oz),$2.99,040000459842
Candy,M&M-S ALMOND KING 2.83 OZ,$4.99,040000474173
Candy,M&M MINIS TUBE KING SIZE,$3.99,040000476528
Candy,M&M CARAMEL CHOCOLATE CANDIES,$2.99,040000508830
Candy,TWIX SHARE SIZE COOCKIES & CREAM 2.72 OZ,$4.99,040000551898
Candy,SNICKERS WHITE SHARE SIZE,$4.99,040000560494
Candy,TWIX KING SALTED CARAMEL SHARE SIZE,$4.99,040000574576
Candy,SNICKERS BUTTERSCOTCH SCOOP,$2.99,040000592280
Candy,M AND M MEGA,$4.99,040000592785
Candy,TWIX SNICKERDOODLE,$2.99,040000602989
Candy,M&M-S ALMOND KING SHARE SIZE 2.83 OZ,$4.99,040000605560
Candy,M & M  HOMEY ROASTED PEANUT,$4.99,040000610458
Candy,RING POP 0.5 OZ,$1.99,041116005190
Candy,PUSH POP STRAWBERRY,$1.99,041116005343
Candy,Red Vines Grape Twists Candy (5 oz),$4.99,041364002088
Candy,RED VINES ORIGINAL,$4.99,041364002095
Candy,SOUR PUNCH STRAWBERRY,$4.99,041364080154
Candy,SOUR PUNCH GREEN,$2.99,041364080499
Candy,SOUR PUNCH BLUE,$2.99,041364080512
Candy,Sour Punch Straws:Zappin' Apple,$2.99,041364080529
Candy,SOUR PUNCH RED,$2.99,041364080536
Candy,RED VINES 4 OZ,$3.99,041364086330
Candy,SOUR PUNCH,$4.99,041364086460
Candy,SOUR PUNCH BITES,$4.99,041364087306
Candy,SOUR PUNCH BITES,$4.99,041364087344
Candy,Sour Punch Bites Tropical Blends Soft & Chewy Candy (5 oz),$3.99,041364087382
Candy,SOUR PUNCH RAINBOW,$2.99,041364087924
Candy,SOUR PUNCH PURPLE,$2.99,041364089904
Candy,RED VINES MOVIE MIX TWISTS,$4.99,041364545073
Candy,HARIBO HAPPY COLA,$4.99,041364881317
Candy,SOUR PUNCH SCOR STRAWS 4.5OZ,$4.99,041364881720
Candy,SOUR PUNCH FILLED STRAWS BLUE RAZ LEMONADE,$5.99,041364881928
Candy,TROLLI TROPICAL LIAMAS  4.25,$4.99,041420023705
Candy,TROLLI ALL STAR MIX 4.25 OZ,$4.99,041420027161
Candy,NERDS ROPE RAINBO 0.92 OZ,$2.99,041420045691
Candy,NERDS ROPE VERY BERRY 0.92 OZ,$2.99,041420045707
Candy,TROLLI SOUR BUTSTING CRAWLERS  4.25 OZ,$4.99,041420065774
Candy,TROLLI GUMMY SOUR BRITE CRAWLERS FRUIT,$4.99,041420069949
Candy,TROLL SOUR CRWLS 5OZ,$4.99,041420078156
Candy,TROLL SOUR CRWLS 4.25 OZ,$4.99,041420080265
Candy,TROLLI SQUAD 4.25 OZ,$4.99,041420084744
Candy,TROLLI VERY BERRY 5 OZ,$4.99,041420115875
Candy,LEMONHEAD ORIGINAL 5 OZ,$4.99,041420126031
Candy,Now & Later (soft) Banana,$1.99,041420528972
Candy,Haribo Gold Bears Gummy Candy (2 oz),$2.99,042238301832
Candy,HARIBO GOLD BEARS,$4.99,042238302211
Candy,HARIBO THE SMURFS,$4.99,042238305007
Candy,HARIO CHERRIES 5 OZ,$4.99,042238309777
Candy,HARIBO SOUR BEARS,$4.99,042238312210
Candy,Habiro Happy Cola,$4.99,042238323100
Candy,HARIBO HAPPY COLA,$4.99,042238323643
Candy,HARIBO DINOSAURS,$4.99,042238341210
Candy,HARIBO SOUR,$4.99,042238358898
Candy,Haribo Mega Roulette Gummy Candy (1.59 oz),$2.99,042238372665
Candy,HARIBO TWIN SNACKES,$4.99,042238377554
Candy,HARIBO PEACHES,$4.99,042238380868
Candy,HARIBO FROGS,$4.99,042238472556
Candy,Haribo Starmix Gummi Candy (4 oz),$2.99,042238722125
Candy,HARIBO WATERMELON,$4.99,042238723320
Candy,HARIBO FUNTASTIC MIX,$4.99,042238723641
Candy,HARIBO STARMIX,$4.99,042238724563
Candy,HARIBO BERRY CLOUDS,$4.99,042238724938
Candy,HARIBO TWIN SNACKES UNICORN-I-LICIOUS,$4.99,042238725201
Candy,HARIBO STARMIX,$4.99,042238725331
Candy,HARIBO GOLDBEARS WILDBERRY,$4.99,042238726239
Candy,haribo sour sodas,$4.99,042238727328
Candy,SOUR STREAMERS,$4.99,042238750036
Candy,BIG LEAGUE CHEW - BUBBLE GUM Original,$4.99,042897660004
Candy,Big League Chew (2.12 oz),$4.99,042897660011
Candy,Big League Chew Sour Apple Bubble Gum (2.12 oz),$3.99,042897660028
Candy,Big League Chew Bubble Gum Watermelon,$4.99,042897660035
Candy,BIG LEAGUE STRAWBERRY,$4.99,042897660950
Candy,BIG LEAGUE CHEW BLUE RASPBERRY,$4.99,042897661469
Candy,"Mega Warheads:Candy, Strawberry & Green Apple",$3.99,048014004157
Candy,Rips,$4.99,048014009916
Candy,RIPS,$4.99,048014010370
Candy,RIPS RAINBOW 4 OZ,$4.99,048014010431
Candy,RIPS RAINBOW 4 OZ,$4.99,048014010639
Candy,RIP ROLLS STRAWBERRY,$2.99,048014010783
Candy,RIPS RIPPIN RED 4 OZ,$4.99,048014011018
Candy,RIPS,$4.99,048014011117
Candy,RIPS BITE BLUE RASPBERRY,$4.99,048014011131
Candy,chocolate,$5.99,050255022005
Candy,Ritter Sport:Dark Chocolate with Marzipan,$5.99,050255025006
Candy,BUBS SOUR DIAMOND TUTTI FRUTTI,$5.99,051756020064
Candy,BUBS,$5.99,051756021061
Candy,BUBS DIAMOND,$5.99,051756023065
Candy,LISTERINE FRESH BRST,$4.99,063793365404
Candy,Toblerone Swiss Milk Chocolate (3.52 oz),$4.99,070221011116
Candy,SOUR PATCH KIDS 8oz,$5.99,070462002003
Candy,Sour Patch Kids,$3.99,070462002065
Candy,SOUR PATCH,$5.99,070462007794
Candy,ORBIT WINTERGREEN,$5.99,070462008623
Candy,SOUR PATCH KIDS GRAPE,$5.99,070462009033
Candy,SWEDISH FISH,$4.99,070462009057
Candy,sour patch,$5.99,070462009200
Candy,SOUR PATCH,$5.99,070462010909
Candy,SWEDISH FISH BLUE RASBERRY,$5.99,070462011388
Candy,SWEDISH FISH GLOW UPS,$4.99,070462013726
Candy,SOUR PATCH CHEWS,$2.99,070462014945
Candy,SWEDISH FISH CHEWS,$3.99,070462015089
Candy,sour patch,$5.99,070462035964
Candy,SWEDISH FISH,$4.99,070462035988
Candy,SOUR PATCH KID WATERMELON 8OZ,$5.99,070462036008
Candy,SOUR PATCH KIDS 3.5 OZ,$4.99,070462098358
Candy,Sour Patch Kids Sour then Sweet (2 oz),$2.99,070462098501
Candy,SOUR PATCH WATERMELO 2 OZ,$2.99,070462098525
Candy,SOUR PATCH EXTREME 7.2OZ,$5.99,070462431407
Candy,SWEDISH FISH CANDY,$2.99,070462542509
Candy,ABBA-ZABA,$2.99,070602063000
Candy,BIG HUNK ALMOND,$2.99,070602739028
Candy,BIG HUNK PEANUT,$2.99,070602769001
Candy,Annabelle's:Look!,$2.99,070602839001
Candy,Swiss Miss:Milk Chocolate 0.73 Oz Envelopes,$5.99,070920474328
Candy,SWISS MISS Marshmallow Hot Cocoa Mix,$5.99,070920474335
Candy,Hot Tamales Fierce Cinnamon Chewy Candy (5 oz),$1.99,070970471230
Candy,HOT TAMALES 4.25 OZ,$4.99,070970475313
Candy,MIKE AND LKE ORIGINAL FRUIT 4.25 OZ,$3.99,070970475337
Candy,MIKE AND LKE,$3.99,070970475344
Candy,MIKE AND LKE MEGA MIX SOUR 4.25  OZ,$3.99,070970475375
Candy,MIKE AND IKE JOLLY JOES 4.25N OZ,$3.99,070970475382
Candy,MIKE AND IKE SOUR WATERMELON 4.25 oz,$3.99,070970475405
Candy,mike and ike original fruits,$0.99,070970475436
Candy,mike and ike berry blast,$0.99,070970475443
Candy,MIKE AND IKE TROPICAL TYPHOON 0.79 OZ,$0.99,070970475450
Candy,MIKE AND IKE CHERRY 0.78 OZ,$0.99,070970475467
Candy,MIKE AND IKE ORANGE 0.78 OZ,$0.99,070970475498
Candy,Caramel Apple Pops,$0.99,071720000014
Candy,Tootsie Roll Candy (2.25 oz),$3.99,071720009314
Candy,DOTS fruit 6.5 oz,$4.99,071720870006
Candy,YANYAN CHOCOLATE CREME,$3.99,072320600017
Candy,YANYAN VANILLA CREME,$3.99,072320600024
Candy,YANYAN STRAWBERRY CREME CRACKER STICK DIP,$3.99,072320600031
Candy,MAMBA LEMON RESBERRY 2.8 OZ,$3.99,072799055639
Candy,MAMBA SOUR FRUIT 2.8 OZ,$3.99,072799055660
Candy,MAMBA TROPICS 2.8 OZ,$3.99,072799055691
Candy,MAMBA BERRYTASTY 2.8 OZ,$3.99,072799934057
Candy,BIG CHERRY BAR,$2.99,072965007417
Candy,POCKY ALMOND CRUSH,$3.99,073141110815
Candy,POCKY CHOCOLATE,$2.99,073141150040
Candy,POCKY COOKIES&CREAM,$2.99,073141153157
Candy,"Mentos:The Chewy Mint, Mint",$3.99,073390000110
Candy,MENTOS FRUIT,$3.99,073390000165
Candy,Mentos Green Apple Chewy Mint (1.32 oz),$3.99,073390001834
Candy,Air Heads Watermelon (0.55 oz),$0.99,073390002039
Candy,AIR HEAD MYSTERY .55 OZ,$0.99,073390002213
Candy,MENTOS GUM RED FRUIT LIME,$3.99,073390003937
Candy,MENTOS CLEAN BREATH,$7.99,073390005887
Candy,AIR HEAD BITES 6 OZ,$4.99,073390008192
Candy,Airheads Sour Candy Bluest Raspberry,$2.99,073390008277
Candy,AIR HEADS XTREMES RA,$2.99,073390008383
Candy,Airheads Extremes Sour Belts Rainbow Berry,$2.99,073390009038
Candy,AIR HEAD BITES 6 OZ,$5.99,073390009243
Candy,AIRHEAD GUM,$3.99,073390009823
Candy,AIRHEAD SOFTFILED 6,$5.99,073390010614
Candy,AIRHEADS PARADISE BLENDS 2 OZ,$2.99,073390011000
Candy,MENTOS VITAMINS,$7.99,073390011086
Candy,AIRHEAD SOUR BLUE 0.55 OZ,$0.99,073390013110
Candy,AIR HEAD WATERMELON,$3.99,073390013325
Candy,AIR HEADS BLUE RASPBERRY,$3.99,073390013332
Candy,Mentos Gum PURE FRESH,$7.99,073390013349
Candy,MENTOS CINNAMON GUM,$7.99,073390013844
Candy,MENTOS GUM SPRMNT,$3.99,073390013875
Candy,MENTOS GUM MINT,$3.99,073390013936
Candy,MENTOS GUM WNTRGRN,$3.99,073390013943
Candy,MENTOS PURE FRESH,$7.99,073390014049
Candy,MENTOS PURE FRESH,$7.99,073390014056
Candy,AIRHEAD BITES FRUITS 2 oz,$2.99,073390014360
Candy,AIR HEADS BITES FRUIT,$4.99,073390014490
Candy,MENTOS GUM FRUIT,$7.99,073390014506
Candy,MENTOS SOUR,$3.99,073390015114
Candy,MENTOS GUM MINT SOUR,$4.99,073390015121
Candy,"Mentos:Chewy Mint, Strawberry",$3.99,073390026349
Candy,DENTYNE ICE SPEARMIN,$3.99,073390055011
Candy,DENTYNE FIRE,$3.99,073390055028
Candy,DENTYNE PEPPERMINT,$3.99,073390055035
Candy,TRIDENT WHITE WINTER,$3.99,073390055042
Candy,ORBIT SWEET MINT GUM,$3.99,073390055059
Candy,TRIDENT SPEARMINT,$3.99,073390055158
Candy,TRIDENT ORIGINAL FLAVOR,$3.99,073390055165
Candy,TRIDSENT TROPICAL TWIST,$3.99,073390055172
Candy,TRIDENT WATERMELON TWIST,$3.99,073390055189
Candy,TRIDENT PERFECT PEPPERMINT,$3.99,073390055196
Candy,TRIDENT BUBBLE GUM,$3.99,073390055202
Candy,TRIDENT CINNAMON,$3.99,073390055219
Candy,TRIDENT MINT BLISS,$3.99,073390055226
Candy,Trident pineapple,$3.99,073390055240
Candy,TRIDENT ISLAND BERRY LIME,$3.99,073390055257
Candy,TRIDENT WINTERGREEN,$3.99,073390055264
Candy,DENTYNE ICE SPEARMINT,$3.99,073390055493
Candy,TRIDENT WHITE WINTER,$3.99,073390055530
Candy,TRIDENT WHITE WINTERGREEN,$3.99,073390055547
Candy,BUBBLELICIOUS,$2.99,073390055578
Candy,Snyder's of Hanover:Sourdough Fat Free,$3.99,077975025871
Candy,SweeTarts:Original Single Roll,$3.99,079200001643
Candy,Nerds:Wonka Grape & Strawberry 1.65 OZ,$2.99,079200003364
Candy,NERDS CHERRY WATERMELON & CHERRY 1.65 OZ,$2.99,079200003395
Candy,NERDS GUMMY CLUSTERS VERY 3 OZ,$3.99,079200049058
Candy,NERDS GUMMY CLUSTERS RAINBOW,$5.99,079200049065
Candy,SWEET TARTS SOFT & CHEWY ROPES WATERMELON BERRY,$5.99,079200049850
Candy,NERDS GUMMY CLUSTERS RAINBOW,$5.99,079200060671
Candy,NERDS GUMMY CLUSTERS VERY BERRY 3 OZ,$4.99,079200060695
Candy,NERDS JUICY GUMMY CLUSTERS,$4.99,079200085629
Candy,sweet tarts ropes,$5.99,079200168490
Candy,NERDS BIG CHEWY,$10.99,079200763411
Candy,Wonka Kazoozles:Cherry Punch - Fat Free 1 OZ,$2.99,079200912338
Candy,SWEETART ROPE TANGY STRAW,$4.99,079200998899
Candy,Now & Later Strawberry,$1.99,093922520022
Candy,Now & Later Cherry,$1.99,093922520039
Candy,Now & Later Blue Berry,$1.99,093922520046
Candy,Now & Later Pineapple,$1.99,093922520060
Candy,BUTTERFINGER SHARE PACK,$4.99,099900001477
Candy,BUTTERFINGER,$2.99,099900100873
Candy,BABY RUTH,$2.99,099900625468
Candy,100 GRAND,$2.99,099900694235
Candy,RAISINETS,$4.99,099900718474
Candy,RAISINETS MILK CHOCOLATE,$3.99,099900722730
Candy,100 GRAND,$4.99,099900722785
Candy,CRUNCH BAR,$3.99,099900908363
Candy,METAVITA BIGMANGO GUMMY,$5.99,198715196764
Candy,BIG PEACH GUMMY,$5.99,199284466340
Candy,TUMS EX FRUIT,$3.99,307660739197
Candy,TUMS ULTRA BERRIES,$2.99,307660746706
Candy,TUMS PEPPERMINT,$3.99,307660746805
Candy,TUMS EX BERRIES,$3.99,307667388084
Candy,HALLS RELIEF  EXTRA STRONG MENTHOL,$2.99,312546006867
Candy,HALLS STRAWBERRY,$2.99,312546623682
Candy,HALLS VITAMIN C ASSORTED CITRUS,$2.99,312546627529
Candy,HALLS CHERRY,$2.99,312546627710
Candy,HALLS HONEY LEMON,$2.99,312546628724
Candy,HALLS MENTH-LYP,$2.99,312546629707
Candy,TYLENOL,$5.99,366715974730
Candy,GOSO GOMIS JUICY WATERMELON,$9.99,601968993191
Candy,CHAMOY CLUB SOUR GREEN APPLE GUSHEIS,$10.99,602581732822
Candy,CHAMOY CLUB SOUR  STRAWBERRY GUSHEIS,$10.99,602581732839
Candy,CHAMOY CLUB SOUR WATERMELON GUSHEIS,$10.99,602581732846
Candy,ARIZONA,$3.99,613008751937
Candy,ARIZONA CANDY,$3.99,613008758912
Candy,SNACKS,$3.99,613008759001
Candy,SNACKS,$3.99,613008763442
Candy,ARIZONA,$3.99,613008772703
Candy,MANGOITOS LOCOS,$5.99,618056630852
Candy,MINTS BIG SKY PEPPERMINT,$6.99,628371148000
Candy,BOMBIES GUSHERS,$9.99,647535040745
Candy,BOMBIES TWISTEFOOS WATERMELON,$9.99,647535060132
Candy,BOMBIES MANGO CON CHAMOY,$9.99,647535068909
Candy,BOMBIES NERDY NERDS CLUSTERS,$9.99,647535073460
Candy,BOMBIES GUMMY TUBES,$9.99,647535098029
Candy,BOMBIES HALF POUND OF SANDIA SLICES`,$9.99,647535470009
Candy,BOMBIES HALF POUND OF,$9.99,647535487274
Candy,BOMBIES HALF POUND OF WATERMELON SLICES,$9.99,647535487311
Candy,SOUR TOOTH BLUE RASPBERRY BELT,$5.99,655255527231
Candy,SOUR TOOTH RAINBOW BELT,$5.99,655255558495
Candy,SOUR TOOTH PINEAPPLE BELTS,$5.99,655255646550
Candy,SOUR TOOTH SOUR PEACH RINGS,$5.99,655255714310
Candy,SOUR TOOTH SOUR TWIN CHERRY,$5.99,655255760669
Candy,SOUR TOOTH WATERMELOM SLICES,$5.99,655255778695
Candy,FLEORA MANGO,$9.99,659440020422
Candy,WATERMELN,$8.99,659440020484
Candy,OH MY GUSHERS,$8.99,659440020491
Candy,MICHELADO CHILI NERDS,$9.99,659440020705
Candy,CHOMS GOMS,$9.99,659440020835
Candy,FLEORA NERDIES,$9.99,659440020880
Candy,Zumba Goma sandia,$1.99,703885005251
Candy,ZUMBA PICA GOMA SANDIA,$1.99,703885035258
Candy,Skwinkles Rellenos Watermelon,$2.99,706460240467
Candy,Salsagheti Mango Hot & Tamarind Sauce Candy,$1.99,706460751406
Candy,Mexican candy,$0.99,712199079810
Candy,CHAMOY,$4.99,712199087440
Candy,CHAMOY,$4.99,712199087792
Candy,CHAMOY,$4.99,712199087808
Candy,GRAYON MANGO,$1.99,719886212130
Candy,GRAYON STRWBERRY,$1.99,719886212154
Candy,CRAYON GRAP,$1.99,719886212192
Candy,ROLAIDS CHEWY STRAWBERRY,$3.99,720112004672
Candy,POP ROCKS STRAWBERRY,$1.99,721874003941
Candy,POP ROCKS WATERMELON,$1.99,721874003972
Candy,POP ROCKS BUBBLE GUM,$1.99,721874005778
Candy,POP ROCKS BLUE RAZZ,$1.99,721874011083
Candy,POP ROCKS GRAPE,$1.99,721874012189
Candy,DE LA ROSA GIANT,$1.99,724869006040
Candy,DE LA ROSA MARSHMALLOWS,$4.99,724869007023
Candy,Lucas Sweet'n Sour Mango Flavored Powder (0.71 oz),$0.99,725181021018
Candy,Lucas Gusano Hot Liquid Candy,$1.99,725181035015
Candy,Lucas Muecas:Flavored with Chili Powder,$1.99,725181068013
Candy,Lucas Muecas Mango,$1.99,725181203018
Candy,Skwinkles:Salsagheti Watermelon Flavor Hot Strips & Tamarind Flavor Sauce,$2.99,725181249016
Candy,Lucas Muecas Cherry1,$1.99,725181363019
Candy,PULPARINDO 14G,$0.99,725226000787
Candy,DE LA ROSA PULPARINDOTS EXTRA,$0.99,725226001005
Candy,DE LA ROSA,$0.99,725226001180
Candy,PULPARINDO 14G,$0.99,725226001210
Candy,PUIPARINDOTS YELLOW,$1.99,725226001685
Candy,pulparindots,$1.99,725226001715
Candy,DE LA ROSA,$1.99,725226001821
Candy,PULPARINDOTS GREEN,$1.99,725226001906
Candy,PULPARINDO EXTRA SPICY TAMARIND,$4.99,725226005010
Candy,CHILI BOMBA SOUR BUDDIES,$10.99,733428486841
Candy,VERA MANGO,$1.99,757528045739
Candy,Vero Rellerindos,$0.99,759686001183
Candy,Pica Goma,$0.99,759686001596
Candy,Pica Fresa,$0.99,759686001619
Candy,Pica gomas,$0.99,759686001824
Candy,CHOMS GOMS,$9.99,767461610352
Candy,PULPARINDO EXTRA SPICY TAMARIND,$3.99,785886005010
Candy,Indy Dedos,$0.99,790203019113
Candy,Candy,$1.99,790203020010
Candy,Marimbas,$1.99,790203039111
Candy,MUNCH MALLOWS,$6.99,794356085339
Candy,MUNCH MALLOWS TOOTY FROOTY,$6.99,794356085346
Candy,MUNCH MALLOWS MIXED,$6.99,794356085353
Candy,MARSHMELLOW,$6.99,794356085377
Candy,sandia,$4.99,798068822435
Candy,lucas,$5.99,810008800003
Candy,LUCAS GUMMIES,$5.99,810008801017
Candy,4D GUMMY BLOCKS,$5.99,810051804591
Candy,4D FRUIT GUMMIES,$5.99,810051804782
Candy,PEELERZ LYCHEE,$5.99,810051806809
Candy,PEELERS GRAPE,$5.99,810051807257
Candy,PEELERZ ORANGE,$5.99,810051807356
Candy,PEELERS PEACH,$5.99,810051807530
Candy,PEELERZ MANGO,$5.99,810051807974
Candy,PEELERS GUMMY MANGO,$5.99,810051807981
Candy,4D FRUIT GUMMY,$5.99,810051808278
Candy,PEELERS GUMMY LEMON,$5.99,810051809015
Candy,4D MERMAID GUMMIES,$5.99,810051809602
Candy,4D FRUIT GUMMY,$5.99,810051809633
Candy,4D GUMMY LUCKY FISH,$5.99,810179080013
Candy,PEELERZ GUMMY PEACH,$5.99,810179080440
Candy,PEELERZ GUMMY PEACH,$5.99,810179080501
Candy,PEELERZ GUMMY MUMMY,$5.99,810179081027
Candy,PEELERZ GUMMY PUMPKIN,$5.99,810179082413
Candy,STRAWBERRY DREAM,$7.99,810179082512
Candy,PEELERS LIPS,$5.99,810179082987
Candy,PEELERS KIWI,$5.99,810179083281
Candy,PEELERZ  RGGS BERRY BLAST,$5.99,810179084257
Candy,peelerz passion fruit,$5.99,810179084691
Candy,PELLERS WATERMELON,$5.99,810179085070
Candy,efrutti,$5.99,813805002328
Candy,NEURO MINTS CALM & CLARITY HONEY LEMON,$5.99,850008160066
Candy,NEURO GUM SPEARMINT NORMAL,$5.99,850008160950
Candy,Hi Chew Plus Fruit Sunrise Mix (2.82 oz),$3.99,850017589032
Candy,HI-CHEW FANTASY MIX,$5.99,850017589209
Candy,HI CHEW blu razz  1.76 oz,$3.99,850017589773
Candy,Dealsy peanut butter dates,$5.99,850022121012
Candy,Dealsy Almond butter dates,$5.99,850022121029
Candy,Dealsy Choclate  peanut butter dates,$5.99,850022121036
Candy,REALSY PEANUT BUTTER DATE,$2.99,850022121197
Candy,SLIME LICKER SOUR LIQUID CANDY,$4.99,850034597256
Candy,SLIM LACKER  DOUBLE PLAY1.4 OZ,$4.99,850034597409
Candy,SLIM LICKER LIQUID 2 OZ,$4.99,850034597591
Candy,NEURO GUM PEPPERMINT,$5.99,850042893258
Candy,NEURO GUM SPEARMINT,$5.99,850042893296
Candy,NEURO ENERGY & FOCUS,$5.99,850042893685
Candy,NEURO ENERGY & FOCUS GUM,$5.99,850042893692
Candy,MR BEAST FEASTABLES 4 CUP,$5.99,850050238904
Candy,HELLA CLASIC MARGARITA11.8CAN4P 12Z,$19.99,850054746054
Candy,SOUR STRIPS BITES BLUERAZZ LEMONADE,$6.99,850060777202
Candy,sour strips bites melonade 6.35 oz,$6.99,850060777219
Candy,sour strips,$6.99,850060777240
Candy,El gordos blue berry,$5.99,850063407243
Candy,EL GORDO'S SOURS RAINBOW CHAMOY,$5.99,850063407274
Candy,el grodos sour apple,$5.99,850063407281
Candy,El gorrdos watermelon,$5.99,850063407304
Candy,OH MY GUSHERS eLGORDO,$9.99,850063407564
Candy,chamoy strwabery,$5.99,850063407571
Candy,El gorrdos,$5.99,850063407588
Candy,OMG BLUEBERRY,$9.99,850063407595
Candy,OMG WATERMELON,$9.99,850063407670
Candy,SI PICA MANGO,$9.99,850063407694
Candy,OMG MANGO,$9.99,850063407755
Candy,Palito de fresa,$9.99,850063407762
Candy,CHOMS GOMS,$9.99,850063407779
Candy,Azules blueberry,$9.99,850063407786
Candy,OMG CUCUMBER,$9.99,850063407793
Candy,EL TOXI,$9.99,850063407953
Candy,DUBAI PISTACHIO KUNAFA MILK CHOCOLATE,$5.99,850072608150
Candy,DUBAI CHOCOLATE STRAWBERRY,$5.99,850076282103
Candy,FERITIO MATCHA CHEESECAKE CHOCOLATE,$7.99,850076282264
Candy,Dubai Chocolate Small 3.36,$10.99,850077511509
Candy,Hi-Chew Sweet and Sour Mix Chewy Candy (3.17 oz),$4.99,851681008126
Candy,HI-CHEW WATERMELON,$3.99,851681008669
Candy,OH MY GUSHERS,$9.99,852672602880
Candy,OH MY GUSHERS,$9.99,852672602910
Candy,OH MY GUSHERS,$9.99,852672603801
Candy,OH MY GUSHERS,$9.99,852672603948
Candy,CHOMS GOMS,$9.99,852672603986
Candy,OH MY GUSHERS,$9.99,852672603993
Candy,OMG CANDY,$9.99,852672604006
Candy,OH MY GUSHERS,$9.99,852672604037
Candy,OH MY GUSHERS,$9.99,852672604044
Candy,OH MY GUSHERS,$9.99,852672604068
Candy,CHOMS GOMS,$9.99,852672604105
Candy,OH MY GUSHERS,$9.99,852672604129
Candy,Baja,$4.99,856542004491
Candy,CHAMOY GUMMYS SHARKS SPICY,$4.99,856542004583
Candy,CHAMOY GUMMYS WATERMELON SPICY,$4.99,856542004590
Candy,HI_CHEW BANANA 1.67 OZ,$2.99,857983004033
Candy,SOUR STRIPS,$6.99,860001800500
Candy,SOUR STRIPS,$6.99,860001800517
Candy,SOUR STRIPS,$6.99,860001800524
Candy,SOUR STRIPS TROPICAL MANGO 3.4 OZ,$6.99,860001800531
Candy,SOUR STRIPS,$6.99,860001800548
Candy,SOUR STRIPS,$6.99,860001800555
Candy,SOUR STRIPS,$6.99,860001800562
Candy,SOUR STRIPS,$6.99,860001800586
Candy,SOUR STRIPS,$6.99,860001800593
Candy,SOUR STRIPS,$6.99,860004712503
Candy,SOUR STRIPS,$6.99,860004712510
Candy,SOUR STRIPS,$6.99,860004712527
Candy,LONG DRINK CKTL PEACH 10 CAN 4/6PK 355ML,$18.99,860007994197
Candy,la chula chamoy,$9.99,860011966203
Candy,la chula chamoy,$9.99,860011966227
Candy,la chula hot,$9.99,860011966272
Candy,LONG DRINK CKTL  CITRUSE ZERO SUGAR 10 CAN 4/6K 355ML,$17.99,860272001439
Candy,ROYAL SNACKS,$4.99,868654261365
Candy,NEURO GUM PEPPERMINT,$4.99,869657000029
Candy,NEURO GUM CINNAMON,$5.99,869657000050
Candy,TURTLES KING SHARE 2.3 OZ,$4.99,872181005040
Candy,HI_CHEW GRAPE 1.76 oz,$3.99,873983000011
Candy,HI CHEW STRAWBERRY 1.76 OZ,$2.99,873983000028
Candy,HI_CHEW GREEN APPLE 1.76 OZ,$3.99,873983000035
Candy,HI CHEW MANGO 1.76 oz,$2.99,873983000059
Candy,HI-CHEW ORIGINAL MIX,$4.99,873983005047
Candy,HI CHEW FRUIT MANGO,$4.99,873983005054
Candy,HOSTES ICED VANILLA 3 CAKES,$4.99,888109010119
Candy,EL PEKE COCADA COCONUT  CANDY,$2.99,893637000488
Candy,Tarugo,$2.99,893637000495
Candy,KITKAT NOISETTE HAZELNUT,$7.99,3800020491409
Candy,KITKAT SALTED CARAMEL,$7.99,3800020491423
Candy,KITKAT DOUBLE CHOCOLATE,$7.99,3800020492840
Candy,HABIBI'S DUBAI CHOCOLATE,$6.99,4270004666403
Candy,DUBAI CAKE,$4.99,4650267901778
Candy,HELLO KITTY MARSHMALLWO,$5.99,4895227501470
Candy,MENTOS RAMUNE EXHOTIC,$5.99,4901551150632
Candy,MENTOS EXHOTIC CAREMEL APPLE,$5.99,4901551151165
Candy,MALTESERS,$3.99,5000159555715
Candy,BOUNTEY,$4.99,5000159558280
Candy,SWIZZELS SQUASHIES DROMSTICK ORIGINAL RASPBERRY,$6.99,5010478014510
Candy,SWIZZELS SQUASHIES DRUMSTICK SOUR CHERRY,$6.99,5010478051140
Candy,SWIZZELS SQUASHIES DRUMSTICK,$6.99,5010478072084
Candy,SQUASHIEBS DRUMSTICK STRAWBERRY CREAM FLAVOR,$6.99,5010478091337
Candy,SQUASHIES DRUMSTICK STRAWBERRY & CREAM,$6.99,5010478103047
Candy,DRUMSTICK SQUASHIES RHUBARB & CUSTARD,$6.99,5010478190474
Candy,SQUASHIES DRUMSTICK,$6.99,5010478210882
Candy,SQUASHIES DRUMSTICK SOUR,$6.99,5010478250451
Candy,SQUASHIES DRUMSTICK ORIGINAL RASPBERRY & MILK,$6.99,5010478501782
Candy,SQAUASHIES DRUMSTICK BUBBLEGUM FLAVOR,$6.99,5010478548718
Candy,SWIZZELS SQUASHIES TROPICAL,$6.99,5010478591400
Candy,SQUASHIES DOUBLE DIP,$6.99,5010478681545
Candy,SWIZZELS SQUASHIES SOUR SHOOTING STARS,$6.99,5010478781405
Candy,RAFFAELLO,$2.99,5413548040639
Candy,MARS,$3.99,5900951311321
Candy,SNICKERS,$2.99,5900951311505
Candy,BLACK HALLS,$2.99,6924513905598
Candy,halls,$2.99,6924513906175
Candy,HALLS HONEY LEMON,$2.99,6924513906205
Candy,STRAWBERRY BURST GUMMY,$5.99,6974104801754
Candy,WATERMELON BURST GUMMY,$5.99,6974104801778
Candy,Lyzoo harth,$5.99,6974104801815
Candy,EYEBALL BURSTS,$5.99,6974104801839
Candy,BANANA BURST GUMMY,$5.99,7252727356028
Candy,SUR SKALLE GELATI FRI,$5.99,7393077181684
Candy,COOL HALLON SKALLE GELATIN FRI SKUM,$5.99,7393077181707
Candy,Lucas Mueces Watermelon,$1.99,7502226812335
Candy,LUCAS MUECAS,$1.99,7506174513900
Candy,LION,$3.99,7613032625474
Candy,LION NESTLE,$2.99,7613287910561
Candy,TOBLERONE MILK,$4.99,7614500010013
Candy,MILKA LEO GO,$2.99,7622202041495
Candy,MILKA SENSATIONS COOKIES OREO CREME,$7.99,7622202265884
Candy,MILKA CHOCO STICKS,$5.99,7622210406354
Candy,MILKA CHOC&CHOC,$6.99,7622210413147
Candy,MILKA OREO,$3.99,7622210713650
Candy,MILKA OREO,$4.99,7622210999108
Candy,OREO BANADAS BLANCO,$8.99,7622300491161
Candy,OREO BANADAS 246 G,$8.99,7622300491215
Candy,MILKA CHOCO BISCUITS,$7.99,7622300590970
Candy,Kinder Delice,$2.99,8000500267035
Candy,HANUTA HASELNUSS - SCHNITTE,$3.99,8000500273555
Candy,NUTELLA BISCUITS TUBE 12PCS,$7.99,8000500310397
Candy,NUTELLA BISCUITS BAG 22PCS,$14.99,8000500310427
Candy,NUTELLA BISCUITS,$2.99,8000500359358
Candy,FERRER ROCHER,$6.99,8000500359488
Candy,RAFFAELLO FERRERO,$6.99,8000500359556
Candy,FERRERO ROCHER,$6.99,8000500359815
Candy,FERRERO ROCHER,$6.99,8000500359884
Candy,KINDER HAPPY HIPPO BISCUIT,$5.99,8000500362303
Candy,NESTLE JUNGLY BARRITAS,$3.99,8445290715975
Candy,DOUBICOCO,$3.99,8682213100009
Candy,ROSSO BIANCO DUBIGOF,$3.99,8682213100375
Candy,CRUNCH GOFRET,$2.99,8690632040714
Candy,NESQUIK GORFET,$2.99,8690632049168
Candy,DUBACO DUBAI CHOCOLATE,$6.99,8697288521277
Candy,HALLS LIME,$2.99,8850338007644
CBD,KAVA SELTZER PINEAPPLE COCONUT,$7.99,197644183494
CBD,KAVIVA KAVA SELTZER STRAWBERRY KIWI,$7.99,197644431700
CBD,KAVIVA KAVA SELTZER KAVIVARITA,$7.99,198715232011
CBD,KAVIVA KAVA SELTZER BLUEBERRY LEMONADE,$7.99,198715473544
CBD,KAVA LEMONADE,$8.99,665270406848
CBD,KAVA PARADISE LYCHEE,$8.99,725792832959
CBD,MAD TASTY GRAPEFRUIT,$5.99,766871416714
CBD,MAD TASTY UNICORN TEARS,$5.99,766871416738
CBD,MAD TASTY WATERMELON KIWI,$5.99,766871416752
CBD,WYLD CBD RASPBERRY,$5.99,850004695005
CBD,WYLD CBD LEMON,$5.99,850004695012
CBD,WYLD CBD BLACK BERRY,$5.99,850004695029
CBD,WYLD CBD BLOOD ORANGE,$5.99,850004695036
CBD,WYLD CBD BLACKBERRY,$10.99,850004695814
CBD,DAYTRIP CBD LEMON LIME,$4.99,850006399000
CBD,DAYTRIP COCONUT PINEAPPLE,$4.99,850006399017
CBD,DAYTRIP TANGERINE,$4.99,850006399024
CBD,DAYTRIP BLACKBERRY,$4.99,850006399529
CBD,DAYTRIP CBD GRAPEFRUIT,$4.99,850006399543
CBD,DAYTRIP CBD WATERMELON,$4.99,850006399918
CBD,BLACK BERRY HIBISCUS VYBES,$6.99,850007123031
CBD,VYBES PASSIONFRUIT PINAPPLE 14 OZ,$6.99,850007123154
CBD,WYLD CBD GRAPEFRUIT,$5.99,850026948295
CBD,WYLD CBD BLUEBERRY POMEGRANATE,$5.99,850026948332
CBD,LEILO KAVA PINA COLADO,$6.99,850031385009
CBD,LEILO KAVA LIME MARGARITA,$6.99,850031385658
CBD,MELTING FORRST BLACK CHERRY,$7.99,850056406000
CBD,MELTING FOREST MANGO GUAVA,$7.99,850056406017
CBD,MELTING FOREST STRAWBERRY LEMONADE,$7.99,850056406024
CBD,lelio kava relaxation mango,$6.99,860003308233
CBD,LEILO KAVA RASPBERRY,$6.99,860003308257
CBD,ZEN CHILL HUCKLEBERRY LEMONADE 16 OZ,$6.99,860004129615
CBD,ZENCHILL SPARKLING WATER,$6.99,860004129639
CBD,VYBES PEACH GINGER 14 OZ,$6.99,867503000407
CBD,VYBES,$8.99,867503000414
CBD,VYBES STRAWBERRY LAVENDER 14 OZ,$6.99,867503000421
CHARGERS,HEADPHONE,$10.99,697175845309
CHARGERS,CAR CHARGER,$10.99,697175845361
CHARGERS,USB TO OLD IPHON,$10.99,697175845378
CHARGERS,USB TO USB C,$10.99,697175845385
CHARGERS,USB C TO USB OLD IPHONE,$10.99,697175845392
CHARGERS,USP C TO USP C CHARGER,$10.99,697175845408
CHARGERS,WALL CHARGER,$10.99,697175845644
Coffee & Tea,Starbucks Doubleshot Espresso & Cream,$3.99,012000001772
Coffee & Tea,Starbucks Frappuccino Coffee,$5.99,012000001802
Coffee & Tea,STARBUCKS MOCHA,$5.99,012000004520
Coffee & Tea,Starbucks  Expresso: Espresso & Salted Caramel Cream,$3.99,012000007293
Coffee & Tea,STARBUCKS ESPRESO cream light  6.5OZ,$3.99,012000008801
Coffee & Tea,STARBUCKS CARMEL 13,$5.99,012000016721
Coffee & Tea,BRISK  RASPBERRY,$2.99,012000024528
Coffee & Tea,STARBUCK DOUBLE SHOT MOCHA 15 OZ,$5.99,012000028458
Coffee & Tea,STARBUCKS DOUBLESHOT COFFEE 15,$5.99,012000028472
Coffee & Tea,STARBUCKS DOUBLE VANILLA 15,$5.99,012000028496
Coffee & Tea,STARBUKS DOUBLESHOT WHITE CHOCOLATE 15,$5.99,012000038488
Coffee & Tea,PURE LEAF GREEN TEA,$3.99,012000046445
Coffee & Tea,BRISK LEMONADE,$2.99,012000101908
Coffee & Tea,STARBUCKS 13.7 OZ WHITE CHOCOLATE MOCHA,$5.99,012000151095
Coffee & Tea,BRISK STRAWBERRY MELON,$2.99,012000161230
Coffee & Tea,STARBUCKS NITRO cold brew black,$4.99,012000192869
Coffee & Tea,STARBUCKS NITRO VANILA SWEET CRAEM,$4.99,012000192906
Coffee & Tea,BRISK LEMON TEA,$2.99,012000202384
Coffee & Tea,STARBOUKS FRAPPUCCINO PEPERMENT MOCHA,$5.99,012000203978
Coffee & Tea,Yachak Berry Blue Yerba Mate Energy Drink Can (16 oz),$4.99,012000207846
Coffee & Tea,STARBUCKS DOUBLESHOT CARAMEL,$5.99,012000221767
Coffee & Tea,Pure Leaf Extra Sweet Tea Bottle (18.5 oz),$3.99,012000286179
Coffee & Tea,PURE LEAF LEMON,$3.99,012000286186
Coffee & Tea,PURE LEAF SWEET TEA,$3.99,012000286193
Coffee & Tea,PURE LEAF UNSWEETENED,$3.99,012000286209
Coffee & Tea,Lipton Pure Leaf Raspberry,$3.99,012000286223
Coffee & Tea,BRISK PINK LEMONADE,$2.99,012000384196
Coffee & Tea,Lipton Brisk:Fruit Punch,$3.99,012000567490
Coffee & Tea,STARBUCKS VANILLA,$5.99,012000813313
Coffee & Tea,MONSTER LOCAMOCA 15,$5.99,070847812715
Coffee & Tea,monster killer  brew mean bean,$5.99,070847898405
Coffee & Tea,MONSTER KILLER BREW LOCA MOCA TRIPLE SHOT,$6.99,070847898436
Coffee & Tea,SNAPPLE HALF N HALF LEMONADE ZERO SUGAR,$3.99,076183000212
Coffee & Tea,SNAPPLE KIWI STRWBRY,$2.99,076183003107
Coffee & Tea,SNAPPLE PEACH TEA,$2.99,076183003114
Coffee & Tea,SNAPPLE MANGO MADNESS,$2.99,076183003121
Coffee & Tea,SNAPPLE PEACH TEA ZERO SUGAR,$2.99,076183003145
Coffee & Tea,snapple rasepberry,$2.99,076183003190
Coffee & Tea,SNAPPLE ELEMENTS RAIN,$2.99,076183008492
Coffee & Tea,SNAPPLE PINK LEMONADE,$3.99,076183077054
Coffee & Tea,SNAPLE PINK LEMONADE,$4.99,076183087954
Coffee & Tea,SNAPPLE PEACH TEA,$3.99,076183323564
Coffee & Tea,SNAPPLE KIWI STRAWBERRY,$3.99,076183323632
Coffee & Tea,Snapple Fruit Punch,$5.99,076183323724
Coffee & Tea,SNAPPLE APPLE,$3.99,076183328507
Coffee & Tea,SNAPPLE PEACH TEA LEMONADE,$2.99,076183475508
Coffee & Tea,BRISK FRUIT PUNCH,$2.99,098000100127
Coffee & Tea,PURE LEAF ZERO SUGER,$3.99,098000100356
Coffee & Tea,STARBUCKS COLD BREW VANILA SWEET CREAM,$4.99,098100100300
Coffee & Tea,TARA COFFEE SALTED DULCE DE LECHE,$4.99,198715078640
Coffee & Tea,TARA COFFEE VANILLA,$4.99,198715099539
Coffee & Tea,TARA COFFEE MOCHA,$4.99,198715525878
Coffee & Tea,ARZ-NA GREEN TEA NP 22OZ 24PK CN,$2.99,613008756420
Coffee & Tea,arizona sweet tea,$2.99,613008756437
Coffee & Tea,ARIZONA RX ENERGY HERBAL TONIC,$2.99,613008756444
Coffee & Tea,ARIZONA WATERMELON,$2.99,613008756451
Coffee & Tea,ARZ-NA AP ICED TEA 22OZ 24PK CN NP,$2.99,613008756468
Coffee & Tea,ARIZONA FRUIT PUNCH,$2.99,613008756475
Coffee & Tea,ARIZONA MUCHO MANGO,$2.99,613008756482
Coffee & Tea,ARIZONA ICED TEA LEMONADE,$2.99,613008756499
Coffee & Tea,ARIZONA KIWI STRAWBERRY,$2.99,613008769161
Coffee & Tea,arizona dragonfruit mango,$2.99,613008773014
Coffee & Tea,GUAYAKI YERBA MATE TROPICAL UPRISING 15.5 CAN,$4.99,632432000046
Coffee & Tea,GUAYAKI YERBA MATE PEACH REVIVAL 12/15.5 CAN,$4.99,632432000176
Coffee & Tea,YERBE MADRE BERRY LEMONADE,$4.99,632432000350
Coffee & Tea,YERBA MADRE ORGANIC BRAVO MANGO,$4.99,632432000688
Coffee & Tea,YERBA MADRE WATERMELODY,$4.99,632432001012
Coffee & Tea,Yerbe Mate strawberry kIWI,$4.99,632432001036
Coffee & Tea,YERBA MADRE BLUEPHORIA,$4.99,632432708775
Coffee & Tea,YERBA MADRE LEMON ELATION,$4.99,632432717777
Coffee & Tea,YERBA MADRE AWAKENING ORANGE,$4.99,632432728773
Coffee & Tea,YERBA MADRE REVEL BERRY,$4.99,632432737775
Coffee & Tea,YERBA MADRE ENLIGHTEN MINT,$4.99,632432757773
Coffee & Tea,BLACK RIFLE ESPRESSO MOCHA 11 OZ,$4.99,810019263224
Coffee & Tea,BLACK RIFLE ESPRESSO WITH CREAM,$5.99,810019263231
Coffee & Tea,SUPER COFFEE DOUBLE SHOT ESPRESSO,$4.99,810083070759
Coffee & Tea,SUPER COFFEE TRIPLE SHOT ESPRESSO BLACK,$4.99,810083070773
Coffee & Tea,sol-ti organic,$7.99,810131350222
Coffee & Tea,Pure Leaf Zero Sugar SweetTea,$3.99,825290599634
Coffee & Tea,Daytrip Pacific Peach Organic Yerba Mate,$4.99,850006399833
Coffee & Tea,Daytrip Raspberry Rush Organic Yerba Mate,$4.99,850006399840
Coffee & Tea,Daytrip Mendo Mint Organic Yerba Mate,$4.99,850006399857
Coffee & Tea,LIQUID DEATH REST IN PEACH,$3.99,850031700277
Coffee & Tea,COLD COFFEE,$6.99,850045887124
Coffee & Tea,modern time coffe,$5.99,850352005709
Coffee & Tea,Mather timecoffee,$5.99,850352005877
Coffee & Tea,sol-ti organic,$7.99,856852007038
Coffee & Tea,SIR INKWELLS YERBA MATE MEYER LEMON & MINT,$5.99,860006175061
Coffee & Tea,DIR INKWELLS YERBA MATE WILD BERRY & POMEGRANATE,$5.99,860006175085
Coffee & Tea,NESCAFÔøΩÔøΩÔøΩÔøΩÔøΩÔøΩÔøΩÔøΩÔøΩÔøΩÔøΩÔøΩ mocha,$5.99,6917878036847
Coffee & Tea,NescafÔøΩÔøΩÔøΩÔøΩÔøΩÔøΩÔøΩÔøΩÔøΩÔøΩÔøΩÔøΩ hazelnut,$5.99,6917878054766
CONDOMS,Magnum XL Condoms,$7.99,022600020158
CONDOMS,Magnum BARESKIN Condoms,$7.99,022600228882
CONDOMS,Trojan Condoms:Large Size Lubricated,$7.99,022600642039
CONDOMS,Trojan Condoms:Large Size Thin Ultrasmooth Lubricant,$8.99,022600646037
CONDOMS,Trojan Charged Orgasmic Pleasure Lubricant Condoms,$7.99,022600800101
CONDOMS,Trojan Condoms:Non-Lubricated,$7.99,022600920502
CONDOMS,Trojan Condoms:Ultra Thin Premium Lubricant,$8.99,022600926207
CONDOMS,TORJAN Ultra thin,$7.99,022600927204
CONDOMS,Trojan-Enz Lubricated Latex Condoms 3ct,$7.99,022600930501
CONDOMS,Trojan Condoms:Armor Spermicidal Lubricant,$7.99,022600931508
CONDOMS,Trojan Stimulations Ultra Ribbed Lubricated Latex Condoms 3ct,$7.99,022600940500
CONDOMS,Trojan Condoms:Ecstasy Stimulations Ultrasmooth Lubricant,$7.99,022600947219
CONDOMS,Trojan Pleasure Pack Lubricated Latex Condoms 3ct,$7.99,022600953210
CONDOMS,Trojan Charged Orgasmic Pleasure Lubricant Condoms,$7.99,022600957010
CONDOMS,Trojan Bareskin Latex Condoms - 3CT,$7.99,022600957058
CONDOMS,Trojan Fire & Ice Dual Action Lubricated Condoms 3 CT,$7.99,022600960034
CONDOMS,Trojan Condoms:Sensations Premium Lubricated,$7.99,022600973201
CONDOMS,BEE MAGNUM,$10.99,615200005207
CONDOMS,ROYAL HONEY VIP POUCH SS,$5.99,9555755800043
Drinks,AquaFina Water (1l),$2.99,012000001574
Drinks,Diet Pepsi Bottle (20 oz),$1.99,012000171956
Drinks,Aquafina 1.5L,$6.99,012000504044
Drinks,Pepsi Wild Cherry Can (16 oz),$3.99,012000809996
Drinks,Parrot Coconut Water (16.4 oz),$3.99,022652191448
Drinks,Minute Maid Lemonade Bottles (20 oz x 24 ct),$3.99,025000058011
Drinks,Ocean Spray Bottle (64 oz),$5.99,031200200310
Drinks,Dole Pineapple Juice Can (6 oz),$6.99,038900009472
Drinks,San Pellegrino Sparkling Water (750 ml),$1.99,041508800082
Drinks,Langers Apple Juice (64 oz),$5.99,041755001065
Drinks,Tropicana Orchard Style Apple Juice (12 oz),$3.99,048500017791
Drinks,Coca-Cola Cherry Can (12 oz),$3.99,049000000504
Drinks,Coke Zero Bottle (2 L),$1.99,049000006841
Drinks,Fanta Strawberry Bottle (20 oz),$3.99,049000026207
Drinks,Dasani Bottles (1 L),$8.99,049000031652
Drinks,Powerade Mountain Berry Blast Bottle (28 oz),$1.99,049000045659
Drinks,Coca-Cola Zero Cherry Bottle (20 oz),$3.99,049000047547
Drinks,Coca-Cola Bottle (1 L),$2.99,049000055375
Drinks,Powerade Lemon Lime Bottle (28 oz),$3.99,049000079371
Drinks,Powerade Fruit Punch Bottle (28 oz),$3.99,049000079388
Drinks,Powerade Strawberry Lemonade Bottle (28 oz),$3.99,049000079395
Drinks,Gatorade Lime Cucumber Bottle (20 oz),$2.99,052000132243
Drinks,Gatorade Cool Blue Bottle (28 oz),$2.99,052000324815
Drinks,Gatorade Fierce Fruit Punch Bottle (64 oz),$2.99,052000325850
Drinks,Gatorade Fruit Punch Bottle (24 oz),$2.99,052000328660
Drinks,Gatorade Thirst Quencher Lemon Lime (64 oz),$2.99,052000328684
Drinks,Gatorade G Fruit Punch Bottle (20 oz),$2.99,052000338751
Drinks,Gatorade G Lemon-Lime Bottle (20 oz),$2.99,052000338775
Drinks,Kern's Peach Nectar Can (11.5 oz),$1.99,053859201074
Drinks,Kern's Mango Nectar Can (11.5 oz),$0.99,053859201104
Drinks,Kern's Guava Nectar Can (11.5 oz),$1.99,053859201111
Drinks,Kern's Strawberry Banana Nectar Can (11.5 oz),$1.99,053859201180
Drinks,Monster Energy Drink Can (24 oz),$3.99,070847021520
Drinks,Monster Ultra Rosa Energy Drink Can (16 oz),$3.99,070847034643
Drinks,Monster Juice Papillon Energy Drink Can (16 oz),$3.99,070847036920
Drinks,Snapple Fruit Punch Bottle (16 oz),$1.99,076183003138
Drinks,Snapple Apple (32 oz),$1.99,076183168509
Drinks,Diet 7UP (2l),$3.99,078000000757
Drinks,Canada Dry 6 pack Bottles (10 oz),$1.99,078000001235
Drinks,Cactus Cooler Orange Pineapple Soda Cans (12 oz x 6 ct),$12.99,078000011623
Drinks,Diet 7-Up Can (12 oz x 12 ct),$12.99,078000011814
Drinks,Diet A & W Root Beer (20 oz),$3.99,078000053401
Drinks,Dr Pepper Bottles (12 oz x 12 ct),$1.99,078000082319
Drinks,Evian Natural Spring Water 1.5L,$4.99,079298000054
Drinks,Bundaberg Ginger Beer Bottle (12.7 oz),$14.99,079373000146
Drinks,Naked Juice Red Machine Bottle (15.2 oz),$6.99,082592726155
Drinks,Jarritos Mandarin Soda (12.5 oz),$3.99,090478216218
Drinks,Jarritos Sangria Senorial (11.2 oz),$2.99,090478321103
Drinks,Jarritos Tamarindo Soda (12.5 oz),$1.99,090478415024
Drinks,Eternal Water (2.5 L),$4.99,608883000010
Drinks,Eternal Bottle,$2.99,608883000027
Drinks,Red Bull Energy Drink - Peach Can (12 oz),$4.99,611269283105
Drinks,Red Bull Peach Edition Can (8.4 oz),$10.99,611269333602
Drinks,Red Bull The Blue Edition Can (8.4 oz),$10.99,611269402186
Drinks,AriZona RX Energy Herbal Tonic (23 oz),$1.99,613008718459
Drinks,Arizona Grapeade Can (23 oz),$1.99,613008719296
Drinks,"AriZona Fruit Juice Cocktail, Watermelon (23.5 oz)",$1.99,613008720209
Drinks,Arizona Watermelon Bottle (20 oz),$1.99,613008725778
Drinks,AriZona Strawberry Arnold Palmer Can (23 oz),$2.99,613008735302
Drinks,AriZona Kiwi Strawberry Can (23 oz),$1.99,613008735432
Drinks,Fiji Bottle (1.5 L),$5.99,632565000036
Drinks,Fiji Bottle (1 L),$4.99,632565000104
Drinks,Glaceau Vitamin Water Zero XXX - Acai-Blueberry-Pomegranate Bottle (20 oz),$3.99,786162002969
Drinks,Glaceau Vitamin Water Zero Squeezed - Lemonade Bottle (20 oz),$3.99,786162002976
Drinks,Glaceau Vitamin Water Zero Rise - Orange Bottle (20 oz),$3.99,786162002983
Drinks,Glaceau Vitamin Water Dragonfruit Bottle (32 oz),$2.99,786162003737
Drinks,Glaceau Vitamin Water Essential - Orange-Orange Bottle (20 oz),$3.99,786162040008
Drinks,Rockstar Sugar Free Energy Drink (16 oz),$3.99,818094000024
Drinks,Rockstar Zero Carb Energy Drink Can (16 oz),$3.99,818094000703
Drinks,Rockstar Pure Zero Punch Can (16 oz),$2.99,818094003087
Drinks,Rockstar Recovery Fruit Punch Energy Drink Can (16 oz),$3.99,818094005319
Drinks,Ito en Oi Ocha Green Tea Unsweetened Bottle (16.9 oz),$3.99,835143001047
Drinks,Kevita Master Brew Kombucha Raspberry Lemon Bottle (15.2 oz),$4.99,836093911035
Drinks,Olipop vintage cola,$3.99,850027702926
Drinks,DrinkAde Boost Berry Hangover Prevention Bottle (3.4 oz),$5.99,851426007162
Drinks,Core Hydration Purified Water (44 oz),$2.99,853004004020
Drinks,Kevita Master Brew Kombucha Ginger Bottle (15.2 oz),$6.99,853311003587
Drinks,Kevita Pineapple Peach Kombucha Bottle (15.2 oz),$6.99,853311003600
Drinks,Perfect Hydration Alkaline Electrolyte Enhanced Water (1 L),$3.99,857416006191
Drinks,Body Armor Super Drink Strawberry Banana Bottle (28 oz),$2.99,858176002065
Drinks,BODYARMOR Sports Drink Fruit Punch (28 oz),$3.99,858176002133
Drinks,Bodyarmor Sport Water (1 L),$3.99,858176002157
Drinks,Body Armor Super Drink Tropical Punch Bottle (16 oz),$3.99,858176002171
Drinks,Olipop Sparkling Tonic Classic Root Beer Can (12 oz),$3.99,860439001067
Drinks,Kitu Super Coffee Mocha Bottle (12 oz),$4.99,865891000153
Drinks,OKF Farmers Aloe Drink Pomegranate Bottle (16.9 oz),$2.99,884394007353
Drinks,Vita Coco Pineapple Bottles (16.9 oz),$4.99,898999011271
Energy & Sports Drinks,PHORM ENERGY SCREAMIN FREEDOM,$3.99,018200264801
Energy & Sports Drinks,PHORM ENERGY GRAPE SMASH,$3.99,018200264818
Energy & Sports Drinks,PHORM ENERGY BLUE BLITZ,$3.99,018200264825
Energy & Sports Drinks,PHORM ORANGE FURY,$3.99,018200264832
Energy & Sports Drinks,HARIBO FROGS,$4.99,042238723504
Energy & Sports Drinks,GATORADE ICY CHARGE  28 OZ8,$3.99,052000010282
Energy & Sports Drinks,GATORADE ARTIC BLICT 28 OZ,$3.99,052000010299
Energy & Sports Drinks,GATORADE ZERO LEMON LIME,$3.99,052000042313
Energy & Sports Drinks,GATORADE ZERO ORANGE,$3.99,052000042320
Energy & Sports Drinks,GATORADE FRUIT PUNCH,$3.99,052000042337
Energy & Sports Drinks,GATORADE GLACIER CHERRY ZERO,$3.99,052000042344
Energy & Sports Drinks,GATORADE ZERO BERRY,$3.99,052000043143
Energy & Sports Drinks,GATORADE LEMON LIME ZERO,$2.99,052000043174
Energy & Sports Drinks,GATORADE ORANGE ZERO,$2.99,052000043181
Energy & Sports Drinks,GATORADE GLACIER CHERRY ZERO,$2.99,052000043198
Energy & Sports Drinks,Gatorade Zero,$3.99,052000043273
Energy & Sports Drinks,GATORADE ZERO GLACIER FREEZE,$3.99,052000043280
Energy & Sports Drinks,GATORADEGALCIER FREEZE ZERO,$2.99,052000043334
Energy & Sports Drinks,GATORADE FRUIT PUNCH ZERO,$2.99,052000044263
Energy & Sports Drinks,GATORADE GRAPE ZERO,$2.99,052000044270
Energy & Sports Drinks,GATORADE ZERO COOL BLUE,$3.99,052000047042
Energy & Sports Drinks,GATORADE STRAWBERRY KIWI ZERO,$2.99,052000047059
Energy & Sports Drinks,GATORADE COOL BLUE ZERO,$2.99,052000047066
Energy & Sports Drinks,GATORADE LIME CUCUMBER,$2.99,052000047660
Energy & Sports Drinks,GATROLYTE ORANGE,$4.99,052000047905
Energy & Sports Drinks,GATROLYTE STRAWBERRY KIWI,$4.99,052000047912
Energy & Sports Drinks,Gatorlyte Rapid CHERRY LIME,$4.99,052000049008
Energy & Sports Drinks,GATORADE ZERO LIME CUCUMBER,$3.99,052000050288
Energy & Sports Drinks,GATORADE LIME CUCUMBER ZERO,$2.99,052000050295
Energy & Sports Drinks,GATORLYTE WATERMELON,$4.99,052000050622
Energy & Sports Drinks,GATORLYTE MIXED BERRY,$4.99,052000050820
Energy & Sports Drinks,GATORLYTE STRAWBERRY KIWI ZERO,$4.99,052000052855
Energy & Sports Drinks,GATORLYTE LEMON LIME ZERO,$4.99,052000052862
Energy & Sports Drinks,GATORLYTE LIME CUCUMBER,$4.99,052000052879
Energy & Sports Drinks,GATORLYTE GALCIER FREEZE,$4.99,052000054996
Energy & Sports Drinks,GATORADE LIGHTNING BLAST,$3.99,052000057980
Energy & Sports Drinks,GATORADE MIDNIGHT ICE,$3.99,052000058024
Energy & Sports Drinks,GATORADE FRUIT PUNCH,$3.99,052000063400
Energy & Sports Drinks,GATORADE LEMON LIME ORANGE,$3.99,052000063424
Energy & Sports Drinks,GATORLYTE COCONUT,$4.99,052000066081
Energy & Sports Drinks,GATORADE,$3.99,052000067750
Energy & Sports Drinks,GATORADE,$3.99,052000067774
Energy & Sports Drinks,GATORADE,$3.99,052000067798
Energy & Sports Drinks,GATORADE,$3.99,052000067811
Energy & Sports Drinks,Gatorade Frost Glacier Cherry Bottle (28 oz),$3.99,052000102390
Energy & Sports Drinks,GATORADE GLACIER CHERRY,$3.99,052000102413
Energy & Sports Drinks,GATORADE GLACIER CHERRY 20FLOZ,$2.99,052000102451
Energy & Sports Drinks,Gatorade G Series Blue Cherry,$3.99,052000104103
Energy & Sports Drinks,GATORADE APPLE 28 OZ,$3.99,052000104110
Energy & Sports Drinks,GATORADE LIME CUCUMBER,$3.99,052000135084
Energy & Sports Drinks,GATORADE FRUIT PUNCH,$3.99,052000135138
Energy & Sports Drinks,GATORADE ORANGE,$3.99,052000135145
Energy & Sports Drinks,GATORADE LEMON LIME,$3.99,052000135152
Energy & Sports Drinks,GATORADE GRAPE 28 OZ,$3.99,052000135169
Energy & Sports Drinks,GATORADE COOL BLUE,$3.99,052000135176
Energy & Sports Drinks,GATORADE GLACIAR FREEZE,$3.99,052000135190
Energy & Sports Drinks,Gatorade Fierce Strawberry,$3.99,052000135282
Energy & Sports Drinks,GATORADE LEMON LIME 20 OZ,$2.99,052000208054
Energy & Sports Drinks,GATOADE FRUIT PUNCH,$2.99,052000208061
Energy & Sports Drinks,GATORADE ORANGE,$2.99,052000208078
Energy & Sports Drinks,GATORADE GLACIER FREEZE 20FLOZ,$2.99,052000208085
Energy & Sports Drinks,GATORADE GRAPE 20 OZ,$2.99,052000208429
Energy & Sports Drinks,GATORADE COOL BLUE 20FL OZ,$2.99,052000208443
Energy & Sports Drinks,GATORADE FRUIT PUNCH SPORT,$4.99,052000241211
Energy & Sports Drinks,GATORADE SPORT COOL BLUE 24 OZ,$4.99,052000241235
Energy & Sports Drinks,WHIPPED LIGHT CREAM REDDI WIP,$9.99,070272491363
Energy & Sports Drinks,Monster Energy Absolutely Zero,$3.99,070847000037
Energy & Sports Drinks,Monster Energy Zero Ultra,$3.99,070847012474
Energy & Sports Drinks,Monster Energy Zero Ultra,$6.99,070847017707
Energy & Sports Drinks,Monster Energy Ultra Sunrise,$3.99,070847020905
Energy & Sports Drinks,Monster Pipeline Punch Can (16 oz),$3.99,070847022909
Energy & Sports Drinks,Monster Ultra Violet,$3.99,070847027324
Energy & Sports Drinks,monter juice mango loco,$3.99,070847029014
Energy & Sports Drinks,MONSTER ENERGY PEACH KEEN,$3.99,070847029427
Energy & Sports Drinks,MONS  PAC PUN,$3.99,070847031918
Energy & Sports Drinks,monster ultra paradise,$3.99,070847033080
Energy & Sports Drinks,Monster fiesta,$3.99,070847034629
Energy & Sports Drinks,Monster WATERMELON,$3.99,070847037989
Energy & Sports Drinks,Monster Energy Drink,$3.99,070847811169
Energy & Sports Drinks,Monster Energy:Low Carb,$6.99,070847811213
Energy & Sports Drinks,Monster:24 Oz Primary Mega,$6.99,070847811244
Energy & Sports Drinks,Monster Energy Low Carb,$3.99,070847811268
Energy & Sports Drinks,MONSTER ZERO SUGAR ULTRA STRAWBERRY DREAMS,$3.99,070847891857
Energy & Sports Drinks,MONSTER RIO PUNCH,$3.99,070847896159
Energy & Sports Drinks,MONSTER ZERO SUGAR ULTRA FANTASY RUBY RED,$3.99,070847896180
Energy & Sports Drinks,MONSTER PEACHES N CREAME,$3.99,070847896272
Energy & Sports Drinks,MONSTER ULTRA VICE GUAVA,$3.99,070847898146
Energy & Sports Drinks,MONSTER BLUE HAWAIIAN,$3.99,070847898245
Energy & Sports Drinks,MONSTER ENERGY VIKING BERRY,$3.99,070847898320
Energy & Sports Drinks,MONSTER ZERO SUGAR BIG CAN,$6.99,070847898375
Energy & Sports Drinks,MONSTER ZERO SUGAR ULTRA WILD PASSION,$3.99,070847899488
Energy & Sports Drinks,mONSTER bAD aPPLE,$3.99,070847899563
Energy & Sports Drinks,MONSTER LANDO NORRIS,$3.99,070847900207
Energy & Sports Drinks,SNAK CLUB GUMMY BEARS,$5.99,087076219062
Energy & Sports Drinks,ADVIL LIQUID GEL,$4.99,366715975232
Energy & Sports Drinks,UNCHIE RELAX KAVA SELTZER,$7.99,601754220463
Energy & Sports Drinks,BANG COTTON CANDY,$3.99,610764000316
Energy & Sports Drinks,bang,$4.99,610764863638
Energy & Sports Drinks,BANG PEACH & MANGO,$3.99,610764863812
Energy & Sports Drinks,REDBULL AMBER,$3.99,611269001280
Energy & Sports Drinks,RED BULL AMBER STRAWBERRY APRICOT,$4.99,611269001303
Energy & Sports Drinks,REDBULL SEA BLUE,$3.99,611269001624
Energy & Sports Drinks,REDBULL SEA BLUE,$4.99,611269001648
Energy & Sports Drinks,RED BULL ICED VANILLA BERRY,$5.99,611269001846
Energy & Sports Drinks,RED BULL ICED VANILLA BERRY,$3.99,611269001860
Energy & Sports Drinks,RED BULL GREEN CURUBA,$4.99,611269001921
Energy & Sports Drinks,REDBULL GREEN EDITION,$3.99,611269001945
Energy & Sports Drinks,12 pk RedBull,$32.99,611269002003
Energy & Sports Drinks,REDBULL RED EDITION (WATERMELON),$3.99,611269002034
Energy & Sports Drinks,REDBULL RED WATERMELON,$4.99,611269002065
Energy & Sports Drinks,REDBULL AMBER EDITION SUGAR FREE,$3.99,611269002126
Energy & Sports Drinks,REDBULL,$3.99,611269002249
Energy & Sports Drinks,RED BULL,$4.99,611269002263
Energy & Sports Drinks,RED BULL ICED VANILLA BERRY SUGAR FREE,$4.99,611269002447
Energy & Sports Drinks,RED BULLICED VANILLA BERRY SUGAR FREE,$3.99,611269002461
Energy & Sports Drinks,Redbull the beach,$3.99,611269002683
Energy & Sports Drinks,redbull white peach 12 oz,$5.99,611269002706
Energy & Sports Drinks,Red bull,$3.99,611269002751
Energy & Sports Drinks,Red bull,$4.99,611269002768
Energy & Sports Drinks,Red bul gingr fuji apple,$3.99,611269002843
Energy & Sports Drinks,Redbull Winter Fuji Apple 12 oz,$5.99,611269002867
Energy & Sports Drinks,Red bull fuji apple suger free,$3.99,611269002928
Energy & Sports Drinks,Redbull Winter Fuji Apple 12 oz,$5.99,611269002935
Energy & Sports Drinks,REDBULL PINK EDITION SUGARFREE,$3.99,611269003024
Energy & Sports Drinks,REDBULL PINK EDITION SUGAR FREE,$4.99,611269003048
Energy & Sports Drinks,RED BULL WILD BERRIES,$3.99,611269003109
Energy & Sports Drinks,REDBULL PINK EDITION (WILD BERRY),$4.99,611269003123
Energy & Sports Drinks,RED BULL CHERRY SAKURA,$3.99,611269003789
Energy & Sports Drinks,RED BULL CHERRY SAKURA,$5.99,611269003802
Energy & Sports Drinks,RED BULL  CHERRY SAKURA SUGER FREE,$3.99,611269003840
Energy & Sports Drinks,RED BULL CHERRY SAKURA SUGER FREE,$5.99,611269003864
Energy & Sports Drinks,RED BULL SUGAR FREE,$3.99,611269101713
Energy & Sports Drinks,Red Bull Energy Drink with Taurine,$13.99,611269108026
Energy & Sports Drinks,REDBULL YELLOW TROPICAL,$4.99,611269113570
Energy & Sports Drinks,RED BULL 20,$7.99,611269133448
Energy & Sports Drinks,Red Bull Sugar Free Energy Drink,$7.99,611269133455
Energy & Sports Drinks,RED BULL YELLOW,$3.99,611269163452
Energy & Sports Drinks,REDBULL BLUEBERRY,$4.99,611269182460
Energy & Sports Drinks,RED BULL BLUEBERRY,$3.99,611269235685
Energy & Sports Drinks,RED BULL COCONUT,$3.99,611269281361
Energy & Sports Drinks,Redbul Coco/Bry 12oz,$4.99,611269321210
Energy & Sports Drinks,RED BULL RED EDITION,$3.99,611269331240
Energy & Sports Drinks,RED BULL RED WATERMELON,$4.99,611269332827
Energy & Sports Drinks,Red Bull:Energy Drink,$32.99,611269426724
Energy & Sports Drinks,RED BULL ENERGY,$6.99,611269546019
Energy & Sports Drinks,RED BULL SUGAR FREE 16,$6.99,611269546026
Energy & Sports Drinks,Red Bull Total Zero Energy Drink,$3.99,611269623727
Energy & Sports Drinks,RED BULL ZERO,$4.99,611269623734
Energy & Sports Drinks,RED BULL SUGAR FREE,$4.99,611269716467
Energy & Sports Drinks,RED BULL ORIGINAL,$4.99,611269818994
Energy & Sports Drinks,RED BULL ORIGINAL,$3.99,611269991000
Energy & Sports Drinks,UNDO HANGOVER PERVENTION,$2.99,699838622265
Energy & Sports Drinks,5 HOUR ENERGY TRANSSFUSION,$4.99,719410186005
Energy & Sports Drinks,5HOUR ENERGY BERRY,$4.99,719410500016
Energy & Sports Drinks,5 HOUR EXTRA BERRY,$4.99,719410700010
Energy & Sports Drinks,5-Hour Extra Strength Energy Grape Flavor,$4.99,719410720018
Energy & Sports Drinks,5 HOUR ENERGY HAWAIIAN BREEEZE,$4.99,719410739003
Energy & Sports Drinks,5HOUR EXTRA BLUE RAZ,$4.99,719410760014
Energy & Sports Drinks,5 HOUR ENERGY TIDAL TWIST,$4.99,719410776008
Energy & Sports Drinks,5 HOUR ENERGY TROPICAL BURST,$4.99,719410785000
Energy & Sports Drinks,Pollo Campero/ Salsa/ Ketchup,$7.99,725272730706
Energy & Sports Drinks,Vitaminwater Refresh Tropical Mango,$3.99,786162004857
Energy & Sports Drinks,VITAMIN WATER DRAGONFRUIT,$3.99,786162010001
Energy & Sports Drinks,VITAMINWATER KIWI-STRAWBERRY,$3.99,786162070005
Energy & Sports Drinks,VITAMIN WATER  TROPICAL CITRUS ENERGY,$3.99,786162080004
Energy & Sports Drinks,VITAMIN WATER BLUEBERRY POMEGRANATE  XXX,$3.99,786162150004
Energy & Sports Drinks,ENERGY GHOST SOUR PATCH REDBERRY,$4.99,810028293298
Energy & Sports Drinks,GHOST ENERGY SOUR PATCH BLUE,$4.99,810028295988
Energy & Sports Drinks,ghost sour patch blue raspberry,$4.99,810028296015
Energy & Sports Drinks,ghost swedish fish,$4.99,810028297739
Energy & Sports Drinks,GHOST ENERGY CHERRY LIMEADE,$4.99,810028298941
Energy & Sports Drinks,ALA COSMIC STARDUST 12 OZ 1/24 CAN,$4.99,810030510024
Energy & Sports Drinks,ALMIN,$4.99,810030510154
Energy & Sports Drinks,Alani breezberry,$4.99,810030511052
Energy & Sports Drinks,ALA CHERRY SLUSH 12 OZ 1/24 CAN,$4.99,810030512257
Energy & Sports Drinks,ALA JUICY PEACH,$4.99,810030513827
Energy & Sports Drinks,ALA DREAM FLOAT 12 OZ 1/24 CAN,$4.99,810030514077
Energy & Sports Drinks,ALA PINK SLUSH 12 OZ  CAN,$4.99,810030518501
Energy & Sports Drinks,ALANI NU EINTER WONDERLAND,$4.99,810030519119
Energy & Sports Drinks,GHOST ENERGY WARHEADS BLACK CHERRY 16 oz CAN,$4.99,810085816898
Energy & Sports Drinks,GHOST AMERICA POP,$4.99,810085819097
Energy & Sports Drinks,GHOST ENERGY SOUR PINK LEMONADE,$4.99,810128520065
Energy & Sports Drinks,GHOST WELCHES GRAPES,$4.99,810128528191
Energy & Sports Drinks,GHOST PEACHES,$4.99,810128529853
Energy & Sports Drinks,BLACK RIFLE energy zero sugar,$4.99,810140157621
Energy & Sports Drinks,KAVAA TROPICAL CHILL,$10.99,810149700422
Energy & Sports Drinks,ghost straebango,$4.99,810169600023
Energy & Sports Drinks,CHOST WELCHS GRAPE - CRAN,$4.99,810169603383
Energy & Sports Drinks,GHSTE,$4.99,810169603703
Energy & Sports Drinks,ALANI LIME SLUSH,$4.99,810175041650
Energy & Sports Drinks,ALANI CHERRY BOMB,$4.99,810175041698
Energy & Sports Drinks,BUCKED UP BLOOD RAZ,$3.99,811374035587
Energy & Sports Drinks,BUCKED UP MANGO TANGO,$3.99,811374035631
Energy & Sports Drinks,BUCKED UP ROCKET POP,$3.99,811374035655
Energy & Sports Drinks,BUCKED UP MIAMI,$3.99,811374037369
Energy & Sports Drinks,BUCK SHOT,$3.99,811374037468
Energy & Sports Drinks,BUCKED UP SOUR BUCKS,$3.99,811374039691
Energy & Sports Drinks,BUCKED UP WHITE GUMMY DEER,$3.99,811374039707
Energy & Sports Drinks,NOS High Perfomance Energy Drink,$4.99,815154020008
Energy & Sports Drinks,NOS High Performance Energy Drink,$6.99,815154020077
Energy & Sports Drinks,reign reinbow,$4.99,815154021418
Energy & Sports Drinks,reign razzle berry,$4.99,815154021661
Energy & Sports Drinks,Reign total body fuel orange dreamcicle,$4.99,815154021906
Energy & Sports Drinks,Reign Cherry Limeade 16oz Can,$4.99,815154023405
Energy & Sports Drinks,Reign tropical storem,$4.99,815154024822
Energy & Sports Drinks,REIGN SOUR GUMMY,$4.99,815154025973
Energy & Sports Drinks,REIGN WHITE HAZE,$4.99,815154026772
Energy & Sports Drinks,ROCKSTAR FRUIT PUNCH,$3.99,818094005746
Energy & Sports Drinks,ROCKSTAR SUGAR FREE 16OZ,$3.99,818094005753
Energy & Sports Drinks,ROCKSTAR ZERO CARB SUSTAIN 16 OZ,$3.99,818094005760
Energy & Sports Drinks,ROCKSTAR ORIGINAL,$3.99,818094005777
Energy & Sports Drinks,ROCKSTAR LEMONADE,$3.99,818094005784
Energy & Sports Drinks,ROCKSTAR RECOVERY ORANGENADE,$3.99,818094005791
Energy & Sports Drinks,ROCKSTAR SILVER ICE,$3.99,818094005807
Energy & Sports Drinks,ROCKSTAR PURE ZERO FRUIT PUNCH,$3.99,818094005814
Energy & Sports Drinks,BAJA LIME MARGARITA,$3.99,833302009163
Energy & Sports Drinks,C4 STRWBERRY,$4.99,842595106572
Energy & Sports Drinks,C4 FROZEN BOMBSICL,$4.99,842595106596
Energy & Sports Drinks,C4 STRABERRY BLAST,$4.99,842595121759
Energy & Sports Drinks,C4 COSMIC RAINBOW,$4.99,842595121766
Energy & Sports Drinks,c4,$4.99,842595133608
Energy & Sports Drinks,C 4 GREEN APPLE,$4.99,842595134971
Energy & Sports Drinks,Bloom peach mango,$3.99,842595135077
Energy & Sports Drinks,BLOOM RASPBERRY LEMON,$3.99,842595135084
Energy & Sports Drinks,BLOOM,$3.99,842595135091
Energy & Sports Drinks,C4 ULTIMATE ENERGY,$4.99,842595135534
Energy & Sports Drinks,BLOOM JUICY ORANGE,$3.99,842595136616
Energy & Sports Drinks,C4,$4.99,842595139266
Energy & Sports Drinks,C 4 PRF MNGFGO,$4.99,842595139310
Energy & Sports Drinks,NOCCO BCAA BLOOD ORANGE,$3.99,850000429499
Energy & Sports Drinks,LOTUS PLANT PINK,$3.99,850004884676
Energy & Sports Drinks,LOTUS BLUE,$3.99,850004884683
Energy & Sports Drinks,LOTUS  PURPLE,$3.99,850004884706
Energy & Sports Drinks,LOTUS PLANT  RED,$3.99,850004884713
Energy & Sports Drinks,MORNING RECOPVERY,$6.99,850037600045
Energy & Sports Drinks,KAnva,$10.99,850041279411
Energy & Sports Drinks,SPYLT STRAWBERRY MILK 20 G P[ROTEIN,$4.99,850045887063
Energy & Sports Drinks,NOCCO BCAA CHERRY BERRT,$3.99,850054108593
Energy & Sports Drinks,EL JEFE  ENERGY DIABLO PUNCH 12/16 CAN,$3.99,850068724048
Energy & Sports Drinks,KETONE-IQ PEACH,$5.99,850632006747
Energy & Sports Drinks,KETONE-IQ,$4.99,850632006846
Energy & Sports Drinks,KETONE-IQ RASPERRY LEMONADE,$4.99,850632006907
Energy & Sports Drinks,CELSIUS BLUE CRUSH,$4.99,852480007112
Energy & Sports Drinks,WATERMELON ICE,$4.99,852480007273
Energy & Sports Drinks,CELCIUS CHERRY LIMEADE,$4.99,852480007822
Energy & Sports Drinks,BANG RAINBOW UNICORN 16 OZ,$4.99,852480007860
Energy & Sports Drinks,BANG RAINBOW UNICORN 16 OZ,$4.99,852480007884
Energy & Sports Drinks,CELSIUS MANGO TANGO,$3.99,852480007907
Energy & Sports Drinks,WET HYDRATION WATERMELON LIME,$3.99,860003679708
Energy & Sports Drinks,MADWOMAN ESPRESSO MARTINI,$14.99,860012378401
Energy & Sports Drinks,MORNING RECOVERY,$6.99,864515000449
Energy & Sports Drinks,MORNING RECOVERY SUGAR FREE,$6.99,864515000494
Energy & Sports Drinks,Electrolito grape,$4.99,887725000009
Energy & Sports Drinks,ELECTROLIT STAWBERRY,$4.99,887725000030
Energy & Sports Drinks,Electrolit Electrolyte Hydration & Recovery Coconut Bottle (16 oz),$4.99,887725000047
Energy & Sports Drinks,Electrolit Electrolyte Beverage Orange Bottle (21 oz),$4.99,887725000054
Energy & Sports Drinks,Electrolic LEMON LIME,$4.99,887725000061
Energy & Sports Drinks,Electrolit STRAWBERRY KIWI,$4.99,887725000252
Energy & Sports Drinks,ELECTOLITE JAMAICA,$4.99,887725000412
Energy & Sports Drinks,ELECTROLIT  PASSION FRUIT,$4.99,887725000429
Energy & Sports Drinks,ELECTROLIT BERRY BLISS,$4.99,887725000436
Energy & Sports Drinks,ELECTROLIT FRUIT PUNCH,$4.99,887725000450
Energy & Sports Drinks,ELECTROLITE CUCUMBER  LIME,$4.99,887725000979
Energy & Sports Drinks,ELECTROLIT BLUE RASPBERRY ZERO,$4.99,887725001280
Energy & Sports Drinks,ELECTOLITE STRAWBERRY BANANA,$4.99,887725001297
Energy & Sports Drinks,ELECTROLIT BLUE RASPBERRY,$4.99,887725001303
Energy & Sports Drinks,ELECTROLIT MANGO,$4.99,887725001365
Energy & Sports Drinks,elEctolite green apple,$4.99,887725001778
Energy & Sports Drinks,ELECTROLIT WATERMELON LIME,$4.99,887725001808
Energy & Sports Drinks,ELECTROLIT PINK GARPEFRUIT,$4.99,887725001815
Energy & Sports Drinks,ELECTROLIT BEVERAGE,$4.99,887725002416
Energy & Sports Drinks,CELSIUS ORANGE,$3.99,889392000313
Energy & Sports Drinks,CELSIUS WILD BERRY,$3.99,889392000320
Energy & Sports Drinks,CELSIUS FANTASY VIBE,$3.99,889392000597
Energy & Sports Drinks,CELSIUS GREEN APPLE CHERRY,$3.99,889392000863
Energy & Sports Drinks,CELSIUS OASIS VIBE,$3.99,889392000900
Energy & Sports Drinks,CELSIUS GRAPE RUSH,$3.99,889392000917
Energy & Sports Drinks,CELSIUS SMALL PACK,$2.99,889392001242
Energy & Sports Drinks,CELSIUS WATERMELON 12OZ,$3.99,889392001303
Energy & Sports Drinks,CELSIUS GALAXY VIBE,$3.99,889392001327
Energy & Sports Drinks,CELSIUS ARSTO VIBE,$3.99,889392001341
Energy & Sports Drinks,CELSIUS BLUE RAZZ LEMONADE,$3.99,889392001396
Energy & Sports Drinks,CELSIUS KIWI STRAWBERRY,$3.99,889392001549
Energy & Sports Drinks,CELSIUS WATERMELON LEMONADE,$3.99,889392001563
Energy & Sports Drinks,CELSIUS CHERRY COLA,$3.99,889392001709
Energy & Sports Drinks,CELCIUS RETRO VIBE,$3.99,889392001723
Energy & Sports Drinks,CELCIUS PLAYA VIBE,$3.99,889392001747
Energy & Sports Drinks,CELSIUS ORANGE,$3.99,889392001761
Energy & Sports Drinks,CELCIUS MANGO LEMONADE,$3.99,889392001785
Energy & Sports Drinks,Celsius pink lemonade,$3.99,889392002355
Energy & Sports Drinks,CELSIUS DRAGON FRUIT LIME,$3.99,889392002379
Energy & Sports Drinks,CELSIUS SPRITZ VIBE,$3.99,889392002393
Energy & Sports Drinks,CELSIUS WATERMELON,$3.99,889392003628
Energy & Sports Drinks,CELSIUS PEACH MANGO,$3.99,889392010015
Energy & Sports Drinks,CELSIUS KIWI GUAVA,$3.99,889392010145
Energy & Sports Drinks,CELSIUS APPLE PEAR 12OZ,$3.99,889392010176
Energy & Sports Drinks,CELSIUS PEACH VIDE,$3.99,889392010190
Energy & Sports Drinks,CELSIUS TROPICAL VIBE,$3.99,889392021394
Energy & Sports Drinks,CELSIUS ARCTIC VIBE,$3.99,889392021417
Energy & Sports Drinks,CELSIUS MANGO PASSIONFRUIT,$3.99,889392021431
Energy & Sports Drinks,CELSIUS BERRY,$2.99,889392080049
Energy & Sports Drinks,TAIWAN MONSTER ENERGY EXTRA STRENGTH,$6.99,4897036691021
EXOTIC DRINKS,FANTA GRAPE,$5.99,4902102035378
EXOTIC DRINKS,PEPSI LEMON,$6.99,6906907571374
EXOTIC DRINKS,RED BULL,$6.99,6920202866737
EXOTIC DRINKS,PEPSI,$5.99,6922858201399
EXOTIC DRINKS,fant grape,$6.99,6928804010800
EXOTIC DRINKS,COCA COLA VANILLA,$6.99,6928804011111
EXOTIC DRINKS,Exhotic fanta apple,$5.99,6928804011456
EXOTIC DRINKS,FANTA STRAWBERRY,$6.99,6928804011586
EXOTIC DRINKS,COCA COLA FIBER ZERO SUGAR,$6.99,6928804016970
EXOTIC DRINKS,fanta jasmine peach,$6.99,6928804019414
EXOTIC DRINKS,COCA COLA ZERO VANILLA,$6.99,6928804021578
EXOTIC DRINKS,COCA COLA PEACH,$6.99,6928804022537
EXOTIC DRINKS,COKE,$6.99,6928804024173
EXOTIC DRINKS,FANTA PEACH,$5.99,6928804025248
EXOTIC DRINKS,sprite sugar free EXOTIC,$6.99,6928804025934
EXOTIC DRINKS,RED BULL,$6.99,6970640429988
EXOTIC DRINKS,REDBULL,$6.99,6974183555999
EXOTIC DRINKS,RED BULL PASSION FRUIT,$6.99,6974183556668
EXOTIC DRINKS,REDBULL,$7.99,8850228000083
EXOTIC DRINKS,RED BULL EXTRA,$6.99,8850228000281
EXOTIC DRINKS,REDBULL,$6.99,8850228003046
EXOTIC DRINKS,RED BULL  GRAPE APPLE,$6.99,8850228007716
EXOTIC DRINKS,RED BULL BLUEBERRY,$6.99,8850228008171
FEES,YOGURT 6OZ,$1.99,070910008281
FEES,YOGURT 6OZ,$1.99,070910082205
FEES,FEE1,$1.99,074570082025
FEES,HUMM MANGO PASSION,$4.99,853736005548
Fish Bait,Fish Bait,$10.99,499973370119
Frozen,Strawberry Shortcake,$4.99,041000054143
Frozen,Reese's Peanut Butter Cup,$4.99,041000214899
Frozen,Nestle Dibs Crunch Bite Sized Frozen Dairy Dessert Snacks (4 oz),$5.99,041548825533
Frozen,Snickers Ice Cream Bar,$4.99,047677482487
Frozen,BLUE BUNNY BIG BOPPER SANDWICH,$5.99,070640020522
Frozen,Haagen-Dazs:Vanilla,$9.99,074570004003
Frozen,Haagen-Dazs Vanilla Milk Chocolate Ice Cream Bar (2 oz),$4.99,074570013104
Frozen,Haagen-Dazs:Vanilla & Milk Chocolate,$5.99,074570016006
Frozen,Haagen-Dazs Vanilla Milk Chocolate Almond Ice Cream (32 oz),$4.99,074570033102
Frozen,"Haagen-Dazs:Ice Cream, Rum Raisin",$9.99,074570044009
Frozen,Haagen-Dazs Vanilla Swiss Almond Ice Cream (14 oz),$9.99,074570094004
Frozen,Haagen-Dazs Butter Pecan Ice Cream (14 oz),$9.99,074570114009
Frozen,Haagen-Dazs Coffee Almond Crunch Ice Cream Bar (3.67 oz),$5.99,074570146000
Frozen,HAAGEN - DAZS,$9.99,074570305445
Frozen,Haagen-Dazs Mango Ice Cream (14 oz),$9.99,074570462032
Frozen,Haagen-Dazs Vanilla Chocolate Chip (14 oz),$9.99,074570524006
Frozen,Haagen-Dazs Cherry Vanilla Ice Cream (14 oz),$9.99,074570534005
Frozen,HAAGEN - DAZS,$9.99,074570606863
Frozen,HAGN DAZS LEMON,$9.99,074570615322
Frozen,Haagen-Dazs:White Chocolate Raspberry Truffle,$9.99,074570650309
Frozen,Haagen-Dazs Green Tea Ice Cream (14 oz),$9.99,074570651405
Frozen,Ice cream,$9.99,074570876594
Frozen,Haagen-Dazs Pistachio Ice Cream (14 oz),$10.99,074570950034
Frozen,Haagen-Dazs Chocolate Peanut Butter Ice Cream (14 oz),$9.99,074570950157
Frozen,Klondike Original Ice Cream Bars (2 oz),$5.99,075856001105
Frozen,KL Giant Original Bar,$3.99,075856011470
Frozen,KL Cookie&Cr  Sandwich,$3.99,075856055399
Frozen,ND Chocolate Chip Cookie Dough,$9.99,076840001743
Frozen,B&J Cookie Dough Chunks,$9.99,076840002306
Frozen,Gimme Smore Pint,$8.99,076840002351
Frozen,Ben & Jerry's Peanut Butter Half Baked Ice Cream (16 oz),$9.99,076840002368
Frozen,Netflix & Chill  PT,$8.99,076840002542
Frozen,Topp'd Chocol Caramel Cookie,$8.99,076840003037
Frozen,Topped Salted Caramel Brownie,$8.99,076840003051
Frozen,PB Over the topped,$8.99,076840003068
Frozen,Topped Dirt Cake Pint,$8.99,076840003549
Frozen,Topped Choc Milk & Cookies,$8.99,076840003556
Frozen,Topp'd Raspberry Cheesecake,$8.99,076840003563
Frozen,ND Oatmeal Dream Pie,$9.99,076840003839
Frozen,Benan jerrys,$9.99,076840003860
Frozen,BJ Milk & Cookies,$8.99,076840076574
Frozen,Mint Chocolate Cookie,$8.99,076840100040
Frozen,Coffee Heath Bar Crunch,$8.99,076840100118
Frozen,Chubby Hubby,$8.99,076840100125
Frozen,NY Super Fdg Chunk,$8.99,076840100149
Frozen,Cherry Garcia,$8.99,076840100156
Frozen,Chunky Monkey,$8.99,076840100354
Frozen,Chocolate Fdg Brownie,$8.99,076840100477
Frozen,Chocolate Chip Cookie Dough,$8.99,076840100583
Frozen,Peanut Butter Cup,$8.99,076840100811
Frozen,Phish Food,$8.99,076840100989
Frozen,Pistachio Pistachio,$8.99,076840101184
Frozen,BJ Half Baked,$8.99,076840101320
Frozen,Everything But The,$8.99,076840101344
Frozen,Karamel Sutra,$8.99,076840101542
Frozen,Americone Dream,$8.99,076840102075
Frozen,Chocolate Therapy,$8.99,076840220311
Frozen,Coffee Coffee BuzzBuzzBuzz,$8.99,076840298617
Frozen,Salted Caramel,$8.99,076840363957
Frozen,B&J Vanilla,$8.99,076840400058
Frozen,B&J Vanilla Caramel Fdg Swirl,$8.99,076840400072
Frozen,BJ Strawberry Cheesecake,$8.99,076840400218
Frozen,Boom Chocolatta! Cookie,$8.99,076840462858
Frozen,Tonight Dough w/ Jimmy Fallon,$8.99,076840485116
Frozen,Brownie Batter Core Pint,$8.99,076840529872
Frozen,ND Choc Fudge Brownie,$9.99,076840580743
Frozen,Ben & Jerry's Coffee Caramel Fudge Non-Dairy (16 oz),$8.99,076840580774
Frozen,GH Cookie & Cream Cone,$4.99,077567000972
Frozen,PS Spiderman,$3.99,077567002846
Frozen,Sponge Bob Face,$3.99,077567002853
Frozen,Reese's PB Stick,$4.99,077567003454
Frozen,Giant Vanilla Sandwich,$3.99,077567003935
Frozen,Magnum Raspberry,$4.99,077567003980
Frozen,BREYERS SMORES,$8.99,077567004178
Frozen,Hershey Smores,$4.99,077567004239
Frozen,BREYERS STRAWBERRY SHORTCAKE,$8.99,077567004796
Frozen,BREYERS CREAMSICLE,$8.99,077567004819
Frozen,KL Mrs Fields Cookie Sand,$5.99,077567004895
Frozen,Giant King Cone- Van&Choc,$4.99,077567008220
Frozen,GH Cookies & Cream,$4.99,077567028747
Frozen,Magnum Almond,$4.99,077567132819
Frozen,Magnum Dbl Caramel,$4.99,077567132826
Frozen,Talenti Caramel Cookie Crunch,$9.99,186852000334
Frozen,Talenti Mediterranean Mint,$9.99,186852000365
Frozen,Talenti Pacific Coast Pistacho,$9.99,186852000372
Frozen,Talenti Gelato Southern Butter Pecan,$9.99,186852000600
Frozen,Talenti Roman Raspberry,$9.99,186852000822
Frozen,Talenti Mango Sorbet,$9.99,186852000846
Frozen,Talenti Layers Van Fudge Cooki,$10.99,186852001072
Frozen,Talenti Layer Salted Carm Truf,$13.99,186852001096
Frozen,Talenti Confetti Cookie Layers,$13.99,186852001423
Frozen,Talenti Confetti Cookie Layers,$10.99,0186852001423
Frozen,Helados Mexico Coco-Coconut Premium Ice Cream Bars (4 oz),$1.99,682082100610
Frozen,Yasso Mint,$4.99,850001974004
Frozen,ICE CREAM,$8.99,6911308117861
Frozen,GRABE ICE CREAM EXHOTIC,$8.99,6911308117885
Frozen,PEACH EXHOTIC ICECREAM,$8.99,6911308118240
Frozen,PEACH EXHOTICK,$8.99,6943090420065
Frozen,MANGO EXCHOTICK,$8.99,6943090420430
Frozen,lemon exotic icecream,$8.99,6943090420577
Frozen,EXHOTIC ICECREAM,$8.99,6943090420904
Frozen,exhoticn ice  cream,$8.99,6943090421178
Frozen,GRABE ICE CREAM,$8.99,6974320512892
Frozen,Mango,$8.99,6974320512915
Frozen,straBERRY ICECREAM,$8.99,6974320513028
Frozen,LYCHEE ICE CREAM,$8.99,6974320513295
Frozen,CARROT ICE CREAM,$8.99,6974333807985
Frozen,CHICKEN ICECREAM,$8.99,6974333808586
GIFT CARDS,ASTRIK CARDS,$4.99,738435459390
GIFT CARDS,GIFT BAGS,$2.99,790979170872
GIFT CARDS,GIFT BAGS,$3.99,790979171039
GIFT CARDS,GIFT BAGS,$2.99,790979172883
GIFT CARDS,GIFT BAG,$2.99,790979174320
GIFT CARDS,GIFT BAG,$2.99,790979179813
Grocery,SMARTIES,$2.99,40345123
Grocery,delet,$0.99,75050054
Grocery,Pica limon,$0.99,75050061
Grocery,Nutella Ferrero Hazelnut Spread With Cocoa,$7.99,009800802203
Grocery,Nutella,$9.99,009800895007
Grocery,Tabasco Original Flavor (2 oz),$4.99,011210000018
Grocery,TABASCO PEPPER SAUCE,$9.99,011210001350
Grocery,Tabasco Green Pepper Sauce,$4.99,011210009714
Grocery,1.2.3. VEGTBL OIL 16.91 OZ,$5.99,012005000091
Grocery,SALSA HUICHOL,$2.99,012957100016
Grocery,Heinz Tomato Ketchup,$6.99,013000001243
Grocery,Heinz Sweet Relish,$5.99,013000006293
Grocery,REAL LIME 8 OZ,$3.99,014800582048
Grocery,REALEMON LEMON JUICE,$1.99,014800582154
Grocery,REAL LEMON 8 OZ,$3.99,014800582215
Grocery,ReaLemon Lemon Juice Bottle (8 oz),$2.99,014800582239
Grocery,C&H CANE SUGAR 1LB,$6.99,015800030119
Grocery,Lucky Charms:with Marshmallows,$3.99,016000141568
Grocery,CHEERIOS 1.3 OZ,$3.99,016000141599
Grocery,NATURE VALLEY OATS 1.49  OZ,$1.99,016000264694
Grocery,Nature Valley Peanut Butter,$2.99,016000264793
Grocery,MAHATMA LG RICE 2LBS,$7.99,017400106751
Grocery,SUE BEE PREMIUM PURE HONEY,$8.99,018700000022
Grocery,OREO 4 COOKIES,$2.99,019320001987
Grocery,Oreo Cookies 2 ct,$1.99,019320015403
Grocery,LORNA DOONE,$1.99,019320015441
Grocery,KRAFT EASY MAC 2.05 OZ,$3.99,021000010875
Grocery,Kraft:Original,$3.99,021000028092
Grocery,KRAFT ORIGINAL BBQ SAUCE,$5.99,021000052288
Grocery,Kraft Original Macaroni & Cheese Dinner Box (7.25 oz),$2.99,021000658831
Grocery,Parrot Rice,$6.99,022652196498
Grocery,"Pedigree Adult Dog Food (Roasted Chicken, Rice & Vegetable Flavor) 3.5lb",$18.99,023100103631
Grocery,Twang:Lemon-Lime,$3.99,023604231014
Grocery,Lime salt,$2.99,023604231076
Grocery,BEER SALT,$2.99,023604231281
Grocery,Del Monte Fresh Cut Whole Kernel Corn (15.3 oz),$2.99,024000163022
Grocery,Little Debbie:Oatmeal Cream Pies,$17.99,024300041013
Grocery,Tuong Ot Sriracha (17 oz),$17.99,024463061163
Grocery,Morton Salt,$5.99,024600010511
Grocery,Morton Mc Cormick Iodized Salt & Pepper,$6.99,024600010986
Grocery,FOLGERS CLASSIC ROAST MEDIUM,$13.99,025500304014
Grocery,Hunt's Tomato Ketchup (20 oz),$2.99,027000382493
Grocery,HUNTS TOMATO SAUCE 8 OZ,$2.99,027000390054
Grocery,KEEBLER FUDGE STRIPES MINIS,$0.99,027800063165
Grocery,KEEBLER CHIPS DELUXE MINIS M&M'S,$2.99,027800072723
Grocery,SUGAR WAFER VANILLA,$4.99,027800073560
Grocery,SUGAR WAFERS STRAW,$4.99,027800073577
Grocery,SUGAR WAFERS CHOCLATE,$4.99,027800073836
Grocery,"MOTHER,S COOKIES",$1.99,027800100068
Grocery,KEEBLER FUDGE STRIPES BUTTER BEER MINIS,$1.99,027800157192
Grocery,Nescafe Clasico Dark Roast Instant Coffee (12 oz),$6.99,028000466312
Grocery,Nescafe Clasico,$6.99,028000467012
Grocery,Nescafe Clasico Instant Coffee (3.5 oz),$10.99,028000469429
Grocery,Sabritas Turbos Flamas Flavored Corn Snacks (4 oz),$3.99,028400019354
Grocery,Doritos Flamas Flavored Tortilla Chips (2.75 oz),$4.99,028400031325
Grocery,Doritos Salsa Verde Flavored Tortilla Chips (2.75 oz),$4.99,028400038676
Grocery,Spitz Sunflower Seeds Cracked Pepper (6 oz),$4.99,028400096720
Grocery,Funyuns (6 oz),$2.99,028400282048
Grocery,"Doritos Tortilla Chips, Flamin' Hot Limon (2.75 oz)",$2.99,028400306980
Grocery,Ruffles Cheddar & Sour Cream Flavored Potato Chips (2.5 oz),$2.99,028400324427
Grocery,Doritos Cool Ranch Flavored Tortilla Chips (2.75 oz),$2.99,028400325042
Grocery,Doritos Spicy Nacho Flavored Tortilla Chips (2.75 oz),$3.99,028400325080
Grocery,Doritos Tortilla Chips Flamin' Hot Nacho (2.75 oz),$2.99,028400325226
Grocery,Fritos Flavor Twists Honey BBQ (10 oz),$2.99,028400327282
Grocery,Fritos Flavor Twists Honey BBQ Flavored Corn Chips (3.5 oz),$2.99,028400327299
Grocery,Fritos Original Corn Chips (3.5 oz),$2.99,028400327305
Grocery,Cheetos Crunchy Xxtra Flamin' Hot (3.25 oz),$2.99,028400329460
Grocery,Cheetos Crunchy Flamin' Hot Limon (3.25 oz),$2.99,028400329507
Grocery,Funyuns Onion Flavored Rings Flamin' Hot Flavored 2.125 ( oz),$2.99,028400331609
Grocery,Lay's Chile Limon Flavored Potato Chips (2.625 oz),$2.99,028400420686
Grocery,Doritos Nacho Cheese Flavored Tortilla Chips (2.75 oz),$2.99,028400420730
Grocery,Ruffles Flamin' Hot Flavored Potato Chips (2.5 oz),$2.99,028400515733
Grocery,Doritos Spicy Nacho Bag (9.25 oz),$6.99,028400516471
Grocery,SPAGHETTI NO 8 1 LB,$4.99,029243050085
Grocery,ALLEGRA MACARONI 1 LB,$4.99,029243050351
Grocery,PEARL MILLING ORIGINAL SYRUP,$6.99,030000659809
Grocery,Keebler:Cheese & Peanut Butter - Snack Pack,$1.99,030100125150
Grocery,KEEBLER T&PB 1.8 OZ,$1.99,030100125181
Grocery,KEEBLER CHEDDAR 1.8 OZ,$1.99,030100125211
Grocery,PROVOLONE CHEESE SNACKING ROLLS,$3.99,031142008500
Grocery,NONGSHIM CHICKEN BOWL NOODLES 3.03 OZ,$3.99,031146007622
Grocery,TONKOTSU RAMEN,$5.99,031146053414
Grocery,Nongshim Shin Ramyun Spicy Beef Ramen Noodle Soup (3.03 oz),$1.99,031146150601
Grocery,BOWL NOODLE Hot & Spicy 3.03oz,$3.99,031146250103
Grocery,Nong Shim:Spicy Kimchi,$3.99,031146250301
Grocery,"Nong Shim:Noodle Soup, Shin Bowl, Gourmet Spicy",$3.99,031146262441
Grocery,Nongshim Bowl Noodle Soup Spicy Chicken (3 oz),$2.99,031146262571
Grocery,Nong Shim:Spicy Shrimp,$3.99,031146262748
Grocery,SWEET SERENITY CHOCOLATE CHIP BITE SIZE COOKIES,$2.99,031535599615
Grocery,Arm & Hammer Pure Baking Soda (1 lb),$2.99,033200011101
Grocery,A&H BAKING SODA 8 OZ,$3.99,033200011309
Grocery,Hershey's:Genuine Chocolate Flavor Syrup,$8.99,034000003129
Grocery,Hershey's:Strawberry Syrup,$7.99,034000003181
Grocery,Colgate Extra Clean Toothbrush,$3.99,035000555007
Grocery,SNACK CRACKERS BISCUITS SALES,$7.99,035549944003
Grocery,HONEY GRAHAM CRACKERS,$6.99,035549985198
Grocery,APPLE DANISH,$4.99,035751111064
Grocery,Salt Water Deep Sea Fishing Lure Butterfly Jig,$4.99,035751111125
Grocery,CHEESE CROISSAN,$4.99,035751111132
Grocery,BLUEBERRY CREAM,$4.99,035751111149
Grocery,BON APPETIT BANANA BREAD 4 OZ,$3.99,035751114256
Grocery,BON APPETIT,$3.99,035751114270
Grocery,BON APPETIT BANANA BREAD 4 OZ,$3.99,035751114294
Grocery,Bon Appetit:Cheese Coffee Cake,$3.99,035751114300
Grocery,RAGU TRADITION SAUCE 24 OZ,$7.99,036200002506
Grocery,RAGUNB MUSHROOM SAUCE 23.9 OZ,$6.99,036200003503
Grocery,ChapStick Cherry,$2.99,036600813719
Grocery,ChapStick Strawberry,$2.99,036600814013
Grocery,ChapStick Lip Moisturizer,$3.99,036600828010
Grocery,Skippy Creamy Peanut Butter Jar (16.3 oz),$6.99,037600110754
Grocery,Spam:25% Less Sodium,$6.99,037600115445
Grocery,SPAM CLASSIC 12 OZ,$7.99,037600138727
Grocery,POP TARTS CHOCOLATE CHIPS 3.3 OZ,$2.99,038000019210
Grocery,RAISIN BRAIN 2.8 OZ CRUNCH,$2.99,038000116308
Grocery,Pringles Original Potato Chips (5.2 oz),$4.99,038000138416
Grocery,Pringles Sour Cream & Onion (5.5 oz),$4.99,038000138430
Grocery,Pringles Pizza,$4.99,038000138638
Grocery,Pringles BBQ Potato Chips (5.5 oz),$4.99,038000183713
Grocery,PRINGLES BBQ,$2.99,038000183737
Grocery,CORN POPS 0.95 OZ,$2.99,038000219474
Grocery,RICE KRISPIES RAINBOW 2.1 OZ,$3.99,038000264481
Grocery,RICEKRISES,$2.99,038000280733
Grocery,NUTRI GRAIN 10 G PROTEIN 2.2 OZ,$3.99,038000296093
Grocery,POP TART STBROWNIE CRUNCH 2.1 OZ,$3.99,038000296154
Grocery,POP TARTS BROWNIE CRUNCH 2.1 OZ,$3.99,038000299315
Grocery,POP TARTS STRAWBERRY CRUNCH 2.1 OZ,$3.99,038000299360
Grocery,RICEKRISPIES MEGA SIZE,$3.99,038000302503
Grocery,RICE KRISPIES CHOCOLATE PEANUT BUTTER,$2.99,038000303166
Grocery,PRINGLES,$4.99,038000304989
Grocery,PRINGLES HOT ONES,$4.99,038000305009
Grocery,POP TART BLUEBERRY 3.3  OZ,$2.99,038000310317
Grocery,POP TART BRWN SUGAR CINAMON 3.3 OZ `,$2.99,038000311314
Grocery,Kellogg's Pop Tarts Frosted Strawberry,$2.99,038000317316
Grocery,Kellogg's Pop Tarts:Frosted Cherry,$2.99,038000318405
Grocery,NUTRI GRAIN APPLE,$1.99,038000356216
Grocery,NUTNI GRAIN BLUEBERRY,$1.99,038000357213
Grocery,NUTRI GRAIN RASPBERY 1.3 OZ,$1.99,038000358210
Grocery,NUTRI-GRAIN,$1.99,038000359217
Grocery,POP TARTS SMORES 3.3 OZ,$2.99,038000581717
Grocery,RICE KRISPIES DOUBLE CHOCLATE CHUNK 3 OZ,$3.99,038000590955
Grocery,RICEKRISPIES TREAT ORIGINAL 2.2 OZ,$3.99,038000590993
Grocery,FROOT LOOPS 1.5 OZ,$2.99,038000635304
Grocery,RICE KRISPIES ORIGINAL 1.3 OZ,$2.99,038000765414
Grocery,TAPATIO PICKLE,$4.99,038200000162
Grocery,Van Holten's Big Papa Hearty Dill Pickle (2 oz),$2.99,038200000902
Grocery,Van Holten's Hot Mama:One Sassy Pickle,$6.99,038200000926
Grocery,PICKLE IN-A POUCH,$6.99,038200001008
Grocery,Libby's: Vienna Sausage,$2.99,039000086639
Grocery,Island Snacks Japanese Peanuts (6 oz),$4.99,040129200585
Grocery,LIPTON TEA BAGS 20 BAGS TEA,$4.99,041000002854
Grocery,"Rolaids Extra Strength Antacid Tablets, Mint 10ct",$1.99,041167100158
Grocery,"Rolaids Extra Strength Antacid Tablets, Fruit 10ct",$2.99,041167100240
Grocery,RIPE OLIVES LARGE,$5.99,041303003107
Grocery,MANZANILLA OLIVES,$5.99,041303010808
Grocery,Essential Everyday Maraschino Cherries,$4.99,041303017302
Grocery,EE EX VIRGN OLIVE OIL,$17.99,041303017807
Grocery,Wishbone Ranch Dressing,$4.99,041321005701
Grocery,Wish-Bone Ranch Dressing (12 oz),$6.99,041321005756
Grocery,"Duracell Batteries, Alkaline, AAA - 4 CT",$6.99,041333844015
Grocery,KIKKOMAN SOY SAUCE 5,$2.99,041390000010
Grocery,KIKKOMAN TERIYAKI 5,$1.99,041390000041
Grocery,French's Classic Yellow (8 oz),$2.99,041500000251
Grocery,FRENCH'S CLASSIC YELLOW MUSTARD,$4.99,041500007007
Grocery,Maruchan instant lunch lime chili,$2.99,041789001154
Grocery,MARUCHAN INSTANT LUNCH CHICKEN FLAVOR,$2.99,041789001215
Grocery,MARUCHAN INSTANT LUNCH BEEF,$2.99,041789001222
Grocery,MARUCHAN INSTANT LUNCH WITH SHRIMP,$2.99,041789001253
Grocery,Maruchan Instant Lunch:Hot & Spicy Beef,$1.99,041789001420
Grocery,Maruchan Instant Lunch Hot & Spicy Chicken Flavor Ramen Noodle Soup,$2.99,041789001437
Grocery,Maruchan Instant Lunch:Hot & Spicy with Shrimp041789001253,$3.99,041789001444
Grocery,MARUCHAN RAMEN NOODLE SOUPE CHICKEN,$1.99,041789002113
Grocery,MARUCHAN RAMEN NOODLE SOUP,$1.99,041789002120
Grocery,MARUCHAN RAMEN NOODLE SOUPE SHRIMP,$1.99,041789002175
Grocery,MARUCHAN RICE BOWL MEXICAN RICE 4.02 OZ,$4.99,041789008320
Grocery,RITZ  PENUT BUTTER 1.38 OZ,$1.99,044000002107
Grocery,Nabisco Ritz:W/Real Cheese Single Serve,$1.99,044000002114
Grocery,PREMIUM SALTINE 4 OZ ORIGINAL,$5.99,044000003821
Grocery,OREO 5.2 OZ.,$5.99,044000007492
Grocery,BELVITA BLUEBERRY,$2.99,044000028282
Grocery,CHIP AHOY CHUNKY 4OZ,$3.99,044000029548
Grocery,BELVITA CNMN BR SUGR 1.76 OZ,$2.99,044000031930
Grocery,CHIPS AHOYS ORG 13OZ,$10.99,044000032197
Grocery,RITZ CRACKERS 3.4 OZ,$5.99,044000034245
Grocery,Nutter Butter Peanut Butter Cookies,$3.99,044000036584
Grocery,Nabisco: Fig Newtons,$2.99,044000037444
Grocery,NUTTER BUTTER 1.9 OZ,$2.99,044000037451
Grocery,BELIVITA SANDWICH CHOCOLATE,$2.99,044000040703
Grocery,NEWTONS SOFT&CHEWY FIG,$5.99,044000042257
Grocery,LORNA DOONE 4.5 OZ,$4.99,044000042509
Grocery,CHIPS AHOY 1.55 OZ,$2.99,044000043148
Grocery,Golden Oreo Cookies 2 ct,$1.99,044000045432
Grocery,OREO 2.4 OZ,$2.99,044000047009
Grocery,Golden Oreo Mini,$4.99,044000052317
Grocery,BELVITA SNACK PACKS BLUE BERRY,$1.99,044000055837
Grocery,BELVITA SNACK PACKS CHOCOLATE,$1.99,044000055844
Grocery,BELVITA SNACK PACK,$1.99,044000055851
Grocery,CHIPS AHOY ORIGINAL 3.75 OZ,$3.99,044000056940
Grocery,OREO,$6.99,044000060114
Grocery,OREO GOLDEN DOUBLE STUF,$13.99,044000060244
Grocery,OREO MINT FAMILY SIZE,$13.99,044000060268
Grocery,OREO CHOCOLATE,$13.99,044000060633
Grocery,OREO DOUBLE STUFF 1OZ,$1.99,044000060718
Grocery,OREOCAKESTERS,$4.99,044000069919
Grocery,CHIP AHOY CHOCLATEY CARAMEL 2.5 OZ,$3.99,044000080150
Grocery,CHIP AHOY BIG CHEW 2.5 OZ,$3.99,044000080174
Grocery,CHIP AHOY CHOCLATEY BROWNIE,$3.99,044000080198
Grocery,GOLDEN OREO CAKESTERS,$4.99,044000080594
Grocery,OREO BIGSIZE 8 COUNT,$4.99,044000082116
Grocery,OREO GOLDEN DOUBLE STUF,$4.99,044000082147
Grocery,Rosarita Traditional Refried Beans Can (16 oz),$2.99,044300106321
Grocery,Lunchables FUN PACK,$7.99,044700006771
Grocery,LANCHABLES,$6.99,044700103203
Grocery,SWEETN LOW ZERO CALORIE 1.75 OZ,$4.99,044800001010
Grocery,Sweet 'N Low Sweetener (1.75 oz),$3.99,044800001027
Grocery,RITZ BALANCED BREAKS CHEESE & CRACKERS,$4.99,046100353530
Grocery,BALANCED BREAKS CHEESE & CRACKERS,$4.99,046100354056
Grocery,Best Foods Real Mayonnaise (15 oz),$5.99,048001213517
Grocery,BEST FOODS REAL MAYONNAISE,$6.99,048001353565
Grocery,LOLLI CHOMPERS,$2.99,048014011216
Grocery,Cholula:Original,$6.99,049733091015
Grocery,NESTLE COFFEE MATE THE ORIGINAL,$9.99,050000301621
Grocery,NESTLE COFFEE MATE HAZELNUT,$10.99,050000314744
Grocery,Coffee-mate:Coconut Crème,$10.99,050000886807
Grocery,Campbell's Condensed Chicken Noodle Soup (10.8 oz),$2.99,051000012517
Grocery,SMUCKER'S SQUEEZE GRAPE JELLY,$6.99,051500057117
Grocery,SMUCKER'S SQUEEZE STRAWBERRY JELLY,$7.99,051500057223
Grocery,Jif:Creamy,$6.99,051500255162
Grocery,JIF EXTRA CHUNKY 16,$6.99,051500255377
Grocery,Chef Boyardee Lasagna,$4.99,064144043040
Grocery,Chef Boyardee Beef Ravioli,$4.99,064144043156
Grocery,Chef Boyardee Spaghetti & Meatballs,$4.99,064144043224
Grocery,OLIVE OIL PROMPIEN 8 OZ,$16.99,070404000050
Grocery,SPICE FARM GROUND BLACK PEPPER,$4.99,070506002389
Grocery,NISSIN TOP RAMEN CHICKEN,$1.99,070662010037
Grocery,Nissin Cup Noodles with Shrimp (2.25 oz),$1.99,070662030028
Grocery,Nissin:Teriyaki Beef Flavor,$5.99,070662087237
Grocery,NISSIN TERYAKI CHICKEN 4 OZ,$3.99,070662087299
Grocery,"Mezzetta:Imported Cocktail Onions, Sweet & Crisp",$10.99,073214001071
Grocery,BERETTA ITALIAN STYLE SMALL PLATE,$6.99,073541740766
Grocery,"Bicycle Playing Cards, Standard",$5.99,073854008089
Grocery,POLAR PANCAKE SYRUP,$3.99,074027506296
Grocery,HOT DOG BUNS,$10.99,074323002218
Grocery,Bimbo Pecan Mini Muffins,$4.99,074323010619
Grocery,BIMBO CAKE CAS 9 0Z,$5.99,074323010855
Grocery,Marinela Pastitas Butter Flavored Cookies,$4.99,074323051568
Grocery,BIMBO BREAD BLANCO 1 LB,$8.99,074323091021
Grocery,BIMBO BIMBUNUELOS 2.33 OZ,$3.99,074323091045
Grocery,Bimbo Sugared Donuts,$4.99,074323091137
Grocery,BIMBO BREAD WHEAT LARGE,$8.99,074323091151
Grocery,BIMBO MINI MANTECADAS,$3.99,074323091229
Grocery,Bimbo Vanilla Fine Pastry,$4.99,074323091458
Grocery,CUERNITOS 3.53 OZ,$4.99,074323091571
Grocery,Bimbo Cinnamon Rolls with Raisins,$4.99,074323091656
Grocery,BIMBO DORADITAS 3.88 OZ,$3.99,074323091731
Grocery,BIMBO CAKE PASA 9 OZ,$5.99,074323091823
Grocery,BIMBO POUND CAKE 9.88 OZ,$5.99,074323091830
Grocery,POLVORONES ORANGE 9.88 OZ,$4.99,074323092066
Grocery,MARINELA PRICIP LIME FILLING,$2.99,074323093001
Grocery,Sweet Baked Goods:Principe Sandwich 8 Ct,$4.99,074323093988
Grocery,BIMBO STRAWBERRY,$3.99,074323094381
Grocery,BIMBO REBANADAS 3.88 OZ,$3.99,074323094596
Grocery,BIMBO GANSITO CHOPCOLATEY,$4.99,074323095012
Grocery,Napolitano 1,$4.99,074323095104
Grocery,BIMBO PASTITAS BUTTER,$3.99,074323095135
Grocery,Marinela Sponch Marshmallow Cookies,$3.99,074323095234
Grocery,BIMBO PINGUINOS CHOCOLATEY  2.82 OZ,$3.99,074323095357
Grocery,CINNAS CINNAMON COOKIES 8.82 OZ,$4.99,074323095524
Grocery,Sweet Baked Goods:Submarinos Strawberry 2 Ct,$4.99,074323095852
Grocery,BIMBO Nito DUO,$4.99,074323099751
Grocery,TRIKIS TRAKES COOKIES CHOCOLATE CHIP 7.23 OZ,$4.99,074323729887
Grocery,HUMBERGER BUNS 1 LB,$10.99,074323732351
Grocery,DANISH PUFF PATRY,$4.99,074323737714
Grocery,BIMBO MINI MAFFINS 4.4 OZ,$3.99,074323737912
Grocery,Bimbo Pecan Mini Muffins,$4.99,074323737967
Grocery,MARINELA CINNAS CAKE,$4.99,074323739206
Grocery,PINGUINOS HERSHEYS,$4.99,074323739374
Grocery,Cacique Ranchero Queso Fresco Part Skim Milk Cheese (12 oz),$4.99,074562001003
Grocery,WEDGE LEMON JUICE 4,$2.99,075324000111
Grocery,WEDGE LIME JUICE 4,$2.99,075324000142
Grocery,ACT II BUTTER 2.75 oz,$3.99,076150232233
Grocery,Act Il Butter Lovers Microwave Popcorn,$2.99,076150232486
Grocery,Act II Pop Corn,$3.99,076150232493
Grocery,LOACKER HAZELNUT 45 GR,$2.99,076580160175
Grocery,LOACKER CHOCOLATE WAFER,$2.99,076580160182
Grocery,LOACKER VANILLA 45G,$2.99,076580160526
Grocery,Tapatio (5 oz),$2.99,077885710614
Grocery,TAPATIO HOT SAUCE,$5.99,077885882007
Grocery,Rock View 2% Reduced Fat Milk (1.89 L),$2.99,078255001554
Grocery,STARKIST TUNA OIL 4 OZ,$3.99,080000006745
Grocery,Kettle Potato Chips Sea Salt (5 oz),$4.99,084114009975
Grocery,KIRKLAND ORGANIC WHOLE MILK,$7.99,096619056583
Grocery,UNSALTED SWEET CREAM BUTTERE,$6.99,096619414000
Grocery,VALENTINA MEXICAN HOT SAUCE,$3.99,097339000054
Grocery,RED ROOSTER LOUISIANA HOT SAUCE,$3.99,190298000292
Grocery,BUL DAK SPICY RAMEN,$5.99,192699001342
Grocery,BULDAK SPICY RAMEN TACO,$5.99,192699001588
Grocery,KIRKLAND REAL HEAVY WHIPPED CREAM,$9.99,196633953117
Grocery,"Vaseline Petroleum Jelly, 100% Pure, Original",$6.99,305212352009
Grocery,Advil Ibuprofen 24ct 200mg Coated Tablets,$8.99,305730160209
Grocery,"Bayer Aspirin, 325 mg Coated Tablets - 24 CT",$7.99,312843555365
Grocery,Nyquil Nighttime Relief Cold & Flu (8 oz),$17.99,323900014251
Grocery,Pickle SWEET RELISH,$3.99,428466120481
Grocery,KRAFT MARSHMALLOWS,$4.99,600699003285
Grocery,Tajin Fruit With Lime Seasoning,$6.99,633148100013
Grocery,Tajin,$1.99,633148100068
Grocery,TAJIN CLASIC,$6.99,633148599305
Grocery,Zulka:Pure Cane Sugar,$4.99,661440000014
Grocery,Clear Eyes Handy Pocket Pal Redness Relief Eye Drops (0.2 oz),$4.99,678112254187
Grocery,CREMAX WAFER,$4.99,686700000061
Grocery,MARIAS COOKIES 4.9 OZ,$3.99,686700101249
Grocery,NONNIS,$1.99,718604971397
Grocery,LA's Totally Awesome All Purpose Concentrated Cleaner (32 oz),$5.99,722429320100
Grocery,AMOR CHAMOY MILD SAUCE,$4.99,724836088161
Grocery,PULPARINDO TAMARINDO SQUEEZE,$5.99,725226006116
Grocery,PULPARINDO SQUEEZE MANGO,$5.99,725226006123
Grocery,Chamoy pickle,$10.99,730742104789
Grocery,Stuffed Green Olives,$4.99,753519900353
Grocery,TAPATIO RAMEN NOODLE SOUP Chicken  3.88 OZ,$4.99,780707102343
Grocery,TAPATIO BIRRIA,$5.99,780707105498
Grocery,TAPATIO RAMEN NOODLE SOUP 3.88 OZ,$4.99,780707105771
Grocery,TAPATIO RAMEN NOODLE SOUP chili lime shrimp  3.88 OZ,$4.99,780707105788
Grocery,DUBAI CHOCOLATE CONES,$14.99,794711014660
Grocery,El Yucateco Red Chile Habanero Hot Sauce (4 oz),$3.99,816493010019
Grocery,DUBAI CHOCOLATE,$21.99,850035602744
Grocery,SENSATIONAL DESIGNER PLATE 125 CT,$17.99,850047323309
Grocery,DORA DIP N GO,$3.99,850049855266
Grocery,MR.COFFEE FILTERS,$3.99,850067000822
Grocery,Kettle Potato Chips Sea Salt & Vinegar (5 oz),$3.99,850668000832
Grocery,BAJA 2 OZ,$3.99,856542004200
Grocery,BAJA 2 OZ,$2.99,856542004217
Grocery,baja chamoy,$5.99,856542004477
Grocery,DUBAI ROYALE CHOCOLATE,$21.99,860013806125
Grocery,Arachi Japanese Style Peanuts,$1.99,878631000498
Grocery,ARACHI JAPANESE PENUTS,$1.99,878631003260
Grocery,HOSTES CUPCAKES,$4.99,888109010010
Grocery,HOSTES DING DONG 2.55 OZ,$4.99,888109010027
Grocery,HOSTESS ZINGERS CHOCO,$4.99,888109010058
Grocery,HOSTES RASBERRYT ZINGERS,$4.99,888109010089
Grocery,HOSTESS TWINKIES,$3.99,888109010102
Grocery,Hostess Honey Bun Jumbo Glazed (4.75 oz),$2.99,888109010171
Grocery,jumbo donettes 2 donuts4 OZ,$3.99,888109012168
Grocery,HOSTESS DONETTS FROSTED 3 OZ,$4.99,888109050023
Grocery,HOSTESS FROSTED DONT,$4.99,888109050030
Grocery,DONUT POWDER 3 OZ,$4.99,888109050047
Grocery,HOSTESS CRUNCH,$3.99,888109050054
Grocery,HOSTESS DONETTES 3.7 OZ,$4.99,888109050061
Grocery,FRUIT PIE,$4.99,888109060015
Grocery,HOSTESS ZINGERS CH,$4.99,888109250171
Grocery,HOSTESS HONEY BUN 4 OZ,$4.99,888109253097
Grocery,HOSTESS HONEY BUN ICED 4 OZ,$3.99,888109253134
Grocery,HOSTESS MEGA MUFFIN D CHOCOLATE,$3.99,888109253691
Grocery,HOSTESS MEGA MUFFIN,$4.99,888109253738
Grocery,HOSTESS MEGA MUFFIN BANANA,$3.99,888109253790
Grocery,HOSTRS CHOCOLATE TWINKIES,$3.99,888109257651
Grocery,DUBAI CHOCOLATE,$10.99,895296001134
Grocery,CIOTTO HASELNUSS,$10.99,4008400122625
Grocery,MILKYWAY BISCUITS,$6.99,5056357904923
Grocery,TWIX SECRET CENTRE  BISCUITS,$6.99,5056357915226
Grocery,TUC PAPRIKA,$3.99,5410041435900
Grocery,LOTUS BISCOFF,$3.99,5410126006049
Grocery,BISCOFF MILK CHOCLATE 150 G,$6.99,5410126006353
Grocery,BISCOFF CREAM 15 G,$6.99,5410126006360
Grocery,BISCOFF MILK CHOCLATE 150 G,$6.99,5410126006377
Grocery,TUC FLAVOUR CHEESE,$3.99,5998711388928
Grocery,PICCADELI VANILLA DELIGHT,$3.99,6291003075384
Grocery,PICCADELI STRAWBERRY WAFER,$3.99,6291003075391
Grocery,EXOTIC OREO,$5.99,6901668936332
Grocery,NESTLE CARNATION CLAVEL,$4.99,7501058611062
Grocery,OREO REMIX TIRAMISU & VANILLA FLAVOUR,$4.99,7622201389215
Grocery,OREO RE MIX RASPBERRY,$4.99,7622201505059
Grocery,OREO STRAWBERRY CHEESECAKE,$4.99,7622210633354
Grocery,OREO CHOCO BROWNIE,$4.99,7622210836687
Grocery,KINDER HAPPY HIPPO,$8.99,8000500423523
Grocery,KINDER HAPPY HIPPO,$8.99,8000500423530
Grocery,KUTLU CIKOLTA MANGO &PASSION FRUIT,$7.99,8680679360388
Grocery,LABOOMBO CARAMEL,$8.99,8682665829589
Grocery,DUBAI CHOCOLATE,$2.99,8684568302121
Grocery,ULKER OLALA SFFLE CK,$4.99,8690504080893
Grocery,DUBAI CHOCOLATE,$21.99,8697288520980
Grocery,BULDAK ORIGINAL  RAMEN,$5.99,8801073110502
Grocery,SMYNG HT CHKN RAMEN,$3.99,8801073113312
Grocery,SYMNG 2X SPICY CHKN,$3.99,8801073113428
Grocery,BUDLAK CARBONIRA,$5.99,8801073113893
Grocery,BULDAk RAMEN HABANERO LIME,$5.99,8801073115514
Grocery,BULDAK ARTIFICIAL ORIGINAL SPICY CHICKEN 3.88 OZ,$5.99,8801073210363
Grocery,BULDAK SPICY CHICKEN SAMYANG   2.47 OZ,$3.99,8801073210776
Grocery,BULDAK ARTIFICIAL SPICY CHICKEN *2 sPICY  3.88 OZ,$5.99,8801073211216
Grocery,BULDAK ARTIFICIAL SPICY CHICKEN 3.88 OZ,$5.99,8801073211506
Grocery,BULDAK SPICY CHICKEN CARBONARA 2.47 OZ,$3.99,8801073211667
Grocery,BULDAK  SPICY CHICKEN,$5.99,8801073212763
Grocery,BULDAK SPICY CHICKEN AND HABANERO LIME 3.88 OZ,$5.99,8801073215863
Grocery,BULDAK HOT SAUCE ORIGINAL 7.05 OZ,$7.99,8801073411388
Grocery,BULDAK HOT SAUCE 7.05 OZ CARBONARA,$7.99,8801073411432
Household,Febreze Air Hawaiian Aloha Air Freshener (8.8 oz),$4.99,037000962601
Household,Kingsford Match Light Charcoal (4 lb),$8.99,044600304854
Household,Banana Boat Sport Sunscreen Clear Spf 50 (8 oz),$14.99,079656031867
Household,Panda Soft & Strong Toilet Paper (4 ct),$5.99,183689001350
Ice,Zip Bags,$3.99,499973370089
Ice,Cup of ice,$2.99,499973370096
Ice,Arctic Glacier Ice - Premium,$4.99,074608350072
Ice,Big ICE,$7.99,499973370003
Ice,SMALL ICE,$4.99,499973370010
Juice,Ocean Spray:Cranberry Juice Cocktail,$3.99,012000021367
Juice,O.S. CRAN GRAPE 15.2OZ,$3.99,012000021381
Juice,DOLE STRAWBERRY LEMONADE 20OZ,$3.99,012000064500
Juice,DOLE APPLE 15.2OZ,$3.99,012000071751
Juice,Clamato Preparado,$3.99,014800003802
Juice,CLAMATO ORIGINAL 16,$3.99,014800511758
Juice,CLAMATO PICANTE 16,$3.99,014800512748
Juice,CLAMATO PICANTE 32,$5.99,014800512755
Juice,Clamato:Tomato Cocktail,$5.99,014800513240
Juice,delet,$2.99,016571959265
Juice,IcExstrawbarry,$2.99,016571960230
Juice,Slush Puppie,$3.99,019179700161
Juice,PARROTS PINK GUAVA 16.4,$3.99,022652192018
Juice,parrot guava juice,$3.99,022652192025
Juice,PARROT TROPICAL PUNCH,$3.99,022652192056
Juice,Parrot Aloe Original,$2.99,022652192087
Juice,PARROT ALOE VERA DRINK WATERMELON,$5.99,022652192315
Juice,0ARROT SOURSOP,$3.99,022652240153
Juice,PARROT WATERMELON,$3.99,022652240368
Juice,PARROT MANGO,$3.99,022652240375
Juice,0ARROT POMEGRANATE,$3.99,022652240382
Juice,0ARROT HIBISCUS,$3.99,022652240665
Juice,PARROT PASSION FRUIT,$3.99,022652240719
Juice,Simply Lemonade with Raspberry (52 oz),$3.99,025000000188
Juice,Simply Orange Juice,$3.99,025000000249
Juice,SIMPLY LIMEADE 52 OZ,$7.99,025000040887
Juice,SIMPLY  LEMONADE WITH RASPBERRY 52OZ,$7.99,025000044908
Juice,SIMPLY LEMONADE 52OZ,$7.99,025000044984
Juice,SIMPLY FRUIT PUNCH 52 OZ,$7.99,025000051791
Juice,MINUTE MAID  APPLE 12 OZ,$2.99,025000061516
Juice,Simply Orange Pulp Free - not from Concentrate Bottle (52 oz),$7.99,025000100000
Juice,simply waternelon,$7.99,025000102110
Juice,simply pineapple,$7.99,025000134050
Juice,Simply orange,$8.99,025000136788
Juice,Orange,$8.99,025000136801
Juice,OCEANSPRAY CRAN * LEMONADE,$3.99,031200008862
Juice,Ocean Spray Cranberry Juice,$3.99,031200009906
Juice,Ocean Spray Cranberry Grape Juice Drink,$3.99,031200009913
Juice,Ocean Spray Cranberry,$5.99,031200200006
Juice,Ocean Spray Cramberry,$8.99,031200200075
Juice,Dole 100% Canned Pineapple Juice (46 oz),$5.99,038900008185
Juice,Dole Pineapple Juice,$2.99,038900009144
Juice,DOLE PINEAPPLE,$2.99,038900009632
Juice,Martinelli's Gold Medal:Not from Concentrate,$2.99,041244000098
Juice,Sparkling cider,$8.99,041244122547
Juice,LANGERS APPLE JUICE,$3.99,041755000501
Juice,LANGERS RUBY RED 15.2OZ,$3.99,041755000532
Juice,LANGERS CRANBERRY 15.2OZ,$3.99,041755000556
Juice,LANGERS  FRUIT PUNCH 15.2OZ,$3.99,041755000587
Juice,LANGERS GRAPE 15.2OZ,$3.99,041755000709
Juice,LANGERS MANGO NECTAR 15.2OZ,$3.99,041755000761
Juice,LANGERS MANGO 32OZ,$4.99,041755001201
Juice,LANGERS GRAPE 32OZ,$3.99,041755001317
Juice,Langers:Cranberry,$5.99,041755008200
Juice,LANGERS CRANBERRY 32 OZ,$3.99,041755008323
Juice,LANGERS BLUE RASPBERRY FRUIT PPUNCH,$3.99,041755150060
Juice,LANGERS ORANGE 15.2OZ,$3.99,041755150091
Juice,LANGERS PINEAPPLE 15.2OZ,$3.99,041755200024
Juice,LANGERS PINEAPPLE 12/15.2 PL,$3.99,041755200031
Juice,Shasta:Tiki Punch,$5.99,042200003320
Juice,Tropicana Pure Premium OrangeJuice (12 oz),$3.99,048500017753
Juice,Tropicana No Pulp ORANGE,$9.99,048500205716
Juice,Troppicano orange,$3.99,048500206034
Juice,Sprite Can (12 oz),$12.99,049000028928
Juice,Sunny D,$3.99,050200500145
Juice,V8 12 OZ CAN,$2.99,051000012920
Juice,GATORADE ZERO GLACIE,$4.99,052000043549
Juice,Snapple Mango Madness Plastic Bottle (16 oz),$1.99,076183163641
Juice,Canada Dry Club Soda Bottle (10 oz),$1.99,078000001198
Juice,Canada Dry:Diet,$3.99,078000148404
Juice,BUNDABERG GINGER,$4.99,079373000764
Juice,CALYPSO  LEMONADE,$3.99,079581184003
Juice,CALYPSO OCEAN BLUE LEMONADE,$3.99,079581184010
Juice,Strawberry lemonade,$3.99,079581184027
Juice,paradise punch lemonade,$3.99,079581184041
Juice,CALYPSO ISLAND WAVE  LEMONADE,$3.99,079581184058
Juice,CALYPSO TROPICAL MANGO LEMONADE,$3.99,079581184065
Juice,CALYPSO TROPICAL MELON LEMONADE,$3.99,079581184072
Juice,CALYPSO KIWI LEMONADE,$3.99,079581184096
Juice,CALYPSO PINEAPPLE PEACH LEMONADE,$3.99,079581185017
Juice,CALYPSO TROPICAL TANGO LEMONADE,$3.99,079581187097
Juice,Calypso Natural Lemonade Bottle (16 oz),$3.99,079581995104
Juice,Calypso Strawberry Lemonade Bottle (16 oz),$3.99,079581995111
Juice,Calypso Kiwi Lemonade Bottle (16 oz),$3.99,079581995128
Juice,Calypso Southern Peach Lemonade Bottle (16 oz),$3.99,079581995258
Juice,NAKED STRAWBERRY BANANA 15.2OZ,$6.99,082592194152
Juice,NAKED JUICE  MANGO 15.2OZ,$6.99,082592660152
Juice,NAKED GREEN MACHINE 15.2,$6.99,082592720153
Juice,TARA MANGO,$4.99,195893172146
Juice,TARA GRAPE FRUIT,$3.99,195893475919
Juice,tara passion fruit,$3.99,195893683642
Juice,TARA PEACH,$3.99,196852458172
Juice,TARA PINK GUAVA,$3.99,196852772315
Juice,TARA PINEAPPLE,$3.99,196852882274
Juice,tara lime,$4.99,198168084885
Juice,TARA CANTALOUP MELON,$3.99,198168310151
Juice,TARA CANTALOUPE MELON,$3.99,198168315804
Juice,TARA ORANGE,$3.99,198168445112
Juice,TARA PAPAYA,$3.99,198168491805
Juice,TARA WATERMELON,$3.99,198168514504
Juice,TARA DRAGON FRUIT,$3.99,198168580530
Juice,TARA LYCHEE,$3.99,198168759134
Juice,TARA STRAWBERRY,$3.99,198168976661
Juice,KUJI  COCONUT MILK ORIGINAL 9.8OZ,$4.99,674806008203
Juice,KUIJ COCONUT MILK MANGO ,$3.99,674806008210
Juice,KUJI COCONUT MILK ORIGINAL ,$6.99,674806008241
Juice,Visvita Savila Original,$2.99,718122296545
Juice,Aloe vera,$5.99,718122296644
Juice,Aloe 19.9 oz pineapple,$2.99,718122297146
Juice,Savila Bebida De Savila Con Guayaba,$2.99,718122297344
Juice,Aloe Kiwi,$2.99,718122297443
Juice,Savila Bebida De Savila con Granada,$2.99,718122297948
Juice,Savila Bebida De Savila con Mango,$2.99,718122298341
Juice,Alo vwera,$3.99,718122298440
Juice,EVOLUTION ORGANIC SUPER FRUIT GREENS,$5.99,762357042118
Juice,EVOLUTION ORGANIC  GREEN DEVOTION,$5.99,762357044112
Juice,EVOLUTION MIGHTY WATERMELON,$5.99,762357101990
Juice,EVOLUTION ORGANIC VITAL BERRY,$5.99,762357565112
Juice,POPPI WIL BERRY,$3.99,810063711078
Juice,SOL-TI LEMON- LIME,$7.99,810131350284
Juice,glow-up health ade   kamboucha ginger pineapple,$6.99,811184030154
Juice,healthade mint limaede 16 oz,$6.99,811184030208
Juice,KOMBUCHA HEALTH ADE GUAVA DRAGON FRYIT  16OZ,$6.99,811184031861
Juice,HEALTH ADE KOMBUCHA MANGO LEMONADE,$6.99,811184032240
Juice,PRESSED DAILY GEENS + CUCUMBER LEMON 15.2 OZ,$6.99,813121020167
Juice,COLD PRESSED GINGER,$6.99,813121020198
Juice,pressed daily roots ginger,$6.99,813121020235
Juice,PRESSED DAILY CITRUS + ORGANIC TURMERIC 15.2 OZ,$6.99,813121020396
Juice,PRESSED DAILY CITRUS + ORGANIC TURMERIC 15.2 OZ,$6.99,813121023151
Juice,pressed probiotic lemonade elderberry,$6.99,813121024226
Juice,pressed probiotic lemonade strawberry basil,$6.99,813121024264
Juice,COLD PRESSED STRAWBERRY ORNGE MANGO,$6.99,813121024455
Juice,PRESSED  BLUE PINEAPPLE,$6.99,813121024509
Juice,COLD PRESSED GINGER,$6.99,850003023717
Juice,PRESSED DAILY GREENS + CUCUMBER LEMON,$6.99,850007123284
Juice,sol ti superboost supershot,$5.99,850014741983
Juice,Olipop,$3.99,850027702872
Juice,OLIPOP STRAWBERRY VANILA,$3.99,850027702919
Juice,COCCO ELECTROLYTE BLOOD ORANGE,$4.99,850064950786
Juice,NOCCO ELECTROLYTE LEMON LIME,$4.99,850064950793
Juice,Farmer's Aloe Vera Drink,$2.99,851802004365
Juice,Aloe peach,$2.99,851802004372
Juice,VISVITA ALOE VERA  KIWI,$5.99,851802004549
Juice,KOMBUCHA  HEALTH ADE GINGER LEMON,$6.99,851861006096
Juice,Health ade kombucha pomegranatel,$6.99,851861006119
Juice,KOMBUCHA HEALTH ADE PINK LADY APPLY  16OZ,$6.99,851861006126
Juice,health-ade kombucha passion fruit tangerine,$6.99,851861006867
Juice,GOLDTHREAD LEMON HYDRATE,$4.99,854004006540
Juice,DELICIOUS MICHELADA BAJA,$5.99,856542004170
Juice,sol ti chlorophyll aloe superade,$7.99,856852007069
Juice,STOLI -  WILD BLUEBERRY,$7.99,856852007274
Juice,sol ti turmeric supershot,$4.99,856852007724
Juice,SOL TI ginger supershot,$5.99,856852007731
Juice,sol ti immune-ti supershot,$5.99,856852007823
Juice,MELA WATERMELON WATER,$4.99,860000780308
Juice,MEL PINAPL 12/1 16.9OZ CAN,$4.99,860000780322
Juice,MELA WATERMELON GINGER JUICE,$4.99,860000780346
Juice,MELA WATERMELON WATER + PASSION FRUIT,$4.99,860000780360
Juice,WET HYDRATION PEACH PINEAPPLE,$6.99,860003679791
Juice,GINGER BEER CAN,$9.99,860006644680
Juice,MELA WATERMELON WATER + CHILI MANGO,$4.99,860009953727
Juice,GOOD GROW RASPBERRY LEAMONADE,$5.99,883990101205
Juice,Farmer's Aloe Vera Drink,$2.99,884394007285
Juice,OKF Farmer's Aloe Vera Mango Drink,$2.99,884394007339
Juice,Electrolit Electrolyte Hydration & Recovery Pina Bottle (625 ml),$4.99,887725000702
Juice,Aloevine Aloe Vera Drink Original,$3.99,896650001647
Juice,vita coco can with pulp,$4.99,898999012698
MEDICINE,Colgate 4.0 oz,$7.99,035000514066
MEDICINE,CREST-SCOPE CLSC 36 ml,$2.99,037000956587
MEDICINE,AFRIN ORIGINAL NASAL SPRAY,$14.99,041100811233
MEDICINE,Blistex:Medicated Lip Ointment,$5.99,041388210216
MEDICINE,Medicated Lip Balm,$6.99,041388220611
MEDICINE,Children's Motrin:Original Berry Flavor,$15.99,300450192042
MEDICINE,TYLENOL EXTRA STRENGTH,$12.99,300450449054
MEDICINE,MOTRIN PM,$10.99,300450563200
MEDICINE,Neosporin:Neosporin Original Antibiotic Ointment,$9.99,300810730884
MEDICINE,PEPTO,$3.99,301490001981
MEDICINE,Pepto-bismol Upset Stomach Reliever,$7.99,301490039045
MEDICINE,PeptoBismol Max Strength Liquid,$16.99,301490039298
MEDICINE,Pepto-Bismol:Maxiumum Strength,$12.99,301490039304
MEDICINE,Advil Children Suspension Fruit,$15.99,305730170307
MEDICINE,Renu,$7.99,310119039540
MEDICINE,"Listerine Antiseptic, Cool Mint, (250 ml)",$7.99,312547427203
MEDICINE,Listerine:FreshBurst,$7.99,312547428200
MEDICINE,VISINE RED EYE COMFORT,$10.99,312547493802
MEDICINE,Vicks Childrens Nyquil Cold Cough Relief Liquid Cherry,$16.99,323900014336
MEDICINE,"Vicks DayQuil Cold & Flu, Non-Drowsy (8 oz)",$17.99,323900014350
MEDICINE,DAYQUIL C&C KIDS LIQUID,$16.99,323900030770
MEDICINE,DAYQUIL C&F,$5.99,323900042087
MEDICINE,NYQUIL C&F,$5.99,323900042100
MEDICINE,NYQUIL COLD & FLU LIQUID,$17.99,323900045149
MEDICINE,Children's Benadryl:Cherry Flavored,$15.99,350580534045
MEDICINE,Advil,$5.99,366715970022
MEDICINE,ADVIL IBUPROFEN,$5.99,366715970039
MEDICINE,Aleve,$4.99,366715970220
MEDICINE,Alka-Seltzer Original,$5.99,366715970329
MEDICINE,NYQUIL LD SEVERE MULTI DO,$5.99,366715970527
MEDICINE,BENADRYL LD 4CT,$4.99,366715970626
MEDICINE,Dramamine,$4.99,366715970916
MEDICINE,Excedrin,$4.99,366715971029
MEDICINE,EXCEDRINE 6 COUNT,$6.99,366715971036
MEDICINE,Motrin IB:Pain Reliever / Fever Reducer,$4.99,366715971227
MEDICINE,TYLENOL PM,$5.99,366715971722
MEDICINE,Pepto Bismo,$5.99,366715972323
MEDICINE,MUCINEX DM LD SINGLE DOSE,$5.99,366715972415
MEDICINE,ALKA SELTZER PLUS,$5.99,366715973122
MEDICINE,Claritin 24,$4.99,366715973214
MEDICINE,Advil Pm,$4.99,366715973320
MEDICINE,MIDOL LD MULTI DOSE,$4.99,366715974525
MEDICINE,Tylenol,$5.99,366715974723
MEDICINE,Advil liquid gels,$5.99,366715975225
MEDICINE,TYLENOL COLD & FLU 4 CAPLETS,$5.99,366715975621
MEDICINE,ANTI DIARRHEAL LD MD 4 CT,$4.99,366715975928
MEDICINE,DAYQUIL,$6.99,366715980427
MEDICINE,nyquil,$5.99,366715980526
MEDICINE,DESITIN MAXIMUM STRENGTH,$7.99,369968006111
MEDICINE,Desitin max strength paste,$10.99,369968076817
MEDICINE,"Band-Aid:Flexible Fabric - 3/4"""" x 3"""" / 1.9 cm x 7.6cm",$2.99,381370047544
MEDICINE,Puer eyes,$3.99,610466049750
MEDICINE,Clear Eyes:Redness Reliever Eye Drops,$10.99,678112254156
MEDICINE,ZANTAC MAXIMUM STRENGTH,$8.99,681421036108
MEDICINE,Jose Cuervo The Original Margaritas Mix,$5.99,811538011211
MEDICINE,LIQUID I.V.,$9.99,850021474744
milk,coconut milk drink,$2.99,022652191202
milk,parrot coconut milk  with banana,$3.99,022652240009
milk,PARROT COCONUT MILK mango,$2.99,022652240016
milk,PAROT COCONUT MILK STAWBERRY ,$3.99,022652240214
milk,darigold chocolate,$4.99,026400700067
milk,DARIGOLD WHOLE MILK,$3.99,026400700081
milk,DARIGOLD TWO REDUCED FAT MILK ,$3.99,026400700104
milk,Nestle Nesquik Strawberry Low Fat Milk,$3.99,028000515751
milk,Nestle Nesquik Chocolate Low Fat Milk,$4.99,028000772123
milk,Nesquik Banana Strawberry Low Fat Milk,$4.99,028000895044
milk,Nestle Nesquik Vanilla Low Fat Milk,$3.99,028000896256
milk,Lunchables salami,$6.99,044500201819
milk,Oscar Mayer Lunchables:Turkey + American & 6 Fl Oz Capri Sun Pacific Cooler,$10.99,044700006740
milk,KNUDSEN HALF AND HALF,$10.99,049900172660
milk,Coffee-mate:Original,$9.99,050000302628
milk,MUSCLE MILK 14OZ CHOCOLATE PEANUT BUTTER ,$5.99,052000051179
milk,A 2  ORGANIC WHOLE MILK,$8.99,096619077113
milk,Organic milk,$7.99,096619114009
milk,milk,$6.99,096619410804
milk,KIRKLAND SALTED SWEET CREAM BUTTER,$6.99,096619411146
milk,THR ORIGINAL OAT MILK ,$8.99,190646641016
milk,kuji strawberry,$3.99,674806008227
milk,kuji mango coconut milk,$5.99,674806008258
milk,KUJI COCONUT MILK STAWBERRY ,$5.99,674806008265
milk,KUJI COCONUT MILK MELON ,$5.99,674806008272
milk,KUJI COCONUT MILK PINEAPPLE  9.8OZ,$3.99,674806008289
milk,kuji banana flavor,$3.99,674806008296
milk,KUJI COCONUT MILK PINEAPPLE ,$5.99,674806008302
milk,KUJI COCONUT MILK SOURSOP FRUIT ,$5.99,674806008371
milk,Core Power Chocolate Protein Shake,$7.99,811620020633
milk,Core Power Elite Protein Shake - Vanilla,$7.99,811620020657
milk,CORE POWER 42G STRAWBERRY,$7.99,811620021425
milk,CORE POWER VANILLA ,$6.99,811620021968
milk,CORE POWER STRAWBERRY BANANA,$6.99,811620021982
milk,SPY MAX CHOCOLATE MILK WITH PROTEIN 11 OZ,$6.99,850045887001
milk,SPY VANILLA MILK WITH PROTEIN 11 OZ,$6.99,850045887148
milk,KOIA PROTEIN VANILLA BEAN 12 OZ,$5.99,854092006064
milk,KOIA PROTIEN CEREAL FRUITY 12 OZ,$5.99,854092006194
milk,KOIA COLD MATCHA LATTE PROTEIN 12 OZ,$5.99,854092006866
milk,KOIA CHOCLATE VANILA ,$5.99,854092006934
milk,Muscle Milk Mega Protein Shake VANILLA,$5.99,876063002813
MIXERS,Roses sweetend lime juice,$8.99,016600000043
MIXERS,Rose GRANDINE SYRUP,$8.99,016600000050
MIXERS,ROSE SIMPLE SYRUP,$8.99,016600001422
MIXERS,Martinelli's Gold Medal:Sparkling Cider 100% Juice,$3.99,041244002566
MIXERS,LA PAZ BLOODY MARY,$10.99,071017048569
MIXERS,LUXARDO 14.1OZ,$32.99,187229127289
MIXERS,TRES AGAVES GRAPEFRUIT,$13.99,196383001823
MIXERS,tres agaves margarita oprganic,$13.99,196383008648
MIXERS,ZIG ZAG,$8.99,616003933254
MIXERS,Jose cuervo double strength,$32.99,810178380022
MIXERS,JOSECUERVO MARGARITA STRAWBERRY,$21.99,811538011037
MIXERS,Cutwater Spicy Bloody Mary Bottles ,$9.99,816751021924
MIXERS,jose cuervo double strength,$31.99,818844022986
MIXERS,jose cuervo double strength,$9.99,818844028650
MIXERS,Tres Agaves Margarita Mix Organic,$13.99,854125003039
MIXERS,TRES STR,$13.99,854125003220
MUOSHROOM,Mash,$54.99,850061048592
MUOSHROOM,choclate,$32.99,850061048646
MUOSHROOM,MUOSHROOM CHOCOLATE WHITE MAGIC,$32.99,850061048653
MUOSHROOM,CHOCLATE,$32.99,850061048806
MUOSHROOM,NICE GUMMIES GALAXY RAZZ,$14.99,850061048875
MUOSHROOM,NICE  GUMMIES  COSMIC BERRY,$14.99,850061048882
MUOSHROOM,GUMMIES MOUSHROOM,$54.99,850076054021
NonAlcohol,ETE WATER WATER 4/6 600 ML PET,$10.99,060883000108
NonAlcohol,ARZ-HRD Peach 12/1 22oz Can,$4.99,061300876375
NonAlcohol,ARZ-HRD VARIETY PACK 2/12 12OZ CAN,$24.99,061300876382
NonAlcohol,ARZ-HRD Cowboy Cocktail Lemonade 12/,$4.99,061300876986
NonAlcohol,ARZ-HRD Cowboy Cocktail Watermelon 1,$4.99,061300876993
NonAlcohol,VIC Sour Monkey - Sour Belgian Tripe,$17.99,063027977632
NonAlcohol,MAI PERRIER BLACKBERRY 1/24 .5 LTR P,$1.99,074780253871
NonAlcohol,MAISON PERRIER BLACKBERRY 24/.5 LITER PET (500ML),$2.99,074780426886
NonAlcohol,MAI PERRIER ULTIMATE 1/24 .5 LTR PET,$1.99,074780620888
NonAlcohol,BCH AMALGAMATOR WC IPA W/MOSAIC HOPS,$18.99,075283089530
NonAlcohol,STIRRINGS PALOMA MIX B6 750ML,$7.99,088004044053
NonAlcohol,LAL WATER- 12/1 1 LTR BTL,$2.99,197644993994
NonAlcohol,POS PRINTED BANER MISCELLANEOUS,$0.99,429949149982
NonAlcohol,FIRESTONE MIND HAZE BRAIN MELTER C24,$15.99,602755013061
NonAlcohol,ETE WATER WATER 2/6 1 LTR PET,$16.99,608883000119
NonAlcohol,ARZ-NA BLACK & WHITE 22OZ 24PK CN NP,$1.99,613008722869
NonAlcohol,ARZ-NA RASPBERRY TEA NP 22OZ 24PK CN,$2.99,613008756505
NonAlcohol,ARZ LEMON- 2/12 12OZ CAN,$24.99,613008766122
NonAlcohol,ARZ-NA KIWI STRAWBERRY NP 22OZ 24PK,$1.99,613008769178
NonAlcohol,ZING ZANG PINA COLADA MIX PET 32Z,$9.99,616003179928
NonAlcohol,ZING ZANG BLOODY MARY MIX PET 32Z,$7.99,616003741361
NonAlcohol,ZING ZANG MARGARITA MIX PET 32Z,$8.99,616003843393
NonAlcohol,STIRRINGS BLOODY MARY MIX B6 750ML,$7.99,780999003410
NonAlcohol,STIRRINGS COCKTAIL MIXER 5 CALORIE M,$7.99,780999004530
NonAlcohol,GHOST ENERGY WARHEADS SOUR WATERMELON 16 CAN,$4.99,810028293304
NonAlcohol,GHOST ENERGY ORANGE CREAM 16 CAN,$4.99,810085812180
NonAlcohol,GHOST ENERGY WARHEADS SOUR GREEN APPLE 16 CAN,$4.99,810085812203
NonAlcohol,CUTWATER MILD BLOODY MARY MIX 1.0L,$9.99,816751021948
NonAlcohol,BALLAST POINT SCULPIN IPA PINEAPPLE,$16.99,840166660041
NonAlcohol,JACK DANIELS C BOLDER BOLDER SOUTHER,$4.99,840245600425
NonAlcohol,LIQUID DEATH TEA DEAD BILLIONAIRE 12/19.2 CAN,$3.99,850031700260
NonAlcohol,BUZZBALLZ SPIRITS PASSIONFRUIT MARTI,$4.99,850042638262
NonAlcohol,F3- E-ORIGNL 12/1 12OZ CAN,$3.99,850045501167
NonAlcohol,F3- E-CITRUS 12/1 12OZ CAN,$3.99,850045501181
NonAlcohol,F3- E-TRPCAL 12/1 12OZ CAN,$0.99,850045501204
NonAlcohol,JSH POG--- 6/4 12OZ CAN,$13.99,850062156227
NonAlcohol,ALA ORANGE KISS 12 OZ 1/24 CAN,$4.99,850645008363
NonAlcohol,BUZZBALLZ SPIRITS CHILI MANGO P3 1.7,$26.99,851091006187
NonAlcohol,BUZZBALLZ SPIRITS AMERICANA STRAWBER,$26.99,851091006682
NonAlcohol,BUZZBALLZ SPIRITS PINEAPPLE JALAPENO,$4.99,855200005450
NonAlcohol,BUZZBALLZ SPIRITS ELF MAPLE SYRUP SU,$5.99,857641002944
NonAlcohol,MEL HICO-- 12/1 16.9OZ CAN,$4.99,860000780339
NonAlcohol,BEATBOX LEMONADE HARD TEA 12/500ML TETRA,$4.99,860010695814
NonAlcohol,BEATBOX HARD TEA VARIETY 2/6/500ML TETRA,$27.99,860010695821
ORGANIC,AVALINE SAUVIGNON BLANC,$29.99,051497382094
ORGANIC,INO ESPITUKO,$19.99,783757102332
ORGANIC,WILD PET CHAR,$24.99,783757103391
ORGANIC,INO ESPITUKO,$19.99,783757200335
ORGANIC,INO ESPITUKO,$19.99,783757201332
ORGANIC,GULP HULP RED WINE 750 ml,$20.99,804879609537
ORGANIC,GULP HULP,$24.99,804879609544
ORGANIC,BERTRAND ORANGE GOLD,$28.99,812147021233
ORGANIC,AVALINE ROSE,$24.99,816136025349
ORGANIC,AVALINE PINOT NOIR,$27.99,850032189132
ORGANIC,HURLUBERLU,$25.99,3683080416199
ORGANIC,petit our red wine,$21.99,3760042583325
ORGANIC,NMCHATEAU LES CLAUZOTS,$27.99,3770001369440
ORGANIC,PULPE,$24.99,3770017273052
ORGANIC,MICHEL MICHEL,$27.99,3770021335029
ORGANIC,GULP HABLO ORGANIC WINE,$24.99,8436561120277
ORGANIC,ALBET i NOYA,$21.99,8437000043300
ORGANIC,Albet I Noya - Petit Albet Rose - Brut Rose Reserva,$21.99,8437011762610
ORGANIC,GULP HABLO,$24.99,8437012218772
Personal Care,Colgate Cavity Protection Fluoride Toothpaste (2.5 oz),$5.99,035000511058
Personal Care,Listerine Cool Mint Adult Mouthwash Plastic Bottle (3.2 oz),$3.99,312547427951
PROTEIN SHAKES,LF PROTEIN PASTRY HOT FUDGE,$5.99,810035970861
PROTEIN SHAKES,NURRI CHOCOLATE MILK SHAKE,$4.99,811130033727
PROTEIN SHAKES,NURRI VAMILLA 30 PROTEIN G,$4.99,811130034083
PROTEIN SHAKES,Core power,$7.99,811620021951
PROTEIN SHAKES,FAIRLIFE PROTEIN SHAKE,$4.99,811620022118
PROTEIN SHAKES,PRESSED PROTEIN SMOOTHIE DARK CHOCOLATE,$7.99,813121024158
PROTEIN SHAKES,PRESSED PROTEN SMOOTHIE VANILLA,$7.99,813121024165
PROTEIN SHAKES,koia cockies and cream,$5.99,850067422211
PROTEIN SHAKES,KOIA CHOCLATE BANANA,$5.99,854092006163
PROTEIN SHAKES,KOIA ELITE CHOCOLATE 32 GR 12 OZ,$5.99,854092006941
PROTEIN SHAKES,Muscle Milk 40 Knockout Chocolate,$5.99,876063002806
PROTEIN SHAKES,MUSCLE MILK PRO 14OZ,$5.99,876063007160
Frozen,SLUSH PUPPIES 12 OZ,$2.99,019179700123
Frozen,SLUSH PUPIE 24 OZ,$4.99,019179700246
Snack,tim's potato chips jalapeno,$5.99,011594275668
Snack,tim's potato chips sea salt vinegar,$5.99,011594275675
Snack,HAWAIIAN CHIPS BBQ,$5.99,011594275699
Snack,HAWAIAN POTATO SHIPS,$5.99,011594275705
Snack,HAWAIIAN BRAND,$5.99,011594275712
Snack,goldfish,$4.99,014100045526
Snack,Pepperidge Farm Goldfish Flavor Blasted Xtra Cheddar Crackers (2.45 oz),$3.99,014100045557
Snack,Pepperidge Farm Goldfish Flavor Blasted Xtra Cheddar (6.6 oz),$3.99,014100085485
Snack,Wonderful pistachios,$4.99,014113700467
Snack,SHELLED PISTACHIOS,$6.99,014113701129
Snack,WONDER FUL PISTACHIOS,$2.99,014113702164
Snack,Pistachio  chill sweet,$2.99,014113702201
Snack,WONDERFUL DILL PICKLE,$5.99,014113702324
Snack,WONDERFUL ROASTED & SALTED,$5.99,014113910132
Snack,pastachios,$3.99,014113910712
Snack,SHELLED PISTACHIOS CHILI ROASTED,$5.99,014113910873
Snack,WONDERFUL PISTACHIOS CHILI ROASTED,$5.99,014113910934
Snack,PISTACHIOS 1.5OZ,$3.99,014113911856
Snack,W PISTACHIOS SALT&PEPPER,$3.99,014113913317
Snack,W PISTACHIOS SWEET CHILI,$3.99,014113913331
Snack,WONDERFUL PSTCH 1.25,$3.99,014113913447
Snack,AMERICAN PSTACHIO,$5.99,015786001233
Snack,AMERICAN CASHEW 10OZ,$6.99,015786001240
Snack,AM MIXED NUTS,$6.99,015786001264
Snack,AMERICAN ALMOND,$5.99,015786001295
Snack,AG GUMMY RINGS,$3.99,015786001479
Snack,AMERICAN GOURMET PUMPKIN SEEDS,$4.99,015786001929
Snack,MIX HOT AND SPICY,$4.99,015786001974
Snack,JAPANESE PEANUTS,$4.99,015786001981
Snack,CHILI AND LEMON MANGO,$4.99,015786002001
Snack,BUGLES CHURRO,$5.99,016000136090
Snack,Gardetto's:Original Recipe,$5.99,016000166196
Snack,GARDETTOS SNACK MIX SPICY ITALIAN,$5.99,016000170131
Snack,BUGLES CHILI CHEESE,$4.99,016000172715
Snack,"Gardetto's:Snack Mix, Original Recipe",$7.99,016000193703
Snack,CHEX MIX BOLD GARLIC & HERB,$5.99,016000214897
Snack,CHEX MIX,$5.99,016000214927
Snack,CHEX MIX JALAPENO CHEDDAR,$5.99,016000214934
Snack,CHEX MIX,$5.99,016000214941
Snack,chex mix,$5.99,016000215535
Snack,CHEX MIZ HOT & SPICY,$5.99,016000228481
Snack,Bugles:Original,$4.99,016000368309
Snack,Nature Valley Sweet & Salty Nut - Almond (1.2 oz),$1.99,016000442818
Snack,Gardetto's:Chipotle Cheddar,$5.99,016000505384
Snack,Gardettos Deli Style Mustard Pretzel Mix,$5.99,016000507319
Snack,Bugles Ranch (3 oz),$4.99,016000512580
Snack,Bugles Nacho Cheese (3 oz),$4.99,016000513792
Snack,BEEF STEAK,$3.99,017082000033
Snack,BEEF STEAK BLK,$3.99,017082000231
Snack,JACK LINKS BEEF & CH,$3.99,017082000392
Snack,JERKY BEEF STICK,$3.99,017082000408
Snack,BEEF STEAK,$3.99,017082000736
Snack,jl bf o,$11.99,017082005380
Snack,Jack Link's Wild Heat Pegged Beef Stick (1.84 oz x 24 ct),$3.99,017082006707
Snack,beef steak,$3.99,017082011671
Snack,JACK LINKS SPICY RED PEPPER  3.25 OZ,$10.99,017082013026
Snack,JACK LINKS DUOS,$12.99,017082015112
Snack,Jack Link's Beef Tender Bites Jerky (2.85 oz),$6.99,017082877369
Snack,JACK LINKS BACON 2.8,$10.99,017082883872
Snack,JACK LINKS SWEET&HOT 3.25,$10.99,017082883889
Snack,JACK LINKS TRYKI 3,$10.99,017082883896
Snack,JACK LINKS JALAPENO  3.25OZ,$10.99,017082883902
Snack,JACK LINK ORGNL 3.25,$11.99,017082883919
Snack,JL PEPPERED BEEF JERKY,$10.99,017082883926
Snack,Hot & Cpicy Chicken Falvor ,$24.99,017082884022
Snack,JL. Tender Bites Orig. B.S.,$10.99,017082885845
Snack,JACK LINKS BEEF TENDER BITES TERIYAKI,$10.99,017082885852
Snack,JACK LINK TURKY 3.25,$12.99,017082885869
Snack,JACK LINKS JERKY OG,$4.99,017082889638
Snack,BEEF JERKY STICK TERYAKI,$4.99,017082889669
Snack,JACK PEPPERONI,$4.99,017082889690
Snack,Life Savers / Gummies:Gummies Wild Berries 12/,$4.99,019000083449
Snack,STARBURST,$5.99,022000298416
Snack,SKITTLES GUMMIES FUEGO,$4.99,022000330499
Snack,WILEY WALLABY CLASSIC BLACK,$5.99,022224200714
Snack,WILEY WALLABY SOURRAGEOUS DROPS,$6.99,022224206495
Snack,Cheez-It Original (12.4 oz),$5.99,024100106851
Snack,CHEEZ IT EXTRA TOASTY,$3.99,024100116263
Snack,Cheezit Extra Cheesy,$3.99,024100117734
Snack,CHEEZ IT EXTRA CRUNCHY,$3.99,024100123209
Snack,Sunshine Cheez-It,$3.99,024100191345
Snack,CHEEZ.IT CHDRJACK 3,$3.99,024100203628
Snack,Sunshine Cheez-It:White Cheddar - Grab n' Go,$3.99,024100315345
Snack,CHEEZ.IT HOT 3 OZ,$3.99,024100372775
Snack,Sunshine Cheez-It:Pepper Jack - Grab n' Go,$3.99,024100573820
Snack,DAVID CINAMON CHURRO,$4.99,026200002743
Snack,SLIM JIM,$1.99,026200101927
Snack,Slim Jim:Original,$3.99,026200117003
Snack,Slim Jim Giant Slim:Mild,$3.99,026200117508
Snack,SLIM JIM MONSTER,$4.99,026200140605
Snack,DAVID JUMBO CRACKED PEPPER,$4.99,026200238913
Snack,DAVID SUNFLOWER SEEDS OG,$4.99,026200238920
Snack,David:Reduced Sodium Roasted & Salted,$4.99,026200461359
Snack,David:Roasted & Salted,$5.99,026200461724
Snack,David Roasted & Salted (2.25 oz),$4.99,026200463728
Snack,DAVID PUMPKIN SEEDS,$5.99,026200463780
Snack,DAVID JALEPENO HOT SALSA,$4.99,026200464725
Snack,DAVID BAR-B-Q BBC,$4.99,026200465722
Snack,DAVID RANCH JUMBO,$4.99,026200467726
Snack,Fritos Cheese Mild Cheddar Flavored,$6.99,028400000222
Snack,FRITOS JALA CHED 9OZ,$6.99,028400000246
Snack,FRITOS BEAN DIP,$6.99,028400000789
Snack,FRITO HOT DIP 9 OZ,$7.99,028400000888
Snack,Grandma's Cookies Peanut Butter,$1.99,028400001533
Snack,RUFFLES QUESO,$4.99,028400019378
Snack,SABRITAS TORTILLA CHIPS,$4.99,028400019705
Snack,CASHEWS SEA SALTED,$3.99,028400034227
Snack,NUT & CHOCOLATE TRAIL MIX,$4.99,028400034821
Snack,Grandma's Oatmeal Raisin Cookies Bag (3 oz),$1.99,028400043366
Snack,LAYÔøΩÔøΩÔøΩÔøΩÔøΩÔøΩÔøΩÔøΩÔøΩÔøΩÔøΩÔøΩÔøΩÔøΩÔøΩÔøΩÔøΩÔøΩS WAVY ORIGINAL,$4.99,028400043809
Snack,CHEETOS CRUNCHY,$1.99,028400047906
Snack,TOSTITOS MLD SAL 15,$6.99,028400055970
Snack,TOSTITOS MED SAL 15,$7.99,028400055987
Snack,Tostitos Hint of Lime Tortilla Chips (13 oz),$4.99,028400064040
Snack,Tostitos:Scoops!,$6.99,028400064088
Snack,Doritos:Nacho Cheese,$1.99,028400070560
Snack,LAYS ONION DIP 15 OZ,$7.99,028400070942
Snack,LAYS RANCH DIP 15 OZ,$7.99,028400070959
Snack,TOSTITOS MED DIP 15,$7.99,028400070980
Snack,TOSTITOS MLD SAL 15,$6.99,028400071031
Snack,"Grandma's Cookies, Chocolate Brownie",$1.99,028400079143
Snack,MUNCHIES CHEESE 8 OZ,$4.99,028400084048
Snack,"Munchies Flamin' Hot:Assorted - Cheetos, Doritos, Rold Gold, Sun Chips",$4.99,028400084055
Snack,Grandma's Vanilla (3.25 oz),$1.99,028400089913
Snack,LAY'S CLASSIC,$1.99,028400091565
Snack,SPITZ SMOKY BBQ 6 OZ,$4.99,028400094054
Snack,SPITZ SALTED 6 OZ,$4.99,028400094061
Snack,SPITZ CHILL LIME 6OZ,$4.99,028400094078
Snack,SPITZ SEASONED 6 OZ,$4.99,028400094085
Snack,SPITZ DILL PICKLE,$4.99,028400094092
Snack,Angel Beltran Corporation,$4.99,028400098120
Snack,SUNCHIPS HARVEST CHEDDAR 7 oz,$5.99,028400147392
Snack,SUN CHIPS GARDEN SALSA 7 oz,$5.99,028400147408
Snack,SUN CHIPS ORIGINAL 7 oz,$5.99,028400147415
Snack,Sun chips French onion,$5.99,028400152242
Snack,Fritos Chili Cheese Flavored Corn Chips (3.5 oz),$3.99,028400156011
Snack,Ruffles Queso Cheese Flavored Potato Chips (2.5 oz),$4.99,028400159647
Snack,Lay's Baked Original Potato Chips (1.88 oz),$4.99,028400183826
Snack,Cheetos Oven Baked:Flamin' Hot,$5.99,028400183918
Snack,Sabritones Puffed Wheat Snacks Chile & Lime (4 oz),$2.99,028400190800
Snack,LAYS CLASSIC,$5.99,028400199148
Snack,Doritos Flamin' Hot Nacho Cheese Tortilla Chips (9.75 oz),$4.99,028400199247
Snack,LAYS BARBECUE 7.75 oz,$4.99,028400199612
Snack,Lay's Sour Cream & Onion Flavored,$5.99,028400199636
Snack,Lays Cheddar & Sour Cream,$5.99,028400199988
Snack,Lays Lightly Salted,$5.99,028400200592
Snack,Lay's Salt & Vinegar Flavored Potato Chips (3 oz),$5.99,028400200608
Snack,Lay's Limon,$6.99,028400201261
Snack,Sweet Southern Heat Barbecue Flavored Potato Chips,$4.99,028400201292
Snack,Lay's Flamin' Hot,$4.99,028400201315
Snack,LAYS  CHILE LIMON,$4.99,028400201322
Snack,Lays SALT & VINEGER PARTY SIZE,$6.99,028400310581
Snack,SABRITAS TURBOS FLAMES,$4.99,028400322072
Snack,Chester's Flamin' Hot Fries Flavored Corn & Potato Snacks (8 oz),$2.99,028400331524
Snack,LAY'S BAKED ORIGINAL,$2.99,028400331548
Snack,LAYS KETTLE JALAPNO 8 oz,$4.99,028400371858
Snack,Lays Kettle Salt & Vinegar,$7.99,028400372169
Snack,Lays Kettle Chips,$5.99,028400372190
Snack,Nut Harvest In Shell - Salted (1.75 oz),$3.99,028400459587
Snack,Nut Harvest Nut & Fruit Mix (3 oz),$2.99,028400459594
Snack,RUFFLES FLAMIN HOT BBC,$6.99,028400515887
Snack,DORITOS COOL RUNCH 9.25 oz,$6.99,028400516310
Snack,DORITOS SALSA VERDE 9.25 oz,$6.99,028400516327
Snack,DORITOS FLAMIN' HOT NACHO,$6.99,028400516440
Snack,DORITOS NACHO CHEESE 9.25 oz,$6.99,028400516464
Snack,DORITOS TAPATIO,$6.99,028400516488
Snack,DORITOS FLAMIN HOT LIMON 9.25 oz,$6.99,028400516662
Snack,Ruffles Original Potato Chips (8.5 oz),$6.99,028400516686
Snack,RUFFLES CHEDDER & SOUR CREAM,$6.99,028400516914
Snack,RUFFLES FLAMIN HOT,$6.99,028400517225
Snack,TOSTITOS ORIGINAL RESTURANT STYLE,$6.99,028400517997
Snack,FRITOS CHILI CHEESE,$6.99,028400589284
Snack,FRITOS ORIGINAL 9.25,$6.99,028400589291
Snack,FRITOS FLAMIN HOT,$6.99,028400589314
Snack,FRITOS SCOOPS 9 1/4,$6.99,028400589321
Snack,Cheetos Crunchy,$7.99,028400589864
Snack,CHEETOS XXTRA 8/12 oz,$6.99,028400589871
Snack,Cheetos Cheddar Jalapeno,$7.99,028400589888
Snack,CHEETOS HOT 8 1/2 OZ,$6.99,028400589895
Snack,CHEETOS LIMON CRNCHY,$6.99,028400590020
Snack,PUFFS JUMBO CHEETOS,$6.99,028400596688
Snack,CHEETOS FLAMIN HOT PUFFS,$6.99,028400596695
Snack,Spitz Flamin' Hot Limon Flavored Sunflower Seeds (5.35 oz),$4.99,028400604611
Snack,SPITZ SEEDS,$4.99,028400648288
Snack,RUffles flaim,$7.99,028400688901
Snack,Bakenets fried pork skins 4 oz,$3.99,028400705615
Snack,BAKENETS HOT SPICY,$3.99,028400705639
Snack,MUCHOS,$3.99,028400705684
Snack,chester's fries flamin hot,$3.99,028400705691
Snack,SABRITONES,$3.99,028400705707
Snack,CHESTERS PUFFCORN,$3.99,028400705721
Snack,Chester's Puffcorn butter,$3.99,028400705738
Snack,CHEESTERS PUFFCORN,$3.99,028400705745
Snack,AS WHC,$3.99,028400705769
Snack,SA BLN,$3.99,028400705776
Snack,Lays,$4.99,028400707824
Snack,FRITO LAY NUT HARVESTMIXEDNUTS,$3.99,028400708609
Snack,Lays sweet & spicy honey 7.75 oz,$5.99,028400734035
Snack,NUT HARVEST FLAMIN HOT,$2.99,028400741293
Snack,NUT HARVEST SALTED PEANUTS,$2.99,028400741309
Snack,NUT HONEY ROASTED PEANUT,$2.99,028400741316
Snack,LAYS KETTLE COOKED,$7.99,028400751452
Snack,Lay's all dressed ,$5.99,028400759014
Snack,Sunshine Cheez-It:Grab n' Go original,$4.99,028400759304
Snack,FLAMIN HOT PISTACHIOS,$4.99,028400763875
Snack,SWEET AND TANGY BBQ,$4.99,028400763882
Snack,DORITOS GOLDEN SRIRACHA,$2.99,028400766982
Snack,DORITOS DINAMITA XXTRA FLAMING HOT,$2.99,028400767064
Snack,Lays,$2.99,028400767125
Snack,CHEETOS FLAMING HOT DILL PICKLE,$2.99,028400767354
Snack,FRITOS FLAVOR TWISTS QUESO,$2.99,028400768054
Snack,FUMYUNS ONION FLAVORER RINGS,$2.99,028400768207
Snack,funyuns flamin hot,$2.99,028400768214
Snack,CRACKER JACK THE ORIGINAL,$2.99,028400768245
Snack,SUN CHIPS HARVEST CHEDDAR,$2.99,028400768252
Snack,SMART FOOD WHITE CHEDDAR,$2.99,028400768269
Snack,FUNIONS,$5.99,028400768528
Snack,FUNIONS FLAMIN HOT,$5.99,028400768535
Snack,FUNIONS SPICY QUESO,$6.99,028400768559
Snack,LAYS FLAMIN HOT,$2.99,028400768764
Snack,CHEETOS CRUNCHY,$2.99,028400768917
Snack,RUFFLES SOUR CREAM & ONION,$2.99,028400769051
Snack,Ruffles Cheddar & Sour cream,$2.99,028400769075
Snack,ruffles flamin hot,$2.99,028400769099
Snack,RUFFLES QUESO CHEESE,$2.99,028400769105
Snack,ruffles flamin hot cheddar & sour cream,$2.99,028400769112
Snack,fritos flavor twist honey bbq,$2.99,028400769136
Snack,FRITOS CHILI CHEESE,$2.99,028400769150
Snack,FRITOS FLAMING HOT,$2.99,028400769167
Snack,fritos the original,$2.99,028400769181
Snack,cHIPS,$2.99,028400769198
Snack,CHEETOS XXTRA FLAMING HOT,$2.99,028400769204
Snack,CHEETOS CRUNCHY CHEDDAR JALAPENO,$2.99,028400769211
Snack,CHEETOS FLAMING HOT CRUNCHY,$2.99,028400769228
Snack,CHEETOS FLAMING HOT LIMON,$2.99,028400769242
Snack,CHEETOS PUFFS,$2.99,028400769266
Snack,CHEETOS FLAMING HOT PUFFS,$2.99,028400769273
Snack,FRIES RANCH,$2.99,028400769280
Snack,chester's fries flamin hot,$2.99,028400769297
Snack,Baked Cheetos flamingo hot 2.25 oz,$2.99,028400769303
Snack,Cheetos Baked  flaming limon,$2.99,028400769310
Snack,LAY'S SALT & VINIGAR,$2.99,028400769655
Snack,LAY'S BBQ,$2.99,028400769709
Snack,LAY'S SOUR CREAM & ONION,$2.99,028400770057
Snack,LAY'S CLASSIC,$2.99,028400770088
Snack,lAYS,$2.99,028400770125
Snack,Lay's sweet southern heat,$2.99,028400770163
Snack,LAY'S DILL PICKLE,$2.99,028400770187
Snack,Kettle cooked Jalapeno 2.25 oz,$2.99,028400770262
Snack,DORITOS COOL RANCH,$2.99,028400770569
Snack,DORITOS SALSA VERDE,$2.99,028400770576
Snack,doritoz flamin hot,$2.99,028400770583
Snack,doritos nacho chesse,$2.99,028400770590
Snack,DORITOS SPICY NACHOS,$2.99,028400770606
Snack,RANCHERITOS,$2.99,028400770613
Snack,DORITOS FLAMAS,$2.99,028400770637
Snack,DORITOSDINAMITA CHILE,$2.99,028400770644
Snack,DORITOS FLAMIN' HOT LIMON,$2.99,028400770651
Snack,Doritos bbq,$2.99,028400770675
Snack,DORITOS BLAZIN BUFFALO & RANCH,$2.99,028400770682
Snack,DORITOS SPICY SWEET CHILI,$2.99,028400770699
Snack,Doritos,$2.99,028400770798
Snack,DORITOS TAPATIO,$2.99,028400772655
Snack,LAY'S HOT SAUCE,$2.99,028400779463
Snack,LAY'S WAVY LOADED NACHOS,$2.99,028400779487
Snack,sun chips garden salsa,$2.99,028400789417
Snack,CHEETOS FLAMIN HOT DILL PICKLE PUFFS,$2.99,028400790574
Snack,TOSTITOS STREET CORN,$6.99,028400790635
Snack,DORITOS NEW,$2.99,028400791045
Snack,DORITOS SALSA VERDE 9.25 oz,$5.99,028400800419
Snack,Planters Honey Roasted (4 oz),$2.99,029000012578
Snack,Planters: Salted Peanuts,$0.99,029000022119
Snack,Planters Honey Roasted Peanuts,$0.99,029000022133
Snack,PLANTERS SPECIAL 49G HEAT PEANUT,$0.99,029000022157
Snack,PLANTER TRAILNUT 1.7,$1.99,029000074460
Snack,PLANTERS CASHEW 1.5,$2.99,029000075382
Snack,H.ROASTED CASHE,$2.99,029000075399
Snack,QUAKER CHEDDAR RICE CRISPS,$3.99,030000578261
Snack,quaker caramel,$3.99,030000578285
Snack,WAR HEADS OOZE CHEWZ ROPES,$3.99,032134212257
Snack,Pringles BBQ Potato Chips (1.4 oz),$2.99,038000138546
Snack,Pringles Salt & Vinegar,$4.99,038000138607
Snack,Pringles Ranch Potato Chips (5.2 oz),$4.99,038000138720
Snack,PRINGLES PIZZA,$2.99,038000169113
Snack,BBQ PRINGLES,$2.99,038000183690
Snack,PRINGLES MINGLES,$3.99,038000281426
Snack,MINGLES PRINGLES,$3.99,038000282584
Snack,PRINGLES ORGNL 2.3 Z,$2.99,038000845246
Snack,PRINGLES CHDR 2.5 OZ,$2.99,038000845260
Snack,Pringles Original Potato Crisps,$2.99,038000845512
Snack,Pringles:Sour Cream & Onion,$2.99,038000845529
Snack,PRINGLES CHEDDAR CHEESE 1.4OZ,$2.99,038000845536
Snack,HAVEA CORN CHIPS 4,$5.99,039675777771
Snack,M&M's Peanut Butter Share Size,$3.99,040000002239
Snack,ISLAND SNACKS GUMMI SHARKS,$4.99,040129200073
Snack,PISTACHIOS,$4.99,040129200325
Snack,CASHEWS,$4.99,040129200356
Snack,Island Snacks,$4.99,040129200486
Snack,ISLAND SNACKS PEANUTS,$4.99,040129200516
Snack,CHILI LEMON PEANUT,$4.99,040129200523
Snack,ISLAND SNACKS TOFFEE PEANUTS,$4.99,040129200530
Snack,ISLAND SNACKS TROPICAL MIX,$4.99,040129200561
Snack,ISLAND SNACKS CHOCOLATEW MIX,$4.99,040129200592
Snack,ISLAND SNACKS GUMMI BEARS,$4.99,040129200615
Snack,Island Snacks,$4.99,040129200622
Snack,MELON RINGS,$4.99,040129200639
Snack,PEACH RINGS,$4.99,040129200646
Snack,ISLAND SNACKS CHILI MANGO,$4.99,040129200868
Snack,PARTY SPICY MIX,$4.99,040129200967
Snack,ISLAND SNACKS CHILI PEACH RINGS,$4.99,040129200974
Snack,SNACKS CHILI MELON RINGS,$4.99,040129201025
Snack,Island Snacks Fancy Isalnd Mix,$5.99,040129201186
Snack,HIGH ENERGY MIX,$4.99,040129201452
Snack,ISLAND SNACKS STRAWBERRY BELTS,$4.99,040129201858
Snack,ISLAND SNACKS RAINBOW BELTS,$4.99,040129201889
Snack,Baby Bottle Pop Watermelon (1.1 oz),$1.99,041116005954
Snack,BD SMOKEHOUSE 1.5 OZ,$2.99,041570051795
Snack,BD ROASTED SALT 1.5,$2.99,041570051801
Snack,BD NATURAL 1.5 OZ,$2.99,041570051818
Snack,Blue diamond WASABI&SOY 1.5,$2.99,041570052303
Snack,BD HABANERO BBQ 1.5,$2.99,041570055120
Snack,BD SALT&VINEGUR 1.5,$2.99,041570055762
Snack,BD LITE SALT 1.5 OZ,$2.99,041570110232
Snack,BLUE DIAMOND SIRACHA,$2.99,041570110539
Snack,BLUE DIAMOND SPICY DILL PICKLE,$2.99,041570143582
Snack,Blue Diamond Chill Lime,$2.99,041570150160
Snack,BLUE DIAMOND ALMONDS HOT HONEY,$2.99,041570152508
Snack,Haribo Berries Gummi Candy (5 oz),$4.99,042238705234
Snack,HARIBO GUMMIES,$4.99,042238723580
Snack,Nabisco Ritz Bits Cheese - Big Bag (3 oz),$3.99,044000006778
Snack,Nabisco Ritz Bits Peanut Butter - Big Bag (3 oz),$3.99,044000006785
Snack,Nabisco Chips Ahoy Mini Chocolate Chip Cookies (3 oz),$3.99,044000006792
Snack,OREO MINIS,$3.99,044000006808
Snack,Chips Ahoy,$4.99,044000047368
Snack,Ritz,$4.99,044000080877
Snack,Lunchables Ham & Cheddar Cracker Stackers (3.5 oz),$6.99,044700360002
Snack,Snack Factory Buffalo Wings Pretzel Crisps (3 oz),$3.99,049508007302
Snack,BUBS SWEET OUALS BANANA TOFFEE,$5.99,051756022068
Snack,Tillamook jerky,$4.99,051943270036
Snack,TILLAMOOK BEEF JERKY TERIYAKI,$4.99,051943270050
Snack,BEEF JERKEY,$4.99,051943270081
Snack,GATORADE CHOCLT 2.8,$4.99,052000104325
Snack,GATORADE BAR CHOCOLATE  CARAMEL 2.8,$4.99,052000104332
Snack,pickle balls ,$3.99,054100000392
Snack,Beer Nuts:Original Sweet & Salty,$5.99,070842001664
Snack,CALBEE HNY/BUT CHIP,$5.99,071146002210
Snack,Calbee:Lightly Salted,$4.99,071146002456
Snack,CORN NUTS 1.7 O,$1.99,071159000197
Snack,CORN NUTS 1.7 O,$1.99,071159001330
Snack,Corn Nuts:BBQ,$2.99,071159001347
Snack,CORN NUTS 1.7 O,$1.99,071159001750
Snack,CORN NUTS RANCH 4 OZ,$4.99,071159073115
Snack,CORN NUTS CHILI 4 OZ,$3.99,071159076550
Snack,CORN NUTS ORGNAL 4OZ,$3.99,071159078196
Snack,CORN NUTS BBQ 4 OZ,$3.99,071159078240
Snack,CORN NUTS MEXICAN STYLE,$3.99,071159289912
Snack,Meiji Hello Panda Chocolate Creme Filled Cookies (7 oz),$1.99,072320700045
Snack,Meiji Hello Panda Strawberry Cream Filled Cookies (7 oz),$1.99,072320700281
Snack,MEJI CHOCOROOMS,$5.99,072320700526
Snack,PANDA,$6.99,072320700915
Snack,hello panda strawberry,$6.99,072320700922
Snack,hello panda,$6.99,072320700939
Snack,MEIJI PANDA BISCUITS CARAMEL,$6.99,072320700977
Snack,Glico Pocky Strawberry Cream Covered Biscuit Sticks (1.41 oz),$2.99,073141150057
Snack,Marinela Barritas Pineapple Filled Cookies (3.74 oz),$3.99,074323094251
Snack,"Haagen Dazs Ice Cream, Chocolate Pint",$9.99,074570014002
Snack,"Haagen Dazs Ice Cream, Strawberry Pint",$9.99,074570024001
Snack,"Haagen Dazs Ice Cream, Coffee Pint",$9.99,074570034000
Snack,Haagen-Dazs Ice Cream Rocky Road Pint,$9.99,074570044085
Snack,Haagen Daz Chocolate Chocolate Chip Ice Cream Container (14 oz),$9.99,074570084005
Snack,Haagen-Dazs Vanilla Bean Ice Cream Container (14 oz),$9.99,074570650576
Snack,"Haagen Dazs Ice Cream, Caramel Cone Pint",$9.99,074570650583
Snack,"Haagen Dazs Ice Cream, Dulce de Leche Pint",$9.99,074570810116
Snack,Jumbo penuts,$4.99,077449300626
Snack,Snyder's of Hanover:Mini Fat Free,$3.99,077975022313
Snack,SNYDER W/HERSH MILK CHOC DIPS,$6.99,077975093085
Snack,Pretzel,$6.99,077975093108
Snack,SNYDERS HNY MUST ONION PC,$4.99,077975093900
Snack,Snyders pieces,$4.99,077975095607
Snack,El Sabroso Guacachip Guacamole (3 oz),$3.99,078907450341
Snack,El Sabroso Salsitas Spicy Salsa Tortilla Rounds (3 oz),$3.99,078907450396
Snack,JERKY OLD FASHION BEEF JERKY,$14.99,079694221121
Snack,KETTLE CHIP SS&V 5OZ,$5.99,084114009968
Snack,KETTLE CHIPS S SALT,$6.99,084114009982
Snack,KETEL  SALT&PEPPER 2,$3.99,084114032607
Snack,KETEL SEA SALT 2,$3.99,084114033000
Snack,Kettle Brand Sea Salt (2 oz),$3.99,084114033338
Snack,KETEL HONEY DIJON 2,$3.99,084114033703
Snack,KETTLE CHIPS SALT PR,$6.99,084114107077
Snack,Kettle Thick & Bold Dill Pickle Potato Chips,$3.99,084114112484
Snack,Kettle Brand:Sour Cream & Onion,$7.99,084114114464
Snack,Kettle Brand:Backyard Barbeque,$6.99,084114114495
Snack,KETEL BACKYARD BBQ,$3.99,084114115447
Snack,KETEL JALAPENO 2 OZ,$3.99,084114115881
Snack,KETTLE CHIP JALA 5OZ,$6.99,084114116352
Snack,KETTLE POTATO CHIPS PARMESAN,$6.99,084114901200
Snack,Kettle sea salt & vinegar,$7.99,084114902160
Snack,KETLE KRINKLE CUT,$3.99,084114903037
Snack,KETTLE AIR FRIED JALAPENO,$3.99,084114903167
Snack,KETTLE AIR FRIED,$3.99,084114903174
Snack,SNAK CLUB Salted Peanuts,$5.99,087076211462
Snack,SNAK  CLUB SALTED MIXED NUTS,$5.99,087076211745
Snack,TRAILMIX SWEET&SALTY,$5.99,087076214401
Snack,S C ENRGIZER TRAIL,$5.99,087076214593
Snack,Snak Club Sunflower Kernels,$5.99,087076214739
Snack,Snak club cajun style snack mix,$5.99,087076214753
Snack,SNAK CLUB PEANUT BUTTER CHOCOLATE,$5.99,087076215026
Snack,SNACK C PEACH RINGS,$5.99,087076215897
Snack,snak club watermelon 5 oz,$5.99,087076216108
Snack,"Snak club, tajin toasted corn: chili and lime",$4.99,087076216436
Snack,SNACK CLUB TAJIN CHILI & LIME,$5.99,087076216443
Snack,SNAK CLUB TAJIN,$5.99,087076216474
Snack,SNAK CLUB PINEAPPLE RINGS,$5.99,087076219192
Snack,Snak Club Tajin Crunchy Peanuts 1.4z,$2.99,087076457396
Snack,Popov Vodka 50ml,$4.99,088004035693
Snack,Hola Lemon Flavored Salted Apricot,$2.99,097832000018
Snack,WAFFLE CONES DARK CHOCOLATE,$7.99,191414012014
Snack,WAFFLE CONES,$7.99,191414014230
Snack,BULDAK POTATO CHIPS HABANERO LIME,$6.99,192699000697
Snack,BULDAK POTATO CHIPS QUATTRO CHEESE,$6.99,192699000703
Snack,vaca chips with beef tallow,$10.99,198715793963
Snack,ALIEN FRESH JERKY WHISKEY 3.25 OZ,$15.99,410010021436
Snack,KIND ALMOND COCONUT,$3.99,602652170089
Snack,KIND CRNBRY ALMND,$3.99,602652170119
Snack,KIND CRML ALMND SALT,$3.99,602652170300
Snack,KIND DRKCHOC CHRYCAH,$3.99,602652170508
Snack,KIND PNTBTR DRKCHOC,$3.99,602652170560
Snack,KIND BLUBERY VSN&CAS,$3.99,602652170584
Snack,KIND NUT SEA SALT,$3.99,602652176517
Snack,WICKED JERKY BLAZING BLUE,$19.99,615678606562
Snack,WODED JERKY,$19.99,615678900592
Snack,POWER CRUNCH MINT,$3.99,644225727108
Snack,POWER CRUNCH BAR,$3.99,644225727139
Snack,POWER CRUNCH BAR,$3.99,644225727382
Snack,POWER CRUNCH PBC,$3.99,644225727795
Snack,Power Crunch Triple Chocolate (1.4 oz),$3.99,644225727832
Snack,SOUR TOOTH STRAWBERRY,$5.99,655255514699
Snack,SOUR TOOTH PINK LEMONADE BELTS,$5.99,655255648837
Snack,Decoy:Pinot Noir,$27.99,669576019221
Snack,CRUNCHY MUNCHIES TRAIL MIX,$4.99,671891793502
Snack,CRUNCHY MUNCHIES CHILI & LEMON  MANGO,$5.99,671891793533
Snack,CRUNCHY MUNCHIES PISTACHIOS,$6.99,671891793564
Snack,Sabritas Peanuts Mexican Style Mix,$5.99,686700670097
Snack,T.G.I. Friday's:Cheddar & Bacon,$5.99,720495902350
Snack,T.G.I. Friday's:Sour Cream & Onion,$3.99,720495904354
Snack,CLIF CHOCLTE CHIP 68,$3.99,722252100900
Snack,CLIF PEANT BUTTER 68,$3.99,722252101204
Snack,CLIF CHOCLTE BRWN 68,$3.99,722252101808
Snack,CLIF BLUEBERRY 68G,$3.99,722252102607
Snack,CLIF MACADAMIA 68 G,$3.99,722252161093
Snack,CLIF BUILDER CPB,$3.99,722252601414
Snack,Clif Builder's Chocolate Mint (2.4 oz),$3.99,722252601445
Snack,"Barcel Snack Sticks Churritos, Fuego, Hot Chili Pepper & Lime",$7.99,757528008581
Snack,TAKIS FUEGO 9.9 OZ,$7.99,757528008680
Snack,TAKIS NITRO,$7.99,757528008697
Snack,Barcel Hot Nuts:Chili Pepper & Lime - Hot,$4.99,757528008932
Snack,TAKIS HOT NUTS,$3.99,757528008949
Snack,Barcel Churritos:Fuego - Hot Chili Pepper & Lime,$3.99,757528010607
Snack,BARC ARTS FUEGO,$7.99,757528027964
Snack,TAKIS ZOMBIE,$7.99,757528028077
Snack,TASKIS BLUE HEAT 9.9OZ,$7.99,757528037475
Snack,TAKIS INTENSE NACHO,$7.99,757528045272
Snack,TAKIS CHPPS,$3.99,757528046361
Snack,TAKIS FUEGO,$3.99,757528048075
Snack,TAKIS BLUE HEAT,$3.99,757528048112
Snack,TAKIS,$3.99,757528049102
Snack,TAKIS CRUNCHY FAJITAS,$3.99,757528049119
Snack,takis guacamole,$3.99,757528049126
Snack,TAKIS ZOMBIE,$3.99,757528049621
Snack,TAKIS HOT NUTS NACHO EXPLOSION,$3.99,757528050306
Snack,takis mix fuego hot chili pepper & lime,$3.99,757528051266
Snack,RUNNERS,$3.99,757528051334
Snack,TAKIS CHILE LIMON,$6.99,757528051518
Snack,TAKIS CHILE LIMON,$3.99,757528051525
Snack,runners chile &lime,$7.99,757528051846
Snack,takis churro charge,$3.99,757528053475
Snack,TAKIS JALAPENO,$3.99,757528054106
Snack,TAKIS XTREME LIME,$3.99,757528054113
Snack,TAKIS JALAPENO,$7.99,757528054151
Snack,TAKIS XTREM LIME,$7.99,757528054168
Snack,premium orcxhard,$4.99,767000724274
Snack,MET RX,$5.99,786560000864
Snack,"MET-Rx:Meal Replacement Bar, Super Cookie Crunch",$5.99,786560153126
Snack,LENNY LARRY,$4.99,787692360024
Snack,COMPLETE CREMES,$3.99,787692724062
Snack,COMPLETE CREMES,$3.99,787692725069
Snack,LENNY&LARRY CHOCCHIP,$4.99,787692834617
Snack,LENNY&LARRY OATMEAL,$4.99,787692834624
Snack,LENNY&LARRY PEANUT,$4.99,787692834631
Snack,LENNY&LARRY LEMON,$4.99,787692834648
Snack,LENNY&LARRY D-CHOCLT,$4.99,787692835331
Snack,LENNY&LARRY SNICKRDO,$4.99,787692835355
Snack,LENNY&LARRY BIRTHDAY,$4.99,787692835362
Snack,Lenny & Larry's The Complete Cookie Baked Nutrition - Chocolate Chip (4 oz),$3.99,787692835416
Snack,L&L CHOC-O-MINT,$4.99,787692835423
Snack,LENNT&LARRY MACADAMI,$4.99,787692838349
Snack,LEGENDARY PROTEIN PASTRY,$5.99,810035970229
Snack,LEGENDARY 20G,$5.99,810035970557
Snack,LEGENDARY 20G,$5.99,810035970601
Snack,LEGENDARY 20G,$5.99,810035970700
Snack,LEGENDARY 20G,$5.99,810035970809
Snack,LEGENDARY CINNAMON,$4.99,810035971622
Snack,LEGENDRY PROTIN CHIPS,$5.99,810035971981
Snack,LEGENDARY NACHO CHEESE CHIPS,$5.99,810035972049
Snack,LIFE PROTEIN CHIPS BBQ  1.2 OZ,$5.99,810035972063
Snack,LEGENDRY PROTIN CHIPS,$5.99,810035972216
Snack,LIFE PROTEIN CHIPS PIZZA  1.2 OZ,$5.99,810035972254
Snack,LEGENDARY PROTIEN CHIPS JALAPENO CHEDDAR 1.2 OZ,$5.99,810035972445
Snack,LEGENDARY CHERRY CRUMBLE,$5.99,810035972490
Snack,POPCORNERS WHITE CHEDDAR,$3.99,810607023094
Snack,POP CORNERS SEA SALT,$3.99,810607023100
Snack,Popcorners Gluten Free Popped Corn Chips Kettle (3 oz),$3.99,810607023117
Snack,POP CORNERS CINNAMON CRUNCH,$3.99,810607024879
Snack,SOUR MIX BELT,$3.99,812524909017
Snack,STRAWBERRY BELT,$3.99,812524909024
Snack,EFRUTTI BANANAS,$5.99,813805000331
Snack,RUSTY'S CHIPS,$4.99,819837000011
Snack,PUSTYS CHIPS,$4.99,819837000110
Snack,BACON UP BY RUSTY CHIPS SEA SALT FLAVORED,$8.99,819837000158
Snack,AJAX WITH BLEACH,$16.99,827854009504
Snack,VEGGIE STRAWS,$4.99,829515322885
Snack,Garden Veggie Straws Zesty Ranch,$4.99,829515322892
Snack,WICKED JERKY zOMBIES 1 oz,$18.99,840538105170
Snack,BROWNIE CINNAMON ROLL,$5.99,843562128849
Snack,BROWNIE GLAZED DONUT,$5.99,843562128863
Snack,BROWNIE COOKIE DOUGH,$5.99,843562128955
Snack,BROWNIE COOKIE MONSTER,$5.99,843562130347
Snack,BAREBELLS COOKIES AND CREAM,$4.99,850000429086
Snack,BAREELLS CARAMEL CASHEW,$4.99,850000429093
Snack,BAREBELLS COOKIES AND CREAM,$4.99,850000429116
Snack,BAREBELLS CHOCOLATE DOUGH,$4.99,850000429260
Snack,BAREBELLS COOKIES AND CREAM,$4.99,850000429413
Snack,ARCHER FUEGO,$10.99,850011381007
Snack,ARCHER HICKORY SMOKE,$10.99,850011381342
Snack,HI CHEW BAG BITES ORIGINAL MIX 2.12 OZ,$3.99,850017589445
Snack,REALSY PB&J DATES,$5.99,850022121326
Snack,PAPA SAKS ORIGINAL,$21.99,850022760082
Snack,PAPA SALS SWEET & SPICY,$21.99,850022760303
Snack,GK BF Pepp,$10.99,850023885012
Snack,GOURMET TERIYAKI JERKY,$9.99,850023885029
Snack,gk original,$4.99,850023885111
Snack,gk,$4.99,850023885128
Snack,gk sn,$4.99,850023885135
Snack,gk bbq corn snack,$4.99,850023885142
Snack,GK Biltong steak jerky,$10.99,850023885166
Snack,GK biltong steak jerky,$10.99,850023885173
Snack,Gourmet Haranero Chili  2 oz Beef Jerkey,$10.99,850023885180
Snack,Gk BB sesame,$3.99,850023885227
Snack,SESAME BAR HONEY & GINGER,$3.99,850023885234
Snack,GK mixed nuts bar,$3.99,850023885241
Snack,GK BB Sesame Bar,$3.99,850023885258
Snack,GK BB Choco Cherry MX NUTS,$3.99,850023885265
Snack,GK BB staw & Raspbr Mix nuts,$3.99,850023885333
Snack,VERB,$4.99,850043221609
Snack,CHEDDER JALAPENO,$5.99,850047865984
Snack,OLIVES,$6.99,850049748032
Snack,BAREBELLS COOKIES AND CREAM,$4.99,850054108548
Snack,BAREBELLS COOKIES AND CREAM,$4.99,850054108609
Snack,BAREBELLS KEY LIME PIE,$4.99,850054108944
Snack,sour strips,$6.99,850060777554
Snack,SMACKIN CINNAMON CHURRO,$5.99,850062557376
Snack,SMACKIN LEMON PEPPER,$5.99,850062557390
Snack,SMACKIN MAPLE BROWN SUGAR,$5.99,850062557406
Snack,SMACKIN' SOUR CREAM & ONION,$5.99,850062557734
Snack,Gumies casher,$9.99,850063407960
Snack,David chocolate CHIPS COOKIE DOUGH,$5.99,850064303001
Snack,David cake batter,$5.99,850064303018
Snack,David FUDGE,$5.99,850064303025
Snack,David PROTEIN FUDGE BROWINE 2.23 OZ,$5.99,850064303032
Snack,David PENUT BUTTER CHOCLATE CHUNK,$5.99,850064303155
Snack,DAVID SALTED,$5.99,850064303179
Snack,DAVID RED VELVET,$5.99,850064303261
Snack,David cinnamon roll,$5.99,850064303285
Snack,BAREELLS CARAMEL CASHEW,$4.99,850064950021
Snack,barebells penut butter,$4.99,850064950373
Snack,BAREBELLS WILD CHERRY,$4.99,850064950472
Snack,barebells coco caramel almond,$4.99,850064950700
Snack,Skinny Pop Popcorn,$2.99,850251004018
Snack,ALIEN FRESH JERKY ROADKILL ORIGINAL 3.25 OZ,$15.99,851807006005
Snack,ALIEN FRESH PEPERED  JERKY 3.25 OZ,$15.99,851807006012
Snack,ALIEN FRESH JERKY SWEET & SPICY 3.25 OZ,$15.99,851807006029
Snack,ALIEN FRESH JERKY SOUTHWEST HOT 3.25 OZ,$15.99,851807006036
Snack,ALIEN FRESH JERKY EXTREME HOT 3.25 OZ,$15.99,851807006043
Snack,ALIEN FRESH JERKY LEMON PEPPER 3.25 OZ,$15.99,851807006050
Snack,ALIN FRESH JERKY HONEY CHIPOTLE 3.25 OZ,$15.99,851807006067
Snack,ALIEN FRESH JERKY BARBECUE ON THE MOON,$15.99,851807006142
Snack,ARCHER MANGO HABANERO,$10.99,853016002014
Snack,ARCHER TERIYAKI,$10.99,853016002687
Snack,Quantum,$3.99,853894007712
Snack,CHICAS TORTILLA CHIPS,$8.99,854420003499
Snack,AECHER HATCH CHILE,$10.99,854837006991
Snack,I love corn,$5.99,855596007175
Snack,NUT BAR PISTACHIO + TOUCH OF HONEY,$4.99,857578008149
Snack,NUT BAR CASHEW + TOUCH OF HONEY,$4.99,857578008187
Snack,NUT BAR ALMOND + HONEY,$4.99,857578008200
Snack,FRUIT BARS PINEAPPLE PASSION FRUIT,$3.99,857578008514
Snack,THE ONLY BEAN EDAMAME BUFFALO,$6.99,860006036249
Snack,freestyle kalamata olives,$6.99,860007261206
Snack,spicy olives,$6.99,860007261213
Snack,MUDDY BITES MILK WAFFLE CONE SNACKS,$7.99,860007487309
Snack,THE ONLY BEAN EDAMAME RANCH,$6.99,860008097675
Snack,SMACKIN OG,$5.99,860008266200
Snack,SMACKIN GARLIC PARMESAN,$5.99,860008266217
Snack,SMACKIN CINNAMON CHURRO,$5.99,860008266231
Snack,SMACKIN' CRACKED PEPPER,$5.99,860008266262
Snack,SMACKIN DILL PICKLE,$5.99,860008266279
Snack,SMACKIN BBQ,$5.99,860008266293
Snack,RIPPED BEEF JERKY HEAUENLY SWEET &SPICY,$10.99,860011566601
Snack,RIPPED BEEF JERKY  PINEAPPLE EXPRESS,$10.99,860011566625
Snack,CARNE SECA LEMON,$13.99,860012732203
Snack,CRANE SECA,$13.99,860012732227
Snack,TIPS SEED OIL FREE CLASSIC KETTLE STYLE POTATO CHIPS,$7.99,860012937608
Snack,TIPS SALT & VINEGAR,$7.99,860012937622
Snack,TIPS JALAPENO,$7.99,860012937646
Snack,carne seca hot honey beef jerky,$13.99,860013399542
Snack,RIPPED BEEFJERKY HOT HONEY,$10.99,860015012234
Snack,MEXICAN MIX SNACK,$2.99,878631000924
Snack,JAPANESE PEANUTS,$4.99,878631008128
Snack,Hostess Coffee Cakes (3 oz),$3.99,888109010041
Snack,QUEST BAR COOKIES&CR,$4.99,888849000005
Snack,QUEST BAR COOKIE D,$5.99,888849000012
Snack,QUEST BAR WHITE CHOCOLATE,$4.99,888849000210
Snack,QuestBar Chocolate,$4.99,888849000418
Snack,QUEST BAR OAT CH CHP,$4.99,888849004621
Snack,QUEST BAR BDAY CAKE,$4.99,888849005956
Snack,Quest Protein chips Nacho Cheese,$4.99,888849006632
Snack,Quest,$5.99,888849006649
Snack,QUEST PROTIEN CHIPS,$4.99,888849006656
Snack,ALIEN FRESH JERKY HONEY TERIYAKI 3.25,$15.99,896843002802
Snack,ALIEN FRESH JERKY PEPPER TERIYAKI,$15.99,896843002833
Snack,ALIEN FRESH JERK ABDUCTED COW 3.25 OZ,$15.99,896843002840
Snack,BEEF JERKY WEED KILLER 3.25 OZ,$13.99,896843002864
Snack,HAVEA CORN CHIPS 4 OZ,$5.99,1003967577775
Snack,LAYS KOBE BEEF FLAVOUR,$5.99,4710543012991
Snack,LAYS SIZZLING ARTIFICIAL SQUID FLAVOR,$5.99,6924743918610
Snack,LAYS CHIPS CRISPY ROASTED CHICKEN WING,$5.99,6924743918658
Snack,LAYS TEXAS GIRLLED BBQ FLAVOR,$5.99,6924743919228
Snack,LAYS POTATO CHIPS WASABI,$5.99,6924743922020
Snack,lays spicy crayfish,$5.99,6924743923430
Snack,lays,$5.99,6924743935464
Snack,LAYS HEINZ TOMATO KETCHUP,$5.99,6924743936973
Snack,CHEETOS BOLITAS,$5.99,7500478044160
Snack,Tostitos Salsa Verde,$5.99,7501011130869
Snack,Tostitos Flamin Hot,$5.99,7501011130876
Snack,Cheetos Flamin' Hot,$5.99,7501011130937
Snack,Sabritas Crijutos sabor a Queso y Chile,$5.99,7501011131040
Snack,Frito-os Sabor Chile yLimon,$5.99,7501011131118
Snack,sabritas Adobadas,$5.99,7501011167667
Soda,OLIPOP GOODWIN 12 OZ,$3.99,286043000003
Soda,Pepsi Cola,$1.99,012000000133
Soda,Mountain Dew,$1.99,012000000850
Soda,PEPSI,$3.99,012000001291
Soda,MOUNTAIN DEW,$3.99,012000001314
Soda,DIET MOUNTAIN DEW,$3.99,012000001345
Soda,Pepsi Cola,$4.99,012000002304
Soda,Pepsi 1L,$4.99,012000002946
Soda,Mountain Dew:Soda 1L,$3.99,012000002977
Soda,Pepsi Wild Cherry,$3.99,012000005596
Soda,PEPSI ZERO SUGAR,$3.99,012000018800
Soda,MOUNTAIN DEW,$2.99,012000027215
Soda,PEPSI,$2.99,012000030284
Soda,Mountain dew baja blast,$3.99,012000130274
Soda,PEPSI CHERRY,$2.99,012000140709
Soda,DIET PEPSI,$3.99,012000171741
Soda,DT PEPSI 1L,$4.99,012000171758
Soda,DIET PEPSI,$5.99,012000171765
Soda,DIET PEPSI,$12.99,012000171864
Soda,Pepsi:Twelve Pack,$12.99,012000809941
Soda,Mountain Dew:Twelve Pack,$12.99,012000809965
Soda,COCA COLA,$3.99,049000000443
Soda,Diet Coke,$3.99,049000000450
Soda,SPRITE,$1.99,049000001327
Soda,Diet Coke:Cola,$3.99,049000001839
Soda,Coca Cola,$3.99,049000004632
Soda,COCA COLA 1 L,$3.99,049000005226
Soda,Diet Coke 1L,$3.99,049000005240
Soda,COKE,$1.99,049000006346
Soda,Diet Coke,$1.99,049000006582
Soda,SPRITE LEMON LIME,$3.99,049000007640
Soda,Coca-Cola:Cherry,$3.99,049000018011
Soda,Sprite:Lemon Lime Soda,$3.99,049000023190
Soda,COCA-COLA,$2.99,049000024685
Soda,DIET COKE,$2.99,049000024692
Soda,SPRITE LEMON LIME,$2.99,049000024708
Soda,Coca-Cola Box (144 oz x 12 ct),$12.99,049000028904
Soda,Diet Coke:Fridge Pack,$12.99,049000028911
Soda,Coca-Cola:Cherry,$12.99,049000031034
Soda,SPRITE ZERO SUGAR,$3.99,049000037197
Soda,COCA COLA ZERO SUGAR,$3.99,049000040869
Soda,Coca-Cola Zero:Fridge Pack,$12.99,049000042559
Soda,COKE ZERO,$1.99,049000042566
Soda,COKE ZERO,$2.99,049000045840
Soda,Mexican Coke,$3.99,049000047790
Soda,SPRITE MEXICAN,$3.99,049000047820
Soda,Sprite,$3.99,049000047837
Soda,FANTA ORANGE MEXICAN,$3.99,049000047844
Soda,COCA-COLA 2L,$4.99,049000050103
Soda,DIET COKE 2 L,$4.99,049000050110
Soda,COKE ZERO 2 L,$5.99,049000050141
Soda,SPRITE 2 L,$4.99,049000050158
Soda,COKE ZERO,$2.99,049000053401
Soda,COKE,$2.99,049000053418
Soda,DIET COKE,$2.99,049000053425
Soda,SPRITE,$2.99,049000053432
Soda,FANTA ORANGE,$2.99,049000053746
Soda,COKE CHERRY,$3.99,049000060423
Soda,FANTA STRAWBERRY MEXICAN,$3.99,049000062823
Soda,FANTA PINEAPPLE MEXICAN,$3.99,049000062830
Soda,sprite zero sugar,$12.99,049000549201
Soda,SPRITE + TEA,$1.99,049000558951
Soda,7-UP 1L,$3.99,078000000283
Soda,7-UP REGULAR 2-LITER,$4.99,078000000344
Soda,7 UP,$1.99,078000000382
Soda,7 UP Diet,$1.99,078000000795
Soda,CANADA DRY,$1.99,078000001143
Soda,Canada Dry:Diet,$1.99,078000001181
Soda,Canada Dry:Club Soda,$1.99,078000001228
Soda,7 UP,$3.99,078000001617
Soda,DIET 7 UP,$3.99,078000001624
Soda,SQUIRT GRAPEFRUIT SODA,$1.99,078000001815
Soda,A & W:Root Beer,$1.99,078000001877
Soda,Sunkist Orange,$1.99,078000002744
Soda,DR. PEPPER,$1.99,078000003154
Soda,DIET DR. PEPPER,$1.99,078000003239
Soda,Canada dry tonic water 10 fl.oz,$2.99,078000003659
Soda,Squirt:Citrus Burst 16.9 Oz,$2.99,078000003697
Soda,DR. PEPPER,$2.99,078000003864
Soda,DR PEPPER,$3.99,078000005868
Soda,DR PEPPER LS RETRO,$3.99,078000008722
Soda,DR. PEPPER CHERRY,$1.99,078000009538
Soda,cactus cooler,$1.99,078000011609
Soda,Stanley Fastening Sy,$3.99,078000011647
Soda,7 Up Can (12 oz),$12.99,078000011807
Soda,7 UP,$2.99,078000012194
Soda,Squirt Can (12 oz),$12.99,078000016161
Soda,Squirt,$3.99,078000016239
Soda,SQUIRT,$3.99,078000016406
Soda,SQUIRT 1L,$3.99,078000016451
Soda,SQUIRT GRAPFRUIT 2L,$4.99,078000016468
Soda,Squirt:Citrus Diet,$2.99,078000017403
Soda,SQUIRT MEXICAN,$3.99,078000019520
Soda,7 Up Soda,$2.99,078000019544
Soda,SUNKIST STRAWBERRY LEMON,$4.99,078000031805
Soda,DR.PEPPER CREAM SODA,$1.99,078000033489
Soda,DR PEPPER CREAM SODA,$3.99,078000033519
Soda,DR PEPPER CREAM SODA ZERO SUGAR,$12.99,078000035261
Soda,Drpepper,$3.99,078000035308
Soda,Zero dr peper,$1.99,078000035476
Soda,A & W:Twelve Pack,$12.99,078000052169
Soda,A&W ROOT BEER,$3.99,078000052404
Soda,A&W ROOT BEER 2 L,$4.99,078000052466
Soda,A&W CREAM SODA,$3.99,078000054408
Soda,Dr Pepper:23,$12.99,078000082166
Soda,DR.PEPPER,$3.99,078000082401
Soda,Dr Pepper:23,$4.99,078000082456
Soda,DR PEPPER 2 L,$4.99,078000082463
Soda,Dr Pepper:Diet 12 Oz,$12.99,078000083163
Soda,DIET DR. PEPPER,$3.99,078000083408
Soda,Sunkist:Orange Soda,$12.99,078000113167
Soda,Diet Ginger Ale,$12.99,078000148169
Soda,Canada Dry:Caffeine Free,$12.99,078000152166
Soda,CANADA DRY GINGER,$3.99,078000152401
Soda,GINGER ALE 1 L,$3.99,078000152456
Soda,CANADA DRY GINGER ALE 2L,$4.99,078000152463
Soda,SCHWEPPES GINGER ALE,$3.99,078000206401
Soda,ginger beer,$4.99,079373000139
Soda,BUNDABERG DIET GINGER BEER 12OZ,$4.99,079373000283
Soda,Bandaberg,$4.99,079373000344
Soda,BUNDABERG GUAVA,$4.99,079373000375
Soda,JARRITOS MANDARIN,$3.99,090478006925
Soda,SAGRIA SENORIAL,$2.99,090478321004
Soda,SIDRAL MUNDET APPLE,$3.99,090478331003
Soda,JARRITOS MANDARIN 24/12.5 GLASS,$3.99,090478410012
Soda,JARRITO TAMARINDO,$3.99,090478410029
Soda,JARRITO PINEAPPLE,$3.99,090478410043
Soda,JARRITOS LIME,$3.99,090478410050
Soda,Jarritos Soda Toronja,$3.99,090478410074
Soda,JARRITOS GUAVA,$3.99,090478410081
Soda,JARRITOS STRAWBERRY,$3.99,090478410098
Soda,POPPI STRAWBERRY LEMON,$3.99,709586514856
Soda,POPPI ORANGE,$3.99,724190812877
Soda,POPPI GRAPE,$3.99,810063710392
Soda,FEVER TREE PREMIUM GINGER BEER,$10.99,812136030598
Soda,OLIPOP TROPICAL PUNCH,$3.99,850027702049
Soda,OLIPOP CREAM SODA,$3.99,850027702186
Soda,OLIPOP CRISP APPLE,$3.99,850027702193
Soda,OLIPOP DOCTOR GOODWILL,$3.99,850027702209
Soda,OLIPOP BANANA CREAM,$3.99,850027702247
Soda,OLIPOP,$3.99,850027702261
Soda,OLIPOP,$3.99,850027702285
Soda,OLIPOP WATERMELON LIME,$3.99,850027702360
Soda,OLIPOP GINGER ALE,$3.99,850027702469
Soda,OLIPOP PEACHES & CREAM,$3.99,850027702575
Soda,OLIPOP,$3.99,850027702889
Soda,Olipop cream soda,$3.99,850027702896
Soda,OLIPOP GINGER ALE,$3.99,850062639065
Soda,OLIPOP PINEAPPLE PARADISE,$3.99,850062639300
Soda,OLIPOP PINEAPPLE PARADISE 4 PK,$14.99,850062639317
Soda,OLIPOP SHIRLEY TEMPLE,$3.99,850062639584
Soda,OLIPOP CHERRY VANILLA,$3.99,860003223307
Soda,OLIPOP ORANGE CREAM,$3.99,860003223321
Soda,OLIPOP ORANGE CREAM 12 OZ,$3.99,860003223338
Soda,OLIPOP CLASSIC GRAPE,$3.99,860003223390
Soda,OWENS GINGER BEER,$2.99,860006644673
Soda,U,$4.99,860013270407
Soda,AIR HEADS ORANGE,$4.99,860013906207
Soda,AIR HEADS SODA WATERMELON,$4.99,860013906214
Soda,AIR HEADS STRAWBERRY,$4.99,860013906221
Soda,AIR HEADS BLUE RASPBERRY,$4.99,860013906238
Soda,OLIPOP VINTAGE COLA,$3.99,860439001005
Soda,OLIPOP STRAWBERRY VANILLA,$3.99,860439001012
Soda,OLIPOP GINGER LEMON,$3.99,860439001029
Soda,OLIPOP ORANGE SQUEEZE,$3.99,860439001081
Soda,olipop cream soda,$3.99,1085002770211
Soda,OLIPOP GOODWIN 12 OZ,$3.99,1085002770228
Soda,OLIPOP WATERMELON LIME,$3.99,1085002770235
Soda,OLIPOP GINGER ALE,$3.99,1085002770242
Soda,OLIPOP LEMON LIME,$3.99,1085002770280
Soda,OLIPOP GINGER LEMON 12 OZ,$3.99,1086043900100
Soda,OLIPOP TROPICAL PUNSH 12 OZ,$3.99,3085002770202
Soda,SANGARIA  RAMU BOTTLE CARBONATED DRINK,$6.99,4902179007292
Soda,SANGARIA MELON SODA GETTIN COOL,$6.99,4902179008824
Soda,SANGARIA GRAPE CARBONATED DRINK RAMU BOTTLE,$6.99,4902179014290
Soda,PEPSI RASPBERRY SODA,$7.99,6902827190411
Soda,PEPSI OOLONG WITHE PEACH SODA,$6.99,6908946289500
Soda,PEPSI WHITE GRAPEFRUIT BAMBOO,$6.99,6908946290100
Soda,Pepsi lime,$6.99,6956553401730
SUNSCREEN,OFF!,$10.99,046500018107
SUNSCREEN,ALOE 8 OZ,$8.99,079656000078
SUNSCREEN,BANANA BOAT 3OZ,$6.99,079656045123
SUNSCREEN,BANANA BOAT,$3.99,079656045321
SUNSCREEN,BANANA SPRAY 1.8 OZ,$4.99,079656122213
SUNSCREEN,LA BODIES SUNSCREEN,$9.99,610466030185
SUNSCREEN,LA BODIES SUNSCREEN,$9.99,610466030208
SUNSCREEN,AFTER SUN LOTION,$5.99,610466046797
SUNSCREEN,SUNSCREEN +30,$9.99,610466050817
SUNSCREEN,OCEAN POTION SPF 30,$18.99,821039860034
SUNSCREEN,OCEAN POTION SPF 50,$18.99,821039860065
SUNSCREEN,BULLFROG,$18.99,850016521101
SUNSCREEN,BULL FROG,$17.99,850016521118
SUNSCREEN,BULL FROG,$17.99,850016521217
SUNSCREEN,ALOE GATORE GEL +40,$18.99,850016521309
SUNSCREEN,ALO GATO LOCTION,$16.99,850016521316
SUNSCREEN,ALOGAYTOR,$18.99,850016521323
SUNSCREEN,ALO GATORSPRAY,$18.99,850016521330
SUNSCREEN,ALOE GATOR,$12.99,850016521361
TORCH,BIC  LIGHTER BIG,$3.99,070330633254
TORCH,TORCH SMALL,$5.99,703669055861
TORCH,MAVEN TORCH MD,$8.99,810093292158
TORCH,Maven tourch,$8.99,810093292332
TORCH,TORCH LIGHTER SMALL,$6.99,853195000467
TORCH,EAGLE  torch big,$10.99,853195010503
Water,MAISON PERRIER,$2.99,41508015
Water,Aquafina,$2.99,012000001598
Water,AQU WATER 1.5 LETER,$3.99,012000002090
Water,Life Wtr,$3.99,012000161155
Water,LIFEWTR- 20OZ,$2.99,012000171635
Water,BUBLY LIME,$3.99,012000190889
Water,BUBLY BLACKBERRY,$3.99,012000192760
Water,La Croix:Grapefruit Pamplemousse,$2.99,012993101619
Water,La Croix:Grapefruit Pamplemousse 12 Oz c,$18.99,012993102012
Water,Sparkling Ice Black Raspberry,$2.99,016571910303
Water,Sparkling Ice Orange Mango Bottle (17 oz),$2.99,016571910310
Water,Sparkling Ice Kiwi Strawberry,$2.99,016571910327
Water,Sparkling Ice:Pink Grapefruit,$2.99,016571910372
Water,SPARKLING ICE LEMON LIME ZERO,$2.99,016571911256
Water,Sparkling Ice Coconut Pineapple (17 oz),$2.99,016571940331
Water,ICE SPARKLING  LEMONADE 17 OZ,$2.99,016571940355
Water,Sparkling Ice Cherry Limeade (17 oz),$2.99,016571950842
Water,Sparkling Ice - Strawberry Watermelon,$2.99,016571950859
Water,Sparkling Ice Black Cherry - with Antioxidants and Vitamins Bottle (17 oz),$2.99,016571952105
Water,SPARKLING ICE GRAP RASPRY 17OZ,$2.99,016571952679
Water,SPARKLING ICE STRAWBERRY ZERO,$2.99,016571959203
Water,SPARKLING ICE ORANGE ZERO,$2.99,016571959241
Water,TOPO CHICO MINERAL WATER 12OZ,$3.99,021136010374
Water,Topo Chico MIneral Water Bottle (20 oz),$3.99,021136010541
Water,Topo Chico 750ml,$6.99,021136010626
Water,TOPOCHICO SPARKLING WATER LIME,$3.99,021136110449
Water,TOPO CHICO TWIST GRAPEFRUIT,$3.99,021136180558
Water,TOPOCHICO WATER LIME,$3.99,021136180589
Water,TOPOCHICO WATER MINERAL,$3.99,021136180596
Water,MINIRAL WATER TOPO CHICO,$3.99,021136180619
Water,TOPO CHICO BLUEBERRY MINERAL,$2.99,021136181364
Water,TOPO CHICO TANGERINE WITH GINGER,$2.99,021136181388
Water,TOPO CHICO BLUE BERRY,$21.99,021136181616
Water,TOPO CHICO LIME WITH MINT,$21.99,021136181623
Water,TAPO CHICO TANGERINE,$21.99,021136181630
Water,TOPO CHICO RASPBERRY WITH LEMON,$21.99,021136181685
Water,TOPO CHICO TROPICAL MANGO,$21.99,021136181715
Water,Laredo Refill Reg.  Blend,$0.99,027200005413
Water,Niagra Purified Water,$1.99,027541000054
Water,Niagara Water,$2.99,027541000252
Water,Niagara Purified Drinkable Water,$4.99,027541000481
Water,NIAGARA DISTILLED WATER,$4.99,027541000689
Water,NIAGARA DISTILLED WATER,$4.99,0027541000689
Water,Niagara Water 24pk,$10.99,027541001235
Water,REAL COCONUT WATER WATERMELON 16.9 OZ,$5.99,037171562006
Water,S. Pellegrino:Sparkling Natural Mineral Water,$2.99,041508800075
Water,S. Pellegrino:Sparkling Natural Mineral Water,$4.99,041508800129
Water,S. PELLEGRINO ZERO CALORIES,$2.99,041508803052
Water,S. PELLECRINO UNFLAVERED SPARKLING,$13.99,041508803069
Water,Dasani:Purified Water,$2.99,049000027624
Water,Saratoga:Sparkling Spring Water,$5.99,070960000112
Water,SARATOGA SPRING WATER 1 LITER,$5.99,070960000129
Water,SARATOGA SPARKLING,$2.99,070960000136
Water,SARATOGA STILL GLASS BOTTLE,$2.99,070960000143
Water,SARATOGA PLASTIC SPARKLING,$2.99,070960951568
Water,SARATOGA STILL PLASTIC BOTTLE,$2.99,070960951575
Water,Arrowhead:Sport Bottle w/Flip Cap Deposit,$2.99,071142643370
Water,La Croix:Natural Lemon 12 Oz,$14.99,073360373411
Water,La Croix:Natural Berry 12 Oz,$14.99,073360743412
Water,MAISON PERRIER,$3.99,074780515504
Water,MAISON PERRIER ULTIMATE SPARKLING WATER,$3.99,074780650656
Water,MASION PERRIER ORANGE,$2.99,074780727501
Water,MASION PERRIER lime,$3.99,074780811163
Water,Crystal Geyser:Natural w/ Flat Cap,$3.99,075140005000
Water,Crystal Geyser:Natural,$1.99,075140005024
Water,Crystal Geyser:Natural w/Flat Cap,$2.99,075140005123
Water,Crystal Geyser:Natural w/ Handle,$3.99,075140005154
Water,Crystal Geyser:Natural 16.9 Oz,$4.99,075140065028
Water,Crystal Geyser:Natural w/ Sport Cap,$2.99,075140700028
Water,MONTAIN VALLEY SPRING WATER,$5.99,077208000330
Water,Mountain Valley Spring Sparkling Water (1 L),$5.99,077208002341
Water,MOUNTAIN VALLEY SPARKLING,$2.99,077208004123
Water,MOUNTAIN VALLEY WHITE PEACH,$5.99,077208004185
Water,Montain valley spring,$4.99,077208007544
Water,THE MOUNTAIN VALLEY,$4.99,077208014207
Water,MOUNTIN VALLEY LIME,$5.99,077208018014
Water,Mountain Valley Blackberry Pomegranate Sparkling Spring Water (33.8 oz),$5.99,077208018021
Water,NOUNTAIN VALLEY LIME,$2.99,077208018052
Water,THE MOUNTAIN VALLEY BLACKBERRY,$2.99,077208018069
Water,Canada dry club soda 10 fl.oz,$2.99,078000003413
Water,CANADA DRY CLUB CLUB SODA 1 L,$3.99,078000146455
Water,CANADA DRY  TONIC WATER ZERO 1 L,$3.99,078000149456
Water,CANADA DRY TONIC WATER,$3.99,078000153453
Water,SCHWEPPES CLUB SODA,$3.99,078000203455
Water,Schweppes Tonic Water,$3.99,078000218459
Water,SCHWEPPS  TONIC WATER AERO,$3.99,078000219456
Water,Evian Spring Water,$3.99,079298000078
Water,Evian:Natural Spring Water,$2.99,079298000085
Water,DK evian 1Lit,$3.99,079298200034
Water,Evian:1 L,$3.99,079298600070
Water,HARMLES HARVET WATERMELON 16 OZ,$8.99,081006890093
Water,MEL WATER PASSION FRUIT 16.9OZ,$4.99,086000078034
Water,JARITOAS MINERAGUA CLUB SODA 12OZ,$2.99,090478410616
Water,ORGANIC COCONUT WATER,$8.99,096619055524
Water,A Case Of Water,$11.99,499973370034
Water,Eternal:Artesian Water,$3.99,608883000058
Water,ETERNAL 2.5 LETER,$5.99,608883000065
Water,Fiji:Natural Artesian Water,$2.99,632565000012
Water,Fiji,$4.99,632565000029
Water,FIJ WATER 1/12 700ML PET SPORT,$3.99,632565000654
Water,ESS WATER 1/24 700ML PET SPT,$3.99,657227000247
Water,ESS WATER 1 LTR PET,$3.99,657227000339
Water,Essentia Water (1.5 L),$5.99,657227000506
Water,Essentia:Purified Drinking Water,$2.99,657227001206
Water,VOSS,$4.99,682430010486
Water,Voss of Norway:Artesian Water,$2.99,682430400102
Water,VOSS Water,$5.99,682430400119
Water,VOSS Artesian Water,$4.99,682430611737
Water,VOSS SPARKLING SPRIG WATER,$4.99,682430611751
Water,VOSS:Sparkling Artesian Water,$5.99,682430611768
Water,REAL COCONUT WATER ORIGINAL 16.9 OZ,$6.99,683203904520
Water,REAL COCONUT WATER PINEAPPLE 16.9 OZ,$5.99,683203904551
Water,REAL COCONUT WATER mango 16.9  oz,$5.99,683203904582
Water,REAL COCONUT WATER PASSION FRUIT 16.9 OZ,$5.99,683203904605
Water,Glaceau Smart Water:and Electrolytes for taste,$3.99,786162001511
Water,Glaceau Smartwater Cucumber Lime Bottle (23.7 oz),$2.99,786162006127
Water,SMART WATER,$3.99,786162023124
Water,Smart Water Bottle (20 oz),$2.99,786162200433
Water,Glaceau Smart Water:Vapor Distilled Water,$3.99,786162338006
Water,SMART WATER ALUMINUM,$3.99,786162410153
Water,smart water alkaline,$5.99,786162411150
Water,SMART WATER,$3.99,786162411167
Water,SMART WATER ALKALINE  SPORT CUP,$3.99,786162411211
Water,Smartwater:Electrolyte Enhanced Water,$5.99,786162507006
Water,M>POWER,$2.99,793573132758
Water,PH 1 gallon,$8.99,810031200092
Water,HARNLESS H COCO WATR WITH PULP 16 OZ,$8.99,810068900361
Water,HARMLES HARVET 10 OZ,$6.99,810068900439
Water,HARMLESS ORGANIC SPARKLING COCONUT WATER,$8.99,810068900811
Water,HARMLESS ORGANIC COCONUT WATER WITH WTAERMELON,$8.99,810068900903
Water,LIQUID I.V. HYDRATION + ENERGY BLACKBERRY PEACH,$2.99,810125971167
Water,LIQUID IV RASPERRY LEMONADE,$2.99,810125971822
Water,LIQUID IV STRAWKIWI,$2.99,810125972133
Water,LIQUID IV BLACKBERRY LEMONADE,$2.99,810125973314
Water,LIQUID DEATH TEA BLUEBERRY BUZZSAW 12/19.2 CAN,$3.99,810133440068
Water,GHOST BLUE RASPBERRY,$4.99,810169603369
Water,FEVER TREE PREMIUM GINGER ALE,$10.99,812136030208
Water,FEVER TREE PINK GRAPEFRUIT,$10.99,812136031229
Water,HARMLESS SMOOTHIE,$6.99,850003023700
Water,PATH ALKALINE,$5.99,850013500109
Water,LIQUID DEATH MOUNTAIN WATER  19.2 OZ,$3.99,850031700079
Water,LIQUID DEATH SPArkling,$3.99,850031700185
Water,LIQUID DEATH SPARKLING WATER LIME,$3.99,850031700222
Water,LIQUID DEATH SPRKLNG SQUEEZED TO DEATH,$3.99,850031700888
Water,LIQUID DEATH SPARKLING WATER CHERRY,$3.99,850031700895
Water,hawaii,$4.99,850683005362
Water,LIQUID I.V. ELECTROLYTE,$2.99,851741008981
Water,Core Hydration Water,$3.99,853004004037
Water,Core Water,$4.99,853004004891
Water,Core Hydration Water,$3.99,853004004952
Water,Proud source spring water,$4.99,853303007005
Water,PROUD SOURCE SPRING WATER,$3.99,853303007029
Water,1709 water 2 liter,$5.99,853605006027
Water,C2O COCONUT WATER PURE 12/17.5 CAN,$4.99,853883003008
Water,C2O COCONUT WATER PULP 12/17.5 CAN,$4.99,853883003022
Water,Spindrift GRAPEFRUIT,$2.99,856579002170
Water,Spindrift,$2.99,856579002194
Water,SPINDRIFT LIME SPARKLING WATER12 OPZ,$2.99,856579002804
Water,WAIAKEA HAWAIIAN VOLCANIC WATER 12/1 LITER PET,$3.99,856652006002
Water,ZIPFIZZ PEACH MANGO,$3.99,857167006013
Water,PERFECT HYDRATION WATER,$2.99,857416006245
Water,HARNLESS HARVET COCO WATER 16 OZ,$7.99,859078002153
Water,lIQUID  DEATH SPRING WATER,$3.99,860000023900
Water,IZUMI MTN SPRING WATER,$3.99,860010762257
Water,IZUMI MTN WTR  SPRING WATER,$3.99,860010762264
Water,MTN EATER SPARING,$3.99,860010762288
Water,IZUMI MTN WTR SPRING WTAER EXRTA STRONG,$3.99,860013444976
Water,MTN WATER EXTRA STONEG,$3.99,860013444990
Water,LIQUID I.V. HYDRATION PACKETS LEMON LIME,$2.99,863737000121
Water,Alka nix 1 lt,$3.99,865068000108
Water,Alkanix,$4.99,865068000115
Water,CELSIUS ENERGY PACK DRAGON FRUIT LIME,$2.99,889392080759
Water,ZIPFIZZ GRAPE,$3.99,893811000075
Water,ZIPPFIZZ FRUIT 11 G,$2.99,893811000082
Water,FEVERTREE INDIAN TONIC 500ML,$4.99,898195001342
Water,fever-tree indian tonic water,$4.99,898195001403
Water,FEVER TREE CLUB SODA 500ML,$4.99,898195001489
Water,FEVER TREE PREMIUM TONIC WATER,$10.99,898195001755
Water,FEVER TREE LIGHT PREMIUM TONIC WATER,$10.99,898195001762
Water,Vita Coco Pure Coconut Water,$7.99,898999000503
Water,Vita 1  LITER,$8.99,898999000992
Water,Vita Coco 100% Pure,$4.99,898999010007
Water,VITA COCO WATER WITH PRESSED COCONUT,$4.99,898999010144
Water,Vita Coconut Origina,$4.99,898999010229
Water,VITA COCO  STRAWBERRIES CREME,$4.99,898999013527
Water,VITA COCOC ORANGE CREME,$4.99,898999013794
Water,Vita Coco - Pineapple,$4.99,898999030005
Water,OCEAN BOMB MELON FLAVOR,$4.99,4712966542260
Water,OCEANBOMB ORANGE,$4.99,4712966542369
