Upc,Department,qty,cents,incltaxes,inclfees,Name,size,ebt,byweight,"Fee Multiplier",cost_qty,cost_cents,variable_price,addstock,setstock,pack_name,pack_qty,pack_upc,unit_upc,unit_count,is_oneclick,oc_color,oc_border_color,oc_text_color,oc_fixedpos,oc_page,oc_key,oc_relpos
"=""200001000003""",Pouches,1,1499,n,n,"ULTRA WATERMELON FOCUS","15 POUCHES",,n,1,1,769,n,,"=""100""",,,,,,n,,,,,,,
"=""499733700019""",SYSTEM,1,0,n,n,TAXABLE,,,n,1,1,0,n,,"=""100""",,,,,,n,,,,,,,
"=""499733700026""",ACCESSORIES,1,599,n,n,STICKERS,,,n,1,1,0,n,,"=""97""",,,,,,y,#ec407a,#f06292,,15,"in store",STICKERS,15
"=""499733700033""",Zyn,1,4499,n,n,"ROLL OF ZYN","5 PKS",,n,1,1,0,n,,"=""97""",,,,,,y,#76ff03,#76ff03,,7,"in store","ROLL OF ZYN",7
"=""499733700040""",SYSTEM,1,200,y,n,"$ 2 FEE",,,n,1,1,0,n,,"=""99""",,,,,,y,#d50000,#d50000,,,"in store","$ 2 FEE",2
"=""499973370041""",Vape,1,2499,n,n,"Small Flum",,,n,1,1,1100,n,,"=""99""",,,,,,y,#42a5f5,#03a9f4,,12,"in store","Small Flum",12
"=""499973370058""",Vape,1,2699,n,n,"Big Flum",,,n,1,0,0,n,,"=""97""",,,,,,y,#1565c0,#1565c0,,11,"in store","Big Flum",11
"=""499973370065""",Vape,1,2999,n,n,"Big Gee",,,n,1,0,0,n,,"=""92""",,,,,,y,#81d4fa,#1a237e,,9,"in store","Big Gee",9
"=""499973370072""",Vape,1,2499,n,n,"Small Geek",,,n,1,0,0,n,,"=""99""",,,,,,y,#304ffe,#304ffe,,10,"in store","Small Geek",10
"=""499973370089""",ACCESSORIES,1,299,n,n,"Zip Bags",,,n,1,0,0,n,,"=""100""",,,,,,y,#fff59d,#fff59d,,5,"in store","Zip Bags",5
"=""499973370096""","General Merchandise",1,199,n,n,"Cup of ice",,,n,1,0,0,n,,"=""99""",,,,,,y,#ffeb3b,#fdd835,,6,"in store","Cup of ice",6
"=""499973370102""",ACCESSORIES,1,1599,n,n,"Sun Glasses",,,n,1,0,0,n,,"=""99""",,,,,,y,#eeff41,#eeff41,,,"in store","Sun Glasses",14
"=""499973370119""","General Merchandise",1,999,n,n,"Fish Bait",,,n,1,0,0,n,,"=""97""",,,,,,y,#880e4f,#880e4f,,16,"in store","Fish Bait",16
"=""499733700057""",ACCESSORIES,1,299,n,n,Surfewax,,,n,1,0,0,n,,"=""100""",,,,,,y,#ffffff,#000000,,,"in store",Surfewax,17
"=""203026000003""","Wine General",1,4699,n,n,"Pears Triumph De Vienne (3026)","750 ml",,n,2,1,3000,n,,"=""100""",,,,,,n,,,,,,,
"=""272051000005""","Wine Cabernet Sauvignon",1,2274,n,n,"Paso Robles Austin Cabernet Sauvignon","750 ml",,n,2,1,1466,n,,"=""100""",,,,,,n,,,,,,,
"=""285246000001""",Whiskey,1,2999,n,n,"Makers mark 750",,,n,2,0,0,n,,"=""100""",,,,,,n,,,,,,,
"=""286043000003""",Soda,1,299,n,n,"OLIPOP GOODWIN 12 OZ","12 OZ",,n,1,1,172,n,,"=""100""",,,,,,n,,,,,,,
"=""290003000002""","Hanging Snacks",1,599,n,n,"PLANTERS WHITE CHOCOLATE MACADAMIA TRAIL MIX",,,y,1,1,287,n,,"=""100""",,,,,,n,,,,,,,
"=""000002754154""",NonAlcohol1,1,99,n,n,"NIAGARA PURIFIED WATER 16.9OZ","16.9 oz",,n,1,1,14,n,,"=""528""",,,,,,n,,,,,,,
"=""000004124498""",NonAlcohol1,1,299,n,n,"MARTINELLI'S PURE APPLE JUICE 10OZ","10 oz",,n,1,1,125,n,,"=""24""",,,,,,n,,,,,,,
"=""000004976400""","SMALL SODA 1",1,399,n,n,"SPRITE SODA 20OZ","20 oz",,n,1,1,156,n,,"=""24""",,,,,,n,,,,,,,
"=""000004979708""","SMALL SODA 1",1,399,n,n,"COCA COLA DIET SODA 24OZ","24 oz",,n,1,1,179,n,,"=""24""",,,,,,n,,,,,,,
"=""15030207""",Tequila,1,1699,n,n,"OCEANO AZUL","750 ML",,n,1,0,0,n,,"=""100""",,,,,,n,,,,,,,
"=""30063068""","Chips - Frito-Lay",1,269,n,n,"Dorito salsa verde",,,n,1,1,180,n,,"=""100""",,,,,,n,,,,,,,
"=""40084176""",CHOCOLATE,1,249,n,n,"KINDER COUNTRY BAR","23.5 G",,n,1,1,63,n,,"=""100""",,,,,,n,,,,,,,
"=""40144399""",CHOCOLATE,1,199,n,n,"KNOPPERS CRISPY CHOCOLATE","25 G",,n,1,1,100,n,,"=""100""",,,,,,n,,,,,,,
"=""40345123""",Grocery,1,249,n,n,SMARTIES,,,n,1,1,110,n,,"=""0""",,,,,0,n,,,,,,,
"=""41508015""","SPARKLING WATER 1",1,199,n,n,"MAISON PERRIER","11.5 oz",,n,1,1,100,n,,"=""0""",,,,,0,n,,,,,,,
"=""59070689""","Breath Refreshers",1,249,n,n,"HALLS LIME",,,n,1,1,104,n,,"=""100""",,,,,,n,,,,,,,
"=""75050054""",SYSTEM,1,10,n,n,delet,,,n,1,1,2,n,,"=""100""",,,,,,n,,,,,,,
"=""75050061""",Grocery,1,10,n,n,"Pica limon",,,n,1,0,0,n,,"=""100""",,,,,,n,,,,,,,
"=""80052760""",CHOCOLATE,1,399,n,n,"KINDER BUENO","21.5 G",,n,1,1,120,n,,"=""100""",,,,,,n,,,,,,,
"=""80177609""",CHOCOLATE,1,399,n,n,"KINDER CHOCOLATE","2 OZ",,n,1,1,0,n,,"=""0""",,,,,0,n,,,,,,,
"=""80710196""",SYSTEM,1,199,n,n,delet,,,n,1,1,0,n,,"=""100""",,,,,,n,,,,,,,
"=""80761761""",CHOCOLATE,1,299,n,n,"KINDER BUENO WHITE","43 G",,n,1,30,3600,n,,"=""100""",,,,,,n,,,,,,,
"=""80769507""",CHOCOLATE,1,299,n,n,"HELLO KITTY",,,n,1,1,0,n,,"=""0""",,,,,0,n,,,,,,,
"=""80874652""",CHOCOLATE,1,199,n,n,"KINDER CARDS",,,n,1,0,0,n,,"=""100""",,,,,,n,,,,,,,
"=""000579000265""",Tequila,1,9499,n,n,"TAPATIO ANEJO TEQUILA 1L","1 L",,n,1,1,6169,n,,"=""12""",,,,,,n,,,,,,,
"=""008068601252""","Ready-to-Drink (RTD)",1,1299,n,n,"OTR PINA COLADA","355 ML",,n,14,1,837,n,,"=""6""",,,,,,n,,,,,,,
"=""008660000019""","Rolling Papers & Wraps",1,299,n,n,"Zig Zag Braunstein Freres","=""1""",,n,1,1,0,n,,"=""100""",,,,,,n,,,,,,,
"=""008660000026""","Rolling Papers & Wraps",1,299,n,n,"Zig-Zag Slow Burning Wrapping Paper","1 ct",,n,1,1,156,n,,"=""100""",,,,,,n,,,,,,,
"=""008660000071""","Rolling Papers & Wraps",1,299,n,n,"ZigZag Cigarette Paper King","=""1""",,n,1,1,0,n,,"=""100""",,,,,,n,,,,,,,
"=""008660007322""","Rolling Papers & Wraps",1,299,n,n,"Zig Zag Ultra Thin","=""1""",,n,1,1,0,n,,"=""100""",,,,,,n,,,,,,,
"=""008853997577""",BEER,1,1199,n,n,"714 BLONDE ALE","4 PK",,n,4,1,716,n,,"=""100""",,,,,,n,,,,,,,
"=""008853998161""","IPA Beer",1,1399,n,n,"RECURSION IPA","4 PK",,n,4,1,883,n,,"=""100""",,,,,,n,,,,,,,
"=""009060000029""",Gummy,1,199,n,n,"Mega Warheads:Candy, Strawberry","1.50 OZ",,n,1,1,0,n,,"=""100""",,,,,,n,,,,,,,
"=""009060000036""",Gummy,1,199,n,n,"The Foreign Candy Company:Rip Rolls, Blue Raspberry","1.50 OZ",,n,1,1,0,n,,"=""100""",,,,,,n,,,,,,,
"=""009060000043""",Gummy,1,199,n,n,"Mega Warheads:Candy, Sour Apple","1.50 OZ",,n,1,1,0,n,,"=""98""",,,,,,n,,,,,,,
"=""009060000081""",Gummy,1,199,n,n,"Rip Rolls Rainbow Reaction",".78 oz",,n,1,1,0,n,,"=""100""",,,,,,n,,,,,,,
"=""009060000098""",Gummy,1,199,n,n,"RIP ROLLS CHERRY CEREZA","=""1""",,n,1,1,0,n,,"=""100""",,,,,,n,,,,,,,
"=""009800000524""",ACCESSORIES,1,299,n,n,"Kinder 1","=""1""",,n,1,1,0,n,,"=""100""",,,,,,n,,,,,,,
"=""009800000555""",CHOCOLATE,1,399,n,n,"kinder Bueno","1.5 oz",,n,1,1,0,n,,"=""100""",,,,,,n,,,,,,,
"=""009800000609""",CHOCOLATE,1,399,n,n,"KINDER BUENO WHITE",,,n,1,1,120,n,,"=""100""",,,,,,n,,,,,,,
"=""009800001002""","Breath Refreshers",1,399,n,n,"TICTAC FRUIT ADVENTURE 1.7 OZ","1.7 OZ",,n,1,1,179,n,,"=""100""",,,,,,n,,,,,,,
"=""009800001026""",Candy,1,399,n,n,"Tic tac",,,n,1,0,0,n,,"=""100""",,,,,,n,,,,,,,
"=""009800001033""","Breath Refreshers",1,399,n,n,"TICTAC ORANGE",,,n,1,1,179,n,,"=""99""",,,,,,n,,,,,,,
"=""009800003624""","Breath Refreshers",1,299,n,n,"TICTAC STRABERRY AND CREAM",1oz,,n,1,0,0,n,,"=""100""",,,,,,n,,,,,,,
"=""009800007462""","Breath Refreshers",1,399,n,n,"TICTAC WINTERGREEN 1.7 OZ","1.7 OZ",,n,1,1,190,n,,"=""100""",,,,,,n,,,,,,,
"=""009800007479""","Breath Refreshers",1,399,n,n,"TICTAK TRPOPICAL ADVENTURE 1.7 OZ","1.7 OZ",,n,1,1,179,n,,"=""100""",,,,,,n,,,,,,,
"=""009800007615""","Breath Refreshers",1,299,n,n,"Tic Tac Freshmints","1.00 OZ",,n,1,1,0,n,,"=""100""",,,,,,n,,,,,,,
"=""009800008070""",Candy,1,399,n,n,"TIC TAC DR PEPPER","1.7 ONZ",,n,1,1,179,n,,"=""100""",,,,,,n,,,,,,,
"=""009800123018""",CHOCOLATE,1,299,n,n,"Ferrero Rocher:Fine Hazelnut Chocolates","1.30 OZ",,n,1,1,144,n,,"=""100""",,,,,,n,,,,,,,
"=""009800512041""",CHOCOLATE,1,299,n,n,"KINDER CHOCOLATE","1.8 OZ",,n,1,0,0,n,,"=""100""",,,,,,n,,,,,,,
"=""009800800056""",CHOCOLATE,1,299,n,n,"Nutella Ferrero & Go Hazelnut Spread + Breadsticks","1.80 OZ",,n,1,1,150,n,,"=""100""",,,,,,n,,,,,,,
"=""009800802203""",Grocery,1,699,n,n,"Nutella Ferrero Hazelnut Spread With Cocoa",7.7oz,,n,1,1,0,n,,"=""100""",,,,,,n,,,,,,,
"=""009800820016""",CHOCOLATE,1,149,n,n,"NUTELLA  BE-READY","0.77 OZ",,n,1,0,0,n,,"=""100""",,,,,,n,,,,,,,
"=""009800830039""",CHOCOLATE,1,999,n,n,"NUTELLA BISCUITS BAG","9.7 OZ",,n,1,10,6000,n,,"=""100""",,,,,,n,,,,,,,
"=""009800895007""",Grocery,1,899,n,n,Nutella,"13 oz",,n,1,1,0,n,,"=""100""",,,,,,n,,,,,,,
"=""010465208903""","Wine Cabernet Sauvignon",1,9499,n,n,"JOSEPH PHELP CAB","750.00 ML",,n,1,1,0,n,,"=""100""",,,,,,n,,,,,,,
"=""010465709608""","Wine Cabernet Sauvignon",1,59999,n,n,"INSIGNIA CABERNET SAUVIGNON","750.00 ML",,n,1,1,0,n,,"=""100""",,,,,,n,,,,,,,
"=""010700021526""",CHOCOLATE,1,399,n,n,"MILK DUDS","5 OZ",,n,1,1,0,n,,"=""100""",,,,,,n,,,,,,,
"=""010700530202""",Gummy,1,999,n,n,"JOLLY RANCHER FREEZE DRIED","3.1 OZ",,n,1,1,481,n,,"=""100""",,,,,,n,,,,,,,
"=""010700557100""",Gummy,1,534,n,n,"Jolly Rancher Gummies",,,n,1,1,258,n,,"=""100""",,,,,,n,,,,,,,
"=""010700557308""",Gummy,1,499,n,n,"JOLLY RANCHER ROPES",,,n,1,0,0,n,,"=""100""",,,,,,n,,,,,,,
"=""010700701770""",Gummy,1,499,n,n,"JOLLY RANCHER CHEWY POPPERS ORIGINAL","6.2 OZ",,n,1,1,233,n,,"=""99""",,,,,,n,,,,,,,
"=""010700702029""",CHOCOLATE,1,599,n,n,"Whoppers:Malted Milk Balls","7.00 OZ",,n,1,1,261,n,,"=""100""",,,,,,n,,,,,,,
"=""010700702302""",Gummy,1,499,n,n,"JOLLY RANCHER","7.00 OZ",,n,1,1,260,n,,"=""100""",,,,,,n,,,,,,,
"=""010700702623""",Gummy,1,499,n,n,"JOLLY RANCHER GUMMIES","7 OZ",,n,1,12,2916,n,,"=""100""",,,,,,n,,,,,,,
"=""010700807229""",CHOCOLATE,1,299,n,n,"PAYDAY PEANUT CARAMEL BAR","1.85 OZ",,n,1,1,123,n,,"=""99""",,,,,,n,,,,,,,
"=""010700807274""",CHOCOLATE,1,399,n,n,"PAYDAY PEANUT CARAMEL BAR KING SIZE","3.4 OZ",,n,1,18,3875,n,,"=""100""",,,,,,n,,,,,,,
"=""010900080316""",ACCESSORIES,1,499,n,n,"REYNOLDS WRAP 30 SQ FT","30.00 SQ FT",,n,1,1,278,n,,"=""100""",,,,,,n,,,,,,,
"=""010986002226""","Wine Cabernet Sauvignon",1,1699,n,n,"KENWOOD CAB","750.00 ML",,n,1,1,0,n,,"=""100""",,,,,,n,,,,,,,
"=""010986002813""","Red Wine",1,1699,n,n,"KENWOOD Pinot NOIR  750 ml","750.00 ML",,n,1,1,0,n,,"=""100""",,,,,,n,,,,,,,
"=""010986010351""","Champagne & Sparkling",1,9234,n,n,"Perrier Jouet Brut 750 Mm",,,n,1,1,6000,n,,"=""100""",,,,,,n,,,,,,,
"=""010986010863""","Wine General",1,2599,n,n,"MAISON SAINTE MARGUERITE SYMOHONIE",,,n,1,1,0,n,,"=""100""",,,,,,n,,,,,,,
"=""011000000020""",Cigarettes,1,740,n,n,"MONTEGO RED 100","=""1""",,n,1,1,0,n,,"=""100""",,,,,,n,,,,,,,
"=""011000000037""",Cigarettes,1,740,n,n,"MONTEGO GOLD 100","=""1""",,n,1,1,0,n,,"=""100""",,,,,,n,,,,,,,
"=""011000000044""",Cigarettes,1,740,n,n,"MONTETGO ORANGE","=""1""",,n,1,1,0,n,,"=""100""",,,,,,n,,,,,,,
"=""011034410055""",Liqueur,1,1499,n,n,"Martini & Rossi Sweet Vermouth (750 ml)","750 ML",,n,2,1,944,n,,"=""6""",,,,,,n,,,,,,,
"=""011034410079""","Ready-to-Drink (RTD)",1,699,n,n,"Martini & Rossi Rosso:Vermouth","375.00 ML",,n,1,1,0,n,,"=""100""",,,,,,n,,,,,,,
"=""011034420054""",Liqueur,1,1299,n,n,"Martini & Rossi Dry Vermouth (750 ml)","750.00 ML",,n,1,1,0,n,,"=""100""",,,,,,n,,,,,,,
"=""011034420078""",Liqueur,1,699,n,n,"Martini & Rossi:Vermouth","375.00 ML",,n,2,1,0,n,,"=""100""",,,,,,n,,,,,,,
"=""011110101211""",Cigarettes,1,499,n,n,"4 ACES TABACCO",,,n,1,0,0,n,,"=""100""",,,,,,n,,,,,,,
"=""011210000018""",Grocery,1,399,n,n,"Tabasco Original Flavor (2 oz)","2 oz",,n,1,1,156,n,,"=""100""",,,,,,n,,,,,,,
"=""011210001350""",Grocery,1,1508,n,n,"Tabasco Pepper Sauce",,,n,1,1,749,n,,"=""100""",,,,,,n,,,,,,,
"=""011210009714""",Grocery,1,399,n,n,"Tabasco Green Pepper Sauce","2.00 FL OZ",,n,1,1,173,n,,"=""100""",,,,,,n,,,,,,,
"=""011594275668""","Chips - Other",1,499,n,n,"tim's potato chips jalapeno","4.75 oz",,n,1,1,259,n,,"=""100""",,,,,,n,,,,,,,
"=""011594275675""","Chips - Other",1,499,n,n,"tim's potato chips sea salt vinegar","4.75 oz",,n,1,1,259,n,,"=""100""",,,,,,n,,,,,,,
"=""011594275699""","Chips - Other",1,499,n,n,"HAWAIIAN CHIPS BBQ","4.75 0z",,n,1,1,259,n,,"=""100""",,,,,,n,,,,,,,
"=""011594275705""","Chips - Other",1,499,n,n,"HAWAIAN POTATO SHIPS","4.75 oz",,n,1,1,259,n,,"=""100""",,,,,,n,,,,,,,
"=""011594275712""","Chips - Other",1,499,n,n,"HAWAIIAN BRAND",,,n,1,1,259,n,,"=""100""",,,,,,n,,,,,,,
"=""012000000133""",Soda,1,134,n,n,"Pepsi Cola","12 oz",,n,1,1,0,n,,"=""100""",,,,,,n,,,,,,,
"=""012000000850""",Soda,1,134,n,n,"Mountain Dew","12 oz",,n,1,1,0,n,,"=""100""",,,,,,n,,,,,,,
"=""012000001291""",Soda,1,273,n,n,PEPSI,"20.00 OZ",,n,1,1,138,n,,"=""98""",,,,,,n,,,,,,,
"=""012000001314""",Soda,1,273,n,n,"MOUNTAIN DEW","20.00 OZ",,n,1,1,154,n,,"=""100""",,,,,,n,,,,,,,
"=""012000001345""",Soda,1,274,n,n,"DIET MOUNTAIN DEW","20.00 OZ",,n,1,1,138,n,,"=""100""",,,,,,n,,,,,,,
"=""012000001574""","Drinks & Mixers",1,240,n,n,"AquaFina Water (1l)","1.00 LT",,n,2,1,108,n,,"=""100""",,,,,,n,,,,,,,
"=""012000001598""",Water,1,195,n,n,Aquafina,"20.00 OZ",,n,1,1,94,n,,"=""7""",,,,,,n,,,,,,,
"=""012000001772""",Coffee,1,371,n,n,"Starbucks Doubleshot Espresso & Cream","192 ml",,n,1,1,203,n,,"=""100""",,,,,,n,,,,,,,
"=""012000001802""",Coffee,1,534,n,n,"Starbucks Frappuccino Coffee","13.70 OZ",,n,1,1,228,n,,"=""100""",,,,,,n,,,,,,,
"=""012000002090""",Water,1,399,n,n,"AQUAFINA WATER 1.5L","1.5 L",,n,1,1,167,n,,"=""12""",,,,,,n,,,,,,,
"=""012000002304""",Soda,1,453,n,n,"Pepsi Cola","2.00 LT",,n,1,1,225,n,,"=""100""",,,,,,n,,,,,,,
"=""012000002946""",Soda,1,399,n,n,"Pepsi 1L","33.80 Oz",,n,2,1,184,n,,"=""100""",,,,,,n,,,,,,,
"=""012000002977""",Soda,1,360,n,n,"Mountain Dew:Soda 1L","33.80 Oz",,n,1,1,0,n,,"=""100""",,,,,,n,,,,,,,
"=""012000004520""",Coffee,1,534,n,n,"Starbucks Mocha","13.70 OZ",,n,1,1,288,n,,"=""100""",,,,,,n,,,,,,,
"=""012000005596""",Soda,1,273,n,n,"Pepsi Wild Cherry","20.00 OZ",,n,1,1,138,n,,"=""100""",,,,,,n,,,,,,,
"=""012000007293""",Coffee,1,345,n,n,"Starbucks  Expresso: Espresso & Salted Caramel Cream","192 ml",,n,1,1,189,n,,"=""100""",,,,,,n,,,,,,,
"=""012000008801""",Coffee,1,349,n,n,"STARBUCKS ESPRESO cream light  6.5OZ","192 ml",,n,1,1,187,n,,"=""100""",,,,,,n,,,,,,,
"=""012000008993""",Soda,1,139,n,n,"Mug:Root Beer","12.00 OZ",,n,1,1,0,n,,"=""98""",,,,,,n,,,,,,,
"=""012000016721""",Coffee,1,534,n,n,"Starbucks Caramel 13","13.70 oz",,n,1,1,288,n,,"=""100""",,,,,,n,,,,,,,
"=""012000018800""",Soda,1,273,n,n,"PEPSI ZERO SUGAR","20.00 OZ",,n,1,1,138,n,,"=""100""",,,,,,n,,,,,,,
"=""012000021367""",Juice,1,345,n,n,"Ocean Spray:Cranberry Juice Cocktail","15.20 FL OZ",,n,1,1,188,n,,"=""100""",,,,,,n,,,,,,,
"=""012000021381""",Juice,1,345,n,n,"O.S. CRAN GRAPE 15.2OZ","15.20 OZ",,n,1,1,188,n,,"=""100""",,,,,,n,,,,,,,
"=""012000024528""","Iced Tea",1,240,n,n,"BRISK  RASPBERRY","1 l",,n,2,1,106,n,,"=""7""",,,,,,n,,,,,,,
"=""012000027215""",Soda,1,226,n,n,"MOUNTAIN DEW","16 OZ",,n,1,1,123,n,,"=""100""",,,,,,n,,,,,,,
"=""012000028458""",Coffee,1,510,n,n,"Starbucks Doubleshot Mocha 15 oz","15.00 FL OZ",,n,1,1,272,n,,"=""8""",,,,,,n,,,,,,,
"=""012000028472""",Coffee,1,510,n,n,"Starbucks Doubleshot Coffee 15","15.00 FL OZ",,n,1,1,275,n,,"=""10""",,,,,,n,,,,,,,
"=""012000028496""",Coffee,1,510,n,n,"Starbucks Double Vanilla 15","15.00 FL OZ",,n,1,1,272,n,,"=""100""",,,,,,n,,,,,,,
"=""012000030284""",Soda,1,272,n,n,PEPSI,"16 OZ",,n,1,1,123,n,,"=""99""",,,,,,n,,,,,,,
"=""012000031878""",Juice,1,240,n,n,"Lipton Brisk:Sweet","1.00 LT",,n,1,1,105,n,,"=""14""",,,,,,n,,,,,,,
"=""012000038488""",Coffee,1,495,n,n,"STARBUKS DOUBLESHOT WHITE CHOCOLATE 15","15.00 FL OZ",,n,1,1,0,n,,"=""100""",,,,,,n,,,,,,,
"=""012000046445""","Iced Tea",1,345,n,n,"PURE LEAF GREEN TEA","18.5 oz",,n,1,1,146,n,,"=""99""",,,,,,n,,,,,,,
"=""012000064500""",Juice,1,295,n,n,"DOLE STRAWBERRY LEMONADE 20OZ","20 Oz",,n,1,1,0,n,,"=""100""",,,,,,n,,,,,,,
"=""012000071751""",Juice,1,345,n,n,"DOLE APPLE 15.2OZ","15.20 FL OZ",,n,1,1,188,n,,"=""100""",,,,,,n,,,,,,,
"=""012000101908""","Iced Tea",1,240,n,n,"BRISK LEMONADE","1 l",,n,2,1,105,n,,"=""100""",,,,,,n,,,,,,,
"=""012000130274""",Soda,1,273,n,n,"Mountain dew baja blast","20 Oz",,n,1,1,154,n,,"=""99""",,,,,,n,,,,,,,
"=""012000140709""",Soda,1,272,n,n,"PEPSI CHERRY","16 OZ",,n,1,1,123,n,,"=""100""",,,,,,n,,,,,,,
"=""012000151095""",Coffee,1,495,n,n,"STARBUCKS 13.7 OZ WHITE CHOCOLATE MOCHA","405 ml",,n,1,1,0,n,,"=""100""",,,,,,n,,,,,,,
"=""012000161155""",Water,1,290,n,n,"Life Wtr","33.8 OZ",,n,2,1,159,n,,"=""100""",,,,,,n,,,,,,,
"=""012000161230""","Iced Tea",1,240,n,n,"BRISK STRAWBERRY MELON","1 L",,n,2,1,105,n,,"=""100""",,,,,,n,,,,,,,
"=""012000171635""",Water,1,245,n,n,"LIFEWTR- 20OZ",20OZ,,n,1,1,133,n,,"=""100""",,,,,,n,,,,,,,
"=""012000171741""",Soda,1,273,n,n,"DIET PEPSI","20 OZ",,n,1,1,138,n,,"=""100""",,,,,,n,,,,,,,
"=""012000171758""",Soda,1,399,n,n,"DT PEPSI 1L",1LTR,,n,2,1,210,n,,"=""100""",,,,,,n,,,,,,,
"=""012000171765""",Soda,1,499,n,n,"DIET PEPSI",2LTR,,n,2,1,225,n,,"=""100""",,,,,,n,,,,,,,
"=""012000171864""",Soda,1,1145,n,n,"DIET PEPSI","12 - 12 OZ",,n,12,1,0,n,,"=""100""",,,,,,n,,,,,,,
"=""012000171956""",Soda,1,150,n,n,"Diet Pepsi Bottle (20 oz)",101.4FO,,n,1,1,0,n,,"=""100""",,,,,,n,,,,,,,
"=""012000190889""",Water,1,295,n,n,"BUBLY LIME",16oz,,n,1,1,154,n,,"=""96""",,,,,,n,,,,,,,
"=""012000192760""",Water,1,295,n,n,"BUBLY BLACKBERRY","016 oz",,n,1,1,154,n,,"=""98""",,,,,,n,,,,,,,
"=""012000192869""",Coffee,1,464,n,n,"Starbucks Nitro Cold Brew Black",284ml,,n,1,1,255,n,,"=""100""",,,,,,n,,,,,,,
"=""012000192906""",Coffee,1,445,n,n,"STARBUCKS NITRO VANILA SWEET CRAEM","284 ml",,n,1,1,243,n,,"=""100""",,,,,,n,,,,,,,
"=""012000202384""","Iced Tea",1,240,n,n,"BRISK LEMON TEA","1 L",,n,2,1,105,n,,"=""100""",,,,,,n,,,,,,,
"=""012000203978""",Coffee,1,495,n,n,"STARBOUKS FRAPPUCCINO PEPERMENT MOCHA","405 ml",,n,1,1,0,n,,"=""100""",,,,,,n,,,,,,,
"=""012000207846""","Iced Tea",1,394,n,n,"Yachak Berry Blue Yerba Mate Energy Drink Can (16 oz)","15.5 oz",,n,1,1,200,n,,"=""100""",,,,,,n,,,,,,,
"=""012000221767""",Coffee,1,495,n,n,"STARBUCKS DOUBLESHOT CARAMEL","443 ml",,n,1,1,0,n,,"=""100""",,,,,,n,,,,,,,
"=""012000250873""","SMALL SODA 1",1,273,n,n,"DIRTY DEW","20 OZ",,n,1,1,138,n,,"=""100""",,,,,,n,,,,,,,
"=""012000286179""","Iced Tea",1,345,n,n,"Pure Leaf Extra Sweet Tea Bottle (18.5 oz)","18.50 FL OZ",,n,1,1,146,n,,"=""100""",,,,,,n,,,,,,,
"=""012000286186""","Iced Tea",1,345,n,n,"PURE LEAF LEMON","18.5 OZ",,n,1,1,140,n,,"=""100""",,,,,,n,,,,,,,
"=""012000286193""","Iced Tea",1,345,n,n,"PURE LEAF SWEET TEA","18.50 FL OZ",,n,1,1,140,n,,"=""100""",,,,,,n,,,,,,,
"=""012000286209""","Iced Tea",1,345,n,n,"PURE LEAF UNSWEETENED","18.50 FL OZ",,n,1,1,140,n,,"=""100""",,,,,,n,,,,,,,
"=""012000286223""","Iced Tea",1,345,n,n,"Lipton Pure Leaf Raspberry","18.50 FL OZ",,n,1,1,146,n,,"=""100""",,,,,,n,,,,,,,
"=""012000384196""","Iced Tea",1,240,n,n,"BRISK PINK LEMONADE","1 L",,n,2,1,105,n,,"=""100""",,,,,,n,,,,,,,
"=""012000567490""","Iced Tea",1,290,n,n,"Lipton Brisk:Fruit Punch","1.00 LT",,n,2,1,106,n,,"=""100""",,,,,,n,,,,,,,
"=""012000809941""",Soda,1,1144,n,n,"Pepsi:Twelve Pack","144.00 FL OZ",,n,12,1,0,n,,"=""100""",,,,,,n,,,,,,,
"=""012000809965""",Soda,1,1145,n,n,"Mountain Dew:Twelve Pack","144.00 FL OZ",,n,12,1,0,n,,"=""100""",,,,,,n,,,,,,,
"=""012000809996""",Soda,1,279,n,n,"Pepsi Wild Cherry Can (16 oz)","144.00 FL OZ",,n,1,1,0,n,,"=""100""",,,,,,n,,,,,,,
"=""012000813313""",Coffee,1,534,n,n,"Starbucks Vanilla","=""137""",,n,1,1,285,n,,"=""100""",,,,,,n,,,,,,,
"=""012005000091""",Grocery,1,499,n,n,"1.2.3. VEGTBL OIL 16.91 OZ","16.9 OZ",,n,1,1,0,n,,"=""100""",,,,,,n,,,,,,,
"=""012044000274""",ACCESSORIES,1,599,n,n,"Old Spice High Endurance Pure Sport Scent Men's Deodorant","2.25 Oz",,n,1,1,299,n,,"=""100""",,,,,,n,,,,,,,
"=""012086009945""","Red Wine",1,1999,n,n,"COTE DU RHONE",,,n,1,1,0,n,,"=""100""",,,,,,n,,,,,,,
"=""012086965319""","Red Wine",1,2599,n,n,"Cloudline:Pinot Noir","750.00 ML",,n,2,1,1600,n,,"=""100""",,,,,,n,,,,,,,
"=""012300000017""",Cigarettes,1,2049,n,n,"Camel Turkish & Domestic Blend Non-Filter","1.00 ct",,n,1,1,1605,n,,"=""100""",,,,,,n,,,,,,,
"=""012300000031""",Cigarettes,1,1549,n,n,"Camel Domestic Red","20.00 Ct",,n,1,1,1190,n,,"=""100""",,,,,,n,,,,,,,
"=""012300000079""",Cigarettes,1,1549,n,n,"Camel Blue Turkish Domestic Blend","1.00 ct",,n,1,1,1190,n,,"=""100""",,,,,,n,,,,,,,
"=""012300000543""",Cigarettes,1,1443,n,n,"S & D Coffee, Inc.",20ct,,n,1,1,0,n,,"=""100""",,,,,,n,,,,,,,
"=""012300010580""",Cigarettes,1,1549,n,n,"Camel Gold",,,n,1,1,1190,n,,"=""100""",,,,,,n,,,,,,,
"=""012300012652""",Cigarettes,1,1527,n,n,"CAMEL RED",,,n,1,0,0,n,,"=""100""",,,,,,n,,,,,,,
"=""012300200592""",Cigarettes,1,1549,n,n,"Camel Domestic Blend 99 Red","1.00 PK",,n,1,1,1190,n,,"=""100""",,,,,,n,,,,,,,
"=""012300200608""",Cigarettes,1,1549,n,n,"Camel Domestic Blue 99","1.00 PK",,n,1,1,1190,n,,"=""100""",,,,,,n,,,,,,,
"=""012300265706""",Cigarettes,1,1699,n,n,"Camel Turkish Gold","1.00 PK",,n,1,1,1340,n,,"=""100""",,,,,,n,,,,,,,
"=""012300302883""",Cigarettes,1,1699,n,n,"Camel Turkish Royal","1.00 PK",,n,1,1,1340,n,,"=""100""",,,,,,n,,,,,,,
"=""012300327909""",Cigarettes,1,1699,n,n,"Camel Turkish Silver","1.00 PK",,n,1,1,1340,n,,"=""100""",,,,,,n,,,,,,,
"=""012300707992""",Cigarettes,1,1699,n,n,"Camel Domestic Wides",,,n,1,1,1340,n,,"=""100""",,,,,,n,,,,,,,
"=""012300708999""",Cigarettes,1,1699,n,n,"Camel Lights Wides King Box","1.00 PK",,n,1,1,1340,n,,"=""100""",,,,,,n,,,,,,,
"=""012354000995""","Red Wine",1,1499,n,n,"19 CRIMES RED BLEND","750 ml",,n,1,1,0,n,,"=""100""",,,,,,n,,,,,,,
"=""012354001350""","Wine Cabernet Sauvignon",1,1399,n,n,"19 CRIMES CABERNET SAUVIGNLN",750ML,,n,2,1,769,n,,"=""100""",,,,,,n,,,,,,,
"=""012354001688""","Red Wine",1,1399,n,n,"19 CRIMES BANISHED PARK RED 750 ml","750 ml",,n,1,1,0,n,,"=""100""",,,,,,n,,,,,,,
"=""012354001848""","Red Wine",1,1299,n,n,"19 CRIMES.SHIRAZ","750 ML",,n,1,1,0,n,,"=""100""",,,,,,n,,,,,,,
"=""012354001947""","White Wine",1,1399,n,n,"19 CRIMES HARD CHARDONNAY","=""1""",,n,1,1,0,n,,"=""100""",,,,,,n,,,,,,,
"=""012354004290""","Red Wine",1,1699,n,n,"19 CRIMES CALI RED BLAEND pp750 ML","99 CRIMES CALI RED 750 ML",,n,1,1,0,n,,"=""100""",,,,,,n,,,,,,,
"=""012354005006""","Wine Rosé",1,1499,n,n,"19 CRIMES CALI ROSE 750ML",750Ml,,n,1,1,0,n,,"=""100""",,,,,,n,,,,,,,
"=""012354016156""","Wine General",1,1699,n,n,"19 CRIMES RED BLEND 2 OF AMERIKAZ MOST","750 ML",,n,2,1,909,n,,"=""100""",,,,,,n,,,,,,,
"=""012546011112""",Candy,1,299,n,n,"Trident Sugar Free Gum Tropical Twist - 14 PC","14 Pcs",,n,1,1,0,n,,"=""100""",,,,,,n,,,,,,,
"=""012546011136""",Gum,1,299,n,n,"TRIDENT MELON 14 STK","14 Pcs",,n,1,1,0,n,,"=""100""",,,,,,n,,,,,,,
"=""012546011426""",Gum,1,299,n,n,"TRIDENT PEPRFECT PEPPERMINT",,,n,1,1,0,n,,"=""99""",,,,,,n,,,,,,,
"=""012546011440""",Gum,1,299,n,n,"Trident Bubblegum","14 Pcs",,n,1,1,0,n,,"=""100""",,,,,,n,,,,,,,
"=""012546011471""",Gum,1,299,n,n,Trident,"=""1""",,n,1,1,0,n,,"=""100""",,,,,,n,,,,,,,
"=""012546011563""",Candy,1,299,n,n,"Trident Sugarfree Minty Sweet Twist 14 PC","14 Pcs",,n,1,1,0,n,,"=""100""",,,,,,n,,,,,,,
"=""012546011587""",Gum,1,299,n,n,"TRIDENT PINAPLE TWST",,,n,1,1,0,n,,"=""100""",,,,,,n,,,,,,,
"=""012546315098""",Gum,1,299,n,n,"DENTYNE FIRE CINNAMO","24.00 G",,n,1,1,0,n,,"=""100""",,,,,,n,,,,,,,
"=""012547433654""","Breath Refreshers",1,399,n,n,"LISTERINE COOL MINT","24.00 CT",,n,1,1,202,n,,"=""100""",,,,,,n,,,,,,,
"=""012587000106""",ACCESSORIES,1,399,n,n,"GLAD CLING WRAP","=""1""",,n,1,1,0,n,,"=""100""",,,,,,n,,,,,,,
"=""012587000700""",ACCESSORIES,1,799,n,n,"KITCHEN BAGS 15 BAG",,,n,1,1,0,n,,"=""100""",,,,,,n,,,,,,,
"=""012587000809""",ACCESSORIES,1,799,n,n,"TRASH BAG 30 GALLON","10 Bags",,n,1,1,0,n,,"=""100""",,,,,,n,,,,,,,
"=""012587788172""",ACCESSORIES,1,399,n,n,"GLAD SMALL TRASH BAGS",,,n,1,0,0,n,,"=""100""",,,,,,n,,,,,,,
"=""012776767926""","Wine Cabernet Sauvignon",1,6999,n,n,"auston Hope",,,n,1,0,0,n,,"=""100""",,,,,,n,,,,,,,
"=""012881774895""",Liqueur,1,14999,n,n,"GRAND MARNIER MAISON FONDEE EN 1827","750 ML",,n,2,0,0,n,,"=""100""",,,,,,n,,,,,,,
"=""012957100016""","Snacks & Condiments",1,199,n,n,"SALSA HUICHOL","6.5 OZ",,n,1,1,0,n,,"=""100""",,,,,,n,,,,,,,
"=""012993101619""",Water,1,199,n,n,"La Croix:Grapefruit Pamplemousse","12.00 OZ",,n,1,1,0,n,,"=""100""",,,,,,n,,,,,,,
"=""012993102012""",Water,1,1299,n,n,"La Croix:Grapefruit Pamplemousse 12 Oz c","12.00 PK",,n,12,1,576,n,,"=""100""",,,,,,n,,,,,,,
"=""012993112066""",Water,1,1499,n,n,"LA CROIX TANJARIN","12 PK",,n,12,1,639,n,,"=""100""",,,,,,n,,,,,,,
"=""012993112172""",Water,1,1299,n,n,"LA CROX SUNSHINE","12 PK",,n,12,1,576,n,,"=""1""",,,,,,n,,,,,,,
"=""013000001243""","Snacks & Condiments",1,599,n,n,"Heinz Tomato Ketchup","14.00 OZ",,n,1,1,274,n,,"=""100""",,,,,,n,,,,,,,
"=""013000006293""",Grocery,1,499,n,n,"Heinz Sweet Relish","10.00 OZ",,n,1,1,0,n,,"=""100""",,,,,,n,,,,,,,
"=""013000008525""","Health & Wellness",1,399,n,n,"Heinz Distilled White Vinegar","16.00 OZ",,n,1,1,107,n,,"=""100""",,,,,,n,,,,,,,
"=""013024070010""","White Wine",1,3699,n,n,"TREFETHEN CHARDONNAY 750 ml","750.00 ML",,n,1,1,0,n,,"=""100""",,,,,,n,,,,,,,
"=""013068131180""","Wine Cabernet Sauvignon",1,49999,n,n,"OVERTURE CABERNET SAUVIGNON","750 ml",,n,1,1,0,n,,"=""100""",,,,,,n,,,,,,,
"=""013528800014""","Wine Cabernet Sauvignon",1,14499,n,n,"SHAFAR CABERNET SAUVIGNON","750 ml",,n,1,1,9210,n,,"=""100""",,,,,,n,,,,,,,
"=""013688285317""","White Wine",1,6499,n,n,"Comte LAFOND",,,n,1,1,0,n,,"=""100""",,,,,,n,,,,,,,
"=""014045031165""",ACCESSORIES,1,1299,n,n,PROPAN,"16 OZ",,n,1,1,0,n,,"=""100""",,,,,,n,,,,,,,
"=""014100045526""","Hanging Snacks",1,299,n,n,"PEPPERIDGE FARM GOLDFISH CHEDDAR 2.65OZ",,,n,1,1,137,n,,"=""7""",,,,,,n,,,,,,,
"=""014100045557""","Snacks & Condiments",1,299,n,n,"Pepperidge Farm Goldfish Flavor Blasted Xtra Cheddar Crackers (2.45 oz)",,,n,1,1,128,n,,"=""100""",,,,,,n,,,,,,,
"=""014100054016""",CHOCOLATE,1,199,n,n,"MILANO DOUBLE DARK CHOCOLATE",0.98OZ,,n,1,1,0,n,,"=""100""",,,,,,n,,,,,,,
"=""014100055235""","Hanging Snacks",1,299,n,n,"GOLDFISH CRISPS CHEDDAR","109 OZ",,n,1,1,124,n,,"=""100""",,,,,,n,,,,,,,
"=""014100055242""","Hanging Snacks",1,299,n,n,"GOLDFISH CRISPS SOUR CREAM & ONION","1.9 OZ",,n,1,1,124,n,,"=""100""",,,,,,n,,,,,,,
"=""014100085485""","Snacks & Condiments",1,299,n,n,"Pepperidge Farm Goldfish Flavor Blasted Xtra Cheddar (6.6 oz)","6.60 OZ",,n,1,1,0,n,,"=""100""",,,,,,n,,,,,,,
"=""014113700467""","Hanging Snacks",1,399,n,n,"Wonderful pistachios",,,n,1,0,0,n,,"=""100""",,,,,,n,,,,,,,
"=""014113701129""","Hanging Snacks",1,599,n,n,"SHELLED PISTACHIOS",,,n,1,1,0,n,,"=""100""",,,,,,n,,,,,,,
"=""014113702164""","Hanging Snacks",1,199,n,n,"WONDER FUL PISTACHIOS","=""125""",,n,1,1,93,n,,"=""100""",,,,,,n,,,,,,,
"=""014113702201""","Hanging Snacks",1,249,n,n,"Pistachio  chill sweet",,,n,1,1,100,n,,"=""100""",,,,,,n,,,,,,,
"=""014113702324""","Hanging Snacks",1,603,n,n,"Wonderful Dill Pickle",,,n,1,1,297,n,,"=""100""",,,,,,n,,,,,,,
"=""014113910132""","Hanging Snacks",1,603,n,n,"Wonderful Roasted & Salted","2.50 OZ",,n,1,1,297,n,,"=""100""",,,,,,n,,,,,,,
"=""014113910712""","Hanging Snacks",1,299,n,n,pastachios,,,n,1,0,0,n,,"=""100""",,,,,,n,,,,,,,
"=""014113910873""","Hanging Snacks",1,499,n,n,"SHELLED PISTACHIOS CHILI ROASTED",,,n,1,1,0,n,,"=""100""",,,,,,n,,,,,,,
"=""014113910934""","Hanging Snacks",1,499,n,n,"WONDERFUL PISTACHIOS CHILI ROASTED",,,n,1,0,0,n,,"=""100""",,,,,,n,,,,,,,
"=""014113911856""","Hanging Snacks",1,299,n,n,"PISTACHIOS 1.5OZ","1.50 OZ",,n,1,1,0,n,,"=""100""",,,,,,n,,,,,,,
"=""014113913317""","Hanging Snacks",1,299,n,n,"W PISTACHIOS SALT&PEPPER","1.25 Oz",,n,1,1,0,n,,"=""100""",,,,,,n,,,,,,,
"=""014113913331""","Hanging Snacks",1,299,n,n,"W PISTACHIOS SWEET CHILI","1.25 Oz",,n,1,1,0,n,,"=""100""",,,,,,n,,,,,,,
"=""014113913447""","Hanging Snacks",1,299,n,n,"WONDERFUL PSTCH 1.25","1.25 OZ",,n,1,1,0,n,,"=""100""",,,,,,n,,,,,,,
"=""014200000647""",Gummy,1,75,n,n,pop,"=""1""",,n,1,1,0,n,,"=""100""",,,,,,n,,,,,,,
"=""014200000692""",Gummy,1,75,n,n,"Charms Blow Pops","0.65 Oz",,n,1,1,0,n,,"=""96""",,,,,,n,,,,,,,
"=""014200002566""",Gummy,1,99,n,n,"SUPER BLOW POP","1.50 oz",,n,1,1,0,n,,"=""100""",,,,,,n,,,,,,,
"=""014200007080""",Gummy,1,50,n,n,"OLYY POP","1.00 EA",,n,1,1,0,n,,"=""100""",,,,,,n,,,,,,,
"=""014800003802""",Juice,1,371,n,n,"Clamato Preparado","16 Oz",,n,1,1,204,n,,"=""100""",,,,,,n,,,,,,,
"=""014800511758""",Juice,1,294,n,n,"CLAMATO ORIGINAL 16","16.00 OZ",,n,1,1,167,n,,"=""100""",,,,,,n,,,,,,,
"=""014800512748""",Juice,1,295,n,n,"CLAMATO PICANTE 16","16.00 OZ",,n,1,1,0,n,,"=""100""",,,,,,n,,,,,,,
"=""014800512755""",Juice,1,495,n,n,"CLAMATO PICANTE 32","32.00 OZ",,n,1,1,0,n,,"=""9""",,,,,,n,,,,,,,
"=""014800513240""",Juice,1,544,n,n,"Clamato:Tomato Cocktail","32.00 OZ",,n,1,1,250,n,,"=""100""",,,,,,n,,,,,,,
"=""014800582048""",Grocery,1,399,n,n,"REAL LIME 8 OZ","8 oz",,n,1,1,205,n,,"=""100""",,,,,,n,,,,,,,
"=""014800582154""",Grocery,1,149,n,n,"REALEMON LEMON JUICE","8.00 OZ",,n,1,1,0,n,,"=""100""",,,,,,n,,,,,,,
"=""014800582215""",Grocery,1,399,n,n,"REAL LEMON 8 OZ","2.50 OZ",,n,1,1,205,n,,"=""100""",,,,,,n,,,,,,,
"=""014800582239""","Pantry & Grocery Extras",1,235,n,n,"ReaLemon Lemon Juice Bottle (8 oz)","15.00 FL OZ",,n,1,1,0,n,,"=""100""",,,,,,n,,,,,,,
"=""014974500091""",Cider,1,899,y,n,"WOODCHCK AMBER 6PK","72.00 FL OZ",,n,1,1,0,n,,"=""100""",,,,,,n,,,,,,,
"=""015786001233""","Hanging Snacks",1,499,n,n,"AMERICAN PSTACHIO",30g,,n,1,1,0,n,,"=""100""",,,,,,n,,,,,,,
"=""015786001240""","Hanging Snacks",1,599,n,n,"AMERICAN CASHEW 10OZ","=""1""",,n,1,1,0,n,,"=""100""",,,,,,n,,,,,,,
"=""015786001264""","Hanging Snacks",1,599,n,n,"AM MIXED NUTS",30g,,n,1,1,0,n,,"=""100""",,,,,,n,,,,,,,
"=""015786001295""","Hanging Snacks",1,499,n,n,"AMERICAN ALMOND",30g,,n,1,1,0,n,,"=""100""",,,,,,n,,,,,,,
"=""015786001479""","Hanging Snacks",1,299,n,n,"AG GUMMY RINGS",30g,,n,1,1,0,n,,"=""100""",,,,,,n,,,,,,,
"=""015786001929""","Hanging Snacks",1,399,n,n,"AMERICAN GOURMET PUMPKIN SEEDS",30g,,n,1,1,0,n,,"=""100""",,,,,,n,,,,,,,
"=""015786001974""","Hanging Snacks",1,399,n,n,"MIX HOT AND SPICY",30g,,n,1,1,0,n,,"=""100""",,,,,,n,,,,,,,
"=""015786001981""","Hanging Snacks",1,399,n,n,"JAPANESE PEANUTS",30g,,n,1,0,0,n,,"=""100""",,,,,,n,,,,,,,
"=""015786002001""","Hanging Snacks",1,399,n,n,"CHILI AND LEMON MANGO",30g,,n,1,0,0,n,,"=""100""",,,,,,n,,,,,,,
"=""015800030119""",Grocery,1,599,n,n,"C&H CANE SUGAR 1LB","1 LB",,n,1,1,0,n,,"=""100""",,,,,,n,,,,,,,
"=""015917026968""","Wine Cabernet Sauvignon",1,4499,n,n,"FREEMARK ABBEY CABERNET SAUVIGNON","750.00 ML",,n,1,1,0,n,,"=""100""",,,,,,n,,,,,,,
"=""015917026975""","Red Wine",1,2499,n,n,"FREEMARK ABBEY MERLOT 750 ml",,,n,1,1,0,n,,"=""9""",,,,,,n,,,,,,,
"=""016000136090""","Chips - Other",1,499,n,n,"BUGLES CHURRO",,,n,1,1,211,n,,"=""100""",,,,,,n,,,,,,,
"=""016000137042""",Gummy,1,449,n,n,"GUSHERS FRUIT BERRY","8 pk",,n,1,1,215,n,,"=""100""",,,,,,n,,,,,,,
"=""016000141568""",Grocery,1,299,n,n,"Lucky Charms:with Marshmallows","1.70 OZ",,n,1,1,0,n,,"=""100""",,,,,,n,,,,,,,
"=""016000141599""",Grocery,1,299,n,n,"CHEERIOS 1.3 OZ","1.3 OZ",,n,1,1,0,n,,"=""100""",,,,,,n,,,,,,,
"=""016000166196""","Hanging Snacks",1,599,n,n,"Gardetto's:Original Recipe","5.50 OZ",,n,1,1,321,n,,"=""99""",,,,,,n,,,,,,,
"=""016000170131""","Hanging Snacks",1,599,n,n,"GARDETTOS SNACK MIX SPICY ITALIAN","5.5 OZ",,n,1,1,321,n,,"=""99""",,,,,,n,,,,,,,
"=""016000172616""",Gummy,1,449,n,n,"GUSHERS FRUIT TROPICAL",,,n,1,1,181,n,,"=""99""",,,,,,n,,,,,,,
"=""016000172715""","Hanging Snacks",1,399,n,n,"BUGLES CHILI CHEESE",,,n,1,1,211,n,,"=""100""",,,,,,n,,,,,,,
"=""016000193703""","Hanging Snacks",1,766,n,n,"Gardetto's:snack Mix, Original Recipe","8.60 OZ",,n,1,1,379,n,,"=""100""",,,,,,n,,,,,,,
"=""016000196131""",Gummy,1,399,n,n,"FOOT BERRY- TIE DYE","3 OZ",,n,1,1,200,n,,"=""100""",,,,,,n,,,,,,,
"=""016000204324""",Gummy,1,399,n,n,"FOOT STRAWBERRY GUMMIES","3 OZ",,n,1,1,200,n,,"=""100""",,,,,,n,,,,,,,
"=""016000214897""","Hanging Snacks",1,499,n,n,"CHEX MIX BOLD GARLIC & HERB","4.5 OZ",,n,1,1,235,n,,"=""100""",,,,,,n,,,,,,,
"=""016000214927""","Hanging Snacks",1,499,n,n,"CHEX MIX",,,n,1,1,232,n,,"=""100""",,,,,,n,,,,,,,
"=""016000214934""","Hanging Snacks",1,499,n,n,"CHEX MIX JALAPENO CHEDDAR",,,n,1,1,232,n,,"=""100""",,,,,,n,,,,,,,
"=""016000214941""","Hanging Snacks",1,499,n,n,"CHEX MIX",,,n,1,1,232,n,,"=""99""",,,,,,n,,,,,,,
"=""016000215535""","Hanging Snacks",1,499,n,n,"chex mix","4.5 oz",,n,1,1,232,n,,"=""100""",,,,,,n,,,,,,,
"=""016000226616""",Gummy,1,449,n,n,"GUSHERS WATERMELON &SOUR APPLE","4.25 oz",,n,1,1,215,n,,"=""100""",,,,,,n,,,,,,,
"=""016000228481""","Hanging Snacks",1,499,n,n,"CHEX MIZ HOT & SPICY",,,n,1,1,231,n,,"=""100""",,,,,,n,,,,,,,
"=""016000264694""",Grocery,1,149,n,n,"NATURE VALLEY OATS 1.49  OZ","1.49 OZ",,n,1,1,80,n,,"=""100""",,,,,,n,,,,,,,
"=""016000264793""",Grocery,1,199,n,n,"Nature Valley Peanut Butter","1.50 OZ",,n,1,1,0,n,,"=""100""",,,,,,n,,,,,,,
"=""016000345911""",Gummy,1,399,n,n,JAMBA,,,n,1,1,0,n,,"=""100""",,,,,,n,,,,,,,
"=""016000368309""","Hanging Snacks",1,499,n,n,Bugles:Original,"3.00 OZ",,n,1,1,211,n,,"=""100""",,,,,,n,,,,,,,
"=""016000442818""","Snacks & Condiments",1,100,n,n,"Nature Valley Sweet & Salty Nut - Almond (1.2 oz)","1.20 OZ",,n,1,1,0,n,,"=""100""",,,,,,n,,,,,,,
"=""016000504257""","Chips - Other",1,549,n,n,"Bugels Sweet & Salty Caramels","3.5 oz",,n,1,1,296,n,,"=""100""",,,,,,n,,,,,,,
"=""016000505384""","Hanging Snacks",1,650,n,n,"Gardetto's:chipotle Cheddar","5.50 OZ",,n,1,1,321,n,,"=""100""",,,,,,n,,,,,,,
"=""016000507319""","Hanging Snacks",1,650,n,n,"Gardettos Deli Style Mustard Pretzel Mix","5.25 Oz",,n,1,1,321,n,,"=""100""",,,,,,n,,,,,,,
"=""016000512580""","Hanging Snacks",1,399,n,n,"Bugles Ranch (3 oz)","3.00 OZ",,n,1,1,211,n,,"=""100""",,,,,,n,,,,,,,
"=""016000513792""","Hanging Snacks",1,399,n,n,"Bugles Nacho Cheese (3 oz)","3.00 OZ",,n,1,1,211,n,,"=""100""",,,,,,n,,,,,,,
"=""016000515284""",Gummy,1,449,n,n,"GUSHERS FLAVOR MIXERS",,,n,1,1,215,n,,"=""100""",,,,,,n,,,,,,,
"=""016236000028""","White Wine",1,2042,n,n,"Chalk Hill Chardonnay","750 ml",,n,2,1,1329,n,,"=""100""",,,,,,n,,,,,,,
"=""016236000042""","Wine General",1,3599,n,n,"CHALK HILL PINOT NOIR SON CST 23 750ML",,,n,1,1,1409,n,,"=""100""",,,,,,n,,,,,,,
"=""016236002046""","White Wine",1,2999,n,n,"CHALK HILL S BLC","750.00 ML",,n,1,1,1359,n,,"=""100""",,,,,,n,,,,,,,
"=""016236020002""","Wine General",1,4322,n,n,"EL PINO CLUB P NOIR FUNKY JORY 21 750ML",,,n,1,1,2809,n,,"=""100""",,,,,,n,,,,,,,
"=""016500980414""",ACCESSORIES,1,399,n,n,"SOS PADS","4.00 Ct",,n,1,1,0,n,,"=""100""",,,,,,n,,,,,,,
"=""016571910303""",Water,1,249,n,n,"Sparkling Ice Black Raspberry","17.00 FL OZ",,n,1,1,121,n,,"=""100""",,,,,,n,,,,,,,
"=""016571910310""","Drinks & Mixers",1,249,n,n,"Sparkling Ice Orange Mango Bottle (17 oz)",17oz,,n,1,1,121,n,,"=""99""",,,,,,n,,,,,,,
"=""016571910327""",Water,1,249,n,n,"SPARKLING ICE KIWI STRAWBERRY 17OZ","17.00 FL OZ",,n,1,1,121,n,,"=""12""",,,,,,n,,,,,,,
"=""016571910372""",Water,1,249,n,n,"Sparkling Ice:Pink Grapefruit","17.00 FL OZ",,n,1,1,121,n,,"=""100""",,,,,,n,,,,,,,
"=""016571911256""",Water,1,249,n,n,"SPARKLING ICE LEMON LIME ZERO","17 OZ",,n,1,1,96,n,,"=""100""",,,,,,n,,,,,,,
"=""016571940331""","Drinks & Mixers",1,249,n,n,"SPARKLING ICE COCO PINEAPPLE 17OZ","17.00 FL OZ",,n,1,1,121,n,,"=""12""",,,,,,n,,,,,,,
"=""016571940355""",Water,1,249,n,n,"ICE SPARKLING  LEMONADE 17 OZ","17 OZ",,n,1,1,96,n,,"=""100""",,,,,,n,,,,,,,
"=""016571950842""","Drinks & Mixers",1,249,n,n,"Sparkling Ice Cherry Limeade (17 oz)","17.00 Oz",,n,1,1,121,n,,"=""100""",,,,,,n,,,,,,,
"=""016571950859""",Water,1,249,n,n,"Sparkling Ice - Strawberry Watermelon","17.00 Oz",,n,1,1,121,n,,"=""100""",,,,,,n,,,,,,,
"=""016571952105""","Drinks & Mixers",1,249,n,n,"Sparkling Ice Black Cherry - with Antioxidants and Vitamins Bottle (17 oz)","17 oz",,n,1,1,0,n,,"=""100""",,,,,,n,,,,,,,
"=""016571952679""",Water,1,249,n,n,"SPARKLING ICE GRAP RASPRY 17OZ","17 OZ",,n,1,1,112,n,,"=""100""",,,,,,n,,,,,,,
"=""016571959203""",Water,1,249,n,n,"SPARKLING ICE STRAWBERRY ZERO","17 OZ",,n,1,1,96,n,,"=""100""",,,,,,n,,,,,,,
"=""016571959241""",Water,1,249,n,n,"SPARKLING ICE ORANGE ZERO","17 OZ",,n,1,1,96,n,,"=""100""",,,,,,n,,,,,,,
"=""016571959265""",SYSTEM,1,249,n,n,delet,,,n,1,1,0,n,,"=""100""",,,,,,n,,,,,,,
"=""016571960230""",Juice,1,244,n,n,IcExstrawbarry,,,n,1,0,0,n,,"=""100""",,,,,,n,,,,,,,
"=""016600000043""","Drinks & Mixers",1,799,n,n,"Roses sweetend lime juice","12 OZ",,n,1,1,374,n,,"=""100""",,,,,,n,,,,,,,
"=""016600000050""","Drinks & Mixers",1,799,n,n,"Rose GRANDINE SYRUP",,,n,1,1,0,n,,"=""100""",,,,,,n,,,,,,,
"=""016600001422""","Drinks & Mixers",1,799,n,n,"ROSE SIMPLE SYRUP",,,n,1,1,374,n,,"=""100""",,,,,,n,,,,,,,
"=""016757641755""",Gummy,1,149,n,n,"Sndria MANGO","=""1""",,n,1,1,42,n,,"=""100""",,,,,,n,,,,,,,
"=""016757642752""",Gummy,1,149,n,n,"Crazy sandia WATERMELON",,,n,1,1,0,n,,"=""100""",,,,,,n,,,,,,,
"=""016757645852""",Candy,1,299,n,n,"Crazy Fresa","2 Oz",,n,1,1,0,n,,"=""100""",,,,,,n,,,,,,,
"=""017082000033""","Hanging Snacks",1,299,n,n,"BEEF STEAK",11g,,n,1,1,160,n,,"=""100""",,,,,,n,,,,,,,
"=""017082000231""","Hanging Snacks",1,299,n,n,"BEEF STEAK BLK",11g,,n,1,1,146,n,,"=""100""",,,,,,n,,,,,,,
"=""017082000392""","Hanging Snacks",1,299,n,n,"JACK LINKS BEEF & CH",8g,,n,1,1,132,n,,"=""100""",,,,,,n,,,,,,,
"=""017082000408""","Hanging Snacks",1,299,n,n,"JERKY BEEF STICK",8g,,n,1,1,122,n,,"=""100""",,,,,,n,,,,,,,
"=""017082000736""","Hanging Snacks",1,299,n,n,"BEEF STEAK",9g,,n,1,1,160,n,,"=""100""",,,,,,n,,,,,,,
"=""017082005380""","BEEF JERKY",1,1050,n,n,"jl bf o",,,n,1,1,525,n,,"=""100""",,,,,,n,,,,,,,
"=""017082006707""","Snacks & Condiments",1,299,n,n,"Jack Link's Wild Heat Pegged Beef Stick (1.84 oz x 24 ct)",,,n,1,1,0,n,,"=""100""",,,,,,n,,,,,,,
"=""017082011671""","BEEF JERKY",1,299,n,n,"beef steak",,,n,1,1,0,n,,"=""100""",,,,,,n,,,,,,,
"=""017082013026""","BEEF JERKY",1,999,n,n,"JACK LINKS SPICY RED PEPPER  3.25 OZ","3.25 OZ",,n,1,1,0,n,,"=""100""",,,,,,n,,,,,,,
"=""017082015112""","BEEF JERKY",1,1099,n,n,"JACK LINKS DUOS",,,n,1,1,0,n,,"=""100""",,,,,,n,,,,,,,
"=""017082877369""","Snacks & Condiments",1,599,n,n,"Jack Link's Beef Tender Bites Jerky (2.85 oz)","2.85 OZ",,n,1,1,0,n,,"=""100""",,,,,,n,,,,,,,
"=""017082883872""","BEEF JERKY",1,999,n,n,"JACK LINKS BACON 2.8","2.8 oz",,n,1,1,0,n,,"=""100""",,,,,,n,,,,,,,
"=""017082883889""","BEEF JERKY",1,1099,n,n,"Jack Links Sweet & Hot 3.25oz","3.25 OZ",,n,1,1,525,n,,"=""100""",,,,,,n,,,,,,,
"=""017082883896""","BEEF JERKY",1,1099,n,n,"Jack Links Teriyaki 3.25oz","3.25 OZ",,n,1,1,525,n,,"=""100""",,,,,,n,,,,,,,
"=""017082883902""","BEEF JERKY",1,1099,n,n,"Jack Links Jalapeno 3.25oz","3.25 OZ",,n,1,1,525,n,,"=""100""",,,,,,n,,,,,,,
"=""017082883919""","BEEF JERKY",1,1050,n,n,"JACK LINK ORGNL 3.25","=""325""",,n,1,1,525,n,,"=""100""",,,,,,n,,,,,,,
"=""017082883926""","BEEF JERKY",1,1099,n,n,"Jack Links Peppered Beef Jerky","3.25 OZ",,n,1,1,525,n,,"=""100""",,,,,,n,,,,,,,
"=""017082884022""","BEEF JERKY",1,2499,n,n,"Hot & Spicy Chicken Flavor",pk,,n,1,1,1350,n,,"=""100""",,,,,,n,,,,,,,
"=""017082885845""","BEEF JERKY",1,1099,n,n,"Jack Links Tender Bites Original B.S.",*EACH,,n,1,1,525,n,,"=""100""",,,,,,n,,,,,,,
"=""017082885852""","BEEF JERKY",1,1099,n,n,"Jack Links Beef Tender Bites Teriyaki",,,n,1,1,525,n,,"=""100""",,,,,,n,,,,,,,
"=""017082885869""","BEEF JERKY",1,1099,n,n,"JACK LINK TURKY 3.25",,,n,1,1,0,n,,"=""100""",,,,,,n,,,,,,,
"=""017082889638""","BEEF JERKY",1,399,n,n,"JACK LINKS JERKY OG",,,n,1,1,206,n,,"=""100""",,,,,,n,,,,,,,
"=""017082889669""","BEEF JERKY",1,399,n,n,"BEEF JERKY STICK TERYAKI",,,n,1,1,189,n,,"=""100""",,,,,,n,,,,,,,
"=""017082889690""","BEEF JERKY",1,399,n,n,"JACK PEPPERONI",,,n,1,1,206,n,,"=""100""",,,,,,n,,,,,,,
"=""017224510208""","Wine General",1,1099,n,n,"BONANZA CAB","375 ML",,n,1,1,714,n,,"=""99""",,,,,,n,,,,,,,
"=""017224510222""","Wine General",1,1099,n,n,"BONANZA CHARDONNAY","375 ML",,n,1,1,659,n,,"=""100""",,,,,,n,,,,,,,
"=""017224710004""","Red Wine",1,6199,n,n,"Caymus-Suisun GRAND DURIF Red Wine 750 ml",,,n,1,1,0,n,,"=""11""",,,,,,n,,,,,,,
"=""017224710011""","Red Wine",1,3899,n,n,"CAYMUS SUISUN The walking fool",,,n,1,1,2268,n,,"=""6""",,,,,,n,,,,,,,
"=""017224710202""","Wine Cabernet Sauvignon",1,2499,n,n,"BONANZA CABERNET SAUVIGNON","750 ML",,n,2,1,1650,n,,"=""100""",,,,,,n,,,,,,,
"=""017224710219""","Wine Cabernet Sauvignon",1,4099,n,n,"BBONANZA  CABERNET SAUVIGNON","750 ml",,n,1,1,2634,n,,"=""100""",,,,,,n,,,,,,,
"=""017224710226""","Wine General",1,2199,n,n,"BONANZA CHARDONNAY","750 ML",,n,2,1,1399,n,,"=""100""",,,,,,n,,,,,,,
"=""017224712107""","Wine Cabernet Sauvignon",1,10999,n,n,"CAYMUS NAPA CABERNET SAUVIGNON","750.00 ML",,n,1,1,6000,n,,"=""99""",,,,,,n,,,,,,,
"=""017224713104""","Wine Cabernet Sauvignon",1,6999,n,n,"CAYMUS CALIFORNIA CABERNET SAUVIGNON","750 ml",,n,1,1,3845,n,,"=""100""",,,,,,n,,,,,,,
"=""017224714101""","Wine Cabernet Sauvignon",1,8999,n,n,"CAYMUS CABERNET SAUVIGNON","750 ml",,n,1,1,0,n,,"=""100""",,,,,,n,,,,,,,
"=""017224720102""","Wine General",1,27092,n,n,"CAYMUS CAB SAUV SPEC SELECTION19WD 750ML","750.00 ML",,n,1,1,17610,n,,"=""100""",,,,,,n,,,,,,,
"=""017224750123""","White Wine",1,2399,n,n,"CONUNDRUM WHITE","750 ML",,n,1,1,0,n,,"=""100""",,,,,,n,,,,,,,
"=""017224760122""","Red Wine",1,2799,n,n,"CONUNDRUM RED BLEND 750 ml","750 ML",,n,2,1,1725,n,,"=""100""",,,,,,n,,,,,,,
"=""017224770107""","Red Wine",1,5499,n,n,"RED SCHONER RED WINE",,,n,1,1,0,n,,"=""5""",,,,,,n,,,,,,,
"=""017400106751""",Grocery,1,699,n,n,"MAHATMA LG RICE 2LBS","2 LB",,n,1,1,250,n,,"=""100""",,,,,,n,,,,,,,
"=""017619062008""","Ready-to-Drink (RTD)",1,499,n,n,"SIDEWAYS STAWBERRY LEMONADE","500 ML",,n,1,1,199,n,,"=""12""",,,,,,n,,,,,,,
"=""017619062039""","Ready-to-Drink (RTD)",1,499,n,n,"SIDEWAYS FRUIT PUNCH","500 ML",,n,1,1,199,n,,"=""12""",,,,,,n,,,,,,,
"=""017619062046""","Ready-to-Drink (RTD)",1,499,n,n,"Sid ewayz apiked juice","500 ml",,n,5,1,199,n,,"=""12""",,,,,,n,,,,,,,
"=""017698061060""",BEER,1,769,y,n,SUPREMA,"6 pack",,n,1,1,0,n,,"=""100""",,,,,,n,,,,,,,
"=""018068117110""",ACCESSORIES,1,1599,n,n,"PLASTIC PLATE SET 40 COUNT",,,n,1,1,699,n,,"=""100""",,,,,,n,,,,,,,
"=""018138104026""","Wine General",1,3245,n,n,"CHALONE PINOT NOIR 22 750ML",,,n,1,1,2109,n,,"=""100""",,,,,,n,,,,,,,
"=""018138201022""","White Wine",1,1399,n,n,"EDNA VALLEY CHARD","750.00 ML",,n,1,1,0,n,,"=""100""",,,,,,n,,,,,,,
"=""018138202029""","White Wine",1,1499,n,n,"EDNA SAUVGNON BLANC",750ML,,n,2,1,919,n,,"=""100""",,,,,,n,,,,,,,
"=""018138204023""","Red Wine",1,2399,n,n,"Edna Valley Pinot Noir (750 ml)","750.00 ML",,n,1,1,0,n,,"=""100""",,,,,,n,,,,,,,
"=""018138209028""","Wine Cabernet Sauvignon",1,1799,n,n,"EDNA VALLEY  CABERNET SAUVIGNON","750.00 ML",,n,1,1,849,n,,"=""100""",,,,,,n,,,,,,,
"=""018138565025""","Wine General",1,3999,n,n,"Provenance Vineyards:Cabernet Sauvignon","750.00 ML",,n,1,1,0,n,,"=""100""",,,,,,n,,,,,,,
"=""018200000164""","Domestic Beer",1,999,n,n,"Budweiser Can 6pk","12 FL OZ-6pk",,n,6,1,0,n,,"=""100""",,,,,,n,,,,,,,
"=""018200000188""","Domestic Beer",1,849,y,n,"BUD 16 OZ 6 PACK","16 OZ",,n,1,1,0,n,,"=""100""",,,,,,n,,,,,,,
"=""018200000324""",BEER,1,129,y,n,"WAT RITA","=""750""",,n,1,1,0,n,,"=""100""",,,,,,n,,,,,,,
"=""018200000645""","Domestic Beer",1,349,y,n,"PLATINUM 22OZ. BOTTL","22 oz",,n,1,1,0,n,,"=""100""",,,,,,n,,,,,,,
"=""018200000676""","Domestic Beer",1,79,y,n,"NATURLA ICE CAN","12.00 FL OZ",,n,1,1,0,n,,"=""100""",,,,,,n,,,,,,,
"=""018200000812""","Malt Beverage",1,99,y,n,"MANG-O-RITA 8 OZ.","8 Oz",,n,1,1,0,n,,"=""100""",,,,,,n,,,,,,,
"=""018200000829""","Malt Beverage",1,99,y,n,"PEACH RITA","8 oz",,n,1,1,0,n,,"=""100""",,,,,,n,,,,,,,
"=""018200001062""","Domestic Beer",1,999,n,n,"Bud Light","12 oz-6pk",,n,6,1,0,n,,"=""100""",,,,,,n,,,,,,,
"=""018200001260""","Domestic Beer",1,499,n,n,"Budweiser Bottle (40 oz)","40.00 FL OZ",,n,2,1,0,n,,"=""100""",,,,,,n,,,,,,,
"=""018200001307""","Domestic Beer",1,172,y,n,"KING COBRA 32 O","32.00 FL OZ",,n,1,1,0,n,,"=""100""",,,,,,n,,,,,,,
"=""018200001574""","Domestic Beer",1,519,y,n,"6PK ODOULS 12OZ","72.00 FL OZ",,n,1,1,0,n,,"=""100""",,,,,,n,,,,,,,
"=""018200001598""",Cider,1,1699,n,n,"BUSH APPLE 4PK","12.00 OZ",,n,4,1,0,n,,"=""100""",,,,,,n,,,,,,,
"=""018200001741""","Domestic Beer",1,629,y,n,"BUD LIGHT LIME-A-RIT","16 oz",,n,1,1,0,n,,"=""100""",,,,,,n,,,,,,,
"=""018200001789""","Domestic Beer",1,165,n,n,"B-LT LIME","12.00 FL OZ",,n,1,1,0,n,,"=""100""",,,,,,n,,,,,,,
"=""018200002144""","Domestic Beer",1,299,y,n,"BUDLIGHT LIME 22 OZ.","22.00 FL OZ",,n,1,1,0,n,,"=""100""",,,,,,n,,,,,,,
"=""018200002304""","Domestic Beer",1,989,y,n,"BUD LT CHLADA","72.00 FL OZ",,n,1,1,0,n,,"=""100""",,,,,,n,,,,,,,
"=""018200002434""","Domestic Beer",1,110,y,n,"BUD ICE","16.00 FL OZ",,n,1,1,0,n,,"=""100""",,,,,,n,,,,,,,
"=""018200002489""",BEER,1,178,n,n,"BEATS SENSES MIXED BERRY 24/7.5 CAN",,,n,1,1,115,n,,"=""100""",,,,,,n,,,,,,,
"=""018200002496""",BEER,1,178,n,n,"BEATS SENSES MANGO PINEPPLE 24/7.5 CAN","12.00 FL OZ",,n,1,1,115,n,,"=""100""",,,,,,n,,,,,,,
"=""018200002519""",BEER,1,178,n,n,"BEATS SENSES LEMON LIME 24/7.5 CAN",,,n,1,1,115,n,,"=""100""",,,,,,n,,,,,,,
"=""018200002724""","Malt Beverage",1,499,n,n,"Margaritaville Paradise Key:Tropical","500.00 ML",,n,2,1,0,n,,"=""100""",,,,,,n,,,,,,,
"=""018200004735""","Domestic Beer",1,155,n,n,"BUDWEISER 16 OZ ALUM","16.00 FL OZ",,n,1,1,0,n,,"=""100""",,,,,,n,,,,,,,
"=""018200005329""","Domestic Beer",1,399,y,n,HURRICANE,"16.00 FL OZ",,n,1,1,0,n,,"=""100""",,,,,,n,,,,,,,
"=""018200005442""","Domestic Beer",1,429,y,n,"16OZ NAT LIGHT","16 oz",,n,1,1,0,n,,"=""100""",,,,,,n,,,,,,,
"=""018200006470""","Domestic Beer",1,799,y,n,"BUD ICE 12PK","144.00 FL OZ",,n,1,1,0,n,,"=""100""",,,,,,n,,,,,,,
"=""018200007699""","Domestic Beer",1,1699,n,n,"Bud Light Bottles (12 oz x 12 ct)","12 pk 12 oz",,n,12,1,1060,n,,"=""3""",,,,,,n,,,,,,,
"=""018200007712""","Domestic Beer",1,1699,n,n,"Budweiser Bottles (12 oz x 12 ct)","144.00 FL OZ",,n,12,1,1060,n,,"=""100""",,,,,,n,,,,,,,
"=""018200007736""","Domestic Beer",1,449,y,n,"BUD LIGHT 6.70Z","42.00 FL OZ",,n,1,1,0,n,,"=""100""",,,,,,n,,,,,,,
"=""018200007842""","Domestic Beer",1,1049,n,n,"ODOULS 24/12 NR 4/6","12 oz 6pk",,n,6,1,678,n,,"=""100""",,,,,,n,,,,,,,
"=""018200008337""","Domestic Beer",1,1099,n,n,"Bud Light Bottles (12 Oz X 6 Ct)","12pk 12oz",,n,6,1,685,n,,"=""100""",,,,,,n,,,,,,,
"=""018200008344""","Domestic Beer",1,999,n,n,"BUDWEISER 6 PK 12OZ","6 PK 12 OZ",,n,6,1,655,n,,"=""100""",,,,,,n,,,,,,,
"=""018200008634""",BEER,1,199,y,n,"BUD CHELADA 16 0Z.","16 FL Oz",,n,1,1,0,n,,"=""100""",,,,,,n,,,,,,,
"=""018200008665""","Domestic Beer",1,199,y,n,"BUD L CLAMATO 4PK 16OZ","64.00 FL OZ",,n,1,1,0,n,,"=""100""",,,,,,n,,,,,,,
"=""018200009563""","Domestic Beer",1,699,y,n,"MICHELOB L 6 PK","72.00 FL OZ",,n,1,1,0,n,,"=""100""",,,,,,n,,,,,,,
"=""018200009648""","Domestic Beer",1,867,y,n,"NATURAL ICE 12P","144.00 FL OZ",,n,1,1,0,n,,"=""100""",,,,,,n,,,,,,,
"=""018200009785""","Domestic Beer",1,895,y,n,"BUD ICE 12 PK","144.00 FL OZ",,n,1,1,0,n,,"=""100""",,,,,,n,,,,,,,
"=""018200029929""","Domestic Beer",1,1199,n,n,"O'Doul's NA Bottles (12 oz x 6 ct)","72.00 FL OZ",,n,6,1,0,n,,"=""100""",,,,,,n,,,,,,,
"=""018200059896""","Domestic Beer",1,1099,n,n,"MICHELOB ULTRA 6PK","6 PK 6 OZ",,n,6,1,715,n,,"=""3""",,,,,,n,,,,,,,
"=""018200059902""","Domestic Beer",1,1799,n,n,"MICHELOB ULTRA 12-PK 12OZ BOTTLES","12 PK 12 OZ",,n,12,1,1167,n,,"=""1""",,,,,,n,,,,,,,
"=""018200069918""","Domestic Beer",1,1799,n,n,"Michelob Ultra 12-Pk 12oz","12 OZ",,n,12,1,1228,n,,"=""5""",,,,,,n,,,,,,,
"=""018200109874""","Domestic Beer",1,1499,y,n,"MICHELOB ULT AMBR 12","144.00 FL OZ",,n,1,1,0,n,,"=""100""",,,,,,n,,,,,,,
"=""018200110252""","Domestic Beer",1,1699,y,n,"BUD 20 PK 12 OZ","240.00 FL OZ",,n,1,1,0,n,,"=""100""",,,,,,n,,,,,,,
"=""018200110474""","Domestic Beer",1,1673,n,n,"BUDWEISER 12 CAN","12 pk 12 oz",,n,12,1,1080,n,,"=""5""",,,,,,n,,,,,,,
"=""018200111822""","Domestic Beer",1,1699,y,n,"BUDWEISER 18PK","288.00 FL OZ",,n,1,1,0,n,,"=""100""",,,,,,n,,,,,,,
"=""018200112188""","Domestic Beer",1,1999,n,n,"Budweiser 18/12 Can Loose","18 pk 12 oz",,n,18,1,1440,n,,"=""2""",,,,,,n,,,,,,,
"=""018200139864""","Domestic Beer",1,1199,n,n,"SHOCK TOP BELGIAN WHITE 24/12 LNNR 4/6","12 oz 6 pk",,n,6,1,785,n,,"=""100""",,,,,,n,,,,,,,
"=""018200150302""","Domestic Beer",1,1699,y,n,"NATURAL LIGHT 30PK","360.00 FL OZ",,n,1,1,0,n,,"=""100""",,,,,,n,,,,,,,
"=""018200150470""","Domestic Beer",1,899,y,n,"NATURAL LGHT 12","144.00 FL OZ",,n,1,1,0,n,,"=""100""",,,,,,n,,,,,,,
"=""018200159831""","Domestic Beer",1,1599,y,n,"BD LT LME","144.00 FL OZ",,n,1,1,0,n,,"=""100""",,,,,,n,,,,,,,
"=""018200169847""","Domestic Beer",1,1659,y,n,"MICHELOB ULTRA - INFUSIONS","144.00 FL OZ",,n,1,1,0,n,,"=""100""",,,,,,n,,,,,,,
"=""018200179914""","Domestic Beer",1,1599,y,n,"SHOCK TOP","144.00 FL OZ",,n,1,1,0,n,,"=""100""",,,,,,n,,,,,,,
"=""018200179990""","Domestic Beer",1,599,y,n,"BUDLIGHT 12PK 8 OZ","12 pack FL 8 OZ",,n,1,1,0,n,,"=""100""",,,,,,n,,,,,,,
"=""018200189821""","Domestic Beer",1,1099,y,n,"ULTRA 8 OZ","96.00 FL OZ",,n,1,1,0,n,,"=""100""",,,,,,n,,,,,,,
"=""018200189920""","Domestic Beer",1,1599,y,n,"BUDLIGHT PLATINUM 12PK 12OZ","144.00 FL OZ",,n,1,1,0,n,,"=""100""",,,,,,n,,,,,,,
"=""018200200021""","Domestic Beer",1,1299,y,n,"BEST DAMN ROOT 6PK",6pk,,n,1,1,0,n,,"=""100""",,,,,,n,,,,,,,
"=""018200200380""","Domestic Beer",1,1549,n,n,"Budweiser Zero Non Alcoholic 24/12 Can 2/12","12oz 12pk",,n,12,1,1140,n,,"=""100""",,,,,,n,,,,,,,
"=""018200200397""","Domestic Beer",1,990,n,n,"BUDWEISER ZERO ALCOHOL 6PK 12OZ","6 PK 12 OZ",,n,6,1,655,n,,"=""100""",,,,,,n,,,,,,,
"=""018200200595""","Domestic Beer",1,2149,n,n,"Michelob Ultra Light Beer Aluminum Bottles (16 Oz X 12 Ct)","16Oz 12 pk",,n,12,1,1488,n,,"=""100""",,,,,,n,,,,,,,
"=""018200200687""","Domestic Beer",1,1699,y,n,"BUD AMBER LAGER","12 PACK",,n,1,1,0,n,,"=""100""",,,,,,n,,,,,,,
"=""018200200694""","Domestic Beer",1,899,y,n,"BUDWEISER FREEDOM 6P","6 PACK",,n,1,1,0,n,,"=""100""",,,,,,n,,,,,,,
"=""018200200793""","Domestic Beer",1,899,y,n,"BUDDLIGHT ORANGE 6PK","6 PACK",,n,1,1,0,n,,"=""100""",,,,,,n,,,,,,,
"=""018200200809""",BEER,1,1399,y,n,ORANGE,EA,,n,1,1,0,n,,"=""100""",,,,,,n,,,,,,,
"=""018200200823""","Domestic Beer",1,1299,n,n,"Michelob Ultra Pure Gold Can (25 oz)","6 PACK",,n,6,1,793,n,,"=""100""",,,,,,n,,,,,,,
"=""018200200830""","Domestic Beer",1,2299,n,n,"MICH ULTRA PURE GOLD","12 PACK",,n,12,1,1438,n,,"=""100""",,,,,,n,,,,,,,
"=""018200200878""",BEER,1,1019,n,n,"ESTRELLA JALISCO 12/24 CAN 4/3","3 pack",,n,1,1,663,n,,"=""100""",,,,,,n,,,,,,,
"=""018200201325""","Import Beer",1,1099,y,n,"STELLA ARTOIS",,,n,1,1,0,n,,"=""100""",,,,,,n,,,,,,,
"=""018200201448""","Domestic Beer",1,2299,n,n,"MICH ULTRA PURE GOLD 24/12 CAN 2/12",,,n,12,1,1438,n,,"=""100""",,,,,,n,,,,,,,
"=""018200201790""","Hard Seltzer",1,1499,y,n,"NATURAL LIGHT - SELTZER",,,n,1,1,0,n,,"=""100""",,,,,,n,,,,,,,
"=""018200201806""","Hard Seltzer",1,1499,y,n,"NATURAL LIGHT - SELTZER",,,n,1,1,0,n,,"=""100""",,,,,,n,,,,,,,
"=""018200202179""","Domestic Beer",1,2099,y,n,"BUD LIGHT",12pk,,n,1,1,0,n,,"=""100""",,,,,,n,,,,,,,
"=""018200202490""","Import Beer",1,2099,n,n,"STELLA ARTOIS 12PK 12OZ CANS","12 OZ 12 PK",,n,12,1,1350,n,,"=""100""",,,,,,n,,,,,,,
"=""018200202506""","Domestic Beer",1,1099,y,n,"BUD LIGHT PLATINUM",6PK,,n,1,1,0,n,,"=""100""",,,,,,n,,,,,,,
"=""018200202728""",BEER,1,2199,y,n,CACTI,9pk,,n,1,1,0,n,,"=""100""",,,,,,n,,,,,,,
"=""018200202988""","Ready-to-Drink (RTD)",1,1064,n,n,"NUTRL VODKA SELTZER PINEAPPLE 24/12 CAN 6/4","4 PK 12 OZ",,n,4,1,583,n,,"=""100""",,,,,,n,,,,,,,
"=""018200203138""","Import Beer",1,1199,n,n,"STELLA ARTOIS NON ALCOHOL 6 PK 12 OZ","6 PK 12 OZ",,n,6,1,792,n,,"=""100""",,,,,,n,,,,,,,
"=""018200203527""","Hard Seltzer",1,2099,n,n,"NUTRL FRUIT VARIETY PZCK  CAN 3/8PK 12Z",,,n,8,1,1375,n,,"=""100""",,,,,,n,,,,,,,
"=""018200203534""","Ready-to-Drink (RTD)",1,1064,n,n,"NUTRL VODKA SELTZER WATERMELON 24/12 CAN 6/4","4 PK 12 OZ",,n,4,1,583,n,,"=""100""",,,,,,n,,,,,,,
"=""018200203718""","Ready-to-Drink (RTD)",1,1499,n,n,"NUTRL LEMONAD",,,n,1,1,583,n,,"=""6""",,,,,,n,,,,,,,
"=""018200203725""","Hard Seltzer",1,1099,n,n,"NUTRL VODKA SELTZER CRANBERRY 24/12 CAN 6/4",,,n,4,1,583,n,,"=""100""",,,,,,n,,,,,,,
"=""018200203916""",BEER,1,1219,n,n,"CANTARITOS MANDARIN HARD SODA 24/12 NR 4/6",,,n,1,1,793,n,,"=""100""",,,,,,n,,,,,,,
"=""018200203923""",BEER,1,1219,n,n,"CANTARITOS PINEAPPLE HARD SODA 24/12 NR 4/6",,,n,1,1,793,n,,"=""100""",,,,,,n,,,,,,,
"=""018200204012""","Hard Seltzer",1,1099,n,n,"NUTRL VODKA SELTZER ORANGE 24/12 CAN 6/4",,,n,4,1,692,n,,"=""100""",,,,,,n,,,,,,,
"=""018200204227""","Hard Seltzer",1,1099,n,n,"NUTRL VODKA SELTZER BLACK CHERRY 24/12 CAN 6/4",,,n,4,1,583,n,,"=""100""",,,,,,n,,,,,,,
"=""018200204241""","Domestic Beer",1,1799,n,n,"MICH ULTRA ZERO
12pk","12 pk",,n,12,1,1228,n,,"=""100""",,,,,,n,,,,,,,
"=""018200204302""","Hard Seltzer",1,1099,n,n,"NUTRL LIME CAN 9 6/4P 12Z",,,n,4,1,655,n,,"=""2""",,,,,,n,,,,,,,
"=""018200204319""","Ready-to-Drink (RTD)",1,1499,n,n,"RITAS LIME-A-RITA 24/7.5 CAN 2/12","12 pk",,n,12,1,900,n,,"=""100""",,,,,,n,,,,,,,
"=""018200204326""","Ready-to-Drink (RTD)",1,1392,n,n,"Ritas Straw-ber-rita 24/7.5 Can 2/12","=""12""",,n,12,1,900,n,,"=""100""",,,,,,n,,,,,,,
"=""018200204418""","Hard Seltzer",1,2947,n,n,"Nutrl Fruit Vp3 Can 2/12 Pk 12z",,,n,12,1,1750,n,,"=""16""",,,,,,n,,,,,,,
"=""018200204456""","Domestic Beer",1,1199,n,n,"MICH ULTRA ZERO 24/12 NRLN 4/6",,,n,6,1,715,n,,"=""100""",,,,,,n,,,,,,,
"=""018200204463""","Malt Beverage",1,1399,n,n,"CANTARITOS TAMARIND HARD SODA 24/12 NR 4/6","11.2 oz 6PK",,n,6,1,793,n,,"=""100""",,,,,,n,,,,,,,
"=""018200204470""","Hard Seltzer",1,1199,n,n,"NUTRL VODKA SELTZER STRAWBERRY 24/12 CAN 6/4",,,n,4,1,583,n,,"=""100""",,,,,,n,,,,,,,
"=""018200204555""","Hard Seltzer",1,1399,n,n,"skimmers vodka iced tea original","4 pk",,n,4,0,0,n,,"=""100""",,,,,,n,,,,,,,
"=""018200204562""","Hard Iced Tea",1,1399,n,n,"skimmers vodka iced tea peach","4 pk",,n,4,0,0,n,,"=""100""",,,,,,n,,,,,,,
"=""018200204579""","Hard Seltzer",1,1399,n,n,"skimmers vodka iced tea","4 pk",,n,4,0,0,n,,"=""100""",,,,,,n,,,,,,,
"=""018200204586""","Hard Iced Tea",1,2399,n,n,"skimmers iced tea lemonade variety pack","8 pk",,n,8,1,0,n,,"=""100""",,,,,,n,,,,,,,
"=""018200204661""",BEER,1,1299,n,n,U,,,n,1,1,715,n,,"=""100""",,,,,,n,,,,,,,
"=""018200204685""","Ready-to-Drink (RTD)",1,1499,n,n,"NUTRL PEACH",,,n,4,1,583,n,,"=""4""",,,,,,n,,,,,,,
"=""018200209918""","Import Beer",1,1099,y,n,"STELLA ARTOIS",,,n,1,1,0,n,,"=""100""",,,,,,n,,,,,,,
"=""018200209987""","Domestic Beer",1,1099,y,n,"8PK BUDLIGHT 16OZALM","16 oz",,n,1,1,0,n,,"=""100""",,,,,,n,,,,,,,
"=""018200209994""",BEER,1,1099,y,n,"BUD12PK 8OZ CHELDA B","12/8 oz",,n,1,1,0,n,,"=""100""",,,,,,n,,,,,,,
"=""018200219795""","Domestic Beer",1,1029,y,n,"BUDWEISER 16OZ ALUMI","16 Oz",,n,1,1,0,n,,"=""100""",,,,,,n,,,,,,,
"=""018200219856""","Domestic Beer",1,999,n,n,"Budweiser Cans (25 oz x 3 ct)","=""3""",,n,6,1,584,n,,"=""1""",,,,,,n,,,,,,,
"=""018200219863""","Domestic Beer",1,999,n,n,"Bud Light Can (25 oz)","25oz 3 pk",,n,6,1,614,n,,"=""4""",,,,,,n,,,,,,,
"=""018200219917""",Cider,1,899,y,n,"STELLA CIDER","48.00 FL OZ",,n,1,1,0,n,,"=""100""",,,,,,n,,,,,,,
"=""018200219979""","Domestic Beer",1,1499,y,n,"SHOCK TOP",,,n,1,1,0,n,,"=""100""",,,,,,n,,,,,,,
"=""018200219986""","Domestic Beer",1,899,y,n,"SHOCK TOP APPLE 6PK","72 oz",,n,1,1,0,n,,"=""100""",,,,,,n,,,,,,,
"=""018200229855""","Domestic Beer",1,477,y,n,HURRICANE,,,n,1,1,0,n,,"=""100""",,,,,,n,,,,,,,
"=""018200229893""","Malt Beverage",1,1399,y,n,"MANGO^RITA 12PK 8OZ","96.00 FL OZ",,n,1,1,0,n,,"=""100""",,,,,,n,,,,,,,
"=""018200240058""",BEER,1,789,y,n,"MONTEJO CERVESA",,,n,1,1,0,n,,"=""100""",,,,,,n,,,,,,,
"=""018200249815""","Domestic Beer",1,1099,n,n,"Michelob Ultra Cans (25 oz x 3 ct)",25oz,,n,6,1,690,n,,"=""3""",,,,,,n,,,,,,,
"=""018200250002""","Domestic Beer",1,359,n,n,"Budweiser Can (25 oz)","25 Oz",,n,2,1,197,n,,"=""100""",,,,,,n,,,,,,,
"=""018200250019""","Domestic Beer",1,349,n,n,"BUD LIGHT CAN","25 oz",,n,2,1,197,n,,"=""100""",,,,,,n,,,,,,,
"=""018200250026""","Domestic Beer",1,399,y,n,"NATURAL LIGHT 24 OZ","25 oz",,n,1,1,0,n,,"=""100""",,,,,,n,,,,,,,
"=""018200250040""","Domestic Beer",1,299,y,n,"BUSCH LIGHT","25 oz",,n,1,1,0,n,,"=""100""",,,,,,n,,,,,,,
"=""018200250095""",BEER,1,449,n,n,"Bud Light Lime Beer","25 Oz",,n,2,1,230,n,,"=""14""",,,,,,n,,,,,,,
"=""018200250101""","Domestic Beer",1,399,n,n,"Michelob Ultra Light Beer Can (25 oz)","25 oz",,n,2,1,221,n,,"=""99""",,,,,,n,,,,,,,
"=""018200250118""","Domestic Beer",1,225,n,n,"COBRA 25OZ","25 oz",,n,1,1,0,n,,"=""100""",,,,,,n,,,,,,,
"=""018200255052""","Malt Beverage",1,449,n,n,"Bud Light Lime Straw-Ber-Rita Margarita with a Twist","25 Oz",,n,2,1,0,n,,"=""4""",,,,,,n,,,,,,,
"=""018200255083""",BEER,1,449,n,n,"BUD LIGHT CHELADA  CAN","25 oz",,n,1,1,221,n,,"=""100""",,,,,,n,,,,,,,
"=""018200255090""",BEER,1,449,n,n,"BUD CHELADA 15/25 CAN","25 oz",,n,2,1,230,n,,"=""13""",,,,,,n,,,,,,,
"=""018200255106""",BEER,1,449,n,n,"Budweiser Chelada Beer Can (25 oz)","25 oz",,n,2,1,221,n,,"=""100""",,,,,,n,,,,,,,
"=""018200255274""",BEER,1,449,n,n,"Bud Light Chelada Extra Lime with Clamato Can (25 oz)","25 oz",,n,2,1,221,n,,"=""100""",,,,,,n,,,,,,,
"=""018200255380""","Malt Beverage",1,349,y,n,"SEASONAL RITA 25 OZ","25 Oz",,n,1,1,0,n,,"=""100""",,,,,,n,,,,,,,
"=""018200255434""","Domestic Beer",1,449,n,n,"BUD LIGHT PLATINUM","25 fl oz",,n,2,1,221,n,,"=""100""",,,,,,n,,,,,,,
"=""018200258169""",BEER,1,459,n,n,"Cerveza Estrella Jalisco","24 oz",,n,2,1,0,n,,"=""100""",,,,,,n,,,,,,,
"=""018200258336""","Domestic Beer",1,339,y,n,"BUD L GRAPE A RITA","25 oz",,n,1,1,0,n,,"=""100""",,,,,,n,,,,,,,
"=""018200258923""","Malt Beverage",1,338,y,n,"PEACH-A-RITA 25 OZ","25 oz",,n,1,1,0,n,,"=""100""",,,,,,n,,,,,,,
"=""018200259012""","Domestic Beer",1,199,y,n,"NATTY RUSH WATERMELON","=""1""",,n,1,1,0,n,,"=""100""",,,,,,n,,,,,,,
"=""018200259043""","Domestic Beer",1,164,n,n,"MICHELOB GOLD 12 OZ","12 OZ",,n,1,1,0,n,,"=""100""",,,,,,n,,,,,,,
"=""018200259081""","Malt Beverage",1,449,y,n,"RITA WATERMELON 25OZ",,,n,1,1,0,n,,"=""3""",,,,,,n,,,,,,,
"=""018200259104""","Domestic Beer",1,245,y,n,"BUD LIGHT ORANGE 24Z","24 OZ",,n,1,1,0,n,,"=""100""",,,,,,n,,,,,,,
"=""018200259142""","Malt Beverage",1,349,y,n,"COCONUT RITA",,,n,1,1,0,n,,"=""100""",,,,,,n,,,,,,,
"=""018200259401""","Domestic Beer",1,299,n,n,"MIC ULTRA 25OZ","0.50 Barrel",,n,1,1,0,n,,"=""100""",,,,,,n,,,,,,,
"=""018200259760""",BEER,1,407,y,n,"BUD LIGHT MANGO CHELDA 25OZ",,,n,1,1,0,n,,"=""100""",,,,,,n,,,,,,,
"=""018200260094""",BEER,1,449,n,n,"ESTRELLA JALISCO CHAMOY MICHELADA 15/25 CAN","24  OZ",,n,2,1,278,n,,"=""100""",,,,,,n,,,,,,,
"=""018200260315""","Hard Seltzer",1,337,y,n,"NATURAL LIGHT SELTZE",,,n,1,1,0,n,,"=""100""",,,,,,n,,,,,,,
"=""018200260322""","Hard Seltzer",1,337,y,n,"NATURAL SELTZER",,,n,1,1,0,n,,"=""100""",,,,,,n,,,,,,,
"=""018200260674""","Domestic Beer",1,349,y,n,"BUD LIGHT LEMONADE",,,n,1,1,0,n,,"=""100""",,,,,,n,,,,,,,
"=""018200260698""",BEER,1,409,y,n,"ESTRELLA JALISCO",,,n,1,1,0,n,,"=""100""",,,,,,n,,,,,,,
"=""018200261107""","Domestic Beer",1,449,n,n,"MICH ULTRA PURE GOLD CAN",,,n,2,1,249,n,,"=""100""",,,,,,n,,,,,,,
"=""018200261244""","Import Beer",1,449,n,n,"STELLA ARTOIS","24 oz",,n,2,1,250,n,,"=""100""",,,,,,n,,,,,,,
"=""018200261626""",BEER,1,449,n,n,"BUD LIGHT CHELADA TAJIN (CHILE LIMON) 15/25 CAN","24  OZ",,n,2,1,230,n,,"=""100""",,,,,,n,,,,,,,
"=""018200261930""",BEER,1,399,y,n,CACTI,,,n,1,1,0,n,,"=""100""",,,,,,n,,,,,,,
"=""018200263859""",BEER,1,340,n,n,"BUD LIGHT CHELADA TAJIN MANGONADA 15/25 CAN",,,n,1,1,221,n,,"=""100""",,,,,,n,,,,,,,
"=""018200263866""","Hard Seltzer",1,549,n,n,"NUTRL PINEAPPLE CAN 9 12P 720ML",,,n,1,1,341,n,,"=""7""",,,,,,n,,,,,,,
"=""018200263941""","Hard Seltzer",1,449,n,n,"Jarritos Mandarin Cantaritos Hard Soda Can (25 oz)",,,n,1,1,0,n,,"=""100""",,,,,,n,,,,,,,
"=""018200264252""","Hard Seltzer",1,525,n,n,"NUTRL WATERMELON 9 CAN 12P 720ML",,,n,1,1,341,n,,"=""12""",,,,,,n,,,,,,,
"=""018200264580""","Hard Seltzer",1,449,n,n,"NUTRL ORANGE","24 OZ",,n,1,0,0,n,,"=""100""",,,,,,n,,,,,,,
"=""018200264764""","Hard Seltzer",1,1499,n,n,"4 PKN PINAPLE nUTRLE","4 16 OZ",,n,4,0,0,n,,"=""100""",,,,,,n,,,,,,,
"=""018200264788""",Liqueur,1,699,n,n,skinners,,,n,1,1,0,n,,"=""11""",,,,,,n,,,,,,,
"=""018200264801""","Energy Drinks",1,349,n,n,"PHORM ENERGY SCREAMIN FREEDOM","16 OZ",,n,1,1,168,n,,"=""100""",,,,,,n,,,,,,,
"=""018200264818""","Energy Drinks",1,349,n,n,"PHORM ENERGY GRAPE SMASH","16 OZ",,n,1,1,168,n,,"=""100""",,,,,,n,,,,,,,
"=""018200264825""","Energy Drinks",1,349,n,n,"PHORM ENERGY BLUE BLITZ","16 OZ",,n,1,1,168,n,,"=""98""",,,,,,n,,,,,,,
"=""018200264832""","Energy Drinks",1,349,n,n,"PHORM ORANGE FURY","16 OZ",,n,1,1,193,n,,"=""100""",,,,,,n,,,,,,,
"=""018200272189""","Domestic Beer",1,1299,n,n,NATURAL,"216.00 FL OZ",,n,1,1,0,n,,"=""100""",,,,,,n,,,,,,,
"=""018200284274""","Domestic Beer",1,1599,y,n,"BUD LT WATERMELON RITA",EA,,n,1,1,0,n,,"=""100""",,,,,,n,,,,,,,
"=""018200284434""","Domestic Beer",1,849,y,n,"NATURAL ICE BEER","=""0""",,n,1,1,0,n,,"=""100""",,,,,,n,,,,,,,
"=""018200290664""","Spirits - Other",1,2111,n,n,"Nutrl Fruit Vp3 Can 3/8p 12Z",,,n,1,1,1375,n,,"=""100""",,,,,,n,,,,,,,
"=""018200290671""","Spirits - Other",1,1008,n,n,"NUTRL WATERMELON 9 CAN 6/4P 12Z",,,n,1,1,655,n,,"=""100""",,,,,,n,,,,,,,
"=""018200292088""","Hard Seltzer",1,931,n,n,"NUTRL ORANGE CAN 9 6/4P 12Z",,,n,1,1,605,n,,"=""100""",,,,,,n,,,,,,,
"=""018200293061""",BEER,1,2116,n,n,"SKIMMERS VOD TEA VP CAN3/8P 12Z",,,n,1,1,1375,n,,"=""100""",,,,,,n,,,,,,,
"=""018200293092""",BEER,1,999,n,n,"SKIMMERS ICED TEA H-H CAN 6/4P 12Z",,,n,1,1,655,n,,"=""100""",,,,,,n,,,,,,,
"=""018200293139""","Hard Seltzer",1,1499,n,n,"NUTRL PINEAPPLE CAN 9 6/4P 16Z",,,n,4,1,945,n,,"=""100""",,,,,,n,,,,,,,
"=""018200530470""","Domestic Beer",1,1699,n,n,"Bud Light Cans (12 oz x 12 pk","12 oz 12 pk",,n,12,1,1140,n,,"=""100""",,,,,,n,,,,,,,
"=""018200532184""","Domestic Beer",1,2049,n,n,"Budlight 18-Pack 12oz Can","18 PK 12 OZ",,n,18,1,1530,n,,"=""100""",,,,,,n,,,,,,,
"=""018200610301""","Domestic Beer",1,1599,y,n,"BUSCH 30PK","360.00 FL OZ",,n,1,1,0,n,,"=""100""",,,,,,n,,,,,,,
"=""018200710063""",BEER,1,16338,n,n,"REPLACEMENT CREDITb",,,n,1,1,10620,n,,"=""100""",,,,,,n,,,,,,,
"=""018200860317""","Domestic Beer",1,1,y,n,"BUSCH LIGHT 30PK","360.00 FL OZ",,n,1,1,0,n,,"=""100""",,,,,,n,,,,,,,
"=""018200959998""","Malt Beverage",1,329,y,n,"LEMON-ADE-RITA 25 OZ","25 Oz",,n,1,1,0,n,,"=""100""",,,,,,n,,,,,,,
"=""018200967214""","Domestic Beer",1,2299,n,n,"MICH ULTRA 18PK CANS","18 PK 12 OZ",,n,18,1,1605,n,,"=""4""",,,,,,n,,,,,,,
"=""018200969034""",BEER,1,799,y,n,"MONTIJO 6PK","12 oz",,n,1,1,0,n,,"=""100""",,,,,,n,,,,,,,
"=""018200969348""","Malt Beverage",1,318,y,n,"CRAN-BER-RITA 25 OZ","25.00 Oz",,n,1,1,0,n,,"=""100""",,,,,,n,,,,,,,
"=""018200970030""",BEER,1,1699,y,n,"ESTRELLA JALISCO",12pk,,n,1,1,0,n,,"=""100""",,,,,,n,,,,,,,
"=""018200970085""","Domestic Beer",1,1888,n,n,"BUDWEISER CAN AL","15/16 oz",,n,12,1,1228,n,,"=""100""",,,,,,n,,,,,,,
"=""018200970092""","Domestic Beer",1,1799,n,n,"Bud Light Aluminum Bottles 12 Pack","16 oz 12pk",,n,12,1,1228,n,,"=""100""",,,,,,n,,,,,,,
"=""018341151015""","Wine General",1,1299,n,n,"Barefoot Cellars Cabernet (1.5 L)","1.50 LT",,n,1,1,0,n,,"=""100""",,,,,,n,,,,,,,
"=""018341151022""","White Wine",1,1299,n,n,"BAREFOOT SAUV BLANC 1.75 LITER","1.75 LITER",,n,1,1,743,n,,"=""100""",,,,,,n,,,,,,,
"=""018341151053""","White Wine",1,1299,n,n,"BAREFOOT CHARD 1.75 LITER","1.75 LITER",,n,1,1,740,n,,"=""100""",,,,,,n,,,,,,,
"=""018341151107""","Red Wine",1,1299,n,n,"BARE FOOT MERLOT 1.75 L","1.75 LITER",,n,1,1,743,n,,"=""100""",,,,,,n,,,,,,,
"=""018341751017""","Wine Cabernet Sauvignon",1,799,n,n,"BAREFOOT CABERNET","750.00 ML",,n,1,1,0,n,,"=""100""",,,,,,n,,,,,,,
"=""018341751024""","White Wine",1,849,n,n,"BAREFOOT SAUVIGNON BLANC 750","750.00 ML",,n,1,1,464,n,,"=""100""",,,,,,n,,,,,,,
"=""018341751055""","White Wine",1,899,n,n,"BAREFOOT CHARD 750 ml","750.00 ML",,n,2,1,534,n,,"=""100""",,,,,,n,,,,,,,
"=""018341751109""","Red Wine",1,799,n,n,"BAREFOOT MERLOT","750.00 ML",,n,1,1,0,n,,"=""100""",,,,,,n,,,,,,,
"=""018341751253""","Champagne & Sparkling",1,1199,n,n,"BAREFOOT BUBBLY EXTRA DRY 750 ml","750.00 ML",,n,1,1,0,n,,"=""100""",,,,,,n,,,,,,,
"=""018341751260""","Champagne & Sparkling",1,1199,n,n,"BAREFOOT BUBBLY BRUT CUVEE 750 ml","750.00 ML",,n,1,1,0,n,,"=""100""",,,,,,n,,,,,,,
"=""018505144259""",ACCESSORIES,1,299,n,n,"Cutter 1",,,n,1,0,0,n,,"=""100""",,,,,,n,,,,,,,
"=""018700000022""",Grocery,1,799,n,n,"SUE BEE PREMIUM PURE HONEY","8 OZ",,n,1,1,399,n,,"=""100""",,,,,,n,,,,,,,
"=""018700000404""",Grocery,1,1149,n,n,"SueBee:Clover Premium","12.00 OZ",,n,1,1,568,n,,"=""100""",,,,,,n,,,,,,,
"=""018804059315""",Gummy,1,557,n,n,"Jarritos Gummies",,,n,1,1,275,n,,"=""100""",,,,,,n,,,,,,,
"=""018804059322""",Gummy,1,557,n,n,"Jarritos Gummies Sour",,,n,1,1,275,n,,"=""100""",,,,,,n,,,,,,,
"=""018804059674""",Gummy,1,557,n,n,"Jarritos Spicy Gummies",,,n,1,1,275,n,,"=""100""",,,,,,n,,,,,,,
"=""018804059698""",Gummy,1,349,n,n,"JARRITOS SOUR GUMMY SMALL",,,n,1,1,0,n,,"=""100""",,,,,,n,,,,,,,
"=""019000083425""",Gummy,1,399,n,n,"L SAVERS GUMIE 5 FLV","7.70 OZ",,n,1,1,195,n,,"=""100""",,,,,,n,,,,,,,
"=""019000083449""","Hanging Snacks",1,399,n,n,"Life Savers / Gummies:Gummies Wild Berries 12/","7.00 OZ",,n,1,1,208,n,,"=""100""",,,,,,n,,,,,,,
"=""019000170491""",Gummy,1,399,n,n,"L SAVERS GUMIE SOUR","7.00 OZ",,n,1,1,195,n,,"=""100""",,,,,,n,,,,,,,
"=""019100006775""",ACCESSORIES,1,1299,n,n,Jergens:All-Purpose,"15.00 OZ",,n,1,1,549,n,,"=""100""",,,,,,n,,,,,,,
"=""019179700123""","Specialty Drinks",1,249,n,n,"SLUSH PUPPIES 12 OZ","12 OZ",,n,1,1,0,n,,"=""100""",,,,,,n,,,,,,,
"=""019179700161""",Juice,1,299,n,n,"Slush Puppie",Medium,,n,1,1,0,n,,"=""100""",,,,,,n,,,,,,,
"=""019179700246""","Specialty Drinks",1,399,n,n,"SLUSH PUPIE 24 OZ","24 OZ",,n,1,1,0,n,,"=""100""",,,,,,n,,,,,,,
"=""019320001987""",Grocery,1,199,n,n,"OREO 4 COOKIES",,,n,1,1,63,n,,"=""100""",,,,,,n,,,,,,,
"=""019320015403""",Grocery,1,100,n,n,"Oreo Cookies 2 ct","0.78 OZ",,n,1,1,0,n,,"=""100""",,,,,,n,,,,,,,
"=""019320015441""",Grocery,1,99,n,n,"LORNA DOONE","1.5 Oz",,n,1,1,0,n,,"=""100""",,,,,,n,,,,,,,
"=""019649518005""",ACCESSORIES,1,1999,n,n,"NEEDOH NICE CUBE DR PEPPER",,,n,1,1,1000,n,,"=""96""",,,,,,n,,,,,,,
"=""019800001162""",ACCESSORIES,1,999,n,n,"Drano Liquid Drain Cleaner","32.00 Oz",,n,1,1,398,n,,"=""100""",,,,,,n,,,,,,,
"=""019800701956""",ACCESSORIES,1,899,n,n,"Windex: Original w/ Ammonia",23oz,,n,1,1,458,n,,"=""100""",,,,,,n,,,,,,,
"=""019855112004""","Champagne & Sparkling",1,4699,n,n,"Schramsberg Blanc de Blancs Brut:Champagne Blend","750.00 ML",,n,2,1,3000,n,,"=""100""",,,,,,n,,,,,,,
"=""019855272005""","Champagne & Sparkling",1,3599,n,n,"MIRABLLEE Brut 
750 mm",,,n,1,1,0,n,,"=""100""",,,,,,n,,,,,,,
"=""019962090233""","Craft / Local Beer",1,899,y,n,"TRACK 7 PORTER","=""0""",,n,1,1,0,n,,"=""100""",,,,,,n,,,,,,,
"=""019962536038""",BEER,1,1199,y,n,PALM,"=""0""",,n,1,1,0,n,,"=""100""",,,,,,n,,,,,,,
"=""020212030039""",Tequila,1,44999,n,n,"CLASE AZUL GOLD","750 ML",,n,1,1,0,n,,"=""100""",,,,,,n,,,,,,,
"=""020227493942""","Wine General",1,1099,n,n,"BOGLE SAUVIGNON BLANC","750 ML",,n,2,1,735,n,,"=""100""",,,,,,n,,,,,,,
"=""020507000112""","Import Beer",1,1199,y,n,"BITBURGER PRUMIEM","4.00 EA",,n,1,1,0,n,,"=""100""",,,,,,n,,,,,,,
"=""020709002532""",Gummy,1,399,n,n,Trolli:Peachie-O's,"4.25 OZ",,n,1,1,165,n,,"=""100""",,,,,,n,,,,,,,
"=""020709012081""",Gummy,1,399,n,n,"Trolli:Sour Brite Crawler Eggs","4.00 OZ",,n,1,1,158,n,,"=""100""",,,,,,n,,,,,,,
"=""020709012302""",Gummy,1,399,n,n,"TROLL SOUR CRWLERS 5 OZ","5 OZ",,n,1,1,175,n,,"=""99""",,,,,,n,,,,,,,
"=""020709012319""",Gummy,1,399,n,n,"TROLLI SOCTOPUS 4.254.25 OZ","4.25 OZ",,n,1,1,175,n,,"=""100""",,,,,,n,,,,,,,
"=""020709012562""",Gummy,1,399,n,n,"TROLLI PUFFS 4.25 OZ STRAWBERRY","4.25 OZ",,n,1,1,165,n,,"=""100""",,,,,,n,,,,,,,
"=""021000010875""",Grocery,1,299,n,n,"KRAFT EASY MAC 2.05 OZ","2.05 OZ",,n,1,1,134,n,,"=""100""",,,,,,n,,,,,,,
"=""021000028092""",Grocery,1,299,n,n,Kraft:Original,"7.25 OZ",,n,1,1,110,n,,"=""100""",,,,,,n,,,,,,,
"=""021000052288""","Snacks & Condiments",1,499,n,n,"KRAFT ORIGINAL BBQ SAUCE","18 OZ",,n,1,1,0,n,,"=""100""",,,,,,n,,,,,,,
"=""021000658831""","Pantry & Grocery Extras",1,199,n,n,"Kraft Original Macaroni & Cheese Dinner Box (7.25 oz)","7.25 OZ",,n,1,1,0,n,,"=""100""",,,,,,n,,,,,,,
"=""021136010541""",Water,1,299,n,n,"Topo Chico MIneral Water Bottle (20 oz)","20.00 OZ",,n,1,1,0,n,,"=""100""",,,,,,n,,,,,,,
"=""021136010626""",Water,1,549,n,n,"Topo Chico 750ml","750 ml",,n,2,1,296,n,,"=""100""",,,,,,n,,,,,,,
"=""021136180558""",Water,1,300,n,n,"TOPO CHICO TWIST GRAPEFRUIT","15.5 OZ",,n,1,1,169,n,,"=""100""",,,,,,n,,,,,,,
"=""021136180589""",Water,1,300,n,n,"TOPOCHICO WATER LIME","75.5 oz",,n,1,1,169,n,,"=""100""",,,,,,n,,,,,,,
"=""021136180596""",Water,1,300,n,n,"TOPOCHICO WATER MINERAL","15.5 oz",,n,1,1,169,n,,"=""100""",,,,,,n,,,,,,,
"=""021136180619""",Water,1,299,n,n,"MINIRAL WATER TOPO CHICO","12 oz",,n,1,1,144,n,,"=""100""",,,,,,n,,,,,,,
"=""021136180879""","Hard Iced Tea",1,2599,n,n,"TOPO CHICO VARIETY PACK C24 12OZ 12P","12 Pack",,n,12,1,1665,n,,"=""100""",,,,,,n,,,,,,,
"=""021136180947""","Hard Seltzer",1,449,n,n,"TOPO CHICO strawberry guava  24 oz","24  OZ",,n,2,1,289,n,,"=""100""",,,,,,n,,,,,,,
"=""021136181364""",Water,1,265,n,n,"TOPO CHICO BLUEBERRY MINERAL","12 OZ",,n,1,1,132,n,,"=""100""",,,,,,n,,,,,,,
"=""021136181371""",Water,1,265,n,n,"TOPO CHICO CAN",,,n,1,1,132,n,,"=""100""",,,,,,n,,,,,,,
"=""021136181388""",Water,1,265,n,n,"TOPO CHICO TANGERINE WITH GINGER","12 OZ",,n,1,1,132,n,,"=""100""",,,,,,n,,,,,,,
"=""021136181616""",Water,1,1999,n,n,"TOPO CHICO BLUE BERRY","8 PG",,n,8,1,1000,n,,"=""100""",,,,,,n,,,,,,,
"=""021136181623""",Water,1,1999,n,n,"TOPO CHICO LIME WITH MINT","8 PG",,n,8,1,1100,n,,"=""100""",,,,,,n,,,,,,,
"=""021136181630""",Water,1,1999,n,n,"TAPO CHICO TANGERINE","8 PG",,n,8,1,1100,n,,"=""100""",,,,,,n,,,,,,,
"=""021136181678""",Water,1,299,n,n,"TOPO CHICO RASPERRY","12 OZ",,n,1,0,0,n,,"=""98""",,,,,,n,,,,,,,
"=""021136181685""",Water,1,1999,n,n,"TOPO CHICO RASPBERRY WITH LEMON","8 PG",,n,8,1,1100,n,,"=""100""",,,,,,n,,,,,,,
"=""021136181708""",Water,1,299,n,n,TOPOCHICO,,,n,1,1,132,n,,"=""100""",,,,,,n,,,,,,,
"=""021136181715""",Water,1,1999,n,n,"TOPO CHICO TROPICAL MANGO","8 PG",,n,8,1,1100,n,,"=""100""",,,,,,n,,,,,,,
"=""021200000003""",ACCESSORIES,1,199,n,n,"SCOTCH-BRITE SPONGE1","1.00 Ct",,n,1,1,0,n,,"=""100""",,,,,,n,,,,,,,
"=""021200010224""",ACCESSORIES,1,299,n,n,"Scotch Magic 3M","=""1""",,n,1,1,0,n,,"=""100""",,,,,,n,,,,,,,
"=""021200010231""",ACCESSORIES,1,299,n,n,"SCOTCH TAPE",1pc,,n,1,1,132,n,,"=""100""",,,,,,n,,,,,,,
"=""021854005003""",ACCESSORIES,1,399,n,n,"Tape Clear Packing 1.89"""" X 55YD","1.89 x 55 yds",,n,1,1,0,n,,"=""100""",,,,,,n,,,,,,,
"=""022000000675""",Gum,1,299,n,n,"Hubba Bubba Max:5 Pc Strawberry-Watermelon 8/","18.00 CT",,n,1,1,0,n,,"=""100""",,,,,,n,,,,,,,
"=""022000000897""",Gum,1,299,n,n,"ORBIT WHITE PRMNT 15","=""1""",,n,1,1,0,n,,"=""100""",,,,,,n,,,,,,,
"=""022000000941""",Gum,1,299,n,n,"ORBIT WHITE SRMNT 15",,,n,1,1,0,n,,"=""100""",,,,,,n,,,,,,,
"=""022000002709""",Gum,1,249,n,n,"HUBBA BUBBA ORIGINAL","18.00 CT",,n,1,1,63,n,,"=""100""",,,,,,n,,,,,,,
"=""022000002785""",Gum,1,299,n,n,"Hubba Bubba:Bubble Tape Tangy Tropical","2.00 OZ",,n,1,1,0,n,,"=""100""",,,,,,n,,,,,,,
"=""022000004345""","Breath Refreshers",1,249,n,n,"Life Savers:Hard 5 Flavors","14.00 CT",,n,1,1,89,n,,"=""100""",,,,,,n,,,,,,,
"=""022000004833""",Gum,1,299,n,n,"ORBIT SWEET MINT GUM","14.00 CT",,n,1,1,0,n,,"=""100""",,,,,,n,,,,,,,
"=""022000004840""",Gum,1,299,n,n,"ORBIT SWEET MINT GUM","14.00 CT",,n,1,1,117,n,,"=""5""",,,,,,n,,,,,,,
"=""022000004864""",Gum,1,299,n,n,"ORBIT WINTERMINT","14.00 CT",,n,1,1,117,n,,"=""100""",,,,,,n,,,,,,,
"=""022000004888""",Gum,1,299,n,n,"ORBIT WINTERGREEN","14.00 CT",,n,1,1,117,n,,"=""100""",,,,,,n,,,,,,,
"=""022000004895""",Gum,1,299,n,n,"ORBIT BUBBLEMINT","14.00 CT",,n,1,1,120,n,,"=""100""",,,,,,n,,,,,,,
"=""022000005120""",Candy,1,299,n,n,"5 Gum Cobalt 15 ct","=""1""",,n,1,1,156,n,,"=""99""",,,,,,n,,,,,,,
"=""022000005144""",Gum,1,299,n,n,"5 GUM RAIN","15 ct",,n,1,1,156,n,,"=""100""",,,,,,n,,,,,,,
"=""022000006653""",Gum,1,299,n,n,"Spearmint WRIGLEYS","=""15""",,n,1,1,0,n,,"=""99""",,,,,,n,,,,,,,
"=""022000006660""",Gum,1,299,n,n,"DOUBLEMINT 15 STICK","=""1""",,n,1,1,117,n,,"=""100""",,,,,,n,,,,,,,
"=""022000006677""",Gum,1,299,n,n,"JUICY FRUIT 15 STICK","15 STICKS",,n,1,1,117,n,,"=""100""",,,,,,n,,,,,,,
"=""022000006684""",Gum,1,299,n,n,"BIG RED 15 STICK","=""15""",,n,1,1,130,n,,"=""100""",,,,,,n,,,,,,,
"=""022000006691""",Gum,1,299,n,n,"WINTER FRESH 15 STIC","1.00 CT",,n,1,1,0,n,,"=""100""",,,,,,n,,,,,,,
"=""022000007681""","Breath Refreshers",1,399,n,n,"Altoids Artic Wintergreen 1.2 OZ","1.2 oz",,n,1,1,178,n,,"=""100""",,,,,,n,,,,,,,
"=""022000007698""","Breath Refreshers",1,399,n,n,"Altoids Arctic Peppermint","1.2 Oz",,n,1,1,178,n,,"=""100""",,,,,,n,,,,,,,
"=""022000008381""",Gum,1,299,n,n,"EXTRA SWEET WATERMEL","15.00 CT",,n,1,1,119,n,,"=""100""",,,,,,n,,,,,,,
"=""022000008404""",Gum,1,299,n,n,"EXTRA WINTERFRESH 15","15.00 CT",,n,1,1,119,n,,"=""100""",,,,,,n,,,,,,,
"=""022000008459""",Gum,1,299,n,n,"EXTRA ORIGINAL BGUM","15.00 CT",,n,1,1,119,n,,"=""100""",,,,,,n,,,,,,,
"=""022000008916""",Gum,1,299,n,n,"Extra Peppermint","15.00 CT",,n,1,1,119,n,,"=""100""",,,,,,n,,,,,,,
"=""022000008985""",Gum,1,299,n,n,"EXTRA SUGAR FREE GUM POLAR ICE 15CT","15 ct",,n,1,1,125,n,,"=""10""",,,,,,n,,,,,,,
"=""022000008992""",Gum,1,299,n,n,"EXTRA SPEARMINT 15","15.00 CT",,n,1,1,119,n,,"=""100""",,,,,,n,,,,,,,
"=""022000009951""","Breath Refreshers",1,399,n,n,"Altoids Arctic Strawberry","1.2 Oz",,n,1,1,178,n,,"=""100""",,,,,,n,,,,,,,
"=""022000012098""",Gum,1,299,n,n,"ORBIT STRAWBERRY","14.00 CT",,n,1,1,0,n,,"=""100""",,,,,,n,,,,,,,
"=""022000013194""",Gum,1,299,n,n,"ECLIPSE PEPPERMINT","18.00 CT",,n,1,1,117,n,,"=""100""",,,,,,n,,,,,,,
"=""022000013200""",Gum,1,299,n,n,"ECLIPSE WINTERFROST","18.00 CT",,n,1,1,0,n,,"=""100""",,,,,,n,,,,,,,
"=""022000013316""",Gum,1,299,n,n,"ECLIPSE SPEARMINT SPEARMINT","18.00 CT",,n,1,1,0,n,,"=""100""",,,,,,n,,,,,,,
"=""022000013477""",Gum,1,299,n,n,"Orbit White Sugarfree Spearmint Gum 15 CT","27.00 G",,n,1,1,0,n,,"=""100""",,,,,,n,,,,,,,
"=""022000014139""",Gum,1,299,n,n,"EXTRA SMOOTH MINT","40.50 G",,n,1,1,119,n,,"=""100""",,,,,,n,,,,,,,
"=""022000014634""",Gummy,1,399,n,n,"LIFE SAVER GUMMIES COLLOSION 4.2 OZ","4.2 OZ",,n,1,1,0,n,,"=""100""",,,,,,n,,,,,,,
"=""022000014641""",Gummy,1,399,n,n,"LIFE SAVER 5FLAVORS 4.2 OZ","4.2 OZ",,n,1,1,0,n,,"=""100""",,,,,,n,,,,,,,
"=""022000014757""",Gum,1,699,n,n,"Orbit Bubblemint Sugar Free Chewing Gum","55 ct",,n,1,1,375,n,,"=""5""",,,,,,n,,,,,,,
"=""022000015532""",Gum,1,299,n,n,"5 GUM ASCENT","1.00 Ct",,n,1,1,156,n,,"=""100""",,,,,,n,,,,,,,
"=""022000016690""",Gum,1,299,n,n,"5 GUM STRAWBERRY","15 ct",,n,1,1,156,n,,"=""100""",,,,,,n,,,,,,,
"=""022000016935""",Gum,1,299,n,n,"HUBBA BUBBA SOUR","2 Oz",,n,1,1,0,n,,"=""98""",,,,,,n,,,,,,,
"=""022000017871""",Gum,1,699,n,n,"EXTRA LL SPEARMINT","35 count",,n,1,1,325,n,,"=""99""",,,,,,n,,,,,,,
"=""022000017888""",Gum,1,699,n,n,"EXTRA POLAR ICE 35 STICKS","35 ct",,n,1,1,325,n,,"=""100""",,,,,,n,,,,,,,
"=""022000017895""",Gum,1,799,n,n,"GUM PEPPERMINT COBALT",ea,,n,1,1,408,n,,"=""100""",,,,,,n,,,,,,,
"=""022000017901""",Gum,1,799,n,n,"5 SPEARMINT 35 STICS",,,n,1,1,381,n,,"=""100""",,,,,,n,,,,,,,
"=""022000019080""",Gum,1,299,n,n,"EXTRA GUM SF CINNAMON","24.00 G",,n,1,1,119,n,,"=""100""",,,,,,n,,,,,,,
"=""022000019233""",Gummy,1,399,n,n,"LIFESAVER GUMMIES NEONS",7oz,,n,1,1,195,n,,"=""100""",,,,,,n,,,,,,,
"=""022000019882""",Candy,1,299,n,n,"Starbusrt All Pink","2.07 oz",,n,1,1,0,n,,"=""100""",,,,,,n,,,,,,,
"=""022000020369""",Gum,1,699,n,n,"EXTRA LL  PEPPERMINT",,,n,1,1,325,n,,"=""100""",,,,,,n,,,,,,,
"=""022000021694""",Gummy,1,749,n,n,Doublemint,"35 STICKS",,n,1,1,0,n,,"=""100""",,,,,,n,,,,,,,
"=""022000021908""","Breath Refreshers",1,699,n,n,"EXTRA REFRESHING SPEARMINT 40 PCS","40 PCS",,n,1,6,2054,n,,"=""100""",,,,,,n,,,,,,,
"=""022000021977""","Breath Refreshers",1,699,n,n,"EXtra long lasting flavor 40 pieces","40 pieces",,n,1,1,342,n,,"=""100""",,,,,,n,,,,,,,
"=""022000073815""",Gummy,1,399,n,n,"LIFESAVER GUMMIES EXOTICS","7 oz",,n,1,1,195,n,,"=""100""",,,,,,n,,,,,,,
"=""022000076038""",Gum,1,299,n,n,"5 GUM SWEET MINT","15 cts",,n,1,1,156,n,,"=""100""",,,,,,n,,,,,,,
"=""022000116024""",Gum,1,299,n,n,"5 GUM WATERMELON","40.50 G",,n,1,1,156,n,,"=""100""",,,,,,n,,,,,,,
"=""022000117014""",Gum,1,299,n,n,"5 GUM REACT2 MINT","15 ct",,n,1,1,156,n,,"=""100""",,,,,,n,,,,,,,
"=""022000120304""",Gummy,1,399,n,n,"L SAVERS GUM COLSION","7.00 OZ",,n,1,1,195,n,,"=""100""",,,,,,n,,,,,,,
"=""022000159311""","Breath Refreshers",1,499,n,n,Altoids:Spearmint,"1.76 OZ",,n,1,1,238,n,,"=""100""",,,,,,n,,,,,,,
"=""022000159335""","Breath Refreshers",1,499,n,n,"ALTOID MINT PEPPERMINT","1.76 OZ",,n,1,1,238,n,,"=""100""",,,,,,n,,,,,,,
"=""022000159342""",Candy,1,499,n,n,"Altoids Wintergreen","1.76 OZ",,n,1,1,238,n,,"=""97""",,,,,,n,,,,,,,
"=""022000159359""","Breath Refreshers",1,499,n,n,"Altoids Mints Cinnamon (1.76 oz)","1.76 OZ",,n,1,1,238,n,,"=""100""",,,,,,n,,,,,,,
"=""022000282170""",Gum,1,699,n,n,"EXTRA WATERMELON 35STICKS",,,n,1,1,325,n,,"=""100""",,,,,,n,,,,,,,
"=""022000282323""","Breath Refreshers",1,699,n,n,"Extra  REFRESHING MINT MIX",40PCS,,n,1,1,325,n,,"=""100""",,,,,,n,,,,,,,
"=""022000282354""","Breath Refreshers",1,699,n,n,"EXTRA REFRESHING BERRY MIX 40 PCS","40 PCS",,n,1,1,342,n,,"=""100""",,,,,,n,,,,,,,
"=""022000283818""",Gum,1,699,n,n,"ORBIT PEPPERMINT",30ps,,n,1,0,0,n,,"=""100""",,,,,,n,,,,,,,
"=""022000283863""",Gum,1,699,n,n,"ORBIT SPEARMINT",,,n,1,1,0,n,,"=""100""",,,,,,n,,,,,,,
"=""022000285942""",Gummy,1,499,n,n,"SKITTLES GUMMIES",,,n,1,1,194,n,,"=""100""",,,,,,n,,,,,,,
"=""022000285966""",Gummy,1,499,n,n,"SKITTLE GUMMIES",,,n,1,1,194,n,,"=""99""",,,,,,n,,,,,,,
"=""022000289599""","Breath Refreshers",1,699,n,n,"EXTRA FRUIT MIX",,,n,1,1,342,n,,"=""100""",,,,,,n,,,,,,,
"=""022000289735""",Gummy,1,499,n,n,"SOUR SKITTLE GUMMY","5.8 OZ",,n,1,1,212,n,,"=""100""",,,,,,n,,,,,,,
"=""022000290090""",Gum,1,299,n,n,"HUBBA BUBBA MAX",,,n,1,0,0,n,,"=""100""",,,,,,n,,,,,,,
"=""022000292780""",Gum,1,299,n,n,"EXTRA PINK LEMONADE",,,n,1,1,119,n,,"=""100""",,,,,,n,,,,,,,
"=""022000295644""",Gum,1,650,n,n,"HUBBA BUBBA MINI GUM",,,n,1,1,0,n,,"=""100""",,,,,,n,,,,,,,
"=""022000298416""","Hanging Snacks",1,499,n,n,STARBURST,,,n,1,1,217,n,,"=""100""",,,,,,n,,,,,,,
"=""022000298577""",Gummy,1,399,n,n,"STARBURST GUMMIES ALL PINK 3 OZ","3 OZ",,n,1,1,0,n,,"=""100""",,,,,,n,,,,,,,
"=""022000298669""",Gummy,1,399,n,n,"SKETTLE GUMMIES ORIGINAL 3 OZ","3 OZ",,n,1,0,0,n,,"=""100""",,,,,,n,,,,,,,
"=""022000298829""",Gummy,1,299,n,n,"STARBURST GUMMIES ORIGINAL 3 OZ","3 OZ",,n,1,1,0,n,,"=""100""",,,,,,n,,,,,,,
"=""022000301253""",Gummy,1,1137,n,n,"Skittles Popped",,,n,1,1,560,n,,"=""100""",,,,,,n,,,,,,,
"=""022000301284""",Gummy,1,1137,n,n,"Skittles Sour Popped",,,n,1,1,560,n,,"=""100""",,,,,,n,,,,,,,
"=""022000302991""",Gummy,1,399,n,n,"Lifesaver Gummies Fruit Rings",,,n,1,1,195,n,,"=""100""",,,,,,n,,,,,,,
"=""022000330499""","Hanging Snacks",1,399,n,n,"SKITTLES GUMMIES FUEGO",,,n,1,1,181,n,,"=""100""",,,,,,n,,,,,,,
"=""022100000049""","Domestic Beer",1,349,n,n,"Pabst Blue Ribbon Can (24 oz)","25 oz",,n,2,1,176,n,,"=""7""",,,,,,n,,,,,,,
"=""022100000711""","Domestic Beer",1,699,y,n,"PABST BEER","72.00 FL OZ",,n,1,1,0,n,,"=""100""",,,,,,n,,,,,,,
"=""022100001572""","Domestic Beer",1,2199,n,n,"PABST BLUE RIBBON  18-PK CANS","18 PK",,n,18,1,1275,n,,"=""100""",,,,,,n,,,,,,,
"=""022100001701""","Domestic Beer",1,1399,n,n,"PABST BLUE RIBBON 12 PK 12OZ CAN","12 PK 122 OZ",,n,12,1,925,n,,"=""4""",,,,,,n,,,,,,,
"=""022100001718""","Domestic Beer",1,1999,y,n,"PATS BLUE RIBBON - 24PK","288.00 FL OZ",,n,1,1,0,n,,"=""100""",,,,,,n,,,,,,,
"=""022100002586""","Domestic Beer",1,812,n,n,"PABST BLUE RIBBON C12 24OZ 3P",,,n,1,1,528,n,,"=""100""",,,,,,n,,,,,,,
"=""022100002883""","Domestic Beer",1,999,y,n,"PABST 12 PACK BOTL",12pk,,n,1,1,0,n,,"=""100""",,,,,,n,,,,,,,
"=""022100002890""","Domestic Beer",1,549,y,n,"PAB BLUE 6PK","72.00 FL OZ",,n,1,1,0,n,,"=""100""",,,,,,n,,,,,,,
"=""022100004122""","Domestic Beer",1,1149,y,n,"PABST LIGHT 12-PACK",,,n,1,1,0,n,,"=""100""",,,,,,n,,,,,,,
"=""022100075009""",BEER,1,799,y,n,"OLIMPIA BEER 12.0 EA","144.00 FL OZ",,n,1,1,0,n,,"=""100""",,,,,,n,,,,,,,
"=""022100112766""","Domestic Beer",1,299,n,n,"PABST LIGHT 25OZ","25 oz",,n,2,1,176,n,,"=""100""",,,,,,n,,,,,,,
"=""022100112780""","Domestic Beer",1,1312,n,n,"PABST LIGHT C24 12OZ 12P",,,n,1,1,853,n,,"=""100""",,,,,,n,,,,,,,
"=""022110079806""",Gum,1,299,n,n,"HUBBA BUBBA DBL TAPE","2.00 OZ",,n,1,1,133,n,,"=""100""",,,,,,n,,,,,,,
"=""022200941525""",ACCESSORIES,1,599,n,n,"SPEED STICK REG 3 OZ","3.00 Ct",,n,1,1,351,n,,"=""100""",,,,,,n,,,,,,,
"=""022200951043""",ACCESSORIES,1,499,n,n,"SPEED STICK POWER 3.oz",3oz,,n,1,1,0,n,,"=""100""",,,,,,n,,,,,,,
"=""022200963435""",ACCESSORIES,1,299,n,n,"Lady Speed Stick Antiperspirant Deodorant","1.40 Oz",,n,1,1,0,n,,"=""100""",,,,,,n,,,,,,,
"=""022200963695""",ACCESSORIES,1,299,n,n,"LADY STICK DRY 1.4OZ","1.4 Oz",,n,1,1,0,n,,"=""100""",,,,,,n,,,,,,,
"=""022224200691""",Gummy,1,499,n,n,"WILLY WALLABG WATERMELON",,,n,1,1,237,n,,"=""100""",,,,,,n,,,,,,,
"=""022224200707""",Gummy,1,499,n,n,"Willey Wallaby Australian Soft & Chewy Gourmet","7.05 Oz",,n,1,12,2822,n,,"=""100""",,,,,,n,,,,,,,
"=""022224200714""","Hanging Snacks",1,499,n,n,"WILEY WALLABY CLASSIC BLACK",,,n,1,1,262,n,,"=""100""",,,,,,n,,,,,,,
"=""022224206495""","Hanging Snacks",1,719,n,n,"Wiley Wallaby Sourrageous Drops","6 OZ",,n,1,1,354,n,,"=""8""",,,,,,n,,,,,,,
"=""022224206747""",Gummy,1,299,n,n,"WILEY WALLABY SOUR RAGEOUS 3 OZ","3  OZ",,n,1,1,150,n,,"=""13""",,,,,,n,,,,,,,
"=""022224213042""",Gummy,1,499,n,n,"WILLY WALLABG",,,n,1,1,235,n,,"=""100""",,,,,,n,,,,,,,
"=""022224301145""",Gummy,1,299,n,n,"WILEY WALLABY MINIS WATERMELON","3.5 OZ",,n,1,1,150,n,,"=""13""",,,,,,n,,,,,,,
"=""022600020158""","Health & Wellness",1,699,n,n,"Magnum XL Condoms",,,n,1,1,0,n,,"=""100""",,,,,,n,,,,,,,
"=""022600228882""","Health & Wellness",1,699,n,n,"Magnum BARESKIN Condoms",,,n,1,1,0,n,,"=""100""",,,,,,n,,,,,,,
"=""022600642039""","Health & Wellness",1,699,n,n,"Trojan Condoms:Large Size Lubricated","3.00 CT",,n,1,1,180,n,,"=""100""",,,,,,n,,,,,,,
"=""022600646037""","Health & Wellness",1,799,n,n,"Trojan Condoms:Large Size Thin Ultrasmooth Lubricant","3.00 CT",,n,1,6,1200,n,,"=""100""",,,,,,n,,,,,,,
"=""022600800101""","Health & Wellness",1,699,n,n,"Trojan Charged Orgasmic Pleasure Lubricant Condoms","3.00 ct",,n,1,6,1200,n,,"=""100""",,,,,,n,,,,,,,
"=""022600920502""","Health & Wellness",1,699,n,n,"Trojan Condoms:Non-Lubricated","3.00 CT",,n,1,6,1000,n,,"=""100""",,,,,,n,,,,,,,
"=""022600926207""","Health & Wellness",1,799,n,n,"Trojan Condoms:Ultra Thin Premium Lubricant","3.00 CT",,n,1,1,180,n,,"=""100""",,,,,,n,,,,,,,
"=""022600927204""","Health & Wellness",1,699,n,n,"TORJAN Ultra thin","3 CT",,n,1,1,180,n,,"=""100""",,,,,,n,,,,,,,
"=""022600930501""","Health & Wellness",1,699,n,n,"Trojan-Enz Lubricated Latex Condoms 3ct","3.00 CT",,n,1,1,175,n,,"=""100""",,,,,,n,,,,,,,
"=""022600931508""","Health & Wellness",1,699,n,n,"Trojan Condoms:Armor Spermicidal Lubricant","3.00 CT",,n,1,6,1200,n,,"=""100""",,,,,,n,,,,,,,
"=""022600940500""","Health & Wellness",1,699,n,n,"Trojan Stimulations Ultra Ribbed Lubricated Latex Condoms 3ct","3.00 CT",,n,1,6,1100,n,,"=""100""",,,,,,n,,,,,,,
"=""022600947219""","Health & Wellness",1,699,n,n,"Trojan Condoms:Ecstasy Stimulations Ultrasmooth Lubricant","3.00 CT",,n,1,6,1200,n,,"=""100""",,,,,,n,,,,,,,
"=""022600953210""","Health & Wellness",1,699,n,n,"Trojan Pleasure Pack Lubricated Latex Condoms 3ct","3.00 CT",,n,1,6,1200,n,,"=""100""",,,,,,n,,,,,,,
"=""022600957010""","Health & Wellness",1,699,n,n,"Trojan Charged Orgasmic Pleasure Lubricant Condoms","3.00 ct",,n,1,6,1200,n,,"=""100""",,,,,,n,,,,,,,
"=""022600957058""","Health & Wellness",1,699,n,n,"Trojan Bareskin Latex Condoms - 3CT","=""1""",,n,1,6,1200,n,,"=""100""",,,,,,n,,,,,,,
"=""022600960034""","Health & Wellness",1,699,n,n,"Trojan Fire & Ice Dual Action Lubricated Condoms 3 CT","3.00 CT",,n,1,6,1200,n,,"=""100""",,,,,,n,,,,,,,
"=""022600973201""","Health & Wellness",1,699,n,n,"Trojan Condoms:Sensations Premium Lubricated","3.00 CT",,n,1,6,1200,n,,"=""100""",,,,,,n,,,,,,,
"=""022652191202""",Milk,1,245,n,n,"coconut milk drink","9.8 oz",,n,1,1,0,n,,"=""100""",,,,,,n,,,,,,,
"=""022652191448""","Drinks & Mixers",1,295,n,n,"Parrot Coconut Water (16.4 oz)","16.4 oz",,n,1,1,108,n,,"=""98""",,,,,,n,,,,,,,
"=""022652192018""",Juice,1,295,n,n,"PARROTS PINK GUAVA 16.4","16.4 oz",,n,1,1,112,n,,"=""14""",,,,,,n,,,,,,,
"=""022652192025""",Juice,1,294,n,n,"parrot guava juice","16.4 oz",,n,1,1,106,n,,"=""100""",,,,,,n,,,,,,,
"=""022652192056""",Juice,1,295,n,n,"PARROT TROPICAL PUNCH","16.4 Oz",,n,1,1,0,n,,"=""100""",,,,,,n,,,,,,,
"=""022652192087""",Juice,1,249,n,n,"Parrot Aloe Original","16.9 oz",,n,1,1,0,n,,"=""100""",,,,,,n,,,,,,,
"=""022652192315""",Juice,1,499,n,n,"PARROT ALOE VERA DRINK WATERMELON","1.5 LITER",,n,2,1,225,n,,"=""100""",,,,,,n,,,,,,,
"=""022652196498""",Grocery,1,599,n,n,"Parrot Rice",2lb,,n,1,1,199,n,,"=""100""",,,,,,n,,,,,,,
"=""022652240009""",Milk,1,299,n,n,"parrot coconut milk  with banana",,,n,1,1,0,n,,"=""100""",,,,,,n,,,,,,,
"=""022652240016""",Milk,1,245,n,n,"PARROT COCONUT MILK mango","9.8 oz",,n,1,1,0,n,,"=""100""",,,,,,n,,,,,,,
"=""022652240153""",Juice,1,295,n,n,"0ARROT SOURSOP","16.4 Fl Oz",,n,1,1,0,n,,"=""100""",,,,,,n,,,,,,,
"=""022652240214""",Milk,1,299,n,n,"PAROT COCONUT MILK STAWBERRY","9.8 OZ",,n,1,1,0,n,,"=""100""",,,,,,n,,,,,,,
"=""022652240368""",Juice,1,294,n,n,"PARROT WATERMELON","16.4 OZ",,n,1,1,108,n,,"=""100""",,,,,,n,,,,,,,
"=""022652240375""",Juice,1,295,n,n,"PARROT MANGO","16.4 OZ",,n,1,1,108,n,,"=""100""",,,,,,n,,,,,,,
"=""022652240382""",Juice,1,295,n,n,"0ARROT POMEGRANATE","16.4 OZ",,n,1,1,108,n,,"=""100""",,,,,,n,,,,,,,
"=""022652240665""",Juice,1,295,n,n,"0ARROT HIBISCUS","16.4 Oz",,n,1,1,0,n,,"=""100""",,,,,,n,,,,,,,
"=""022652240719""",Juice,1,295,n,n,"PARROT PASSION FRUIT",16.4oz,,n,1,1,0,n,,"=""100""",,,,,,n,,,,,,,
"=""023100010182""",ACCESSORIES,1,499,n,n,"Pedigree:Meaty Ground Dinner w/Chunky Beef Bacon & Cheese","22.00 OZ",,n,1,1,306,n,,"=""100""",,,,,,n,,,,,,,
"=""023100010786""",ACCESSORIES,1,599,n,n,"Pedigree:Meaty Ground Dinner Chopped Combo w/Chicken Beef & Liver","22.00 OZ",,n,1,1,0,n,,"=""100""",,,,,,n,,,,,,,
"=""023100015309""",ACCESSORIES,1,499,n,n,"Pedigree Choice Cuts In Gravy w/Beef","22.00 OZ",,n,1,1,306,n,,"=""100""",,,,,,n,,,,,,,
"=""023100103631""",Grocery,1,1699,n,n,"Pedigree Adult Dog Food (Roasted Chicken, Rice & Vegetable Flavor) 3.5lb","3.5 Oz",,n,1,1,0,n,,"=""100""",,,,,,n,,,,,,,
"=""023100103655""",ACCESSORIES,1,1799,n,n,"Puppy Complete Nutrition Dry Dog Food","3.5 oz",,n,1,1,0,n,,"=""100""",,,,,,n,,,,,,,
"=""023604231014""",Grocery,1,299,n,n,Twang:Lemon-Lime,"1.40 OZ",,n,1,1,0,n,,"=""100""",,,,,,n,,,,,,,
"=""023604231076""",Grocery,1,199,n,n,"Lime salt",,,n,1,1,0,n,,"=""100""",,,,,,n,,,,,,,
"=""023604231281""",Grocery,1,199,n,n,"BEER SALT",,,n,1,1,0,n,,"=""100""",,,,,,n,,,,,,,
"=""023968397692""",ACCESSORIES,1,699,n,n,"Chevron:ATF MD-3","1.00 QT",,n,1,1,0,n,,"=""100""",,,,,,n,,,,,,,
"=""024100106851""","Snacks & Condiments",1,499,n,n,"Cheez-It Original (12.4 oz)","12.40 OZ",,n,1,1,0,n,,"=""100""",,,,,,n,,,,,,,
"=""024100116263""","Hanging Snacks",1,299,n,n,"CHEEZ IT EXTRA TOASTY","=""0""",,n,1,1,126,n,,"=""100""",,,,,,n,,,,,,,
"=""024100117734""","Hanging Snacks",1,299,n,n,"Cheezit Extra Cheesy","=""0""",,n,1,1,126,n,,"=""100""",,,,,,n,,,,,,,
"=""024100123209""","Hanging Snacks",1,299,n,n,"CHEEZ IT EXTRA CRUNCHY",,,n,1,1,126,n,,"=""100""",,,,,,n,,,,,,,
"=""024100191345""","Hanging Snacks",1,299,n,n,"Sunshine Cheez-It","3.00 OZ",,n,1,1,133,n,,"=""99""",,,,,,n,,,,,,,
"=""024100203628""","Hanging Snacks",1,299,n,n,"CHEEZ.IT CHDRJACK 3","3.00 OZ",,n,1,1,126,n,,"=""100""",,,,,,n,,,,,,,
"=""024100315345""","Snacks & Condiments",1,299,n,n,"Sunshine Cheez-It:White Cheddar - Grab n' Go","3.00 OZ",,n,1,1,126,n,,"=""100""",,,,,,n,,,,,,,
"=""024100372775""","Hanging Snacks",1,299,n,n,"CHEEZ.IT HOT 3 OZ","3.00 OZ",,n,1,1,126,n,,"=""100""",,,,,,n,,,,,,,
"=""024100573820""","Hanging Snacks",1,299,n,n,"Sunshine Cheez-It:Pepper Jack - Grab n' Go","3.00 OZ",,n,1,1,125,n,,"=""100""",,,,,,n,,,,,,,
"=""024291150138""",ACCESSORIES,1,299,n,n,"Birthday Candles","24 pk",,n,1,1,45,n,,"=""100""",,,,,,n,,,,,,,
"=""024291150350""",ACCESSORIES,1,399,n,n,SCISSOR,"=""1""",,n,1,1,0,n,,"=""100""",,,,,,n,,,,,,,
"=""024291150695""",ACCESSORIES,1,299,n,n,"CORKSCREW BOTTLE OPENER","=""0""",,n,1,1,0,n,,"=""100""",,,,,,n,,,,,,,
"=""024291151067""",ACCESSORIES,1,299,n,n,"HAIR TIE",,,n,1,0,0,n,,"=""100""",,,,,,n,,,,,,,
"=""024291159087""",ACCESSORIES,1,299,n,n,"BALL TIP BRUDH",,,n,1,1,105,n,,"=""100""",,,,,,n,,,,,,,
"=""024300041013""",Grocery,1,1599,n,n,"Little Debbie:Oatmeal Cream Pies","16.20 OZ",,n,1,1,0,n,,"=""100""",,,,,,n,,,,,,,
"=""024463061095""",Grocery,1,699,n,n,"Tuong Ot Sriracha:Hot Chili Sauce","17.00 OZ",,n,1,1,331,n,,"=""100""",,,,,,n,,,,,,,
"=""024463061163""",Grocery,1,1599,n,n,"Tuong Ot Sriracha (17 oz)","28.00 OZ",,n,1,1,0,n,,"=""100""",,,,,,n,,,,,,,
"=""024600010511""",Grocery,1,499,n,n,"Morton Salt","10 Oz",,n,1,1,0,n,,"=""100""",,,,,,n,,,,,,,
"=""024600010986""",Grocery,1,599,n,n,"Morton Mc Cormick Iodized Salt & Pepper","1.25 oz",,n,1,1,289,n,,"=""100""",,,,,,n,,,,,,,
"=""024866470005""",BEER,1,999,y,n,"SESSION LAGER 12PK",,,n,1,1,0,n,,"=""100""",,,,,,n,,,,,,,
"=""025000000188""",Juice,1,295,n,n,"Simply Lemonade with Raspberry (52 oz)","11.5 oz",,n,1,1,0,n,,"=""100""",,,,,,n,,,,,,,
"=""025000000249""",Juice,1,295,n,n,"Simply Orange Juice","11.5 Oz",,n,1,1,0,n,,"=""100""",,,,,,n,,,,,,,
"=""025000002069""",Candy,1,79,n,n,"Duvalin STRAWBERRY  VANILLA","=""1""",,n,1,1,12,n,,"=""100""",,,,,,n,,,,,,,
"=""025000040887""",Juice,1,699,n,n,"SIMPLY LIMEADE 52 OZ","52 oz",,n,1,1,0,n,,"=""100""",,,,,,n,,,,,,,
"=""025000044908""",Juice,1,689,n,n,"SIMPLY  LEMONADE WITH RASPBERRY 52OZ","52 Oz",,n,1,1,0,n,,"=""100""",,,,,,n,,,,,,,
"=""025000044984""",Juice,1,689,n,n,"SIMPLY LEMONADE 52OZ","52 Oz",,n,1,1,0,n,,"=""100""",,,,,,n,,,,,,,
"=""025000051791""",Juice,1,689,n,n,"SIMPLY FRUIT PUNCH 52 OZ","52 Oz",,n,1,1,0,n,,"=""100""",,,,,,n,,,,,,,
"=""025000058011""","Drinks & Mixers",1,295,n,n,"Minute Maid Lemonade Bottles (20 oz x 24 ct)","20.00 FL OZ",,n,1,1,0,n,,"=""100""",,,,,,n,,,,,,,
"=""025000061516""",Juice,1,245,n,n,"MINUTE MAID  APPLE 12 OZ","12 Oz",,n,1,1,0,n,,"=""100""",,,,,,n,,,,,,,
"=""025000100000""","Drinks & Mixers",1,689,n,n,"Simply Orange Pulp Free - not from Concentrate Bottle (52 oz)",ea,,n,1,1,0,n,,"=""100""",,,,,,n,,,,,,,
"=""025000102110""",Juice,1,699,n,n,"simply waternelon","52 oz",,n,2,0,0,n,,"=""100""",,,,,,n,,,,,,,
"=""025000134050""",Juice,1,699,n,n,"simply pineapple","52 oz",,n,2,0,0,n,,"=""100""",,,,,,n,,,,,,,
"=""025000136788""",Juice,1,799,n,n,"Simply orange","46 Oz",,n,1,1,0,n,,"=""100""",,,,,,n,,,,,,,
"=""025000136801""",Juice,1,799,n,n,Orange,"46 oz",,n,1,0,0,n,,"=""100""",,,,,,n,,,,,,,
"=""025500304014""",Grocery,1,1199,n,n,"FOLGERS CLASSIC ROAST MEDIUM",,,n,1,0,0,n,,"=""100""",,,,,,n,,,,,,,
"=""025700003304""",ACCESSORIES,1,399,n,n,"ZIPLOC STORAGE QUART 24CT","=""24""",,n,1,1,0,n,,"=""100""",,,,,,n,,,,,,,
"=""025700013563""",ACCESSORIES,1,599,n,n,"ZIPLOC 50 SAD",Regular,,n,1,0,0,n,,"=""100""",,,,,,n,,,,,,,
"=""025900101916""",CIGARS,1,199,n,n,"BLK WOOD TIP",,,n,1,0,0,n,,"=""100""",,,,,,n,,,,,,,
"=""025900169107""","Rolling Papers & Wraps",1,399,n,n,"SWISHER SWEETS LEAF WRAPS",,,n,1,0,0,n,,"=""100""",,,,,,n,,,,,,,
"=""025900202613""",CIGARS,1,799,n,n,"SWISHER SWEETS TIP CIGARILLOS","5.00 CT",,n,1,1,0,n,,"=""100""",,,,,,n,,,,,,,
"=""025900204372""","Rolling Papers & Wraps",1,149,n,n,"SWISHER SWEETS GREEN",,,n,1,1,0,n,,"=""100""",,,,,,n,,,,,,,
"=""025900205355""","Rolling Papers & Wraps",1,199,n,n,"SWISHER SWEETS DIAMONDS",,,n,1,1,0,n,,"=""100""",,,,,,n,,,,,,,
"=""025900206260""",CIGARS,1,149,n,n,"Swisher International, Inc.","=""2""",,n,1,1,0,n,,"=""100""",,,,,,n,,,,,,,
"=""025900207465""","Rolling Papers & Wraps",1,199,n,n,"SWISHER SWEETS CLASSIC",,,n,1,1,0,n,,"=""100""",,,,,,n,,,,,,,
"=""025900209728""","Rolling Papers & Wraps",1,199,n,n,"SWISHER SWEETS SILVER",,,n,1,1,0,n,,"=""100""",,,,,,n,,,,,,,
"=""025900220808""",CIGARS,1,299,n,n,"SWISHER SWEETS MINI CLASSIC","3.00 PK",,n,1,1,0,n,,"=""100""",,,,,,n,,,,,,,
"=""025900228804""","Rolling Papers & Wraps",1,119,n,n,"SWISHER SWEETS BLACK",,,n,1,0,0,n,,"=""100""",,,,,,n,,,,,,,
"=""025900228811""","Rolling Papers & Wraps",1,232,n,n,"Swishers Black",,,n,1,1,110,n,,"=""100""",,,,,,n,,,,,,,
"=""025900279318""","Rolling Papers & Wraps",1,119,n,n,"SWISHER SWEETS GOLD","=""2""",,n,1,0,0,n,,"=""100""",,,,,,n,,,,,,,
"=""025900279325""",CIGARS,1,149,n,n,"swisher sweet gold",,,n,1,1,0,n,,"=""100""",,,,,,n,,,,,,,
"=""025900445522""",ACCESSORIES,1,139,n,n,"SWISHER SWEETS","=""1""",,n,1,0,0,n,,"=""100""",,,,,,n,,,,,,,
"=""025900463014""",CIGARS,1,599,n,n,"SWISHER SWEETS LEAF GREEN CAN",,,n,1,0,0,n,,"=""100""",,,,,,n,,,,,,,
"=""026100006568""",Cigarettes,1,1527,n,n,"Newport Non-Menthol Cigarettes","1.00 ct",,n,1,1,0,n,,"=""100""",,,,,,n,,,,,,,
"=""026100006575""",Cigarettes,1,1527,n,n,"NEWPORT NON-MENTHOL","1.00 ct",,n,1,1,0,n,,"=""100""",,,,,,n,,,,,,,
"=""026100120165""",Cigarettes,1,1499,n,n,"Newport Short Green",,,n,1,1,1155,n,,"=""98""",,,,,,n,,,,,,,
"=""026100120226""",Cigarettes,1,1527,n,n,"NEWPORT GREEN BIG",,,n,1,0,0,n,,"=""100""",,,,,,n,,,,,,,
"=""026200002743""","Hanging Snacks",1,399,n,n,"DAVID CINAMON CHURRO","5.25 OZ",,n,1,12,1814,n,,"=""100""",,,,,,n,,,,,,,
"=""026200101927""","Hanging Snacks",1,99,n,n,"SLIM JIM","0.28 oz",,n,1,1,0,n,,"=""100""",,,,,,n,,,,,,,
"=""026200117003""","BEEF JERKY",1,299,n,n,"Slim Jim:Original","0.97 OZ",,n,1,1,128,n,,"=""100""",,,,,,n,,,,,,,
"=""026200117508""","BEEF JERKY",1,299,n,n,"Slim Jim Giant Slim:Mild","0.97 OZ",,n,1,1,128,n,,"=""100""",,,,,,n,,,,,,,
"=""026200140605""","BEEF JERKY",1,449,n,n,"SLIM JIM MONSTER","1.94 oz",,n,1,1,230,n,,"=""100""",,,,,,n,,,,,,,
"=""026200238913""","Hanging Snacks",1,399,n,n,"DAVID JUMBO CRACKED PEPPER",149g,,n,1,1,0,n,,"=""100""",,,,,,n,,,,,,,
"=""026200238920""","Hanging Snacks",1,399,n,n,"DAVID SUNFLOWER SEEDS OG",149g,,n,1,1,151,n,,"=""100""",,,,,,n,,,,,,,
"=""026200461359""","Hanging Snacks",1,399,n,n,"David:Reduced Sodium Roasted & Salted","5.75 OZ",,n,1,1,167,n,,"=""5""",,,,,,n,,,,,,,
"=""026200461724""","Hanging Snacks",1,499,n,n,"David:Roasted & Salted","5.25 OZ",,n,1,1,167,n,,"=""100""",,,,,,n,,,,,,,
"=""026200463728""","Hanging Snacks",1,399,n,n,"David Roasted & Salted (2.25 oz)","2.25 OZ",,n,1,1,0,n,,"=""100""",,,,,,n,,,,,,,
"=""026200463780""","Hanging Snacks",1,673,n,n,"David Pumpkin Seeds","5 oz",,n,1,1,333,n,,"=""100""",,,,,,n,,,,,,,
"=""026200464725""","Hanging Snacks",1,399,n,n,"DAVID JALEPENO HOT SALSA",149g,,n,1,1,151,n,,"=""100""",,,,,,n,,,,,,,
"=""026200465722""","Hanging Snacks",1,399,n,n,"DAVID BAR-B-Q BBC",149g,,n,1,1,167,n,,"=""5""",,,,,,n,,,,,,,
"=""026200467726""","Hanging Snacks",1,399,n,n,"DAVID RANCH JUMBO","6 oz",,n,1,1,151,n,,"=""100""",,,,,,n,,,,,,,
"=""026400700067""",Milk,1,395,n,n,"darigold chocolate","14 oz",,n,1,0,0,n,,"=""100""",,,,,,n,,,,,,,
"=""026400700081""",Milk,1,345,n,n,"DARIGOLD WHOLE MILK","14 ml",,n,1,1,0,n,,"=""99""",,,,,,n,,,,,,,
"=""026400700104""",Milk,1,345,n,n,"DARIGOLD TWO REDUCED FAT MILK","14 OZ",,n,1,1,0,n,,"=""100""",,,,,,n,,,,,,,
"=""026861102974""","Red Wine",1,2999,n,n,"LATOUR BOURGOGNE 750","750 ML",,n,1,1,1866,n,,"=""100""",,,,,,n,,,,,,,
"=""026964177190""",Rum,1,1199,n,n,"Flor De Cana Gold Label Rum (750 ml)",,,n,1,1,0,n,,"=""100""",,,,,,n,,,,,,,
"=""027000381434""",Grocery,1,499,n,n,"hunts ketchup",,,n,1,1,173,n,,"=""100""",,,,,,n,,,,,,,
"=""027000382493""","Pantry & Grocery Extras",1,199,n,n,"Hunt's Tomato Ketchup (20 oz)","24.00 OZ",,n,1,1,0,n,,"=""100""",,,,,,n,,,,,,,
"=""027000390054""",Grocery,1,249,n,n,"HUNTS TOMATO SAUCE 8 OZ","8 OZ",,n,1,1,0,n,,"=""100""",,,,,,n,,,,,,,
"=""027200001859""",Cigarettes,1,1250,n,n,"Pall Mall Orange 100 Box","1.00 PK",,n,1,1,0,n,,"=""100""",,,,,,n,,,,,,,
"=""027200002160""",Cigarettes,1,1899,n,n,"CAPRI - CAPRI MAGENTA 120","1.00 PK",,n,1,1,0,n,,"=""100""",,,,,,n,,,,,,,
"=""027200002382""",Cigarettes,1,1899,n,n,"CAPRI - CAPRI MAGENTA","1.00 Pack",,n,1,1,0,n,,"=""100""",,,,,,n,,,,,,,
"=""027200005413""",Water,1,74,n,n,"Laredo Refill Reg.  Blend","1.00 PK",,n,1,1,21,n,,"=""100""",,,,,,n,,,,,,,
"=""027200006601""",Cigarettes,1,1899,n,n,"Capri Violet 100 Box","1.00 PK",,n,1,1,0,n,,"=""100""",,,,,,n,,,,,,,
"=""027200008513""",Cigarettes,1,1250,n,n,"Pall Mall Cigarettes Filter Red Box","1.00 ct",,n,1,1,0,n,,"=""100""",,,,,,n,,,,,,,
"=""027200008544""",Cigarettes,1,1250,n,n,"Pall Mall Light Blue Box","1.00 ct",,n,1,1,0,n,,"=""100""",,,,,,n,,,,,,,
"=""027200008629""",Cigarettes,1,1250,n,n,"Pall Mall 100's","=""729""",,n,1,1,0,n,,"=""100""",,,,,,n,,,,,,,
"=""027200356843""",Cigarettes,1,1899,n,n,"DUNHILL - DUNHILL RED",,,n,1,1,0,n,,"=""100""",,,,,,n,,,,,,,
"=""027200356850""",Cigarettes,1,1949,n,n,"Dunhill Blue","1.00 ct",,n,1,10,15100,n,,"=""99""",,,,,,n,,,,,,,
"=""027541000054""",Water,1,95,n,n,"Niagra Purified Water","16.9 Oz",,n,1,1,14,n,,"=""98""",,,,,,n,,,,,,,
"=""027541000252""",Water,1,250,n,n,"NIAGARA WATER 1L","1 gal",,n,2,1,39,n,,"=""16""",,,,,,n,,,,,,,
"=""027541000481""",Water,1,399,n,n,"NIAGARA PURIFIED WATER 1 GAL","1 Gallon",,n,2,1,100,n,,"=""30""",,,,,,n,,,,,,,
"=""027541000689""",Water,1,399,n,n,"NIAGARA DISTILLED WATER","1 GAL",,n,2,1,113,n,,"=""100""",,,,,,n,,,,,,,
"=""027541001235""",Water,1,995,n,n,"Niagara Water 24pk","24/16.9 oz",,n,1,1,0,n,,"=""100""",,,,,,n,,,,,,,
"=""027800063165""",Grocery,1,49,n,n,"KEEBLER FUDGE STRIPES MINIS","2.0 OZ",,n,1,1,0,n,,"=""100""",,,,,,n,,,,,,,
"=""027800072723""",Grocery,1,199,n,n,"KEEBLER CHIPS DELUXE MINIS M&M'S","1.6 OZ",,n,1,1,0,n,,"=""100""",,,,,,n,,,,,,,
"=""027800073560""",Grocery,1,399,n,n,"SUGAR WAFER VANILLA",,,n,1,1,0,n,,"=""100""",,,,,,n,,,,,,,
"=""027800073577""",Grocery,1,399,n,n,"SUGAR WAFERS STRAW",,,n,1,1,189,n,,"=""100""",,,,,,n,,,,,,,
"=""027800073836""",Grocery,1,399,n,n,"SUGAR WAFERS CHOCLATE",,,n,1,1,0,n,,"=""100""",,,,,,n,,,,,,,
"=""027800100068""",Grocery,1,99,n,n,"MOTHER,S COOKIES",bolsa,,n,1,1,0,n,,"=""100""",,,,,,n,,,,,,,
"=""027800157192""",Grocery,1,99,n,n,"KEEBLER FUDGE STRIPES BUTTER BEER MINIS","1.0 OZ",,n,1,1,0,n,,"=""100""",,,,,,n,,,,,,,
"=""028000131708""",Candy,1,149,n,n,"Nestle Crunch Candy Bar (1.55 oz)","1.55 OZ",,n,1,1,0,n,,"=""100""",,,,,,n,,,,,,,
"=""028000276393""",Milk,1,499,n,n,"Nesquik Protein Chocolate","14 oz",,n,1,1,229,n,,"=""7""",,,,,,n,,,,,,,
"=""028000466312""","Pantry & Grocery Extras",1,599,n,n,"Nescafe Clasico Dark Roast Instant Coffee (12 oz)","7.00 OZ",,n,1,1,0,n,,"=""100""",,,,,,n,,,,,,,
"=""028000467012""",Grocery,1,766,n,n,"Nescafé Clasico","1.7 oz",,n,1,1,377,n,,"=""100""",,,,,,n,,,,,,,
"=""028000469429""",Grocery,1,1346,n,n,"Nescafé Clasico Instant Coffee 3.5 oz","3.50 OZ",,n,1,1,666,n,,"=""100""",,,,,,n,,,,,,,
"=""028000515751""",Milk,1,345,n,n,"Nestle Nesquik Strawberry Low Fat Milk","14 Oz",,n,1,1,167,n,,"=""100""",,,,,,n,,,,,,,
"=""028000772123""",Milk,1,394,n,n,"NESQUIK CHOCOLATE MILK 14OZ","14 Oz",,n,1,1,150,n,,"=""12""",,,,,,n,,,,,,,
"=""028000895044""",Milk,1,394,n,n,"Nesquik Banana Strawberry Low Fat Milk","14 Oz",,n,1,1,167,n,,"=""3""",,,,,,n,,,,,,,
"=""028000896256""",Milk,1,394,n,n,"Nestle Nesquik Vanilla Low Fat Milk","14 Oz",,n,1,1,167,n,,"=""100""",,,,,,n,,,,,,,
"=""028200002648""",Cigarettes,1,1391,n,n,"Marlboro Blend No. 27","1 Ct",,n,1,1,0,n,,"=""99""",,,,,,n,,,,,,,
"=""028200003577""",Cigarettes,1,1391,n,n,"Marlboro Red Filter",Regular,,n,1,10,11200,n,,"=""99""",,,,,,n,,,,,,,
"=""028200003638""",Cigarettes,1,1391,n,n,"Marlboro Filter Red Cigarettes 100`s","1.00 ct",y,n,1,10,11200,n,,"=""100""",,,,,,n,,,,,,,
"=""028200003683""",Cigarettes,1,1391,n,n,"Marlboro RedLabel King Box","1.00 PK",,n,1,1,0,n,,"=""100""",,,,,,n,,,,,,,
"=""028200003690""",Cigarettes,1,1391,n,n,"Marlboro Red Label 100 Box","1.00 PK",,n,1,1,0,n,,"=""100""",,,,,,n,,,,,,,
"=""028200003843""",Cigarettes,1,1391,n,n,"Marlboro Filter Cigarettes Class a Gold Pack",regular,,n,1,10,11200,n,,"=""97""",,,,,,n,,,,,,,
"=""028200003867""",Cigarettes,1,1391,n,n,"Marlboro Silver Pack 72's Short Silver","1.00 Ct",,n,1,1,0,n,,"=""100""",,,,,,n,,,,,,,
"=""028200004222""",Cigarettes,1,1391,n,n,"Marlboro Special Blend Gold Box FSC","1.00 PK",,n,1,1,0,n,,"=""100""",,,,,,n,,,,,,,
"=""028200004239""",Cigarettes,1,1391,n,n,"Marlboro Special Select 100's","1.00 Ct",,n,1,1,1110,n,,"=""100""",,,,,,n,,,,,,,
"=""028200004659""",Cigarettes,1,1391,n,n,"Marlboro Filter Cigarettes Gold Pack 100`s","1.00 Ct",,n,1,10,11200,n,,"=""100""",,,,,,n,,,,,,,
"=""028200004772""",Cigarettes,1,1391,n,n,"Marlboro Silver Pack","1 ct",,n,1,10,11200,n,,"=""100""",,,,,,n,,,,,,,
"=""028200004789""",Cigarettes,1,1500,n,n,"Marlboro Filter Cigarettes Silver Pack 100's","1 Ct",,n,1,10,11200,n,,"=""100""",,,,,,n,,,,,,,
"=""028200005656""",Cigarettes,1,1391,n,n,"Marlboro Special Blend Red Box FSC","1.00 PK",,n,1,1,0,n,,"=""100""",,,,,,n,,,,,,,
"=""028200005687""",Cigarettes,1,1391,n,n,"Marlboro Special Select Red 100's","1.00 Ct",,n,1,1,0,n,,"=""100""",,,,,,n,,,,,,,
"=""028200007223""",Cigarettes,1,1599,n,n,"Benson & Hedges 100 Box","1.00 PK",,n,1,1,0,n,,"=""100""",,,,,,n,,,,,,,
"=""028200007278""",Cigarettes,1,1599,n,n,"BENSON & HEDGES 100's","1.00 PK",,n,1,1,0,n,,"=""100""",,,,,,n,,,,,,,
"=""028200007292""",Cigarettes,1,1599,n,n,"BENSON & HEDGES - BENSON & HED","1.00 PK",,n,1,1,0,n,,"=""100""",,,,,,n,,,,,,,
"=""028200007339""",Cigarettes,1,1527,n,n,"VA SLIMS YELLOW","1.00 PK",,n,1,1,0,n,,"=""100""",,,,,,n,,,,,,,
"=""028200007438""",Cigarettes,1,1527,n,n,"VA SLIMS","1.00 PK",,n,1,1,0,n,,"=""100""",,,,,,n,,,,,,,
"=""028200007728""",Cigarettes,1,1527,n,n,"VA SLIM RED","1.00 PK",,n,1,1,0,n,,"=""100""",,,,,,n,,,,,,,
"=""028200007841""",Cigarettes,1,1699,n,n,"Parliament White King Box","1.00 PK",,n,1,1,1325,n,,"=""100""",,,,,,n,,,,,,,
"=""028200007919""",Cigarettes,1,1699,n,n,"Parliament White 100 Box","1.00 PK",,n,1,1,1325,n,,"=""100""",,,,,,n,,,,,,,
"=""028200007926""",Cigarettes,1,1699,n,n,"Parliament Blue King Box","1.00 PK",,n,1,1,1325,n,,"=""100""",,,,,,n,,,,,,,
"=""028200008152""",Cigarettes,1,1699,n,n,Parliament,"1.00 PK",,n,1,1,1325,n,,"=""100""",,,,,,n,,,,,,,
"=""028200009487""",Cigarettes,1,1391,n,n,"Malboro Blend N27 100's","=""1""",,n,1,1,0,n,,"=""100""",,,,,,n,,,,,,,
"=""028200009524""",Cigarettes,1,1391,n,n,"Marlboro Black Bold Flavor","1 Ct",,n,1,1,0,n,,"=""100""",,,,,,n,,,,,,,
"=""028200009531""",Cigarettes,1,1391,n,n,"Marlboro Black 100's","1.00 Ct",,n,1,1,0,n,,"=""100""",,,,,,n,,,,,,,
"=""028200009586""",Cigarettes,1,1527,n,n,"VA SLIMS 120's","1.00 PK",,n,1,1,0,n,,"=""100""",,,,,,n,,,,,,,
"=""028200009630""",Cigarettes,1,1391,n,n,"Marlboro 72's Red","1.00 Ct",,n,1,1,0,n,,"=""100""",,,,,,n,,,,,,,
"=""028200009654""",Cigarettes,1,1391,n,n,"Marlboro Gold Pack 72's Smooth","1.00 Ct",,n,1,1,0,n,,"=""100""",,,,,,n,,,,,,,
"=""028200309822""",Cigarettes,1,1273,n,n,"L & M REG","1.00 PK",,n,1,1,0,n,,"=""100""",,,,,,n,,,,,,,
"=""028200309921""",Cigarettes,1,1273,n,n,"L & M  REG 100S","1.00 PK",,n,1,1,0,n,,"=""100""",,,,,,n,,,,,,,
"=""028200310224""",Cigarettes,1,1273,n,n,"L&M BLUE","1.00 PK",,n,1,1,0,n,,"=""100""",,,,,,n,,,,,,,
"=""028400000222""","Snacks & Condiments",1,599,n,n,"Fritos Cheese Mild Cheddar Flavored","9.00 OZ",,n,1,1,263,n,,"=""100""",,,,,,n,,,,,,,
"=""028400000246""","Snacks & Condiments",1,599,n,n,"FRITOS JALA CHED 9OZ",9oz,,n,1,1,263,n,,"=""100""",,,,,,n,,,,,,,
"=""028400000789""","Snacks & Condiments",1,599,n,n,"FRITOS BEAN DIP","9 oz",,n,1,1,263,n,,"=""100""",,,,,,n,,,,,,,
"=""028400000888""","Snacks & Condiments",1,599,n,n,"FRITO HOT DIP 9 OZ",9oz,,n,1,1,263,n,,"=""100""",,,,,,n,,,,,,,
"=""028400001533""","Snacks & Condiments",1,99,n,n,"Grandma's Cookies Peanut Butter","3.03 OZ",,n,1,1,0,n,,"=""100""",,,,,,n,,,,,,,
"=""028400019354""",Grocery,1,299,n,n,"Sabritas Turbos Flamas Flavored Corn Snacks (4 oz)","9.25 OZ",,n,1,1,0,n,,"=""100""",,,,,,n,,,,,,,
"=""028400019378""","Chips - Other",1,399,n,n,"RUFFLES QUESO",8OZ,,n,1,1,294,n,,"=""100""",,,,,,n,,,,,,,
"=""028400019705""","Chips - Frito-Lay",1,399,n,n,"SABRITAS TORTILLA CHIPS","5.50 OZ",,n,1,1,0,n,,"=""100""",,,,,,n,,,,,,,
"=""028400031325""",Grocery,1,399,n,n,"Doritos Flamas Flavored Tortilla Chips (2.75 oz)","7.63 OZ",,n,1,1,0,n,,"=""100""",,,,,,n,,,,,,,
"=""028400034227""","Hanging Snacks",1,309,n,n,"CASHEWS SEA SALTED","2.8 oz",,n,1,1,0,n,,"=""100""",,,,,,n,,,,,,,
"=""028400034821""","Hanging Snacks",1,449,n,n,"NUT & CHOCOLATE TRAIL MIX",PP199,,n,1,1,0,n,,"=""100""",,,,,,n,,,,,,,
"=""028400038676""",Grocery,1,429,n,n,"Doritos Salsa Verde Flavored Tortilla Chips (2.75 oz)","11.50 OZ",,n,1,1,0,n,,"=""100""",,,,,,n,,,,,,,
"=""028400043809""","Chips - Frito-Lay",1,429,n,n,"WAVY ORIGINAL",7.75OZ,,n,1,1,316,n,,"=""100""",,,,,,n,,,,,,,
"=""028400047906""","Chips - Frito-Lay",1,179,n,n,"CHEETOS CRUNCHY","2.0 OZ",,n,1,1,0,n,,"=""100""",,,,,,n,,,,,,,
"=""028400055970""","Snacks & Condiments",1,599,n,n,"TOSTITOS MLD SAL 15","15.5 oz",,n,1,1,300,n,,"=""100""",,,,,,n,,,,,,,
"=""028400055987""","Snacks & Condiments",1,699,n,n,"TOSTITOS MED SAL 15","15 oz",,n,1,1,300,n,,"=""100""",,,,,,n,,,,,,,
"=""028400061773""",Gummy,1,99,n,n,"Son Rockaleta Sng",".91 ounces",,n,1,1,44,n,,"=""100""",,,,,,n,,,,,,,
"=""028400064040""","Snacks & Condiments",1,429,n,n,"Tostitos Hint of Lime Tortilla Chips (13 oz)","13.00 OZ",,n,1,1,0,n,,"=""100""",,,,,,n,,,,,,,
"=""028400064088""","Chips - Frito-Lay",1,549,n,n,Tostitos:Scoops!,"10.00 OZ",,n,1,1,404,n,,"=""100""",,,,,,n,,,,,,,
"=""028400070560""","Chips - Frito-Lay",1,179,n,n,"Doritos:Nacho Cheese","1.75 OZ",,n,1,1,0,n,,"=""100""",,,,,,n,,,,,,,
"=""028400070942""","Snacks & Condiments",1,696,n,n,"Lays Onion Dip 15 oz","15 oz",,n,1,1,375,n,,"=""100""",,,,,,n,,,,,,,
"=""028400070959""","Snacks & Condiments",1,699,n,n,"LAYS RANCH DIP 15 OZ","15 oz",,n,1,1,375,n,,"=""100""",,,,,,n,,,,,,,
"=""028400070980""","Snacks & Condiments",1,699,n,n,"TOSTITOS MED DIP 15","15 oz",,n,1,1,375,n,,"=""100""",,,,,,n,,,,,,,
"=""028400071031""","Snacks & Condiments",1,696,n,n,"Tostitos Mld Sal 15","15.00 OZ",,n,1,1,375,n,,"=""100""",,,,,,n,,,,,,,
"=""028400084048""","Chips - Frito-Lay",1,399,n,n,"MUNCHIES CHEESE 8 OZ","8.00 OZ",,n,1,1,293,n,,"=""100""",,,,,,n,,,,,,,
"=""028400084055""","Chips - Frito-Lay",1,399,n,n,"Munchies Flamin' Hot:Assorted - Cheetos, Doritos, Rold Gold, Sun Chips","8.00 OZ",,n,1,1,293,n,,"=""100""",,,,,,n,,,,,,,
"=""028400089913""","Snacks & Condiments",1,99,n,n,"Grandma's Vanilla (3.25 oz)","3.00 OZ",,n,1,1,0,n,,"=""100""",,,,,,n,,,,,,,
"=""028400091565""","Chips - Frito-Lay",1,179,n,n,"LAY'S CLASSIC","1.5 OZ",,n,1,1,0,n,,"=""100""",,,,,,n,,,,,,,
"=""028400094054""","Hanging Snacks",1,399,n,n,"SPITZ SMOKY BBQ 6 OZ","6 oz",,n,1,1,164,n,,"=""100""",,,,,,n,,,,,,,
"=""028400094061""","Hanging Snacks",1,399,n,n,"SPITZ SALTED 6 OZ",6oz,,n,1,1,164,n,,"=""100""",,,,,,n,,,,,,,
"=""028400094078""","Hanging Snacks",1,399,n,n,"SPITZ CHILL LIME 6OZ",6oz,,n,1,1,164,n,,"=""100""",,,,,,n,,,,,,,
"=""028400094085""","Hanging Snacks",1,399,n,n,"SPITZ SEASONED 6 OZ","6 oz",,n,1,1,0,n,,"=""100""",,,,,,n,,,,,,,
"=""028400094092""","Hanging Snacks",1,399,n,n,"SPITZ DILL PICKLE","6 oz",,n,1,1,123,n,,"=""100""",,,,,,n,,,,,,,
"=""028400096720""",Grocery,1,399,n,n,"SPITZ SUNFLOWER SEEDS CRACKED PEPPER 6OZ","=""1""",,n,1,1,172,n,,"=""9""",,,,,,n,,,,,,,
"=""028400098120""","Hanging Snacks",1,399,n,n,"Angel Beltran Corporation","=""1""",,n,1,1,0,n,,"=""100""",,,,,,n,,,,,,,
"=""028400147392""","Chips - Frito-Lay",1,499,n,n,"SUNCHIPS HARVEST CHEDDAR 7 oz","7 oz",,n,1,1,367,n,,"=""100""",,,,,,n,,,,,,,
"=""028400147408""","Chips - Frito-Lay",1,499,n,n,"SUN CHIPS GARDEN SALSA 7 oz","7.00 OZ",,n,1,1,367,n,,"=""100""",,,,,,n,,,,,,,
"=""028400147415""","Chips - Frito-Lay",1,499,n,n,"SUN CHIPS ORIGINAL 7 oz","7.00 OZ",,n,1,1,0,n,,"=""100""",,,,,,n,,,,,,,
"=""028400152242""","Chips - Frito-Lay",1,499,n,n,"Sun chips French onion","7.00 OZ",,n,1,1,0,n,,"=""100""",,,,,,n,,,,,,,
"=""028400156011""",Grocery,1,349,n,n,"Fritos Chili Cheese Flavored Corn Chips (3.5 oz)",ea,,n,1,1,0,n,,"=""100""",,,,,,n,,,,,,,
"=""028400159647""",Grocery,1,429,n,n,"Ruffles Queso Cheese Flavored Potato Chips (2.5 oz)","=""1""",,n,1,1,0,n,,"=""100""",,,,,,n,,,,,,,
"=""028400183826""","Snacks & Condiments",1,449,n,n,"Lay's Baked Original Potato Chips (1.88 oz)","6.25 OZ",,n,1,1,0,n,,"=""100""",,,,,,n,,,,,,,
"=""028400183918""","Chips - Frito-Lay",1,499,n,n,"Cheetos Oven Baked:Flamin' Hot","7.63 OZ",,n,1,1,0,n,,"=""100""",,,,,,n,,,,,,,
"=""028400190800""","Snacks & Condiments",1,200,n,n,"Sabritones Puffed Wheat Snacks Chile & Lime (4 oz)","=""425""",,n,1,1,0,n,,"=""100""",,,,,,n,,,,,,,
"=""028400199148""","Chips - Frito-Lay",1,429,n,n,"LAYS CLASSIC","8 Oz",,n,1,1,316,n,,"=""100""",,,,,,n,,,,,,,
"=""028400199247""",Grocery,1,429,n,n,"Doritos Flamin' Hot Nacho Cheese Tortilla Chips (9.75 oz)",,,n,1,1,0,n,,"=""100""",,,,,,n,,,,,,,
"=""028400199612""","Chips - Frito-Lay",1,429,n,n,"LAYS BARBECUE 7.75 oz","7.75 oz",,n,1,1,316,n,,"=""100""",,,,,,n,,,,,,,
"=""028400199636""","Chips - Frito-Lay",1,499,n,n,"LAYÔøΩÔøΩÔøΩÔøΩÔøΩÔøΩÔøΩÔøΩÔøΩÔøΩÔøΩÔøΩÔøΩÔøΩÔøΩÔøΩÔøΩÔøΩS SOUR CREAM & ONION","7.75 Oz",,n,1,1,0,n,,"=""100""",,,,,,n,,,,,,,
"=""028400199988""","Chips - Frito-Lay",1,499,n,n,"Lays Cheddar & Sour Cream","7.75 oz",,n,1,1,0,n,,"=""100""",,,,,,n,,,,,,,
"=""028400200592""","Chips - Frito-Lay",1,429,n,n,"Lays Lightly Salted","7.75 oz",,n,1,1,316,n,,"=""100""",,,,,,n,,,,,,,
"=""028400200608""","Snacks & Condiments",1,499,n,n,"Lay's Salt & Vinegar Flavored Potato Chips (3 oz)","7.75 Oz",,n,1,1,0,n,,"=""100""",,,,,,n,,,,,,,
"=""028400201261""","Chips - Frito-Lay",1,599,n,n,"Lay's Limon",7oz,,n,1,1,0,n,,"=""100""",,,,,,n,,,,,,,
"=""028400201292""","Chips - Other",1,429,n,n,"Sweet Southern Heat Barbecue Flavored Potato Chips","=""775""",,n,1,1,0,n,,"=""100""",,,,,,n,,,,,,,
"=""028400201315""","Chips - Frito-Lay",1,429,n,n,"Lay's Flamin' Hot",73/4oz,,n,1,1,316,n,,"=""100""",,,,,,n,,,,,,,
"=""028400201322""","Chips - Frito-Lay",1,429,n,n,"LAYS  CHILE LIMON","7.75 oz",,n,1,1,316,n,,"=""100""",,,,,,n,,,,,,,
"=""028400282048""",Grocery,1,189,n,n,"Funyuns (6 oz)","2.37 Oz",,n,1,1,0,n,,"=""100""",,,,,,n,,,,,,,
"=""028400306980""",Grocery,1,269,n,n,"Doritos Tortilla Chips, Flamin' Hot Limon (2.75 oz)",,,n,1,1,0,n,,"=""100""",,,,,,n,,,,,,,
"=""028400310581""","Chips - Frito-Lay",1,619,n,n,"Lays SALT & VINEGER PARTY SIZE",,,n,1,1,0,n,,"=""100""",,,,,,n,,,,,,,
"=""028400322072""","Chips - Other",1,399,n,n,"SABRITAS TURBOS FLAMES","8 1/4 oz",,n,1,1,0,n,,"=""100""",,,,,,n,,,,,,,
"=""028400324427""",Grocery,1,269,n,n,"Ruffles Cheddar & Sour Cream Flavored Potato Chips (2.5 oz)","=""0""",,n,1,1,0,n,,"=""100""",,,,,,n,,,,,,,
"=""028400325042""",Grocery,1,269,n,n,"Doritos Cool Ranch Flavored Tortilla Chips (2.75 oz)","=""0""",,n,1,1,0,n,,"=""100""",,,,,,n,,,,,,,
"=""028400325080""",Grocery,1,299,n,n,"Doritos Spicy Nacho Flavored Tortilla Chips (2.75 oz)","=""1""",,n,1,1,0,n,,"=""100""",,,,,,n,,,,,,,
"=""028400325226""",Grocery,1,269,n,n,"Doritos Tortilla Chips Flamin' Hot Nacho (2.75 oz)",,,n,1,1,0,n,,"=""100""",,,,,,n,,,,,,,
"=""028400327282""",Grocery,1,269,n,n,"Fritos Flavor Twists Honey BBQ (10 oz)","=""0""",,n,1,1,0,n,,"=""100""",,,,,,n,,,,,,,
"=""028400327299""",Grocery,1,269,n,n,"Fritos Flavor Twists Honey BBQ Flavored Corn Chips (3.5 oz)","=""0""",,n,1,1,0,n,,"=""100""",,,,,,n,,,,,,,
"=""028400327305""",Grocery,1,269,n,n,"Fritos Original Corn Chips (3.5 oz)","=""0""",,n,1,1,0,n,,"=""100""",,,,,,n,,,,,,,
"=""028400329460""",Grocery,1,269,n,n,"Cheetos Crunchy Xxtra Flamin' Hot (3.25 oz)","=""0""",,n,1,1,0,n,,"=""100""",,,,,,n,,,,,,,
"=""028400329507""",Grocery,1,269,n,n,"Cheetos Crunchy Flamin' Hot Limon (3.25 oz)",,,n,1,1,0,n,,"=""100""",,,,,,n,,,,,,,
"=""028400331524""","Snacks & Condiments",1,269,n,n,"Chester's Flamin' Hot Fries Flavored Corn & Potato Snacks (8 oz)","=""1""",,n,1,1,0,n,,"=""100""",,,,,,n,,,,,,,
"=""028400331548""","Chips - Frito-Lay",1,269,n,n,"LAY'S BAKED ORIGINAL","1.875 OZ",,n,1,1,188,n,,"=""100""",,,,,,n,,,,,,,
"=""028400331609""",Grocery,1,269,n,n,"Funyuns Onion Flavored Rings Flamin' Hot Flavored 2.125 ( oz)","=""0""",,n,1,1,0,n,,"=""100""",,,,,,n,,,,,,,
"=""028400371858""","Chips - Frito-Lay",1,429,n,n,"LAYS KETTLE JALAPNO 8 oz","8 Oz",,n,1,1,316,n,,"=""100""",,,,,,n,,,,,,,
"=""028400372169""","Chips - Frito-Lay",1,699,n,n,"Lays Kettle Salt & Vinegar","7 oz",,n,1,1,0,n,,"=""100""",,,,,,n,,,,,,,
"=""028400372183""","Chips - Frito-Lay",1,429,n,n,"Lays Kettle Mesquite BBQ","8 oz",,n,1,1,0,n,,"=""100""",,,,,,n,,,,,,,
"=""028400372190""","Chips - Frito-Lay",1,499,n,n,"Lays Kettle Chips","9 oz",,n,1,1,0,n,,"=""100""",,,,,,n,,,,,,,
"=""028400420686""",Grocery,1,189,n,n,"Lay's Chile Limon Flavored Potato Chips (2.625 oz)",2oz,,n,1,1,0,n,,"=""100""",,,,,,n,,,,,,,
"=""028400420730""",Grocery,1,189,n,n,"Doritos Nacho Cheese Flavored Tortilla Chips (2.75 oz)","3.12 Oz",,n,1,1,0,n,,"=""100""",,,,,,n,,,,,,,
"=""028400459587""","Snacks & Condiments",1,299,n,n,"Nut Harvest In Shell - Salted (1.75 oz)","1 3/4 Oz",,n,1,1,0,n,,"=""100""",,,,,,n,,,,,,,
"=""028400459594""","Snacks & Condiments",1,199,n,n,"Nut Harvest Nut & Fruit Mix (3 oz)","3 oz",,n,1,1,0,n,,"=""100""",,,,,,n,,,,,,,
"=""028400515733""",Grocery,1,269,n,n,"Ruffles Flamin' Hot Flavored Potato Chips (2.5 oz)",,,n,1,1,0,n,,"=""100""",,,,,,n,,,,,,,
"=""028400515887""","Chips - Other",1,599,n,n,"RUFFLES FLAMIN HOT BBC",8Oz,,n,1,0,0,n,,"=""100""",,,,,,n,,,,,,,
"=""028400516310""","Chips - Frito-Lay",1,549,n,n,"DORITOS COOL RUNCH 9.25 oz","9.25 oz",,n,1,1,404,n,,"=""100""",,,,,,n,,,,,,,
"=""028400516327""","Chips - Frito-Lay",1,549,n,n,"DORITOS SALSA VERDE 9.25 oz",,,n,1,1,404,n,,"=""100""",,,,,,n,,,,,,,
"=""028400516440""","Chips - Frito-Lay",1,629,n,n,"DORITOS FLAMIN' HOT NACHO","9.25 OZ",,n,1,0,0,n,,"=""100""",,,,,,n,,,,,,,
"=""028400516464""","Chips - Frito-Lay",1,549,n,n,"DORITOS NACHO CHEESE 9.25 oz","9.25 oz",,n,1,1,404,n,,"=""100""",,,,,,n,,,,,,,
"=""028400516471""",Grocery,1,549,n,n,"Doritos Spicy Nacho Bag (9.25 oz)",,,n,1,1,404,n,,"=""99""",,,,,,n,,,,,,,
"=""028400516488""","Chips - Frito-Lay",1,549,n,n,"DORITOS TAPATIO","9.25 OZ",,n,1,1,404,n,,"=""100""",,,,,,n,,,,,,,
"=""028400516655""","Chips - Frito-Lay",1,549,n,n,DORITOS,,,n,1,1,404,n,,"=""100""",,,,,,n,,,,,,,
"=""028400516662""","Chips - Frito-Lay",1,549,n,n,"DORITOS FLAMIN HOT LIMON 9.25 oz",Ea,,n,1,1,404,n,,"=""100""",,,,,,n,,,,,,,
"=""028400516686""","Snacks & Condiments",1,549,n,n,"Ruffles Original Potato Chips (8.5 Oz)",Ea,,n,1,1,404,n,,"=""100""",,,,,,n,,,,,,,
"=""028400516914""","Chips - Other",1,549,n,n,"RUFFLES CHEDDER & SOUR CREAM",8oz,,n,1,1,404,n,,"=""100""",,,,,,n,,,,,,,
"=""028400517225""","Chips - Other",1,549,n,n,"RUFFLES FLAMIN HOT",8Oz,,n,1,1,404,n,,"=""100""",,,,,,n,,,,,,,
"=""028400517942""","Chips - Frito-Lay",1,549,n,n,"TOSTITOS HINT OF LIME",,,n,1,1,404,n,,"=""100""",,,,,,n,,,,,,,
"=""028400517966""","Chips - Frito-Lay",1,549,n,n,"TOSTITOS BITE SIZE ROUNDS","12 OZ",,n,1,1,404,n,,"=""100""",,,,,,n,,,,,,,
"=""028400517997""","Chips - Frito-Lay",1,549,n,n,"TOSTITOS ORIGINAL RESTURANT STYLE","12 oz",,n,1,1,404,n,,"=""100""",,,,,,n,,,,,,,
"=""028400518000""","Chips - Frito-Lay",1,549,n,n,"TOSTITOS LIGHTLY SALTED","12 OZ",,n,1,1,404,n,,"=""100""",,,,,,n,,,,,,,
"=""028400518185""","Chips - Frito-Lay",1,549,n,n,"TOSTITOS SALSA VERDE",,,n,1,1,404,n,,"=""99""",,,,,,n,,,,,,,
"=""028400589284""","Chips - Other",1,589,n,n,"FRITOS CHILI CHEESE","9 1/4 oz",,n,1,1,0,n,,"=""100""",,,,,,n,,,,,,,
"=""028400589291""","Chips - Other",1,599,n,n,"FRITOS ORIGINAL 9.25","9 1/4 oz",,n,1,1,0,n,,"=""100""",,,,,,n,,,,,,,
"=""028400589314""","Chips - Other",1,549,n,n,"FRITOS FLAMIN HOT","9 1/4 oz",,n,1,1,404,n,,"=""100""",,,,,,n,,,,,,,
"=""028400589321""","Chips - Frito-Lay",1,549,n,n,"FRITOS SCOOPS 9 1/4","9 1/4 oz",,n,1,1,404,n,,"=""100""",,,,,,n,,,,,,,
"=""028400589864""","Chips - Frito-Lay",1,549,n,n,"Cheetos Crunchy","8.5 Oz",,n,1,1,404,n,,"=""100""",,,,,,n,,,,,,,
"=""028400589871""","Chips - Other",1,549,n,n,"CHEETOS XXTRA 8/12 oz","8 1/2 oz",,n,1,1,404,n,,"=""100""",,,,,,n,,,,,,,
"=""028400589888""","Chips - Frito-Lay",1,549,n,n,"Cheetos Cheddar Jalapeno","8 1/2 oz",,n,1,1,404,n,,"=""100""",,,,,,n,,,,,,,
"=""028400589895""","Chips - Other",1,549,n,n,"CHEETOS HOT 8 1/2 OZ",8oz,,n,1,1,404,n,,"=""100""",,,,,,n,,,,,,,
"=""028400590020""","Chips - Other",1,549,n,n,"CHEETOS LIMON CRNCHY","8 1/4 oz",,n,1,1,404,n,,"=""99""",,,,,,n,,,,,,,
"=""028400596688""","Chips - Other",1,549,n,n,"PUFFS JUMBO CHEETOS",8oz,,n,1,1,404,n,,"=""100""",,,,,,n,,,,,,,
"=""028400596695""","Chips - Other",1,549,n,n,"CHEETOS FLAMIN HOT PUFFS",8oz,,n,1,1,404,n,,"=""100""",,,,,,n,,,,,,,
"=""028400603263""","Chips - Frito-Lay",1,399,n,n,"Tostitos Salsa Verde","7 5/8 oz",,n,1,1,294,n,,"=""100""",,,,,,n,,,,,,,
"=""028400604611""","Snacks & Condiments",1,399,n,n,"Spitz Flamin' Hot Limon Flavored Sunflower Seeds (5.35 oz)","5.35 oz",,n,1,9,1481,n,,"=""100""",,,,,,n,,,,,,,
"=""028400648288""","Hanging Snacks",1,499,n,n,"SPITZ SEEDS",113g,,n,1,1,230,n,,"=""100""",,,,,,n,,,,,,,
"=""028400688901""","Chips - Frito-Lay",1,699,n,n,"RUffles flaim",Hu,,n,1,0,0,n,,"=""100""",,,,,,n,,,,,,,
"=""028400705615""","Chips - Frito-Lay",1,299,n,n,"Bakenets fried pork skins 4 oz",,,n,1,1,220,n,,"=""100""",,,,,,n,,,,,,,
"=""028400705639""","Chips - Frito-Lay",1,299,n,n,"BAKENETS HOT SPICY","=""299""",,n,1,1,220,n,,"=""100""",,,,,,n,,,,,,,
"=""028400705684""","Chips - Other",1,299,n,n,MUCHOS,,,n,1,1,220,n,,"=""100""",,,,,,n,,,,,,,
"=""028400705691""","Chips - Frito-Lay",1,299,n,n,"chester's fries flamin hot","5.25 oz",,n,1,1,220,n,,"=""100""",,,,,,n,,,,,,,
"=""028400705707""","Chips - Other",1,299,n,n,SABRITONES,113g,,n,1,1,220,n,,"=""100""",,,,,,n,,,,,,,
"=""028400705721""","Chips - Other",1,299,n,n,"CHESTERS PUFFCORN",,,n,1,1,220,n,,"=""100""",,,,,,n,,,,,,,
"=""028400705738""","Chips - Other",1,299,n,n,"Chester's Puffcorn butter","=""325""",,n,1,1,220,n,,"=""100""",,,,,,n,,,,,,,
"=""028400705745""","Chips - Other",1,299,n,n,"CHEESTERS PUFFCORN","4 1/4oz",,n,1,1,220,n,,"=""100""",,,,,,n,,,,,,,
"=""028400705769""","Chips - Frito-Lay",1,299,n,n,"AS WHC",,,n,1,1,220,n,,"=""100""",,,,,,n,,,,,,,
"=""028400705776""","Chips - Frito-Lay",1,299,n,n,"SA BLN",,,n,1,1,220,n,,"=""100""",,,,,,n,,,,,,,
"=""028400707824""","Chips - Frito-Lay",1,399,n,n,Lays,,,n,1,1,294,n,,"=""100""",,,,,,n,,,,,,,
"=""028400708609""","Hanging Snacks",1,309,n,n,"FRITO LAY NUT HARVESTMIXEDNUTS",,,n,1,1,176,n,,"=""4""",,,,,,n,,,,,,,
"=""028400734035""","Chips - Frito-Lay",1,499,n,n,"Lays sweet & spicy honey 7.75 oz",,,n,1,1,0,n,,"=""100""",,,,,,n,,,,,,,
"=""028400741293""","Hanging Snacks",1,209,n,n,"NUT HARVEST FLAMIN HOT","=""1""",,n,1,1,119,n,,"=""5""",,,,,,n,,,,,,,
"=""028400741309""","Hanging Snacks",1,209,n,n,"NUT HARVEST SALTED PEANUTS",,,n,1,1,119,n,,"=""5""",,,,,,n,,,,,,,
"=""028400741316""","Hanging Snacks",1,209,n,n,"NUT HONEY ROASTED PEANUT",,,n,1,1,119,n,,"=""8""",,,,,,n,,,,,,,
"=""028400751452""","Chips - Frito-Lay",1,699,n,n,"LAYS KETTLE COOKED",,,n,1,0,0,n,,"=""100""",,,,,,n,,,,,,,
"=""028400759014""","Chips - Frito-Lay",1,499,n,n,"Lay's all dressed","7.75 oz",,n,1,1,0,n,,"=""100""",,,,,,n,,,,,,,
"=""028400759304""","Hanging Snacks",1,399,n,n,"Sunshine Cheez-It:Grab n' Go original","3.00 OZ",,n,1,1,164,n,,"=""100""",,,,,,n,,,,,,,
"=""028400763875""","Hanging Snacks",1,449,n,n,"FLAMIN HOT PISTACHIOS",,,n,1,0,0,n,,"=""100""",,,,,,n,,,,,,,
"=""028400763882""","Hanging Snacks",1,449,n,n,"SWEET AND TANGY BBQ",,,n,1,0,0,n,,"=""100""",,,,,,n,,,,,,,
"=""028400766982""","Chips - Frito-Lay",1,269,n,n,"DORITOS GOLDEN SRIRACHA",74.4g,,n,1,0,0,n,,"=""100""",,,,,,n,,,,,,,
"=""028400767064""","Chips - Frito-Lay",1,269,n,n,"DORITOS DINAMITA XXTRA FLAMING HOT","3.25 OZ",,n,1,1,0,n,,"=""100""",,,,,,n,,,,,,,
"=""028400767125""","Chips - Frito-Lay",1,269,n,n,Lays,,,n,1,0,0,n,,"=""100""",,,,,,n,,,,,,,
"=""028400767354""","Chips - Frito-Lay",1,269,n,n,"CHEETOS FLAMING HOT DILL PICKLE","2.875 OZ",,n,1,1,188,n,,"=""100""",,,,,,n,,,,,,,
"=""028400768054""","Chips - Frito-Lay",1,269,n,n,"FRITOS FLAVOR TWISTS QUESO","3.375 OZ",,n,1,1,0,n,,"=""100""",,,,,,n,,,,,,,
"=""028400768207""","Chips - Frito-Lay",1,269,n,n,"FUMYUNS ONION FLAVORER RINGS","2 OZ",,n,1,1,188,n,,"=""100""",,,,,,n,,,,,,,
"=""028400768214""","Chips - Frito-Lay",1,269,n,n,"funyuns flamin hot","2 oz",,n,1,1,188,n,,"=""100""",,,,,,n,,,,,,,
"=""028400768245""","Chips - Frito-Lay",1,269,n,n,"CRACKER JACK THE ORIGINAL",,,n,1,1,188,n,,"=""100""",,,,,,n,,,,,,,
"=""028400768252""","Chips - Frito-Lay",1,269,n,n,"SUN CHIPS HARVEST CHEDDAR","2.5 OZ",,n,1,1,188,n,,"=""100""",,,,,,n,,,,,,,
"=""028400768269""","Chips - Frito-Lay",1,269,n,n,"SMART FOOD WHITE CHEDDAR","1.875 OZ",,n,1,1,188,n,,"=""100""",,,,,,n,,,,,,,
"=""028400768528""","Chips - Other",1,499,n,n,FUNIONS,"5 1/4oz",,n,1,1,368,n,,"=""100""",,,,,,n,,,,,,,
"=""028400768535""","Chips - Other",1,499,n,n,"FUNIONS FLAMIN HOT","5 1/4OZ",,n,1,1,368,n,,"=""100""",,,,,,n,,,,,,,
"=""028400768559""","Chips - Other",1,599,n,n,"FUNIONS SPICY QUESO","5 1/4Oz",,n,1,0,0,n,,"=""100""",,,,,,n,,,,,,,
"=""028400768764""","Chips - Frito-Lay",1,269,n,n,"LAYS FLAMIN HOT",,,n,1,1,188,n,,"=""100""",,,,,,n,,,,,,,
"=""028400768917""","Chips - Frito-Lay",1,269,n,n,"CHEETOS CRUNCHY","2.875 OZ",,n,1,1,188,n,,"=""99""",,,,,,n,,,,,,,
"=""028400769051""","Chips - Frito-Lay",1,269,n,n,"RUFFLES SOUR CREAM & ONION","2.5 OZ",,n,1,1,188,n,,"=""100""",,,,,,n,,,,,,,
"=""028400769075""","Chips - Frito-Lay",1,269,n,n,"Ruffles Cheddar & Sour cream",,,n,1,1,188,n,,"=""100""",,,,,,n,,,,,,,
"=""028400769099""","Chips - Frito-Lay",1,269,n,n,"ruffles flamin hot","2.25 oz",,n,1,1,188,n,,"=""100""",,,,,,n,,,,,,,
"=""028400769105""","Chips - Frito-Lay",1,269,n,n,"RUFFLES QUESO CHEESE","2.5 OZ",,n,1,1,188,n,,"=""100""",,,,,,n,,,,,,,
"=""028400769112""","Chips - Frito-Lay",1,269,n,n,"ruffles flamin hot cheddar & sour cream","2.25 oz",,n,1,1,188,n,,"=""100""",,,,,,n,,,,,,,
"=""028400769136""","Chips - Frito-Lay",1,269,n,n,"fritos flavor twist honey bbq","95.6 oz",,n,1,1,188,n,,"=""100""",,,,,,n,,,,,,,
"=""028400769150""","Chips - Frito-Lay",1,269,n,n,"FRITOS CHILI CHEESE","95.6 g",,n,1,1,188,n,,"=""100""",,,,,,n,,,,,,,
"=""028400769167""","Chips - Frito-Lay",1,269,n,n,"FRITOS FLAMING HOT","3.375 OZ",,n,1,1,188,n,,"=""100""",,,,,,n,,,,,,,
"=""028400769181""","Chips - Frito-Lay",1,269,n,n,"fritos the original","95.6 g",,n,1,1,188,n,,"=""100""",,,,,,n,,,,,,,
"=""028400769198""","Chips - Frito-Lay",1,269,n,n,cHIPS,,,n,1,1,188,n,,"=""100""",,,,,,n,,,,,,,
"=""028400769204""","Chips - Frito-Lay",1,269,n,n,"CHEETOS XXTRA FLAMING HOT","2.875 OZ",,n,1,1,188,n,,"=""98""",,,,,,n,,,,,,,
"=""028400769211""","Chips - Frito-Lay",1,269,n,n,"CHEETOS CRUNCHY CHEDDAR JALAPENO","=""2875""",,n,1,1,188,n,,"=""100""",,,,,,n,,,,,,,
"=""028400769228""","Chips - Frito-Lay",1,269,n,n,"CHEETOS FLAMING HOT CRUNCHY","2.875 OZ",,n,1,1,188,n,,"=""100""",,,,,,n,,,,,,,
"=""028400769242""","Chips - Frito-Lay",1,269,n,n,"CHEETOS FLAMING HOT LIMON","2.875 OZ",,n,1,1,188,n,,"=""100""",,,,,,n,,,,,,,
"=""028400769266""","Chips - Frito-Lay",1,269,n,n,"CHEETOS PUFFS","2.5 OZ",,n,1,1,188,n,,"=""99""",,,,,,n,,,,,,,
"=""028400769273""","Chips - Frito-Lay",1,269,n,n,"CHEETOS FLAMING HOT PUFFS","2.5 OZ",,n,1,1,188,n,,"=""100""",,,,,,n,,,,,,,
"=""028400769280""","Chips - Frito-Lay",1,269,n,n,"FRIES RANCH",,,n,1,0,0,n,,"=""100""",,,,,,n,,,,,,,
"=""028400769297""","Chips - Frito-Lay",1,269,n,n,"chester's fries flamin hot","88.5 g",,n,1,1,188,n,,"=""99""",,,,,,n,,,,,,,
"=""028400769303""","Chips - Frito-Lay",1,269,n,n,"Baked Cheetos flamingo hot 2.25 oz","2.25 oz",,n,1,1,188,n,,"=""99""",,,,,,n,,,,,,,
"=""028400769310""","Chips - Frito-Lay",1,269,n,n,"Cheetos Baked  flaming limon","2 oz",,n,1,1,188,n,,"=""100""",,,,,,n,,,,,,,
"=""028400769655""","Chips - Frito-Lay",1,269,n,n,"LAY'S SALT & VINIGAR","2.5 OZ",,n,1,1,188,n,,"=""100""",,,,,,n,,,,,,,
"=""028400769709""","Chips - Frito-Lay",1,269,n,n,"LAY'S BBQ","2.5 OZ",,n,1,1,188,n,,"=""99""",,,,,,n,,,,,,,
"=""028400770057""","Chips - Frito-Lay",1,269,n,n,"LAY'S SOUR CREAM & ONION","2.5 OZ",,n,1,1,188,n,,"=""100""",,,,,,n,,,,,,,
"=""028400770088""","Chips - Frito-Lay",1,269,n,n,"LAY'S CLASSIC","2.5 OZ",,n,1,1,188,n,,"=""99""",,,,,,n,,,,,,,
"=""028400770125""","Chips - Frito-Lay",1,269,n,n,lAYS,"1 Bags",,n,1,1,188,n,,"=""100""",,,,,,n,,,,,,,
"=""028400770163""","Chips - Frito-Lay",1,269,n,n,"Lay's sweet southern heat","2.5 oz",,n,1,1,0,n,,"=""100""",,,,,,n,,,,,,,
"=""028400770187""","Chips - Frito-Lay",1,269,n,n,"LAY'S DILL PICKLE","2.5 OZ",,n,1,0,0,n,,"=""100""",,,,,,n,,,,,,,
"=""028400770262""","Chips - Frito-Lay",1,269,n,n,"Kettle cooked Jalapeno 2.25 oz","2.25 oz",,n,1,1,188,n,,"=""100""",,,,,,n,,,,,,,
"=""028400770569""","Chips - Frito-Lay",1,269,n,n,"DORITOS COOL RANCH",,,n,1,1,188,n,,"=""100""",,,,,,n,,,,,,,
"=""028400770576""","Chips - Frito-Lay",1,269,n,n,"DORITOS SALSA VERDE","2.625 OZ",,n,1,1,188,n,,"=""100""",,,,,,n,,,,,,,
"=""028400770583""","Chips - Frito-Lay",1,269,n,n,"doritoz flamin hot",,,n,1,1,188,n,,"=""100""",,,,,,n,,,,,,,
"=""028400770590""","Chips - Frito-Lay",1,269,n,n,"doritos nacho chesse",,,n,1,1,188,n,,"=""100""",,,,,,n,,,,,,,
"=""028400770606""","Chips - Frito-Lay",1,269,n,n,"DORITOS SPICY NACHOS","2.75 OZ",,n,1,1,188,n,,"=""100""",,,,,,n,,,,,,,
"=""028400770613""","Chips - Frito-Lay",1,269,n,n,RANCHERITOS,"2.625 OZ",,n,1,1,188,n,,"=""100""",,,,,,n,,,,,,,
"=""028400770637""","Chips - Frito-Lay",1,269,n,n,"DORITOS FLAMAS","2.625 OZ",,n,1,1,188,n,,"=""99""",,,,,,n,,,,,,,
"=""028400770644""","Chips - Frito-Lay",1,269,n,n,"DORITOSDINAMITA CHILE",,,n,1,1,188,n,,"=""100""",,,,,,n,,,,,,,
"=""028400770651""","Chips - Frito-Lay",1,269,n,n,"DORITOS FLAMIN' HOT LIMON",,,n,1,1,188,n,,"=""100""",,,,,,n,,,,,,,
"=""028400770675""","Chips - Frito-Lay",1,269,n,n,"Doritos bbq",,,n,1,1,188,n,,"=""100""",,,,,,n,,,,,,,
"=""028400770682""","Chips - Frito-Lay",1,269,n,n,"DORITOS BLAZIN BUFFALO & RANCH",,,n,1,1,188,n,,"=""100""",,,,,,n,,,,,,,
"=""028400770699""","Chips - Frito-Lay",1,269,n,n,"DORITOS SPICY SWEET CHILI","2.625 OZ",,n,1,1,188,n,,"=""100""",,,,,,n,,,,,,,
"=""028400770798""","Chips - Other",1,269,n,n,Doritos,,,n,1,0,0,n,,"=""100""",,,,,,n,,,,,,,
"=""028400772655""","Chips - Frito-Lay",1,269,n,n,"DORITOS TAPATIO","2.625 OZ",,n,1,1,188,n,,"=""100""",,,,,,n,,,,,,,
"=""028400779463""","Chips - Frito-Lay",1,269,n,n,"LAY'S HOT SAUCE","2.5 OZ",,n,1,1,0,n,,"=""100""",,,,,,n,,,,,,,
"=""028400779487""","Chips - Frito-Lay",1,269,n,n,"LAY'S WAVY LOADED NACHOS","2.5 OZ",,n,1,0,0,n,,"=""100""",,,,,,n,,,,,,,
"=""028400789417""","Chips - Frito-Lay",1,269,n,n,"sun chips garden salsa",,,n,1,1,188,n,,"=""100""",,,,,,n,,,,,,,
"=""028400790574""","Chips - Frito-Lay",1,269,n,n,"CHEETOS FLAMIN HOT DILL PICKLE PUFFS",,,n,1,1,188,n,,"=""100""",,,,,,n,,,,,,,
"=""028400790635""","Chips - Frito-Lay",1,549,n,n,"TOSTITOS STREET CORN",,,n,1,1,404,n,,"=""100""",,,,,,n,,,,,,,
"=""028400791045""","Chips - Frito-Lay",1,269,n,n,"DORITOS NEW",,,n,1,0,0,n,,"=""100""",,,,,,n,,,,,,,
"=""028400794305""","Chips - Frito-Lay",1,269,n,n,"CHEETOS NKD SIMPLY FLAMIN HOT",,,n,1,1,188,n,,"=""99""",,,,,,n,,,,,,,
"=""028400794329""","Chips - Frito-Lay",1,269,n,n,"DORITOS NKD SIMPLY",,,n,1,1,188,n,,"=""100""",,,,,,n,,,,,,,
"=""028400794343""","Chips - Frito-Lay",1,269,n,n,"CHEETOS NKD SIMPLY PUFFS",,,n,1,1,188,n,,"=""100""",,,,,,n,,,,,,,
"=""028400794367""","Chips - Frito-Lay",1,269,n,n,"DORITOS NKD SIMPLY",,,n,1,1,188,n,,"=""100""",,,,,,n,,,,,,,
"=""028400794756""","Chips - Frito-Lay",1,549,n,n,"DORITOS NKD SIMPLY NACHO CHEESE",,,n,1,1,404,n,,"=""100""",,,,,,n,,,,,,,
"=""028400800419""","Chips - Frito-Lay",1,459,n,n,"DORITOS SALSA VERDE 9.25 oz",,,n,1,1,338,n,,"=""100""",,,,,,n,,,,,,,
"=""028617009162""",ACCESSORIES,1,599,n,n,"CHARC-LTR FLUID 16","16 oz",,n,1,12,2812,n,,"=""100""",,,,,,n,,,,,,,
"=""028617009322""",ACCESSORIES,1,899,n,n,"Charcoal Lighter Fluid","32 oz",,n,1,12,4073,n,,"=""100""",,,,,,n,,,,,,,
"=""029000010062""","Hanging Snacks",1,599,n,n,"Planters:Sweet & Nutty","6.00 OZ",,n,1,1,267,n,,"=""10""",,,,,,n,,,,,,,
"=""029000012578""","Hanging Snacks",1,499,n,n,"PLANTERS HONEY ROASTED PEANUTS","6.00 OZ",,n,1,1,170,n,,"=""11""",,,,,,n,,,,,,,
"=""029000012585""","Hanging Snacks",1,399,n,n,"PLANTERS SALTED  PEANUTS","6.00 OZ",,n,1,1,170,n,,"=""100""",,,,,,n,,,,,,,
"=""029000012639""","Hanging Snacks",1,499,n,n,"Planters:Wicked Hot Chipotle","6.00 OZ",,n,1,1,167,n,,"=""11""",,,,,,n,,,,,,,
"=""029000015449""","Hanging Snacks",1,499,n,n,"Planters:Dry Roasted","6.00 OZ",,n,1,1,167,n,,"=""11""",,,,,,n,,,,,,,
"=""029000016651""","Snacks & Condiments",1,1299,n,n,Planters:Mixed,"10.30 OZ",,n,1,1,629,n,,"=""100""",,,,,,n,,,,,,,
"=""029000021112""","Hanging Snacks",1,599,n,n,"Planters Peanut Butter Chocolate Trail Mix","6 oz",,n,1,1,287,n,,"=""2""",,,,,,n,,,,,,,
"=""029000022096""","Snacks & Condiments",1,69,n,n,"Planters - Dry Roasted Peanuts","1.75 OZ",,n,1,1,0,n,,"=""100""",,,,,,n,,,,,,,
"=""029000022119""","Hanging Snacks",1,69,n,n,"Planters: Salted Peanuts","=""1""",,n,1,1,44,n,,"=""100""",,,,,,n,,,,,,,
"=""029000022133""","Hanging Snacks",1,69,n,n,"Planters Honey Roasted Peanuts","=""1""",,n,1,1,44,n,,"=""100""",,,,,,n,,,,,,,
"=""029000022157""","Hanging Snacks",1,69,n,n,"PLANTERS SPECIAL 49G HEAT PEANUT","1.75 OZ",,n,1,1,0,n,,"=""100""",,,,,,n,,,,,,,
"=""029000072190""","Hanging Snacks",1,599,n,n,"Planters:Spicy Nuts & Cajun Sticks","6.00 OZ",,n,1,1,287,n,,"=""10""",,,,,,n,,,,,,,
"=""029000074460""","Hanging Snacks",1,149,n,n,"PLANTER TRAILNUT 1.7","1.70 OZ",,n,1,1,0,n,,"=""100""",,,,,,n,,,,,,,
"=""029000075382""","Hanging Snacks",1,249,n,n,"PLANTERS CASHEW 1.5","1.50 OZ",,n,1,1,124,n,,"=""100""",,,,,,n,,,,,,,
"=""029000075399""","Hanging Snacks",1,249,n,n,"H.ROASTED CASHE","1.50 OZ",,n,1,1,126,n,,"=""100""",,,,,,n,,,,,,,
"=""029000356726""","Hanging Snacks",1,599,n,n,"Planters:Sweet & Nutty","6.00 OZ",,n,1,1,287,n,,"=""11""",,,,,,n,,,,,,,
"=""029000356733""","Hanging Snacks",1,599,n,n,"Planters:Spicy Nuts & Cajun Sticks","6.00 OZ",,n,1,1,287,n,,"=""10""",,,,,,n,,,,,,,
"=""029243050085""",Grocery,1,399,n,n,"SPAGHETTI NO 8 1 LB","1 lb",,n,1,1,111,n,,"=""100""",,,,,,n,,,,,,,
"=""029243050351""",Grocery,1,399,n,n,"ALLEGRA MACARONI 1 LB","1 LB",,n,1,1,0,n,,"=""100""",,,,,,n,,,,,,,
"=""029900212139""",ACCESSORIES,1,299,n,n,"GoodSense Food Storage Bags","40 Bags & Ties",,n,1,1,0,n,,"=""100""",,,,,,n,,,,,,,
"=""029929801031""",Shots,1,499,n,n,"LICOR 43","50 ML",,n,1,1,0,n,,"=""96""",,,,,,n,,,,,,,
"=""030000578261""","Chips - Frito-Lay",1,299,n,n,"QUAKER CHEDDAR RICE CRISPS",,,n,1,1,198,n,,"=""100""",,,,,,n,,,,,,,
"=""030000578285""","Chips - Frito-Lay",1,299,n,n,"quaker caramel",,,n,1,1,198,n,,"=""100""",,,,,,n,,,,,,,
"=""030000659809""",Grocery,1,696,n,n,"Pearl Milling Original Syrup",,,n,1,1,349,n,,"=""100""",,,,,,n,,,,,,,
"=""030100125150""",Grocery,1,199,n,n,"Keebler:Cheese & Peanut Butter - Snack Pack","1.80 OZ",,n,1,12,724,n,,"=""100""",,,,,,n,,,,,,,
"=""030100125181""",Grocery,1,199,n,n,"KEEBLER T&PB 1.8 OZ","1.8 OZ",,n,1,1,60,n,,"=""100""",,,,,,n,,,,,,,
"=""030100125211""",Grocery,1,199,n,n,"KEEBLER CHEDDAR 1.8 OZ","1.8 OZ",,n,1,1,60,n,,"=""100""",,,,,,n,,,,,,,
"=""030131362074""",Tequila,1,7999,n,n,"123 Tequila Blanco 750 ml","750 ml",,n,1,1,4800,n,,"=""100""",,,,,,n,,,,,,,
"=""030131362142""",Tequila,1,8999,n,n,"123 Tequila Repesado 750 ml","750 ml",,n,1,1,5555,n,,"=""100""",,,,,,n,,,,,,,
"=""030174091122""","White Wine",1,7999,n,n,"FAR NIENTE NAPA VALLEY CHARDONAY","750.00 ML",,n,1,1,5000,n,,"=""100""",,,,,,n,,,,,,,
"=""030174091306""","Wine Cabernet Sauvignon",1,12999,n,n,"FAR NIENTE CABERNET SAUVIGNON","750 ml",,n,2,1,7500,n,,"=""100""",,,,,,n,,,,,,,
"=""030242940017""","Breath Refreshers",1,499,n,n,"MINTYZ WINTERMINT","=""175""",,n,1,1,200,n,,"=""100""",,,,,,n,,,,,,,
"=""030772033395""",ACCESSORIES,1,999,n,n,"ALWAYS ULTRA THIN",,,n,1,1,493,n,,"=""4""",,,,,,n,,,,,,,
"=""030772033685""",ACCESSORIES,1,999,n,n,"ALWAYS MIXI",,,n,1,1,493,n,,"=""4""",,,,,,n,,,,,,,
"=""030772033999""",ACCESSORIES,1,999,n,n,"ALWAYS MAXI",,,n,1,0,0,n,,"=""100""",,,,,,n,,,,,,,
"=""030772062807""",ACCESSORIES,1,799,n,n,"HEAD&SHOULDERS  2 IN 1","12.5 0Z",,n,1,1,0,n,,"=""100""",,,,,,n,,,,,,,
"=""030772081242""",ACCESSORIES,1,399,n,n,"DAWN ULTRA",,,n,1,1,156,n,,"=""100""",,,,,,n,,,,,,,
"=""030772088586""",ACCESSORIES,1,699,n,n,"FEBREZE FABRIC EXTRA STRENGTH","14.8 oz",,n,1,0,0,n,,"=""100""",,,,,,n,,,,,,,
"=""030772094037""",ACCESSORIES,1,599,n,n,"DAWN ULTRA","18 OZ",,n,1,0,0,n,,"=""100""",,,,,,n,,,,,,,
"=""030772200803""",ACCESSORIES,1,2899,n,n,"ORAL-B GLIDE","6 CT",,n,1,1,1849,n,,"=""100""",,,,,,n,,,,,,,
"=""030800900002""",CHOCOLATE,1,299,n,n,"necco candy waffer",,,n,1,1,110,n,,"=""100""",,,,,,n,,,,,,,
"=""031142008500""",Grocery,1,299,n,n,"PROVOLONE CHEESE SNACKING ROLLS","1.5 OZ",,n,1,1,104,n,,"=""100""",,,,,,n,,,,,,,
"=""031146007622""",Grocery,1,299,n,n,"NONGSHIM CHICKEN BOWL NOODLES 3.03 OZ","3.03 OZ",,n,1,1,0,n,,"=""100""",,,,,,n,,,,,,,
"=""031146053414""",Grocery,1,499,n,n,"TONKOTSU RAMEN","3.56 OZ",,n,1,0,0,n,,"=""100""",,,,,,n,,,,,,,
"=""031146150601""","Pantry & Grocery Extras",1,179,n,n,"Nongshim Shin Ramyun Spicy Beef Ramen Noodle Soup (3.03 oz)","4.20 OZ",,n,1,1,0,n,,"=""100""",,,,,,n,,,,,,,
"=""031146250103""",Grocery,1,299,n,n,"BOWL NOODLE Hot & Spicy 3.03oz","3.03 oz",,n,1,1,0,n,,"=""100""",,,,,,n,,,,,,,
"=""031146250301""",Grocery,1,299,n,n,"Nong Shim:Spicy Kimchi","3.03 OZ",,n,1,12,1357,n,,"=""100""",,,,,,n,,,,,,,
"=""031146262441""",Grocery,1,299,n,n,"Nong Shim:Noodle Soup, Shin Bowl, Gourmet Spicy","3.03 OZ",,n,1,1,113,n,,"=""100""",,,,,,n,,,,,,,
"=""031146262571""","Pantry & Grocery Extras",1,199,n,n,"Nongshim Bowl Noodle Soup Spicy Chicken (3 oz)","3.03 OZ",,n,1,1,0,n,,"=""100""",,,,,,n,,,,,,,
"=""031146262748""",Grocery,1,299,n,n,"Nong Shim:Spicy Shrimp","3.03 OZ",,n,1,12,1357,n,,"=""100""",,,,,,n,,,,,,,
"=""031200008862""",Juice,1,345,n,n,"OCEANSPRAY CRAN * LEMONADE","15.2 oz",,n,1,0,0,n,,"=""100""",,,,,,n,,,,,,,
"=""031200009906""",Juice,1,345,n,n,"Ocean Spray Cranberry Juice","15.2 oz",,n,1,1,0,n,,"=""100""",,,,,,n,,,,,,,
"=""031200009913""",Juice,1,325,n,n,"Ocean Spray Cranberry Grape Juice Drink","15.2 oz",,n,1,1,0,n,,"=""100""",,,,,,n,,,,,,,
"=""031200200006""",Juice,1,499,n,n,"Ocean Spray Cranberry","32.00 FL OZ",,n,2,1,220,n,,"=""100""",,,,,,n,,,,,,,
"=""031200200075""",Juice,1,799,n,n,"Ocean Spray Cramberry","64 oz",,n,2,1,350,n,,"=""100""",,,,,,n,,,,,,,
"=""031200200310""","Drinks & Mixers",1,499,n,n,"Ocean Spray Bottle (64 oz)","64.00 FL OZ",,n,1,1,0,n,,"=""100""",,,,,,n,,,,,,,
"=""031259001043""","Wine Rosé",1,1699,n,n,"JOSH CELLARS ROSE 750ML",,,n,1,1,957,n,,"=""100""",,,,,,n,,,,,,,
"=""031259001456""","White Wine",1,1699,n,n,"JOSH PINOT GRIGIO",,,n,2,1,979,n,,"=""100""",,,,,,n,,,,,,,
"=""031259003047""","Wine Cabernet Sauvignon",1,2299,n,n,"JOSH RESERVE CABERNET SAUVIGNON",,,n,1,1,0,n,,"=""100""",,,,,,n,,,,,,,
"=""031259003559""","Spirits - Other",1,9491,n,n,"MASTERSONS WSKY RYE 10YR 90 750ML",,,n,1,1,6169,n,,"=""100""",,,,,,n,,,,,,,
"=""031259003726""","Champagne & Sparkling",1,1999,n,n,"JOSH PROSECCO 750 ml",750ml,,n,2,1,1119,n,,"=""100""",,,,,,n,,,,,,,
"=""031259004471""","White Wine",1,1999,n,n,"JOSH RESERVE C C CHARDONAY 750 ml",,,n,1,1,1221,n,,"=""100""",,,,,,n,,,,,,,
"=""031259005232""","Wine Cabernet Sauvignon",1,2499,n,n,"HONEST THIEF CABERNET SAUVIGNON","750 ml",,n,1,1,1584,n,,"=""100""",,,,,,n,,,,,,,
"=""031259005317""","Wine Cabernet Sauvignon",1,1899,n,n,"JOSH HEARTH CABERNET SAUVIGNON","750 ML",,n,1,1,1199,n,,"=""100""",,,,,,n,,,,,,,
"=""031259005393""","Wine Cabernet Sauvignon",1,3299,n,n,"FORCE & GRACE CABERNET SAUVIGNON","750 ml",,n,1,1,2049,n,,"=""100""",,,,,,n,,,,,,,
"=""031259005454""","Wine General",1,2499,n,n,"josh reserver","750 ml",,n,2,1,0,n,,"=""100""",,,,,,n,,,,,,,
"=""031259005805""","Wine General",1,1999,n,n,"Josh CELLARS SAUVIN GON BLANC SONOMA","750 ml",,n,2,1,1119,n,,"=""9""",,,,,,n,,,,,,,
"=""031259005904""",Vodka,1,2999,n,n,"GRAY WHALE VODKA","750 ML",,n,2,1,1749,n,,"=""6""",,,,,,n,,,,,,,
"=""031259008929""","White Wine",1,999,n,n,"YELLOW TAIL CHARD","750.00 ML",,n,1,1,0,n,,"=""100""",,,,,,n,,,,,,,
"=""031259008943""","Wine General",1,799,n,n,"Yellow Tail Shiraz (750 ml)","750.00 ML",,n,1,1,0,n,,"=""100""",,,,,,n,,,,,,,
"=""031259009223""","Red Wine",1,799,n,n,"YELLOW TAIL MERLOT","750.00 ML",,n,1,1,0,n,,"=""100""",,,,,,n,,,,,,,
"=""031259046952""","Wine General",1,1999,n,n,"JOSH CELLARS PINOT NOIR 750ML","750.00 ML",,n,2,1,1119,n,,"=""100""",,,,,,n,,,,,,,
"=""031259046976""","White Wine",1,1699,n,n,"JOSH CELLARS SAUVIGNON BLANC","750.00 ML",,n,2,1,979,n,,"=""99""",,,,,,n,,,,,,,
"=""031259048024""","Red Wine",1,1899,n,n,"JOSH CELLARS RED BLEND","750 ML",,n,2,1,1119,n,,"=""100""",,,,,,n,,,,,,,
"=""031259048710""","Red Wine",1,1399,n,n,"HNOBB RED","750 ml",,n,1,1,0,n,,"=""100""",,,,,,n,,,,,,,
"=""031259049236""","Wine Cabernet Sauvignon",1,2299,n,n,"JOSH RESERVE CABERNET SAUVIGNON","750 ml",,n,1,1,0,n,,"=""100""",,,,,,n,,,,,,,
"=""031535599615""",Grocery,1,199,n,n,"SWEET SERENITY CHOCOLATE CHIP BITE SIZE COOKIES","2.0 OZ",,n,1,1,0,n,,"=""100""",,,,,,n,,,,,,,
"=""032134212257""","Hanging Snacks",1,299,n,n,"WAR HEADS OOZE CHEWZ ROPES",,,n,1,1,131,n,,"=""100""",,,,,,n,,,,,,,
"=""032134233030""",Gummy,1,199,n,n,"Warheads Extreme Sour Candy",,,n,1,1,93,n,,"=""100""",,,,,,n,,,,,,,
"=""032134239001""",Gummy,1,399,n,n,"WARHEADS CUBES",,,n,1,1,0,n,,"=""100""",,,,,,n,,,,,,,
"=""032134240502""",Gummy,1,299,n,n,"WAREHEAD SOUR WATERMELON SQUEZE CANDY 2.25 OZ","2.25 OZ",,n,1,0,0,n,,"=""100""",,,,,,n,,,,,,,
"=""032134271018""",Gummy,1,399,n,n,WAREHED,,,n,1,1,0,n,,"=""100""",,,,,,n,,,,,,,
"=""032134285039""",Gummy,1,399,n,n,WAREHED,,,n,1,1,0,n,,"=""100""",,,,,,n,,,,,,,
"=""033200011101""",Grocery,1,199,n,n,"Arm & Hammer Pure Baking Soda (1 lb)","16.00 OZ",,n,1,1,0,n,,"=""100""",,,,,,n,,,,,,,
"=""033200011309""",Grocery,1,299,n,n,"A&H BAKING SODA 8 OZ","8 OZ",,n,1,1,0,n,,"=""100""",,,,,,n,,,,,,,
"=""033293003007""","Champagne & Sparkling",1,1599,n,n,"FREIXENET BRUT","750.00 ML",,n,2,1,944,n,,"=""100""",,,,,,n,,,,,,,
"=""033293003014""","Champagne & Sparkling",1,1499,n,n,"FREIXENET SWEET CUVEE 750ml",,,n,1,1,0,n,,"=""100""",,,,,,n,,,,,,,
"=""033293003113""","Wine General",1,399,n,n,"Freixenet Cordon Negro Brut Champagne Blend (187 ml)","187.00 ML",,n,1,1,0,n,,"=""100""",,,,,,n,,,,,,,
"=""033293003809""","Champagne & Sparkling",1,1599,n,n,"FREIXENET EXTRA DRY","750.00 ML",,n,2,1,944,n,,"=""100""",,,,,,n,,,,,,,
"=""033293111009""","Champagne & Sparkling",1,1999,n,n,"GLORIA FERRE 750 ml","750.00 ML",,n,1,1,0,n,,"=""100""",,,,,,n,,,,,,,
"=""033544000151""",BEER,1,1199,n,n,"PACIFICO 3 PK 24OZ CANS","3 PK 24 OZ",,n,6,1,784,n,,"=""99""",,,,,,n,,,,,,,
"=""033544000250""",BEER,1,449,n,n,"CORONA FAMILAR  C12 24OZ","24  OZ",,n,2,1,261,n,,"=""45""",,,,,,n,,,,,,,
"=""033544000267""",BEER,1,499,n,n,"MODELO CHELADA MANGO","24 OZ",,n,2,1,290,n,,"=""10""",,,,,,n,,,,,,,
"=""033544000434""",BEER,1,2199,y,n,CORONA,"=""0""",,n,1,1,0,n,,"=""100""",,,,,,n,,,,,,,
"=""033544000809""",BEER,1,499,n,n,"MODELO CHELADA PINA PICANTE","24 OZ",,n,2,1,290,n,,"=""17""",,,,,,n,,,,,,,
"=""033544001134""",BEER,1,2999,n,n,"BACIFICO 18PK  BOTTELS 12 OZ`","12 OZ 184 PK",,n,18,1,2095,n,,"=""2""",,,,,,n,,,,,,,
"=""033544001301""",BEER,1,2199,n,n,"MODELO CHELADA LIMON Y SAL 12pk 12OZ","12 oz 12 pk",,n,12,1,1488,n,,"=""6""",,,,,,n,,,,,,,
"=""033544001561""",BEER,1,3299,n,n,"CORONA PREMIER 12OZ (LOOSE)","12 oz",,n,1,1,2095,n,,"=""1""",,,,,,n,,,,,,,
"=""033544001622""",BEER,1,1999,n,n,"Modelo Oro Gold Standard Lager Can","12 oz 12 pk",,n,12,1,1228,n,,"=""5""",,,,,,n,,,,,,,
"=""033544001653""",BEER,1,449,n,n,"MODELO ORO","24  OZ",,n,2,1,230,n,,"=""100""",,,,,,n,,,,,,,
"=""033544001738""",BEER,1,2999,n,n,"PACIFCO 18 PK 12 OZ CANS","18 PK 12 OZ",,n,18,1,2095,n,,"=""100""",,,,,,n,,,,,,,
"=""033544001745""",BEER,1,449,n,n,"VICTORIA VICKY CHAMOY C12 24OZ","24  OZ",,n,2,1,290,n,,"=""100""",,,,,,n,,,,,,,
"=""033544001776""",BEER,1,1999,n,n,"MODELO CHELADA VARIETY 12OZ 12P","12pk cans",,n,1,1,1488,n,,"=""8""",,,,,,n,,,,,,,
"=""033544001820""",BEER,1,3699,n,n,"PACIFICO 24PK CANS 12 OZ","24 PK 12 OZ",,n,24,1,2680,n,,"=""100""",,,,,,n,,,,,,,
"=""033544001844""",BEER,1,1199,n,n,"CORONA Non alcoholic 12OZ 6P","12 oz 6PK",,n,6,1,793,n,,"=""5""",,,,,,n,,,,,,,
"=""033544001875""",BEER,1,499,n,n,"MODELO CHELADA SANDIA PICANTE 24 OZ","24 OZ",,n,2,1,290,n,,"=""16""",,,,,,n,,,,,,,
"=""033544001882""",BEER,1,2199,n,n,"MODELO CHELADA ESPECIAL 12PK","12 PK 12 OZ",,n,12,2,2975,n,,"=""8""",,,,,,n,,,,,,,
"=""033544002025""",BEER,1,449,n,n,"AGUA FRESCA PINEAPPLE 24 OZ","24 OZ",,n,2,12,3355,n,,"=""100""",,,,,,n,,,,,,,
"=""033544002070""",BEER,1,449,n,n,"VICTORIA  C12 24OZ","24  OZ",,n,2,1,250,n,,"=""100""",,,,,,n,,,,,,,
"=""033544002315""",BEER,1,449,n,n,"MODELO CHELADA FRESA PICANTE 24 OZ","24 OZ",,n,2,1,279,n,,"=""38""",,,,,,n,,,,,,,
"=""033544002339""",BEER,1,499,n,n,"MODELO CHELADA NEGRA CON CHILE  24 OZ","24 oz",,n,2,1,290,n,,"=""23""",,,,,,n,,,,,,,
"=""033544002384""",BEER,1,1299,n,n,"CORONA SUNBREW CITRUS CERVEZA B24 12","6 PK 12 OZ",,n,6,1,792,n,,"=""4""",,,,,,n,,,,,,,
"=""033544002445""",BEER,1,449,n,n,"CORONA SUNBREW CITRUS CERVEZA 24 OZ","24 OZ",,n,2,1,261,n,,"=""11""",,,,,,n,,,,,,,
"=""033544002483""",BEER,1,1899,n,n,"MODELO ORO BOTTLES","12 PK 12 OZ",,n,12,1,1227,n,,"=""4""",,,,,,n,,,,,,,
"=""033544002544""",BEER,1,2049,n,n,"Modelo Negra 12 Pack Can","12 PK 12 OZ",,n,12,1,1410,n,,"=""1""",,,,,,n,,,,,,,
"=""033544002599""",BEER,1,449,n,n,"VICTORA CHAMOY MANGO","24 OZ",,n,2,1,289,n,,"=""100""",,,,,,n,,,,,,,
"=""033544002681""",BEER,1,499,n,n,"MODELO CHELEDA SUPREMA MANGONAADA","24 OZ",,n,2,1,289,n,,"=""7""",,,,,,n,,,,,,,
"=""033544002704""",BEER,1,499,n,n,"MODELO CHILADE SUPREME TROPICAL","24 OZ",,n,2,1,290,n,,"=""15""",,,,,,n,,,,,,,
"=""033544950210""",BEER,1,2099,y,n,"CERVEZA CLASSIC","25 oz",,n,1,1,0,n,,"=""100""",,,,,,n,,,,,,,
"=""033544950227""",BEER,1,449,n,n,"PACIFICO 24OZ","24 Oz",,n,2,1,261,n,,"=""17""",,,,,,n,,,,,,,
"=""033544950258""",BEER,1,499,n,n,"Victoria Mexican Lager Beer Bottle (32 oz)","32 oz",,n,2,1,340,n,,"=""100""",,,,,,n,,,,,,,
"=""033544950272""",BEER,1,2999,n,n,"Modelo Especial Pilsner Bottles (12 oz x 18 ct)","18 pk 12 oz",,n,18,1,2220,n,,"=""6""",,,,,,n,,,,,,,
"=""033544950289""",BEER,1,1299,n,n,"MODELO CHELADA ESPECIAL 3PK 24","3 PK 24 OZ",,n,6,4,3475,n,,"=""3""",,,,,,n,,,,,,,
"=""033544950319""",BEER,1,2099,n,n,"Pacifico 12-Pack 12oz Cans","12 PK 12 OZ",,n,12,1,1437,n,,"=""17""",,,,,,n,,,,,,,
"=""033544950371""",BEER,1,1199,n,n,"CORONA EXTRA 3 PK 24 OZ","3 PK 24 OZ",,n,6,1,783,n,,"=""9""",,,,,,n,,,,,,,
"=""033544950418""",BEER,1,1261,n,n,"CORONA PREMIER 12OZ 6P","12 oz 6PK",,n,6,1,735,n,,"=""2""",,,,,,n,,,,,,,
"=""033544950425""",BEER,1,2299,n,n,"CORONA PREMIER BOTTLES  12 PK 12 OZ","12 PK 12 OZ",,n,12,1,1228,n,,"=""6""",,,,,,n,,,,,,,
"=""033544950449""",BEER,1,2199,n,n,"CORONA PREMIER 12 PK CANS 12 OZ","12 OZ",,n,12,1,1228,n,,"=""1""",,,,,,n,,,,,,,
"=""033544950470""",BEER,1,449,n,n,"CORONA PREMIER 24 OZ","24 OZ",,n,2,1,230,n,,"=""21""",,,,,,n,,,,,,,
"=""033544950517""",BEER,1,1261,n,n,"CORONA FAMILIAR 6-PK 12OZ","6 PK 12 OZ",,n,6,1,792,n,,"=""2""",,,,,,n,,,,,,,
"=""033544950531""",BEER,1,2299,n,n,"CORONA FAMILIAR 12PK 12 OZ","12 PK 12 OZ",,n,12,1,1487,n,,"=""4""",,,,,,n,,,,,,,
"=""033544950609""",BEER,1,449,n,n,"MODELO CHELADA LIMON Y SAL 24OZ","24 OZ",,n,2,12,3475,n,,"=""10""",,,,,,n,,,,,,,
"=""033544950616""",BEER,1,449,n,n,"MODELO NEGRA 24 OZ","24 OZ",,n,2,12,3135,n,,"=""11""",,,,,,n,,,,,,,
"=""033544950906""",BEER,1,511,n,n,"MODELO ESPECIAL 32OZ BOTTLE","32 OZ",,n,2,1,340,n,,"=""12""",,,,,,n,,,,,,,
"=""034000000050""",CHOCOLATE,1,299,n,n,"Reeses Nutrageous Candy Bar","1.66 Oz",,n,1,1,0,n,,"=""100""",,,,,,n,,,,,,,
"=""034000000067""","Breath Refreshers",1,499,n,n,"ICEBRKER  SPEARMINT 1.5 OZ","1.5 Oz",,n,1,1,250,n,,"=""100""",,,,,,n,,,,,,,
"=""034000000074""","Breath Refreshers",1,499,n,n,"ICE BREAKERS COOLMINT 1.5 OZ","1.5 OZ",,n,1,1,250,n,,"=""100""",,,,,,n,,,,,,,
"=""034000000098""","Breath Refreshers",1,499,n,n,"ICE BREAKER MINT WINTERGREEN   1.5 oz","1.5 oz",,n,1,1,250,n,,"=""100""",,,,,,n,,,,,,,
"=""034000000289""",CHOCOLATE,1,199,n,n,"REESE'S WHITE PEANUT","1.39 OZ",,n,1,1,0,n,,"=""100""",,,,,,n,,,,,,,
"=""034000000357""",CHOCOLATE,1,399,n,n,"Reese's FastBreak, King Size","3.50 OZ",,n,1,1,215,n,,"=""100""",,,,,,n,,,,,,,
"=""034000000524""",CHOCOLATE,1,299,n,n,"Reese's Fast Break","2.07 Oz",,n,1,1,0,n,,"=""100""",,,,,,n,,,,,,,
"=""034000000982""","Breath Refreshers",1,499,n,n,"Ice Breakers:Sours, Sugar-Free, Assorted","1.50 OZ",,n,1,1,250,n,,"=""100""",,,,,,n,,,,,,,
"=""034000001354""",CHOCOLATE,1,399,n,n,"REESE'S Take 5, King Size","2.25 OZ",,n,1,1,215,n,,"=""100""",,,,,,n,,,,,,,
"=""034000001521""",CHOCOLATE,1,299,n,n,"Reese's ReeseSticks","1.50 OZ",,n,1,1,123,n,,"=""100""",,,,,,n,,,,,,,
"=""034000001637""",CHOCOLATE,1,199,n,n,"Reese's:Peanut Butter Cup, Big Cup","1.40 OZ",,n,1,1,0,n,,"=""100""",,,,,,n,,,,,,,
"=""034000001651""",CHOCOLATE,1,399,n,n,"REESES PIECES KING SIZE","3 OZ",,n,1,1,215,n,,"=""100""",,,,,,n,,,,,,,
"=""034000002030""",CHOCOLATE,1,399,n,n,"Reese's ReeseSticks KING SIZE","3 OZ",,n,1,24,5166,n,,"=""99""",,,,,,n,,,,,,,
"=""034000002238""",CHOCOLATE,1,399,n,n,"Mr. Goodbar Peanuts In Milk Chocolate","2.6 oz",,n,1,1,0,n,,"=""100""",,,,,,n,,,,,,,
"=""034000002290""",CHOCOLATE,1,399,n,n,"Kit Kat Bar King Size","3 OZ",,n,1,1,0,n,,"=""100""",,,,,,n,,,,,,,
"=""034000002399""",CHOCOLATE,1,249,n,n,"Hershey's Cookies 'N' Creme","1.55 OZ",,n,1,1,123,n,,"=""100""",,,,,,n,,,,,,,
"=""034000002405""",CHOCOLATE,1,299,n,n,"Hershey's Milk Chocolate","1.55 OZ",,n,1,1,0,n,,"=""100""",,,,,,n,,,,,,,
"=""034000002412""",CHOCOLATE,1,299,n,n,"Hershey's Milk Chocolate with Almonds","1.45 OZ",,n,1,1,0,n,,"=""100""",,,,,,n,,,,,,,
"=""034000002443""",CHOCOLATE,1,199,n,n,Rolo:Candy,"1.91 OZ",,n,1,1,0,n,,"=""100""",,,,,,n,,,,,,,
"=""034000002450""",CHOCOLATE,1,299,n,n,"Hershey's:Special Dark","1.45 OZ",,n,1,1,122,n,,"=""100""",,,,,,n,,,,,,,
"=""034000002467""",CHOCOLATE,1,299,n,n,"Kit Kat 1.5 OZ","1.5 OZ",,n,1,1,122,n,,"=""99""",,,,,,n,,,,,,,
"=""034000002474""",CHOCOLATE,1,299,n,n,"Whatchamacalit Bars","1.60 OZ",,n,1,1,0,n,,"=""100""",,,,,,n,,,,,,,
"=""034000002481""",CHOCOLATE,1,299,n,n,"Reese's Pieces","1.63 OZ",,n,1,1,0,n,,"=""100""",,,,,,n,,,,,,,
"=""034000003129""","Snacks & Condiments",1,799,n,n,"Hershey's:Genuine Chocolate Flavor Syrup","24.00 OZ",,n,1,1,0,n,,"=""100""",,,,,,n,,,,,,,
"=""034000003181""","Snacks & Condiments",1,699,n,n,"Hershey's:Strawberry Syrup","22.00 OZ",,n,1,1,0,n,,"=""100""",,,,,,n,,,,,,,
"=""034000003402""",CHOCOLATE,1,299,n,n,"Cadbury Caramello","1.60 OZ",,n,1,1,123,n,,"=""100""",,,,,,n,,,,,,,
"=""034000003709""",CHOCOLATE,1,299,n,n,"SKOR CHOCOLATE","1.40 OZ",,n,1,1,122,n,,"=""20""",,,,,,n,,,,,,,
"=""034000003860""",CHOCOLATE,1,199,n,n,"REESE'S Take 5 Bar","1.50 OZ",,n,1,1,0,n,,"=""100""",,,,,,n,,,,,,,
"=""034000004058""",Gum,1,699,n,n,"ICE BREAKERS",,,n,1,1,0,n,,"=""100""",,,,,,n,,,,,,,
"=""034000004409""",CHOCOLATE,1,299,n,n,"REESE'S PEANUT BUTTER CUPS","1.5 OZ",,n,1,1,122,n,,"=""35""",,,,,,n,,,,,,,
"=""034000004805""",CHOCOLATE,1,399,n,n,"REESE'S PEANUT BUTTER CUP KING SIZE","2.8 OZ",,n,1,1,166,n,,"=""22""",,,,,,n,,,,,,,
"=""034000005024""",Gummy,1,279,n,n,"Twizzlers: Twists, Strawberry","2.50 OZ",,n,1,1,122,n,,"=""100""",,,,,,n,,,,,,,
"=""034000005215""",CHOCOLATE,1,399,n,n,"Mounds - King Size","3.50 OZ",,n,1,1,0,n,,"=""100""",,,,,,n,,,,,,,
"=""034000005222""",CHOCOLATE,1,399,n,n,"Almond Joy Milk Chocolate - Coconut & Almonds","3.22 OZ",,n,1,1,215,n,,"=""99""",,,,,,n,,,,,,,
"=""034000005291""",Gum,1,699,n,n,Gum,,,n,1,1,0,n,,"=""100""",,,,,,n,,,,,,,
"=""034000005451""",Gum,1,699,n,n,"ICE CUBES GRAPE 40CT",,,n,1,1,0,n,,"=""100""",,,,,,n,,,,,,,
"=""034000006533""",CHOCOLATE,1,399,n,n,"Reese's Nutrageous King Size","3.1 oz",,n,1,1,0,n,,"=""100""",,,,,,n,,,,,,,
"=""034000006656""","Breath Refreshers",1,499,n,n,"Ice Breakers Duo Strawberry","1.3 oz",,n,1,1,0,n,,"=""100""",,,,,,n,,,,,,,
"=""034000007196""",Gum,1,299,n,n,"BUBBLE YUM","5.00 EA",,n,1,1,0,n,,"=""100""",,,,,,n,,,,,,,
"=""034000007646""","Breath Refreshers",1,249,n,n,"BRAETH SAVER","0.75 OZ",,n,1,1,89,n,,"=""100""",,,,,,n,,,,,,,
"=""034000007714""","Breath Refreshers",1,199,n,n,"Breath Savers:Breath Mints, Spearmint","0.75 OZ",,n,1,1,0,n,,"=""100""",,,,,,n,,,,,,,
"=""034000008438""",Gum,1,699,n,n,"Ice Breakers - Peppermint",40pc,,n,1,1,349,n,,"=""100""",,,,,,n,,,,,,,
"=""034000008476""",Gum,1,699,n,n,"ICE CUBES SPEARMINT",40pc,,n,1,1,0,n,,"=""100""",,,,,,n,,,,,,,
"=""034000114702""",CHOCOLATE,1,399,n,n,"REESE'S PEANUT BUTTER PIECES","4 OZ",,n,1,1,0,n,,"=""100""",,,,,,n,,,,,,,
"=""034000138517""",CHOCOLATE,1,399,n,n,"KIT KAT MINIS KING SIZE","2.2 OZ",,n,1,1,0,n,,"=""100""",,,,,,n,,,,,,,
"=""034000228089""",CHOCOLATE,1,399,n,n,"KITKAT VANILLA KING SIZE","3 OZ",,n,1,1,0,n,,"=""100""",,,,,,n,,,,,,,
"=""034000245222""",CHOCOLATE,1,399,n,n,"KITKAT BIG KAT KING SIZE","3 OZ",,n,1,1,215,n,,"=""100""",,,,,,n,,,,,,,
"=""034000250103""",CHOCOLATE,1,199,n,n,"REESE'S CARAMEL BIG CUP","1.4 OZ",,n,1,0,0,n,,"=""100""",,,,,,n,,,,,,,
"=""034000252183""",CHOCOLATE,1,399,n,n,"REESE'S CARAMEL BIG CUP","2.8 OZ",,n,1,0,0,n,,"=""100""",,,,,,n,,,,,,,
"=""034000412013""",Candy,1,299,n,n,"Reese's Outrageous Bar (2.95 oz)",BX18,,n,1,1,0,n,,"=""100""",,,,,,n,,,,,,,
"=""034000430956""",CHOCOLATE,1,349,n,n,"REESE'S BIG CUP KING SIZE","2.8 OZ",,n,1,1,0,n,,"=""100""",,,,,,n,,,,,,,
"=""034000458004""",CHOCOLATE,1,399,n,n,"ROLO CREAMY CARAMEL IN RICH",,,n,1,1,196,n,,"=""100""",,,,,,n,,,,,,,
"=""034000458134""",Gummy,1,299,n,n,RESES,,,n,1,1,0,n,,"=""100""",,,,,,n,,,,,,,
"=""034000711789""",Gum,1,812,n,n,"Ice Breakers Ice Cubes","40 pieces",,n,1,1,400,n,,"=""6""",,,,,,n,,,,,,,
"=""034000946532""",CHOCOLATE,1,399,n,n,"REESE&S OREO","2.8 OZ",,n,1,0,0,n,,"=""100""",,,,,,n,,,,,,,
"=""034000953424""",CHOCOLATE,1,399,n,n,"REESE'S CHOCOLATE LAVA BIG CUP KING SIZE","2.8 OZ",,n,1,1,0,n,,"=""100""",,,,,,n,,,,,,,
"=""034100000059""","Domestic Beer",1,369,n,n,"Miller High Life","24 OZ",,n,2,1,191,n,,"=""3""",,,,,,n,,,,,,,
"=""034100000097""","Domestic Beer",1,241,y,n,"MILLER HIGHL 40","40.00 FL OZ",,n,1,1,0,n,,"=""100""",,,,,,n,,,,,,,
"=""034100000318""","Domestic Beer",1,399,n,n,"MHL  B12 32OZ","32.00 FL OZ",,n,2,1,220,n,,"=""16""",,,,,,n,,,,,,,
"=""034100001780""","Domestic Beer",1,149,y,n,"MICKEYS 12 OZ SINGLE","12.00 FL OZ",,n,1,1,0,n,,"=""100""",,,,,,n,,,,,,,
"=""034100002596""",BEER,1,149,y,n,"HENRY WEINHARDS RB12","12.00 OZ",,n,1,1,0,n,,"=""100""",,,,,,n,,,,,,,
"=""034100003425""",BEER,1,1399,y,n,"RED APPLE 1 2PK",,,n,1,1,0,n,,"=""100""",,,,,,n,,,,,,,
"=""034100003494""",BEER,1,349,y,n,343231,"24 oz",,n,1,1,0,n,,"=""100""",,,,,,n,,,,,,,
"=""034100003548""","Domestic Beer",1,999,n,n,"Miller Lite 6pk","12 FL OZ",,n,6,1,0,n,,"=""100""",,,,,,n,,,,,,,
"=""034100003555""","Domestic Beer",1,399,n,n,"LITE  C12 24OZ","24 oz",,n,2,1,204,n,,"=""127""",,,,,,n,,,,,,,
"=""034100003586""","Domestic Beer",1,249,y,n,"MILLER LITE 32O","32.00 FL OZ",,n,1,1,0,n,,"=""100""",,,,,,n,,,,,,,
"=""034100003623""","Domestic Beer",1,129,y,n,"MILLER LITE 12","12.00 FL OZ",,n,1,1,0,n,,"=""100""",,,,,,n,,,,,,,
"=""034100003876""",BEER,1,349,y,n,"REDDS WICKED CHRY 24","24 oz",,n,1,1,0,n,,"=""100""",,,,,,n,,,,,,,
"=""034100005542""","Domestic Beer",1,118,y,n,"MGD 12 OZ","72.00 FL OZ",,n,1,1,0,n,,"=""100""",,,,,,n,,,,,,,
"=""034100005559""","Domestic Beer",1,245,y,n,"MGD 24 OZ","24.00 FL OZ",,n,1,1,0,n,,"=""100""",,,,,,n,,,,,,,
"=""034100005610""","Domestic Beer",1,149,y,n,"MGD 16OZ","96.00 FL OZ",,n,1,1,0,n,,"=""100""",,,,,,n,,,,,,,
"=""034100006228""","Domestic Beer",1,311,y,n,"OLD ENGLISH 40","40.00 FL OZ",,n,1,1,0,n,,"=""100""",,,,,,n,,,,,,,
"=""034100008802""","Domestic Beer",1,199,y,n,"ICEHOUSE 24 OZ","24 Oz",,n,1,1,0,n,,"=""100""",,,,,,n,,,,,,,
"=""034100009069""","Domestic Beer",1,149,y,n,"MGD 160Z","16 oz",,n,1,1,0,n,,"=""100""",,,,,,n,,,,,,,
"=""034100012335""","Hard Seltzer",1,1299,n,n,"High Noon Hard Seltzer Pineapple Can 4 PK 12 OZ",,,n,4,1,0,n,,"=""6""",,,,,,n,,,,,,,
"=""034100013301""",BEER,1,499,n,n,"THURS PNP STFR C12 24OZ",,,n,1,1,0,n,,"=""100""",,,,,,n,,,,,,,
"=""034100013325""",BEER,1,427,n,n,"HAPPY THURSDAY STRAWBERRY C12 24OZ",,,n,1,1,278,n,,"=""100""",,,,,,n,,,,,,,
"=""034100015053""","Domestic Beer",1,499,y,n,"HIGH LIFE 6 PK","72.00 FL OZ",,n,1,1,0,n,,"=""100""",,,,,,n,,,,,,,
"=""034100016364""","Domestic Beer",1,1399,n,n,"H LIFE 12 PK","12 12 oz",,n,12,1,895,n,,"=""100""",,,,,,n,,,,,,,
"=""034100087166""",BEER,1,999,y,n,"APPLE  REEDS 6PK","72.00 FL OZ",,n,1,1,0,n,,"=""100""",,,,,,n,,,,,,,
"=""034100087593""",BEER,1,1499,y,n,"PISLNER URQUELL CASE",,,n,1,1,0,n,,"=""100""",,,,,,n,,,,,,,
"=""034100173401""","Domestic Beer",1,1499,y,n,"MGD 18 PK 12 OZ","216.00 FL OZ",,n,1,1,0,n,,"=""100""",,,,,,n,,,,,,,
"=""034100175054""","Domestic Beer",1,799,y,n,"MGD 6 PK BOT","72.00 FL OZ",,n,1,1,0,n,,"=""100""",,,,,,n,,,,,,,
"=""034100175092""","Domestic Beer",1,1099,y,n,"MGD 12 PK BOTTL","144.00 FL OZ",,n,1,1,0,n,,"=""100""",,,,,,n,,,,,,,
"=""034100176631""","Domestic Beer",1,516,y,n,"MGD 3 PK","3 pack",,n,1,1,0,n,,"=""100""",,,,,,n,,,,,,,
"=""034100516802""","Malt Beverage",1,1099,y,n,"CAPE LINE",,,n,1,1,0,n,,"=""100""",,,,,,n,,,,,,,
"=""034100570231""","Domestic Beer",1,1399,y,n,"LITE 9 PK","144.00 FL OZ",,n,1,1,0,n,,"=""100""",,,,,,n,,,,,,,
"=""034100572563""","Domestic Beer",1,1499,y,n,"LITE 18 PK BOT","216.00 FL OZ",,n,1,1,0,n,,"=""100""",,,,,,n,,,,,,,
"=""034100573409""","Domestic Beer",1,2499,n,n,"MILER LITE 18-PK CAN","18 PK 12 OZ",,n,18,1,1685,n,,"=""3""",,,,,,n,,,,,,,
"=""034100575052""","Domestic Beer",1,1075,n,n,"MILLER LIGHT 6 PK 12OZ","12 OZ 4 PK",,n,6,1,705,n,,"=""3""",,,,,,n,,,,,,,
"=""034100575090""","Domestic Beer",1,1699,n,n,"LITE 12 PK BOTT","12 OZ 12 PK",,n,12,1,1140,n,,"=""100""",,,,,,n,,,,,,,
"=""034100576363""","Domestic Beer",1,1799,n,n,"MILLER LITE 12PK 12OZ CAN","12 OZ 12 PK",,n,12,1,1140,n,,"=""5""",,,,,,n,,,,,,,
"=""034100576639""","Domestic Beer",1,999,n,n,"Miller Lite Can (24 oz x 3 ct)","3 pack",,n,6,1,613,n,,"=""100""",,,,,,n,,,,,,,
"=""034100774356""","Domestic Beer",1,999,y,n,"MICKEYS 6 PK BO","72.00 FL OZ",,n,1,1,0,n,,"=""100""",,,,,,n,,,,,,,
"=""034100786588""","Domestic Beer",1,999,y,n,"LEINENJUGELS GFS 6PK","6 pk",,n,1,1,0,n,,"=""100""",,,,,,n,,,,,,,
"=""034100989163""",BEER,1,999,y,n,"HENRY HRD ORNG 6PK",12oz,,n,1,1,0,n,,"=""100""",,,,,,n,,,,,,,
"=""034856028918""",Gummy,1,199,n,n,"Welch's  Fruit Snacks Island Fruits","2.25 oz",,n,1,48,4979,n,,"=""100""",,,,,,n,,,,,,,
"=""034856028925""",Gummy,1,149,n,n,"WELCHS BERRIES","2.25 OZ",,n,1,1,0,n,,"=""100""",,,,,,n,,,,,,,
"=""034856028987""",Gummy,1,149,n,n,"WELCHS FRUIT","2.25 OZ",,n,1,1,0,n,,"=""100""",,,,,,n,,,,,,,
"=""035000444356""",ACCESSORIES,1,699,n,n,"COLGATE CAVITY PROTECTION","4 oz",,n,1,1,0,n,,"=""100""",,,,,,n,,,,,,,
"=""035000444424""",ACCESSORIES,1,799,n,n,"COLGATE TRIPLE ACTION 60% FREE",,,n,1,1,105,n,,"=""100""",,,,,,n,,,,,,,
"=""035000463760""",ACCESSORIES,1,799,n,n,"COLGATE TOTAL ACTIVE PREVENTION",,,n,1,1,340,n,,"=""100""",,,,,,n,,,,,,,
"=""035000510853""",ACCESSORIES,1,699,n,n,"Colgate Cavity Protection Toothpaste Regular","8 oz",,n,1,1,219,n,,"=""100""",,,,,,n,,,,,,,
"=""035000510884""",ACCESSORIES,1,799,n,n,"CO;GATE ACTIVE PROTECTION","6 oz",,n,1,1,200,n,,"=""100""",,,,,,n,,,,,,,
"=""035000511058""","Health & Wellness",1,499,n,n,"Colgate Cavity Protection Fluoride Toothpaste (2.5 oz)","2.5 Oz",,n,1,1,90,n,,"=""100""",,,,,,n,,,,,,,
"=""035000511102""",ACCESSORIES,1,499,n,n,"Colgate Triple Action Original Mint","2.5 oz",,n,1,1,88,n,,"=""100""",,,,,,n,,,,,,,
"=""035000511119""",ACCESSORIES,1,249,n,n,"COLGATE  1 OZ","1.0 oz",,n,1,1,99,n,,"=""100""",,,,,,n,,,,,,,
"=""035000514066""","Health & Wellness",1,699,n,n,"Colgate 4.0 oz",4oz,,n,1,1,256,n,,"=""100""",,,,,,n,,,,,,,
"=""035000530585""",ACCESSORIES,1,1999,n,n,"Fabuloso Lavender","128 oz",,n,1,1,1000,n,,"=""100""",,,,,,n,,,,,,,
"=""035000530967""",ACCESSORIES,1,999,n,n,"Lavender Multi-Purpose Cleaner 33 oz","=""338""",,n,1,1,0,n,,"=""100""",,,,,,n,,,,,,,
"=""035000551146""",ACCESSORIES,1,299,n,n,"Colgate Extra Clean Med","=""1""",,n,1,1,0,n,,"=""100""",,,,,,n,,,,,,,
"=""035000555007""",Grocery,1,299,n,n,"Colgate Extra Clean Toothbrush","=""1""",,n,1,1,0,n,,"=""100""",,,,,,n,,,,,,,
"=""035000556769""",ACCESSORIES,1,199,n,n,TOOTHBRUSH,"=""1""",,n,1,1,0,n,,"=""100""",,,,,,n,,,,,,,
"=""035000980113""",ACCESSORIES,1,299,n,n,"SUAVITEL  COMPLETE",,,n,1,1,0,n,,"=""100""",,,,,,n,,,,,,,
"=""035000990648""",ACCESSORIES,1,399,n,n,"PALMOLIVE ORIGINAL","12.6 OZ",,n,1,1,131,n,,"=""100""",,,,,,n,,,,,,,
"=""035549944003""",Grocery,1,699,n,n,"SNACK CRACKERS BISCUITS SALES",,,n,1,0,0,n,,"=""100""",,,,,,n,,,,,,,
"=""035549985198""",Grocery,1,599,n,n,"HONEY GRAHAM CRACKERS",,,n,1,0,0,n,,"=""100""",,,,,,n,,,,,,,
"=""035751111064""",Grocery,1,399,n,n,"APPLE DANISH","5 Oz",,n,1,1,169,n,,"=""100""",,,,,,n,,,,,,,
"=""035751111071""",Grocery,1,399,n,n,"Bon Appetit Bear Claw","5 Oz",,n,1,1,168,n,,"=""100""",,,,,,n,,,,,,,
"=""035751111095""",Candy,1,399,n,n,"Bon Appetit Cheese & Berries Danish","5 Oz",,n,1,1,169,n,,"=""100""",,,,,,n,,,,,,,
"=""035751111125""",Grocery,1,399,n,n,"Salt Water Deep Sea Fishing Lure Butterfly Jig","5 Oz",,n,1,1,169,n,,"=""100""",,,,,,n,,,,,,,
"=""035751111132""",Grocery,1,399,n,n,"CHEESE CROISSAN","5 Oz",,n,1,1,0,n,,"=""100""",,,,,,n,,,,,,,
"=""035751111149""",Grocery,1,399,n,n,"BLUEBERRY CREAM","5 OZ",,n,1,1,169,n,,"=""100""",,,,,,n,,,,,,,
"=""035751113136""",Grocery,1,399,n,n,"BON APPETIT CHOCOLATE CHIP MUFFIN","=""1""",,n,1,1,168,n,,"=""100""",,,,,,n,,,,,,,
"=""035751114256""",Grocery,1,349,n,n,"BON APPETIT BANANA BREAD 4 OZ","4 OZ",,n,1,1,169,n,,"=""100""",,,,,,n,,,,,,,
"=""035751114270""",Grocery,1,349,n,n,"BON APPETIT","4 Oz",,n,1,1,169,n,,"=""100""",,,,,,n,,,,,,,
"=""035751114294""",Grocery,1,349,n,n,"BON APPETIT BANANA BREAD 4 OZ","4 OZ",,n,1,1,169,n,,"=""100""",,,,,,n,,,,,,,
"=""035751114300""",Grocery,1,349,n,n,"Bon Appetit:Cheese Coffee Cake","4.00 OZ",,n,1,1,169,n,,"=""100""",,,,,,n,,,,,,,
"=""036000123234""",ACCESSORIES,1,199,n,n,"Kleenex:Pocket Pack","=""1""",,n,1,1,0,n,,"=""100""",,,,,,n,,,,,,,
"=""036200002506""",Grocery,1,699,n,n,"RAGU TRADITION SAUCE 24 OZ","24 OZ",,n,1,1,0,n,,"=""100""",,,,,,n,,,,,,,
"=""036200003503""",Grocery,1,599,n,n,"RAGUNB MUSHROOM SAUCE 23.9 OZ","23.9 OZ",,n,1,1,0,n,,"=""100""",,,,,,n,,,,,,,
"=""036600813719""",Grocery,1,231,n,n,"ChapStick Cherry","=""015""",,n,1,1,0,n,,"=""100""",,,,,,n,,,,,,,
"=""036600814013""",Grocery,1,231,n,n,"ChapStick Strawberry","=""015""",,n,1,1,0,n,,"=""100""",,,,,,n,,,,,,,
"=""036600828010""",Grocery,1,277,n,n,"ChapStick Lip Moisturizer","0.15 oz",,n,1,1,0,n,,"=""100""",,,,,,n,,,,,,,
"=""036602001015""","Breath Refreshers",1,279,n,n,"RECOLA COUGH DROPS","=""1""",,n,1,1,113,n,,"=""100""",,,,,,n,,,,,,,
"=""036602833135""","Health & Wellness",1,279,n,n,"RICOLA MINTHOL ORAL ANESTHETIC",,,n,1,1,113,n,,"=""100""",,,,,,n,,,,,,,
"=""037000003106""",ACCESSORIES,1,799,n,n,"CREST FLUORIDE","8.2 Oz",,n,1,1,256,n,,"=""100""",,,,,,n,,,,,,,
"=""037000004707""",ACCESSORIES,1,399,n,n,"Gain Detergent Original","10 Oz",,n,1,1,125,n,,"=""100""",,,,,,n,,,,,,,
"=""037000004714""",ACCESSORIES,1,399,n,n,"TIDE ORIGINAL 10 OZ","10 Oz",,n,1,1,0,n,,"=""100""",,,,,,n,,,,,,,
"=""037000106135""",ACCESSORIES,1,699,n,n,"DOWNY 587 ML.","19 oz",,n,1,1,0,n,,"=""100""",,,,,,n,,,,,,,
"=""037000117148""",ACCESSORIES,1,999,n,n,"Always Infinity W/FlexFoan Pads, Heavy Flow, 16 pads","16 Ct",,n,1,1,493,n,,"=""100""",,,,,,n,,,,,,,
"=""037000124450""",ACCESSORIES,1,399,n,n,"SECRET DEODORANT","1.7 Oz",,n,1,1,0,n,,"=""100""",,,,,,n,,,,,,,
"=""037000127833""",ACCESSORIES,1,1099,n,n,"GAIN ORIGINAL 25 OZ.","25 Oz",,n,1,1,4685,n,,"=""100""",,,,,,n,,,,,,,
"=""037000138754""",ACCESSORIES,1,1199,n,n,"TIDE ORIGINAL 25 OZ","25 Oz",,n,1,1,599,n,,"=""100""",,,,,,n,,,,,,,
"=""037000509547""",ACCESSORIES,1,1299,n,n,"Tide Pods Spring Meadow",14oz,,n,1,1,580,n,,"=""100""",,,,,,n,,,,,,,
"=""037000513117""",ACCESSORIES,1,499,n,n,"CREST PLUS","4.2 OZ",,n,1,1,189,n,,"=""100""",,,,,,n,,,,,,,
"=""037000524014""",ACCESSORIES,1,399,n,n,"DOWNY - FABRIC SOFTNER","306 ML",,n,1,1,0,n,,"=""100""",,,,,,n,,,,,,,
"=""037000695257""",ACCESSORIES,1,1999,n,n,"Magic earaser",,,n,1,1,1200,n,,"=""100""",,,,,,n,,,,,,,
"=""037000811138""",ACCESSORIES,1,499,n,n,"FEBREZE - LINEN & SKY","2 ML",,n,1,1,0,n,,"=""100""",,,,,,n,,,,,,,
"=""037000811169""",ACCESSORIES,1,499,n,n,"FEBREZE - CAR MIDNIGHTY STORM","2 ML",,n,1,1,0,n,,"=""100""",,,,,,n,,,,,,,
"=""037000820383""",ACCESSORIES,1,799,n,n,"Mr. Clean:Extra Power - 11.8 x 6.1 x 1.8 cm (4.6 x 2.4 x 0.70 in)","4.00 CT",,n,1,1,0,n,,"=""100""",,,,,,n,,,,,,,
"=""037000847366""",ACCESSORIES,1,399,n,n,"PUFFS BASIC","=""1""",,n,1,1,0,n,,"=""100""",,,,,,n,,,,,,,
"=""037000956587""","Health & Wellness",1,199,n,n,"CREST-SCOPE CLSC 36 ml","1.2 oz",,n,1,1,71,n,,"=""100""",,,,,,n,,,,,,,
"=""037000958604""",ACCESSORIES,1,299,n,n,"BOUNCE SHEETS 15CT","15 ct",,n,1,1,0,n,,"=""100""",,,,,,n,,,,,,,
"=""037000962601""","General Merchandise",1,399,n,n,"Febreze Air Hawaiian Aloha Air Freshener (8.8 oz)","=""1""",,n,1,1,0,n,,"=""100""",,,,,,n,,,,,,,
"=""037000970828""",ACCESSORIES,1,799,n,n,"FEBREZE AIR MIST","8.8 OZ",,n,1,1,0,n,,"=""100""",,,,,,n,,,,,,,
"=""037171562006""",Water,1,603,n,n,"Real Coconut Water Watermelon 16.9 oz","16.9 OZ",,n,1,1,333,n,,"=""100""",,,,,,n,,,,,,,
"=""037398027227""",BEER,1,499,y,n,"WIESEN EDELWEISS","=""1""",,n,1,1,0,n,,"=""100""",,,,,,n,,,,,,,
"=""037600115445""",Grocery,1,599,n,n,"Spam:25% Less Sodium","12.00 OZ",,n,1,1,0,n,,"=""100""",,,,,,n,,,,,,,
"=""037600138727""",Grocery,1,699,n,n,"SPAM CLASSIC 12 OZ","12.00 OZ",,n,1,1,0,n,,"=""100""",,,,,,n,,,,,,,
"=""038000019210""",Grocery,1,249,n,n,"POP TARTS CHOCOLATE CHIPS 3.3 OZ","3.3 OZ",,n,1,1,87,n,,"=""100""",,,,,,n,,,,,,,
"=""038000116308""",Grocery,1,249,n,n,"RAISIN BRAIN 2.8 OZ CRUNCH","2.80 OZ",,n,1,1,0,n,,"=""100""",,,,,,n,,,,,,,
"=""038000138416""",Grocery,1,499,n,n,"Pringles Original Potato Chips (5.2 oz)","5.2 oz",,n,1,1,239,n,,"=""9""",,,,,,n,,,,,,,
"=""038000138430""",Grocery,1,499,n,n,"Pringles Sour Cream & Onion (5.5 oz)","5.5 OZ",,n,1,1,239,n,,"=""100""",,,,,,n,,,,,,,
"=""038000138546""","Snacks & Condiments",1,249,n,n,"Pringles BBQ Potato Chips (1.4 oz)","=""55""",,n,1,1,0,n,,"=""100""",,,,,,n,,,,,,,
"=""038000138607""","Chips - Other",1,499,n,n,"Pringles Salt & Vinegar","5.2 oz",,n,1,1,239,n,,"=""100""",,,,,,n,,,,,,,
"=""038000138638""",Grocery,1,499,n,n,"Pringles Pizza","5.5 OZ",,n,1,1,239,n,,"=""100""",,,,,,n,,,,,,,
"=""038000138720""","Snacks & Condiments",1,499,n,n,"Pringles Ranch Potato Chips (5.2 oz)","5.2 oz",,n,1,1,239,n,,"=""100""",,,,,,n,,,,,,,
"=""038000169113""","Chips - Other",1,249,n,n,"PRINGLES PIZZA","2.5 oz",,n,1,1,118,n,,"=""100""",,,,,,n,,,,,,,
"=""038000183690""","Chips - Other",1,199,n,n,"BBQ PRINGLES","2.5 oz",,n,1,1,0,n,,"=""100""",,,,,,n,,,,,,,
"=""038000183713""",Grocery,1,399,n,n,"Pringles BBQ Potato Chips (5.5 oz)",5.57OZ,,n,1,1,0,n,,"=""100""",,,,,,n,,,,,,,
"=""038000183737""",Grocery,1,199,n,n,"PRINGLES BBQ",,,n,1,1,0,n,,"=""100""",,,,,,n,,,,,,,
"=""038000219474""",Grocery,1,199,n,n,"CORN POPS 0.95 OZ","0.95 OZ",,n,1,1,0,n,,"=""100""",,,,,,n,,,,,,,
"=""038000264481""",Grocery,1,299,n,n,"RICE KRISPIES RAINBOW 2.1 OZ","2.1 OZ",,n,1,1,0,n,,"=""100""",,,,,,n,,,,,,,
"=""038000280733""",Grocery,1,199,n,n,RICEKRISES,"1.06 OZ",,n,1,0,0,n,,"=""98""",,,,,,n,,,,,,,
"=""038000281426""","Hanging Snacks",1,299,n,n,"PRINGLES MINGLES",,,n,1,1,0,n,,"=""100""",,,,,,n,,,,,,,
"=""038000282584""","Hanging Snacks",1,299,n,n,"MINGLES PRINGLES",,,n,1,1,0,n,,"=""100""",,,,,,n,,,,,,,
"=""038000296093""",Grocery,1,299,n,n,"NUTRI GRAIN 10 G PROTEIN 2.2 OZ","2.2 oz",,n,1,1,0,n,,"=""100""",,,,,,n,,,,,,,
"=""038000296154""",Grocery,1,299,n,n,"POP TART STBROWNIE CRUNCH 2.1 OZ","2.1 OZ",,n,1,0,0,n,,"=""100""",,,,,,n,,,,,,,
"=""038000299315""",Grocery,1,299,n,n,"POP TARTS BROWNIE CRUNCH 2.1 OZ","2.1 OZ",,n,1,0,0,n,,"=""100""",,,,,,n,,,,,,,
"=""038000299360""",Grocery,1,299,n,n,"POP TARTS STRAWBERRY CRUNCH 2.1 OZ","2.1 OZ",,n,1,0,0,n,,"=""100""",,,,,,n,,,,,,,
"=""038000302503""",Grocery,1,299,n,n,"RICEKRISPIES MEGA SIZE","2.1 OZ",,n,1,1,137,n,,"=""100""",,,,,,n,,,,,,,
"=""038000303166""",Grocery,1,199,n,n,"RICE KRISPIES CHOCOLATE PEANUT BUTTER","1.5 OZ",,n,1,1,0,n,,"=""100""",,,,,,n,,,,,,,
"=""038000304989""",Grocery,1,499,n,n,PRINGLES,"5.5 OZ",,n,1,1,239,n,,"=""100""",,,,,,n,,,,,,,
"=""038000305009""",Grocery,1,487,n,n,"Pringles Hot Ones","5.5 OZ",,n,1,1,239,n,,"=""100""",,,,,,n,,,,,,,
"=""038000310317""",Grocery,1,299,n,n,"POP TART BLUEBERRY 3.3  OZ","3.3 OZ",,n,1,1,100,n,,"=""100""",,,,,,n,,,,,,,
"=""038000311314""",Grocery,1,249,n,n,"POP TART BRWN SUGAR CINAMON 3.3 OZ `","3.3 OZ",,n,1,1,100,n,,"=""100""",,,,,,n,,,,,,,
"=""038000317316""",Grocery,1,249,n,n,"Kellogg's Pop Tarts Frosted Strawberry","3.67 OZ",,n,1,1,87,n,,"=""100""",,,,,,n,,,,,,,
"=""038000318405""",Grocery,1,299,n,n,"Kellogg's Pop Tarts:Frosted Cherry","3.67 OZ",,n,1,1,100,n,,"=""100""",,,,,,n,,,,,,,
"=""038000356216""",Grocery,1,149,n,n,"NUTRI GRAIN APPLE","1.30 OZ",,n,1,1,73,n,,"=""100""",,,,,,n,,,,,,,
"=""038000357213""",Grocery,1,149,n,n,"NUTNI GRAIN BLUEBERRY","1.30 OZ",,n,1,1,73,n,,"=""100""",,,,,,n,,,,,,,
"=""038000358210""",Grocery,1,149,n,n,"NUTRI GRAIN RASPBERY 1.3 OZ","1.3 OZ",,n,1,1,73,n,,"=""100""",,,,,,n,,,,,,,
"=""038000359217""",Grocery,1,149,n,n,NUTRI-GRAIN,370G,,n,1,1,73,n,,"=""100""",,,,,,n,,,,,,,
"=""038000581717""",Grocery,1,299,n,n,"POP TARTS SMORES 3.3 OZ","3.3 OZ",,n,1,1,100,n,,"=""100""",,,,,,n,,,,,,,
"=""038000590955""",Grocery,1,299,n,n,"RICE KRISPIES DOUBLE CHOCLATE CHUNK 3 OZ","3 OZ",,n,1,1,0,n,,"=""100""",,,,,,n,,,,,,,
"=""038000590993""",Grocery,1,299,n,n,"RICEKRISPIES TREAT ORIGINAL 2.2 OZ","2.2 OZ",,n,1,1,133,n,,"=""100""",,,,,,n,,,,,,,
"=""038000635304""",Grocery,1,249,n,n,"FROOT LOOPS 1.5 OZ","1.50 OZ",,n,1,1,0,n,,"=""100""",,,,,,n,,,,,,,
"=""038000765414""",Grocery,1,199,n,n,"RICE KRISPIES ORIGINAL 1.3 OZ","1.3 OZ",,n,1,1,71,n,,"=""100""",,,,,,n,,,,,,,
"=""038000845246""","Chips - Other",1,249,n,n,"PRINGLES ORGNL 2.3 Z","2.5 oz",,n,1,1,118,n,,"=""100""",,,,,,n,,,,,,,
"=""038000845260""","Chips - Other",1,249,n,n,"PRINGLES CHDR 2.5 OZ","2.5 oz",,n,1,1,118,n,,"=""100""",,,,,,n,,,,,,,
"=""038000845512""","Chips - Other",1,249,n,n,"Pringles Original Potato Crisps","1.3 Oz",,n,1,1,0,n,,"=""100""",,,,,,n,,,,,,,
"=""038000845529""","Chips - Other",1,249,n,n,"Pringles:Sour Cream & Onion","1.41 OZ",,n,1,1,75,n,,"=""100""",,,,,,n,,,,,,,
"=""038000845536""","Chips - Other",1,199,n,n,"PRINGLES CHEDDAR CHEESE 1.4OZ","1.4 oz",,n,1,1,0,n,,"=""100""",,,,,,n,,,,,,,
"=""038200000162""",Grocery,1,399,n,n,"TAPATIO PICKLE",,,n,1,1,79,n,,"=""100""",,,,,,n,,,,,,,
"=""038200000902""","Pantry & Grocery Extras",1,249,n,n,"Van Holten's Big Papa Hearty Dill Pickle (2 oz)","13.20 OZ",,n,1,1,0,n,,"=""100""",,,,,,n,,,,,,,
"=""038200000926""",Grocery,1,599,n,n,"Van Holten's Hot Mama:One Sassy Pickle","13.20 OZ",,n,1,1,0,n,,"=""100""",,,,,,n,,,,,,,
"=""038200001008""",Grocery,1,599,n,n,"PICKLE IN-A POUCH",,,n,1,0,0,n,,"=""100""",,,,,,n,,,,,,,
"=""038346930125""",CIGARS,1,1399,n,n,"Helix Cylinder",,,n,1,1,726,n,,"=""100""",,,,,,n,,,,,,,
"=""038346930149""",CIGARS,1,1599,n,n,"Don Tomas","=""2""",,n,1,1,827,n,,"=""100""",,,,,,n,,,,,,,
"=""038766302144""","Import Beer",1,449,n,n,"ASAHI SUPER DRY 21OZ","21 oz",,n,2,1,265,n,,"=""20""",,,,,,n,,,,,,,
"=""038766361202""","Import Beer",1,1399,n,n,"Asahi Super Dry Bottles (11 oz x 6 ct)","11.2 oz 6 pk",,n,6,1,861,n,,"=""100""",,,,,,n,,,,,,,
"=""038900004736""",Juice,1,464,n,n,"Dole Canned Fruit Chunks in 100% Pineapple Juice","20.00 OZ",,n,1,1,254,n,,"=""12""",,,,,,n,,,,,,,
"=""038900008185""","Drinks & Mixers",1,499,n,n,"Dole 100% Canned Pineapple Juice (46 oz)","46.00 FL OZ",,n,1,1,0,n,,"=""100""",,,,,,n,,,,,,,
"=""038900009144""",Juice,1,225,n,n,"Dole Pineapple Juice","6 Oz",,n,1,1,0,n,,"=""100""",,,,,,n,,,,,,,
"=""038900009472""","Drinks & Mixers",1,549,n,n,"Dole Pineapple Juice Can (6 oz)","6.00 PK",,n,1,1,0,n,,"=""100""",,,,,,n,,,,,,,
"=""038900009632""",Juice,1,199,n,n,"DOLE PINEAPPLE","8 FL OZ",,n,1,1,90,n,,"=""2""",,,,,,n,,,,,,,
"=""039000086639""",Grocery,1,199,n,n,"Libby's: Vienna Sausage","4.6 oz",,n,1,1,89,n,,"=""100""",,,,,,n,,,,,,,
"=""039383005944""",Whiskey,1,4499,n,n,"Michters American Whiskey 750ml","750 ML",,n,2,1,0,n,,"=""100""",,,,,,n,,,,,,,
"=""039383006507""",Whiskey,1,5081,n,n,"Michters Rye",750ml,,n,2,1,3300,n,,"=""100""",,,,,,n,,,,,,,
"=""039383007184""",Whiskey,1,5081,n,n,"Michters Bourbon",750ml,,n,2,1,3300,n,,"=""100""",,,,,,n,,,,,,,
"=""039383009072""",Whiskey,1,4999,n,n,"MITCHER 750ML SMSMALL BATCH","750 ML",,n,2,1,0,n,,"=""100""",,,,,,n,,,,,,,
"=""039675777771""","Chips - Other",1,499,n,n,"HAVEA CORN CHIPS 4",113g,,n,1,1,254,n,,"=""100""",,,,,,n,,,,,,,
"=""040000000310""",CHOCOLATE,1,299,n,n,"M&M's Chocolate Candy","1.69 OZ",,n,1,1,0,n,,"=""100""",,,,,,n,,,,,,,
"=""040000000327""",CHOCOLATE,1,299,n,n,"M&MS PEANUT 1.74 OZ","1.74 OZ",,n,1,1,0,n,,"=""100""",,,,,,n,,,,,,,
"=""040000000518""",Gummy,1,299,n,n,"STARBURST ORIGINAL 2.07 OZ","2.07 OZ",,n,1,1,0,n,,"=""100""",,,,,,n,,,,,,,
"=""040000001041""",CHOCOLATE,1,249,n,n,"MILKEY WAY MIDNIGHT","1.76 OZ",,n,1,1,0,n,,"=""100""",,,,,,n,,,,,,,
"=""040000001058""",CHOCOLATE,1,299,n,n,"Snickers Almond Bar","1.76 OZ",,n,1,1,115,n,,"=""100""",,,,,,n,,,,,,,
"=""040000001447""",CHOCOLATE,1,299,n,n,"M&M's Peanut Butter Chocolate Candies","1.63 OZ",,n,1,1,115,n,,"=""99""",,,,,,n,,,,,,,
"=""040000001607""",Gummy,1,299,n,n,"SKITTLES ORIGINAL 2.17 OZ","2.17 OZ",,n,1,1,0,n,,"=""100""",,,,,,n,,,,,,,
"=""040000001621""",Gummy,1,299,n,n,"SKITTLES WILD BERRY 2.17 OZ","2.17 OZ",,n,1,1,0,n,,"=""100""",,,,,,n,,,,,,,
"=""040000001638""",Gummy,1,249,n,n,"SKITTLES TROPICAL 2.17 OZ","2.17 OZ",,n,1,1,0,n,,"=""100""",,,,,,n,,,,,,,
"=""040000002239""","Snacks & Condiments",1,299,n,n,"M&M's Peanut Butter Share Size","3.14 oz",,n,1,1,0,n,,"=""100""",,,,,,n,,,,,,,
"=""040000002376""",CHOCOLATE,1,249,n,n,"M&M'S MINIS TUBE",1.08OZ,,n,1,1,0,n,,"=""99""",,,,,,n,,,,,,,
"=""040000002635""",CHOCOLATE,1,399,n,n,"SNICKERS SHARE SIZE",2.69OZ,,n,1,1,200,n,,"=""98""",,,,,,n,,,,,,,
"=""040000002666""",Gummy,1,299,n,n,"Skittle Bite Size Sour 1.8 oz","1.80 OZ",,n,1,1,0,n,,"=""100""",,,,,,n,,,,,,,
"=""040000004011""",CHOCOLATE,1,399,n,n,"MILKY WAY SHARE SIZE","3.63 OZ",,n,1,24,4788,n,,"=""99""",,,,,,n,,,,,,,
"=""040000004059""",CHOCOLATE,1,399,n,n,TWIX,"3.02 OZ",,n,1,1,195,n,,"=""100""",,,,,,n,,,,,,,
"=""040000004318""",CHOCOLATE,1,399,n,n,"M&M MILK CHOCLATE KING 3.14 OZ","3.14 OZ",,n,1,1,195,n,,"=""100""",,,,,,n,,,,,,,
"=""040000004325""",CHOCOLATE,1,399,n,n,"M&M PEANUT KING SIZE","=""327""",,n,1,1,0,n,,"=""100""",,,,,,n,,,,,,,
"=""040000004356""",CHOCOLATE,1,299,n,n,TWIX,1.79OZ,,n,1,1,0,n,,"=""100""",,,,,,n,,,,,,,
"=""040000004455""",Gummy,1,399,n,n,"STARBURST KING SIZE 3.45 OZ","3.45 OZ",,n,1,1,0,n,,"=""100""",,,,,,n,,,,,,,
"=""040000004608""",Gummy,1,399,n,n,"SKITTLES ORIGINAL 4 OZ","4 OZ",,n,1,1,184,n,,"=""100""",,,,,,n,,,,,,,
"=""040000004660""",Gummy,1,399,n,n,"Skittles:Bite Size Sour 3.3 OZ","3.30 OZ",,n,1,1,184,n,,"=""100""",,,,,,n,,,,,,,
"=""040000006039""",CHOCOLATE,1,399,n,n,"3 MUSKETEERS SHARE SIZE","=""328""",,n,1,1,0,n,,"=""100""",,,,,,n,,,,,,,
"=""040000006275""",CHOCOLATE,1,399,n,n,"Snickers Almond Sharing Size","3.27 Oz",,n,1,1,0,n,,"=""100""",,,,,,n,,,,,,,
"=""040000009702""",Gummy,1,299,n,n,"STRBRST FAVE REDS 2.07 OZ","2.07 OZ",,n,1,1,0,n,,"=""100""",,,,,,n,,,,,,,
"=""040000394129""",CHOCOLATE,1,274,n,n,"SNICKERS PEANUT BUTTER",1.78OZ,,n,1,1,115,n,,"=""100""",,,,,,n,,,,,,,
"=""040000422068""",CHOCOLATE,1,249,n,n,"MILKY WAY",1.84OZ,,n,1,1,0,n,,"=""100""",,,,,,n,,,,,,,
"=""040000422082""",CHOCOLATE,1,299,n,n,"3 MUSKETEERS","1.92 OZ",,n,1,1,0,n,,"=""100""",,,,,,n,,,,,,,
"=""040000424314""",CHOCOLATE,1,299,n,n,SNICKERS,"1.86 OZ",,n,1,1,115,n,,"=""100""",,,,,,n,,,,,,,
"=""040000441489""",CHOCOLATE,1,399,n,n,"SNICKERS PEANUT BUTTER SHARE SIZE",3.56OZ,,n,1,1,0,n,,"=""100""",,,,,,n,,,,,,,
"=""040000459842""",Candy,1,199,n,n,"Dove Milk Chocolate Bar (1.44 oz)","1.44 OZ",,n,1,1,0,n,,"=""100""",,,,,,n,,,,,,,
"=""040000474173""",CHOCOLATE,1,399,n,n,"M&M-S ALMOND KING 2.83 OZ","2.83 OZ",,n,1,1,0,n,,"=""100""",,,,,,n,,,,,,,
"=""040000476528""",CHOCOLATE,1,349,n,n,"M&M MINIS TUBE KING SIZE","1.77 OZ",,n,1,1,0,n,,"=""100""",,,,,,n,,,,,,,
"=""040000508830""",CHOCOLATE,1,299,n,n,"M&M CARAMEL CHOCOLATE CANDIES","=""141""",,n,1,1,0,n,,"=""100""",,,,,,n,,,,,,,
"=""040000551898""",CHOCOLATE,1,399,n,n,"TWIX SHARE SIZE COOCKIES & CREAM 2.72 OZ","2.72 OZ",,n,1,1,0,n,,"=""100""",,,,,,n,,,,,,,
"=""040000560494""",CHOCOLATE,1,399,n,n,"SNICKERS WHITE SHARE SIZE",2.84OZ,,n,1,1,199,n,,"=""13""",,,,,,n,,,,,,,
"=""040000574576""",CHOCOLATE,1,399,n,n,"TWIX KING SALTED CARAMEL SHARE SIZE","2.82 OZ",,n,1,1,0,n,,"=""100""",,,,,,n,,,,,,,
"=""040000592280""",CHOCOLATE,1,199,n,n,"SNICKERS BUTTERSCOTCH SCOOP","1.41 OZ",,n,1,1,0,n,,"=""100""",,,,,,n,,,,,,,
"=""040000592785""",CHOCOLATE,1,399,n,n,"M AND M MEGA","2.83 OZ",,n,1,0,0,n,,"=""100""",,,,,,n,,,,,,,
"=""040000602989""",CHOCOLATE,1,299,n,n,"TWIX SNICKERDOODLE",1.41OZ,,n,1,0,0,n,,"=""100""",,,,,,n,,,,,,,
"=""040000605560""",CHOCOLATE,1,399,n,n,"M&M-S ALMOND KING SHARE SIZE 2.83 OZ","2.83 OZ",,n,1,1,0,n,,"=""100""",,,,,,n,,,,,,,
"=""040000610458""",Candy,1,399,n,n,"M & M  HOMEY ROASTED PEANUT","3.27 ONZ",,n,1,1,188,n,,"=""99""",,,,,,n,,,,,,,
"=""040000641254""",CHOCOLATE,1,399,n,n,twixbite,,,n,1,1,199,n,,"=""99""",,,,,,n,,,,,,,
"=""040063116782""","Import Beer",1,1099,y,n,"KIRIN LIGHT","72.00 FL OZ",,n,1,1,0,n,,"=""100""",,,,,,n,,,,,,,
"=""040063175017""",BEER,1,499,n,n,"Kirin Ichiban Brewed For Good Times","22 Oz",,n,1,1,256,n,,"=""9""",,,,,,n,,,,,,,
"=""040063175468""","Import Beer",1,1199,n,n,"KIRIN ICHIBAN 6PK 12OZ","72.00 FL OZ",,n,1,1,516,n,,"=""100""",,,,,,n,,,,,,,
"=""040063192694""",BEER,1,399,n,n,"KIRIN ICHIBAN","19.5 OZ",,n,1,1,193,n,,"=""14""",,,,,,n,,,,,,,
"=""040063400027""",Whiskey,1,5499,n,n,"FOUR ROSES SINGLE BARREL","750 ML",,n,2,1,0,n,,"=""100""",,,,,,n,,,,,,,
"=""040063400317""",Whiskey,1,4099,n,n,"FOUR ROSES SMALL BATCH","750 ML",,n,2,1,2635,n,,"=""100""",,,,,,n,,,,,,,
"=""040063400409""",Whiskey,1,4099,n,n,"FOUR ROSES BOURBON","750 ML",,n,2,1,0,n,,"=""100""",,,,,,n,,,,,,,
"=""040063400430""",Whiskey,1,4999,n,n,"FOUR ROSES BOURBON","1.75 ML",,n,2,1,0,n,,"=""100""",,,,,,n,,,,,,,
"=""040129200073""","Hanging Snacks",1,399,n,n,"ISLAND SNACKS GUMMI SHARKS",,,n,1,1,199,n,,"=""100""",,,,,,n,,,,,,,
"=""040129200325""","Hanging Snacks",1,399,n,n,PISTACHIOS,"2.5 oz",,n,1,1,199,n,,"=""100""",,,,,,n,,,,,,,
"=""040129200356""","Hanging Snacks",1,399,n,n,CASHEWS,"2.25 oz",,n,1,1,199,n,,"=""100""",,,,,,n,,,,,,,
"=""040129200486""","Hanging Snacks",1,399,n,n,"Island Snacks","=""1""",,n,1,1,199,n,,"=""100""",,,,,,n,,,,,,,
"=""040129200516""","Hanging Snacks",1,399,n,n,"ISLAND SNACKS PEANUTS","7.5 oz",,n,1,1,199,n,,"=""100""",,,,,,n,,,,,,,
"=""040129200523""","Hanging Snacks",1,399,n,n,"CHILI LEMON PEANUT","7.5 oz",,n,1,1,199,n,,"=""100""",,,,,,n,,,,,,,
"=""040129200530""","Hanging Snacks",1,399,n,n,"ISLAND SNACKS TOFFEE PEANUTS","7.5 Oz",,n,1,1,199,n,,"=""100""",,,,,,n,,,,,,,
"=""040129200561""","Hanging Snacks",1,399,n,n,"ISLAND SNACKS TROPICAL MIX","8 oz",,n,1,1,199,n,,"=""100""",,,,,,n,,,,,,,
"=""040129200585""",Grocery,1,399,n,n,"Island Snacks Japanese Peanuts (6 oz)",6oz,,n,1,1,199,n,,"=""100""",,,,,,n,,,,,,,
"=""040129200592""","Hanging Snacks",1,399,n,n,"ISLAND SNACKS CHOCOLATEW MIX","8 oz",,n,1,1,199,n,,"=""100""",,,,,,n,,,,,,,
"=""040129200615""","Hanging Snacks",1,399,n,n,"ISLAND SNACKS GUMMI BEARS","=""1""",,n,1,1,0,n,,"=""100""",,,,,,n,,,,,,,
"=""040129200622""","Hanging Snacks",1,399,n,n,"Island Snacks","=""1""",,n,1,1,199,n,,"=""100""",,,,,,n,,,,,,,
"=""040129200639""","Hanging Snacks",1,399,n,n,"MELON RINGS",,,n,1,1,199,n,,"=""100""",,,,,,n,,,,,,,
"=""040129200646""","Hanging Snacks",1,399,n,n,"PEACH RINGS","=""1""",,n,1,1,199,n,,"=""100""",,,,,,n,,,,,,,
"=""040129200868""","Hanging Snacks",1,399,n,n,"ISLAND SNACKS CHILI MANGO","4 Oz",,n,1,1,199,n,,"=""100""",,,,,,n,,,,,,,
"=""040129200967""","Hanging Snacks",1,399,n,n,"PARTY SPICY MIX","=""1""",,n,1,1,199,n,,"=""100""",,,,,,n,,,,,,,
"=""040129200974""","Hanging Snacks",1,399,n,n,"ISLAND SNACKS CHILI PEACH RINGS",,,n,1,1,199,n,,"=""100""",,,,,,n,,,,,,,
"=""040129201025""","Hanging Snacks",1,399,n,n,"SNACKS CHILI MELON RINGS",,,n,1,1,199,n,,"=""100""",,,,,,n,,,,,,,
"=""040129201186""","Hanging Snacks",1,499,n,n,"Island Snacks Fancy Isalnd Mix","7 oz",,n,1,1,190,n,,"=""100""",,,,,,n,,,,,,,
"=""040129201452""","Hanging Snacks",1,399,n,n,"HIGH ENERGY MIX",,,n,1,1,199,n,,"=""100""",,,,,,n,,,,,,,
"=""040129201858""","Hanging Snacks",1,399,n,n,"ISLAND SNACKS STRAWBERRY BELTS",,,n,1,1,199,n,,"=""100""",,,,,,n,,,,,,,
"=""040129201889""","Hanging Snacks",1,399,n,n,"ISLAND SNACKS RAINBOW BELTS",,,n,1,1,199,n,,"=""100""",,,,,,n,,,,,,,
"=""040232096716""","Wine Rosé",1,1999,n,n,"ANGELS & cowboys rose",,,n,1,1,0,n,,"=""100""",,,,,,n,,,,,,,
"=""040232096723""","Red Wine",1,2499,n,n,"ANGELS COWBOYS RED","750 ml",,n,1,1,0,n,,"=""10""",,,,,,n,,,,,,,
"=""040232288333""",Whiskey,1,5999,n,n,"FOUR ROSES SMALL BATCH SELECT","750 ML",,n,2,1,0,n,,"=""100""",,,,,,n,,,,,,,
"=""040232379123""",Whiskey,1,4599,n,n,"UNCLE NEAREST 1884 93 PROOF","750 ML",,n,2,1,2999,n,,"=""100""",,,,,,n,,,,,,,
"=""040232498282""",Shots,1,799,n,n,"FOUR ROSES SMALL BATCH SELECT","50 ML",,n,1,1,438,n,,"=""100""",,,,,,n,,,,,,,
"=""040232498299""",Shots,1,699,n,n,"FOUR ROSES SMALL BATCH SELECT 50 ML","50 ML",,n,1,1,305,n,,"=""100""",,,,,,n,,,,,,,
"=""040232555442""",Whiskey,1,5708,n,n,"Uncle Nesrest 1856 100 Proof","750 ML",,n,2,1,3699,n,,"=""100""",,,,,,n,,,,,,,
"=""040232624506""",ACCESSORIES,1,999,n,n,SQUID,"1 LB",,n,1,1,0,n,,"=""100""",,,,,,n,,,,,,,
"=""040850020124""",BEER,1,999,y,n,"FREERIDE APA",,,n,1,1,0,n,,"=""100""",,,,,,n,,,,,,,
"=""041000002854""",Grocery,1,399,n,n,"LIPTON TEA BAGS 20 BAGS TEA","20 BAGS TEA",,n,1,1,0,n,,"=""100""",,,,,,n,,,,,,,
"=""041000054143""","Ice Cream",1,399,n,n,"Strawberry Shortcake","4.00 OZ",,n,1,1,195,n,,"=""99""",,,,,,n,,,,,,,
"=""041000214899""","Ice Cream",1,399,n,n,"Reese's Peanut Butter Cup","3.30 Oz",,n,1,1,190,n,,"=""100""",,,,,,n,,,,,,,
"=""041100811233""","Health & Wellness",1,1323,n,n,"Afrin Original Nasal Spray","1/2 oz",,n,1,1,722,n,,"=""100""",,,,,,n,,,,,,,
"=""041116005190""",CHOCOLATE,1,99,n,n,"RING POP 0.5 OZ","0.5 OZ",,n,1,1,71,n,,"=""100""",,,,,,n,,,,,,,
"=""041116005343""",Gummy,1,175,n,n,"PUSH POP STRAWBERRY","0.50 OZ",,n,1,1,98,n,,"=""98""",,,,,,n,,,,,,,
"=""041116005954""","Snacks & Condiments",1,150,n,n,"Baby Bottle Pop Watermelon (1.1 oz)","1.10 OZ",,n,1,1,0,n,,"=""100""",,,,,,n,,,,,,,
"=""041116132452""","Hanging Snacks",1,499,n,n,"BAZOOKA JUICY DROP MYSTERY CUBE",,,n,1,1,308,n,,"=""10""",,,,,,n,,,,,,,
"=""041116132476""","Hanging Snacks",1,499,n,n,"BAZOOKA JUICY DROP MYSTERY CUBE WILD",,,n,1,1,308,n,,"=""8""",,,,,,n,,,,,,,
"=""041137001072""",ACCESSORIES,1,999,n,n,"Duraflame:Xtra Firelog","6.00 LB",,n,1,1,460,n,,"=""100""",,,,,,n,,,,,,,
"=""041165022001""",ACCESSORIES,1,799,n,n,"RED SOLO PLATES","=""20""",,n,1,1,424,n,,"=""100""",,,,,,n,,,,,,,
"=""041165025156""",ACCESSORIES,1,899,n,n,"SOLO BOWL 22 COUNT","=""20""",,n,1,1,424,n,,"=""100""",,,,,,n,,,,,,,
"=""041165600100""",ACCESSORIES,1,899,n,n,"SOLO CUPS","30 COUNT",,n,1,1,0,n,,"=""100""",,,,,,n,,,,,,,
"=""041167100158""",Grocery,1,125,n,n,"Rolaids Extra Strength Antacid Tablets, Mint 10ct","=""1""",,n,1,1,0,n,,"=""100""",,,,,,n,,,,,,,
"=""041167100240""",Grocery,1,200,n,n,"Rolaids Extra Strength Antacid Tablets, Fruit 10ct","10 ct",,n,1,1,0,n,,"=""100""",,,,,,n,,,,,,,
"=""041244000098""",Juice,1,245,n,n,"Martinelli's Gold Medal:Not from Concentrate","10.00 OZ",,n,1,1,125,n,,"=""2""",,,,,,n,,,,,,,
"=""041244002566""","Drinks & Mixers",1,299,n,n,"Martinelli's Gold Medal:Sparkling Cider 100% Juice","8.40 OZ",,n,1,1,0,n,,"=""100""",,,,,,n,,,,,,,
"=""041244122547""",Juice,1,799,n,n,"Sparkling cider","9.0 OZ",,n,2,1,0,n,,"=""100""",,,,,,n,,,,,,,
"=""041303003107""",Grocery,1,499,n,n,"RIPE OLIVES LARGE",,,n,1,1,0,n,,"=""100""",,,,,,n,,,,,,,
"=""041303004739""","Health & Wellness",1,399,n,n,"Essential Everyday Apple Cider Vinegar","16 oz",,n,1,1,177,n,,"=""100""",,,,,,n,,,,,,,
"=""041303010808""",Grocery,1,499,n,n,"MANZANILLA OLIVES","5.75 oz",,n,1,1,0,n,,"=""100""",,,,,,n,,,,,,,
"=""041303017302""",Grocery,1,399,n,n,"Essential Everyday Maraschino Cherries",,,n,1,1,220,n,,"=""100""",,,,,,n,,,,,,,
"=""041303017807""",Grocery,1,1763,n,n,"Extra Virgin Olive Oil","17 OZ",,n,1,1,882,n,,"=""100""",,,,,,n,,,,,,,
"=""041303023983""",ACCESSORIES,1,399,n,n,"PARTY CUP CLEAR 20PK",,,n,1,1,0,n,,"=""100""",,,,,,n,,,,,,,
"=""041303024119""",ACCESSORIES,1,299,n,n,TOOTHPICKS,250ct,,n,1,1,0,n,,"=""100""",,,,,,n,,,,,,,
"=""041321005701""",Grocery,1,399,n,n,"Wishbone Ranch Dressing","8.00 Oz",,n,1,1,187,n,,"=""100""",,,,,,n,,,,,,,
"=""041321005756""","Pantry & Grocery Extras",1,559,n,n,"Wish-Bone Ranch Dressing (12 oz)","15 oz",,n,1,1,0,n,,"=""100""",,,,,,n,,,,,,,
"=""041333116013""",ACCESSORIES,1,799,n,n,"Duracell Battery, Alkaline, 9V1","1.00 CT",,n,1,1,0,n,,"=""100""",,,,,,n,,,,,,,
"=""041333213019""",ACCESSORIES,1,699,n,n,"Duracell Coppertop D Alkaline Batteries","2 pk",,n,1,1,0,n,,"=""100""",,,,,,n,,,,,,,
"=""041333214016""",ACCESSORIES,1,699,n,n,"Duracell Coppertop C2 Alkaline Batteries",2ct,,n,1,1,0,n,,"=""100""",,,,,,n,,,,,,,
"=""041333215013""",ACCESSORIES,1,499,n,n,"Duracell Coppertop Duralock Power Preserve Aa Alkaline Batteries","2 Ea",,n,1,1,0,n,,"=""100""",,,,,,n,,,,,,,
"=""041333224015""",ACCESSORIES,1,499,n,n,"Duracell Coppertop:Two Pack","2.00 CT",,n,1,1,0,n,,"=""100""",,,,,,n,,,,,,,
"=""041333415017""",ACCESSORIES,1,699,n,n,"Duracell Coppertop:Four Pack","4.00 CT",,n,1,1,0,n,,"=""100""",,,,,,n,,,,,,,
"=""041333424019""",ACCESSORIES,1,699,n,n,"Duracell Coppertop:Four Pack","4.00 CT",,n,1,1,0,n,,"=""100""",,,,,,n,,,,,,,
"=""041333844015""",Grocery,1,549,n,n,"Duracell Batteries, Alkaline, AAA - 4 CT","8.00 CT",,n,1,1,0,n,,"=""100""",,,,,,n,,,,,,,
"=""041364002088""",Candy,1,399,n,n,"Red Vines Grape Twists Candy (5 oz)","5 OZ",,n,1,1,149,n,,"=""100""",,,,,,n,,,,,,,
"=""041364002095""",Gummy,1,399,n,n,"RED VINES ORIGINAL","5.00 OZ",,n,1,1,147,n,,"=""100""",,,,,,n,,,,,,,
"=""041364002224""",Gummy,1,199,n,n,"Red Vines:Twists, Original Red","2.00 OZ",,n,1,1,81,n,,"=""100""",,,,,,n,,,,,,,
"=""041364080154""",Gummy,1,399,n,n,"SOUR PUNCH STRAWBERRY",,,n,1,12,1532,n,,"=""100""",,,,,,n,,,,,,,
"=""041364080499""",Gummy,1,249,n,n,"SOUR PUNCH GREEN","24.00 EA",,n,1,1,81,n,,"=""100""",,,,,,n,,,,,,,
"=""041364080512""",Gummy,1,249,n,n,"SOUR PUNCH BLUE","2.00 OZ",,n,1,1,81,n,,"=""100""",,,,,,n,,,,,,,
"=""041364080529""",Gummy,1,249,n,n,"Sour Punch Straws:Zappin' Apple","2.00 OZ",,n,1,1,83,n,,"=""100""",,,,,,n,,,,,,,
"=""041364080536""",Gummy,1,249,n,n,"SOUR PUNCH RED","2.00 OZ",,n,1,1,81,n,,"=""100""",,,,,,n,,,,,,,
"=""041364086330""",Gummy,1,299,n,n,"RED VINES 4 OZ","4 oz",,n,1,1,0,n,,"=""100""",,,,,,n,,,,,,,
"=""041364086460""",Gummy,1,399,n,n,"SOUR PUNCH",,,n,1,12,1532,n,,"=""100""",,,,,,n,,,,,,,
"=""041364087306""",Gummy,1,399,n,n,"SOUR PUNCH BITES","=""199""",,n,1,1,154,n,,"=""100""",,,,,,n,,,,,,,
"=""041364087344""",Gummy,1,399,n,n,"SOUR PUNCH BITES","4.5 oz",,n,1,1,127,n,,"=""100""",,,,,,n,,,,,,,
"=""041364087382""",Candy,1,299,n,n,"Sour Punch Bites Tropical Blends Soft & Chewy Candy (5 oz)","=""1""",,n,1,1,0,n,,"=""100""",,,,,,n,,,,,,,
"=""041364087924""",Gummy,1,249,n,n,"SOUR PUNCH RAINBOW","2 oz",,n,1,1,81,n,,"=""100""",,,,,,n,,,,,,,
"=""041364089904""",Gummy,1,249,n,n,"SOUR PUNCH PURPLE",,,n,1,1,81,n,,"=""100""",,,,,,n,,,,,,,
"=""041364180045""","Hanging Snacks",1,399,n,n,"NOT SO SOUR PUNCH SWEET BITES",5oz,,n,1,1,145,n,,"=""100""",,,,,,n,,,,,,,
"=""041364545073""",Gummy,1,399,n,n,"RED VINES MOVIE MIX TWISTS",,,n,1,0,0,n,,"=""100""",,,,,,n,,,,,,,
"=""041364881317""",Gummy,1,399,n,n,"HARIBO HAPPY COLA",,,n,1,12,1532,n,,"=""100""",,,,,,n,,,,,,,
"=""041364881720""",Gummy,1,399,n,n,"SOUR PUNCH SCOR STRAWS 4.5OZ",,,n,1,1,0,n,,"=""100""",,,,,,n,,,,,,,
"=""041364881928""",Gummy,1,499,n,n,"SOUR PUNCH FILLED STRAWS BLUE RAZ LEMONADE","0.5 OZ",,n,1,1,190,n,,"=""100""",,,,,,n,,,,,,,
"=""041388210216""","Health & Wellness",1,499,n,n,"Blistex:Medicated Lip Ointment","0.21 OZ",,n,1,1,246,n,,"=""100""",,,,,,n,,,,,,,
"=""041388220550""",ACCESSORIES,1,499,n,n,"Blistex Complete Moisture",,,n,1,1,249,n,,"=""100""",,,,,,n,,,,,,,
"=""041388220611""","Health & Wellness",1,599,n,n,"Medicated Lip Balm","=""015""",,n,1,1,113,n,,"=""100""",,,,,,n,,,,,,,
"=""041390000010""",Grocery,1,199,n,n,"KIKKOMAN SOY SAUCE 5","5.00 OZ",,n,1,1,0,n,,"=""100""",,,,,,n,,,,,,,
"=""041390000041""",Grocery,1,179,n,n,"KIKKOMAN TERIYAKI 5","5.00 FL OZ",,n,1,1,0,n,,"=""100""",,,,,,n,,,,,,,
"=""041420023705""",Gummy,1,399,n,n,"TROLLI TROPICAL LIAMAS  4.25","=""425""",,n,1,1,0,n,,"=""100""",,,,,,n,,,,,,,
"=""041420027161""",Gummy,1,399,n,n,"TROLLI ALL STAR MIX 4.25 OZ","4.25 OZ",,n,1,1,165,n,,"=""100""",,,,,,n,,,,,,,
"=""041420045141""",Gummy,1,974,n,n,"Trolli Sour Brite",,,n,1,1,483,n,,"=""100""",,,,,,n,,,,,,,
"=""041420045691""",Gummy,1,199,n,n,"NERDS ROPE RAINBO 0.92 OZ","0.92 OZ",,n,1,1,0,n,,"=""100""",,,,,,n,,,,,,,
"=""041420045707""",Gummy,1,199,n,n,"NERDS ROPE VERY BERRY 0.92 OZ","0.92 OZ",,n,1,1,0,n,,"=""100""",,,,,,n,,,,,,,
"=""041420048555""",Gummy,1,534,n,n,"Trolli Fruit Punch","8 PK",,n,1,1,269,n,,"=""100""",,,,,,n,,,,,,,
"=""041420065682""",Gummy,1,499,n,n,"TROLLI SOUR BURSTING CRAWLERS","8 PK",,n,1,1,269,n,,"=""100""",,,,,,n,,,,,,,
"=""041420065774""",Gummy,1,399,n,n,"TROLLI SOUR BUTSTING CRAWLERS  4.25 OZ",,,n,1,1,165,n,,"=""100""",,,,,,n,,,,,,,
"=""041420069949""",Gummy,1,399,n,n,"TROLLI GUMMY SOUR BRITE CRAWLERS FRUIT",,,n,1,1,158,n,,"=""100""",,,,,,n,,,,,,,
"=""041420078156""",Gummy,1,399,n,n,"TROLL SOUR CRWLS 5OZ","5 oz",,n,1,1,165,n,,"=""100""",,,,,,n,,,,,,,
"=""041420080234""",Gummy,1,499,n,n,"TROLLI SOUR ELECTRIC CRAWLERS","8 PK",,n,1,1,269,n,,"=""100""",,,,,,n,,,,,,,
"=""041420080265""",Gummy,1,399,n,n,"TROLL SOUR CRWLS 4.25 OZ","4.25 OZ",,n,1,1,0,n,,"=""100""",,,,,,n,,,,,,,
"=""041420084720""",Gummy,1,499,n,n,"TROLLI SOUR BRITE","8 PK",,n,1,1,269,n,,"=""100""",,,,,,n,,,,,,,
"=""041420084744""",Gummy,1,399,n,n,"TROLLI SQUAD 4.25 OZ",,,n,1,1,165,n,,"=""100""",,,,,,n,,,,,,,
"=""041420087653""",Gummy,1,399,n,n,"Trolli Mount dew",,,n,1,1,163,n,,"=""100""",,,,,,n,,,,,,,
"=""041420115875""",Gummy,1,399,n,n,"TROLLI VERY BERRY 5 OZ","5 OZ",,n,1,1,175,n,,"=""100""",,,,,,n,,,,,,,
"=""041420126031""",Gummy,1,399,n,n,"LEMONHEAD ORIGINAL 5 OZ","5 OZ",,n,1,1,0,n,,"=""100""",,,,,,n,,,,,,,
"=""041420528972""",Gum,1,99,n,n,"Now & Later (soft) Banana","6 ct",,n,1,1,35,n,,"=""100""",,,,,,n,,,,,,,
"=""041433009543""",Grocery,1,899,n,n,"MARKET SANDWICH  TUNA  SALAD",,,n,1,1,309,n,,"=""100""",,,,,,n,,,,,,,
"=""041500000251""",Grocery,1,199,n,n,"French's Classic Yellow (8 oz)","14.00 OZ",,n,1,1,0,n,,"=""100""",,,,,,n,,,,,,,
"=""041500007007""","Snacks & Condiments",1,399,n,n,"FRENCH'S CLASSIC YELLOW MUSTARD","8 OZ",,n,1,1,0,n,,"=""100""",,,,,,n,,,,,,,
"=""041500805016""",Grocery,1,399,n,n,"Frank's Red Hot Sauce Original","5.00 FL OZ",,n,1,1,220,n,,"=""100""",,,,,,n,,,,,,,
"=""041508800075""",Water,1,199,n,n,"SAN PELLEGRINO SPARKLING WATER 8.45OZ","8.45 FL OZ",,n,1,1,96,n,,"=""24""",,,,,,n,,,,,,,
"=""041508800082""",Water,1,220,n,n,"SAN PELLEGRINO SPARKLING WATER 16.9OZ","500.00 ML",,n,1,1,104,n,,"=""24""",,,,,,n,,,,,,,
"=""041508800129""",Water,1,449,n,n,"SAN PELLEGRINO SPARKLING WATER 25.4OZ","750.00 ML",,n,2,1,203,n,,"=""30""",,,,,,n,,,,,,,
"=""041508803052""",Water,1,199,n,n,"S. PELLEGRINO ZERO CALORIES","11.15 ONZ",,n,1,0,0,n,,"=""100""",,,,,,n,,,,,,,
"=""041508803069""",Water,1,1199,n,n,"S. PELLECRINO UNFLAVERED SPARKLING","8 CAN",,n,8,1,619,n,,"=""100""",,,,,,n,,,,,,,
"=""041548825533""","Pantry & Grocery Extras",1,499,n,n,"Nestle Dibs Crunch Bite Sized Frozen Dairy Dessert Snacks (4 oz)","4.00 FL OZ",,n,1,1,0,n,,"=""100""",,,,,,n,,,,,,,
"=""041570051795""","Hanging Snacks",1,199,n,n,"BD SMOKEHOUSE 1.5 OZ","1.50 OZ",,n,1,1,103,n,,"=""100""",,,,,,n,,,,,,,
"=""041570051801""","Hanging Snacks",1,199,n,n,"BD ROASTED SALT 1.5","1.50 OZ",,n,1,1,103,n,,"=""100""",,,,,,n,,,,,,,
"=""041570051818""","Hanging Snacks",1,199,n,n,"BD NATURAL 1.5 OZ","1.50 OZ",,n,1,1,103,n,,"=""100""",,,,,,n,,,,,,,
"=""041570052303""","Hanging Snacks",1,199,n,n,"Blue diamond WASABI&SOY 1.5","1.5 oz",,n,1,1,103,n,,"=""99""",,,,,,n,,,,,,,
"=""041570055120""","Hanging Snacks",1,199,n,n,"BD HABANERO BBQ 1.5","1.50 OZ",,n,1,1,103,n,,"=""100""",,,,,,n,,,,,,,
"=""041570055762""","Hanging Snacks",1,199,n,n,"BD SALT&VINEGUR 1.5","1.50 OZ",,n,1,1,103,n,,"=""100""",,,,,,n,,,,,,,
"=""041570110232""","Hanging Snacks",1,199,n,n,"BD LITE SALT 1.5 OZ","1.50 oz",,n,1,1,103,n,,"=""100""",,,,,,n,,,,,,,
"=""041570110539""","Hanging Snacks",1,199,n,n,"BLUE DIAMOND SIRACHA","1.5 oz",,n,1,1,103,n,,"=""100""",,,,,,n,,,,,,,
"=""041570143582""","Hanging Snacks",1,199,n,n,"BLUE DIAMOND SPICY DILL PICKLE",,,n,1,1,103,n,,"=""100""",,,,,,n,,,,,,,
"=""041570150160""","Hanging Snacks",1,199,n,n,"Blue Diamond Chill Lime","1.5 oz",,n,1,1,103,n,,"=""100""",,,,,,n,,,,,,,
"=""041570152508""","Snacks & Condiments",1,199,n,n,"BLUE DIAMOND ALMONDS HOT HONEY",,,n,1,1,103,n,,"=""100""",,,,,,n,,,,,,,
"=""041594424032""",ACCESSORIES,1,899,n,n,"50 cups","50 ct 16 oz",,n,1,1,375,n,,"=""100""",,,,,,n,,,,,,,
"=""041689112059""",ACCESSORIES,1,1999,n,n,ZIPPO,,,n,1,1,917,n,,"=""100""",,,,,,n,,,,,,,
"=""041689300494""",ACCESSORIES,1,599,n,n,"ZIPPO LIGHTER FLUID 4OZ","4.50 FL OZ",,n,1,1,249,n,,"=""3""",,,,,,n,,,,,,,
"=""041755000501""",Juice,1,295,n,n,"LANGERS APPLE JUICE","15.2  FL OZ",,n,1,1,116,n,,"=""9""",,,,,,n,,,,,,,
"=""041755000532""",Juice,1,295,n,n,"LANGERS RUBY RED 15.2OZ","15.2 oz",,n,1,1,133,n,,"=""100""",,,,,,n,,,,,,,
"=""041755000556""",Juice,1,295,n,n,"LANGERS CRANBERRY 15.2OZ","15.2  OZ",,n,1,1,116,n,,"=""100""",,,,,,n,,,,,,,
"=""041755000587""",Juice,1,295,n,n,"LANGERS  FRUIT PUNCH 15.2OZ","15.2 OZ",,n,1,1,122,n,,"=""100""",,,,,,n,,,,,,,
"=""041755000709""",Juice,1,295,n,n,"LANGERS GRAPE 15.2OZ","15.2 OZ",,n,1,1,116,n,,"=""100""",,,,,,n,,,,,,,
"=""041755000761""",Juice,1,295,n,n,"LANGERS MANGO NECTAR 15.2OZ","15.2 OZ",,n,1,1,122,n,,"=""100""",,,,,,n,,,,,,,
"=""041755001065""","Drinks & Mixers",1,490,n,n,"Langers Apple Juice (64 oz)","64.00 FL OZ",,n,1,1,0,n,,"=""100""",,,,,,n,,,,,,,
"=""041755001201""",Juice,1,390,n,n,"LANGERS MANGO 32OZ","32.00 OZ",,n,1,1,109,n,,"=""100""",,,,,,n,,,,,,,
"=""041755001270""",Juice,1,390,n,n,"Langers:Pomegranate from Concentrate","32.00 FL OZ",,n,1,1,196,n,,"=""7""",,,,,,n,,,,,,,
"=""041755001317""",Juice,1,340,n,n,"LANGERS GRAPE 32OZ","32 oz",,n,1,1,0,n,,"=""100""",,,,,,n,,,,,,,
"=""041755008200""",Juice,1,499,n,n,Langers:Cranberry,"32.00 FL OZ",,n,2,1,196,n,,"=""100""",,,,,,n,,,,,,,
"=""041755008323""",Juice,1,340,n,n,"LANGERS CRANBERRY 32 OZ","32.00 OZ",,n,1,1,0,n,,"=""100""",,,,,,n,,,,,,,
"=""041755150060""",Juice,1,295,n,n,"LANGERS BLUE RASPBERRY FRUIT PPUNCH","15.2 oz",,n,1,1,0,n,,"=""100""",,,,,,n,,,,,,,
"=""041755150091""",Juice,1,295,n,n,"LANGERS ORANGE 15.2OZ","15.2 oz",,n,1,1,116,n,,"=""100""",,,,,,n,,,,,,,
"=""041755200024""",Juice,1,295,n,n,"LANGERS PINEAPPLE 15.2OZ","15.2 OZ",,n,1,1,0,n,,"=""100""",,,,,,n,,,,,,,
"=""041755200031""",Juice,1,294,n,n,"LANGERS PINEAPPLE 12/15.2 PL","16.00 FL OZ",,n,1,1,116,n,,"=""24""",,,,,,n,,,,,,,
"=""041789001116""",Grocery,1,199,n,n,"Maruchan:Instant Lunch, Lime Chili Chicken Flavor","2.25 OZ",,n,1,1,0,n,,"=""100""",,,,,,n,,,,,,,
"=""041789001154""",Grocery,1,199,n,n,"Maruchan instant lunch lime chili","=""1""",,n,1,12,966,n,,"=""100""",,,,,,n,,,,,,,
"=""041789001215""",Grocery,1,199,n,n,"MARUCHAN INSTANT LUNCH CHICKEN FLAVOR","2.25 OZ",,n,1,1,81,n,,"=""100""",,,,,,n,,,,,,,
"=""041789001222""",Grocery,1,199,n,n,"MARUCHAN INSTANT LUNCH BEEF","2.25 OZ",,n,1,1,80,n,,"=""100""",,,,,,n,,,,,,,
"=""041789001253""",Grocery,1,199,n,n,"MARUCHAN INSTANT LUNCH WITH SHRIMP","2.25 OZ",,n,1,1,80,n,,"=""100""",,,,,,n,,,,,,,
"=""041789001420""",Grocery,1,149,n,n,"Maruchan Instant Lunch:Hot & Spicy Beef","2.25 OZ",,n,1,1,0,n,,"=""100""",,,,,,n,,,,,,,
"=""041789001437""",Grocery,1,199,n,n,"Maruchan Instant Lunch Hot & Spicy Chicken Flavor Ramen Noodle Soup","2.25 OZ",,n,1,1,81,n,,"=""100""",,,,,,n,,,,,,,
"=""041789001444""",Grocery,1,299,n,n,"Maruchan Instant Lunch:Hot & Spicy with Shrimp041789001253","2.25 OZ",,n,1,1,0,n,,"=""100""",,,,,,n,,,,,,,
"=""041789002113""",Grocery,1,99,n,n,"MARUCHAN RAMEN NOODLE SOUPE CHICKEN","3 OZ",,n,1,1,0,n,,"=""100""",,,,,,n,,,,,,,
"=""041789002120""",Grocery,1,99,n,n,"MARUCHAN RAMEN NOODLE SOUP","3 OZ",,n,1,1,0,n,,"=""100""",,,,,,n,,,,,,,
"=""041789002175""",Grocery,1,99,n,n,"MARUCHAN RAMEN NOODLE SOUPE SHRIMP","3 OZ",,n,1,1,0,n,,"=""100""",,,,,,n,,,,,,,
"=""041789008320""",Grocery,1,399,n,n,"MARUCHAN RICE BOWL MEXICAN RICE 4.02 OZ","4.02 OZ",,n,1,0,0,n,,"=""100""",,,,,,n,,,,,,,
"=""042100000061""","Chewing Tobacco",1,1199,n,n,"Grizzly Straight Pouches","1.2 Oz",,n,1,1,0,n,,"=""100""",,,,,,n,,,,,,,
"=""042100002942""","Chewing Tobacco",1,1199,n,n,"Kodiak Wintergreen Moist Snuff","1.2 Oz",,n,1,1,0,n,,"=""100""",,,,,,n,,,,,,,
"=""042100005431""",Pouches,1,1199,n,n,"Grizzy Pouches Wintergreen","1.2 Oz",,n,1,1,740,n,,"=""100""",,,,,,n,,,,,,,
"=""042100005523""","Chewing Tobacco",1,1099,n,n,"GRIZZLY SNUFF","=""1""",,n,1,1,0,n,,"=""100""",,,,,,n,,,,,,,
"=""042100007930""","Chewing Tobacco",1,1199,n,n,"Kodiak Long Cut Straight Dsp","1.00 EA",,n,1,1,0,n,,"=""100""",,,,,,n,,,,,,,
"=""042100008715""",Pouches,1,1399,n,n,"Grizzly Long Cut Wintergreen","1.20 OZ",,n,1,1,740,n,,"=""100""",,,,,,n,,,,,,,
"=""042100008739""","Chewing Tobacco",1,1199,n,n,"Grizzley Fine Cut   Upc Cpt Grizzley","1.00 EA",,n,1,1,0,n,,"=""100""",,,,,,n,,,,,,,
"=""042100008869""","Chewing Tobacco",1,1199,n,n,"Grizzly Long Cut Straight","1.20 OZ",,n,1,1,0,n,,"=""100""",,,,,,n,,,,,,,
"=""042100025392""",Pouches,1,899,n,n,"grizzly snus",,,n,1,0,0,n,,"=""100""",,,,,,n,,,,,,,
"=""042200003320""",Juice,1,479,n,n,"Shasta:Tiki Punch","2.00 LT",,n,1,1,133,n,,"=""100""",,,,,,n,,,,,,,
"=""042238301832""",Candy,1,299,n,n,"Haribo Gold Bears Gummy Candy (2 oz)","2.00 OZ",,n,1,1,0,n,,"=""100""",,,,,,n,,,,,,,
"=""042238302211""",Gummy,1,399,n,n,"HARIBO GOLD BEARS","5 oz",,n,1,1,135,n,,"=""100""",,,,,,n,,,,,,,
"=""042238305007""",Gummy,1,399,n,n,"HARIBO THE SMURFS","4 oz",,n,1,1,125,n,,"=""99""",,,,,,n,,,,,,,
"=""042238309777""",Gummy,1,399,n,n,"HARIO CHERRIES 5 OZ","5.00 OZ",,n,1,1,125,n,,"=""100""",,,,,,n,,,,,,,
"=""042238312210""",Gummy,1,399,n,n,"HARIBO SOUR BEARS","4.5 Oz",,n,1,1,125,n,,"=""100""",,,,,,n,,,,,,,
"=""042238312371""","Hanging Snacks",1,399,n,n,Haribosourbears,,,n,1,1,125,n,,"=""100""",,,,,,n,,,,,,,
"=""042238323100""",Gummy,1,399,n,n,"Habiro Happy Cola","4 oz",,n,1,1,0,n,,"=""100""",,,,,,n,,,,,,,
"=""042238323643""",Gummy,1,399,n,n,"HARIBO HAPPY COLA","5.00 OZ",,n,1,1,135,n,,"=""100""",,,,,,n,,,,,,,
"=""042238323971""",GUMMIES,1,499,n,n,"Haribo:Gummi Candy, Fizzy Cola","5.00 OZ",,n,1,1,0,n,,"=""100""",,,,,,n,,,,,,,
"=""042238341210""",Gummy,1,399,n,n,"HARIBO DINOSAURS","5 oz",,n,1,1,125,n,,"=""100""",,,,,,n,,,,,,,
"=""042238358898""",Gummy,1,399,n,n,"HARIBO SOUR","5.00 OZ",,n,1,1,136,n,,"=""100""",,,,,,n,,,,,,,
"=""042238372665""",Candy,1,200,n,n,"Haribo Mega Roulette Gummy Candy (1.59 oz)",,,n,1,1,0,n,,"=""100""",,,,,,n,,,,,,,
"=""042238377554""",Gummy,1,399,n,n,"HARIBO TWIN SNACKES","5 oz",,n,1,1,135,n,,"=""100""",,,,,,n,,,,,,,
"=""042238380868""",Gummy,1,399,n,n,"HARIBO PEACHES","5.00 OZ",,n,1,1,125,n,,"=""100""",,,,,,n,,,,,,,
"=""042238472556""",Gummy,1,399,n,n,"HARIBO FROGS","5.00 OZ",,n,1,1,0,n,,"=""100""",,,,,,n,,,,,,,
"=""042238705234""","Snacks & Condiments",1,399,n,n,"Haribo Berries Gummi Candy (5 oz)","5.00 OZ",,n,1,1,136,n,,"=""100""",,,,,,n,,,,,,,
"=""042238722125""",Candy,1,199,n,n,"Haribo Starmix Gummi Candy (4 oz)",,,n,1,1,0,n,,"=""100""",,,,,,n,,,,,,,
"=""042238723320""",Gummy,1,399,n,n,"HARIBO WATERMELON",,,n,1,1,125,n,,"=""100""",,,,,,n,,,,,,,
"=""042238723504""",Gatorade,1,399,n,n,"HARIBO FROGS",4g,,n,1,1,125,n,,"=""100""",,,,,,n,,,,,,,
"=""042238723580""","Hanging Snacks",1,399,n,n,"HARIBO GUMMIES",,,n,1,1,125,n,,"=""100""",,,,,,n,,,,,,,
"=""042238723641""",Gummy,1,399,n,n,"HARIBO FUNTASTIC MIX",,,n,1,1,125,n,,"=""100""",,,,,,n,,,,,,,
"=""042238724563""",Gummy,1,399,n,n,"HARIBO STARMIX",,,n,1,1,125,n,,"=""100""",,,,,,n,,,,,,,
"=""042238724938""",Gummy,1,399,n,n,"HARIBO BERRY CLOUDS","4.1 OZ",,n,1,1,125,n,,"=""100""",,,,,,n,,,,,,,
"=""042238725201""",Gummy,1,399,n,n,"HARIBO TWIN SNACKES UNICORN-I-LICIOUS",,,n,1,1,125,n,,"=""100""",,,,,,n,,,,,,,
"=""042238725331""",Gummy,1,399,n,n,"HARIBO STARMIX",,,n,1,1,125,n,,"=""100""",,,,,,n,,,,,,,
"=""042238726239""",Gummy,1,399,n,n,"HARIBO GOLDBEARS WILDBERRY",,,n,1,1,125,n,,"=""100""",,,,,,n,,,,,,,
"=""042238727328""",Gummy,1,399,y,n,"haribo sour sodas",,,n,1,1,138,n,,"=""100""",,,,,,n,,,,,,,
"=""042238750036""",Gummy,1,399,n,n,"SOUR STREAMERS",,,n,1,1,125,n,,"=""100""",,,,,,n,,,,,,,
"=""042300445747""",Whiskey,1,11999,n,n,"NIKKA WHISKY SMAL TYOICHI","750 ML",,n,2,1,7489,n,,"=""100""",,,,,,n,,,,,,,
"=""042300449875""",Whiskey,1,7999,n,n,"NIKKA WHISKY COFFEY MALT","750 ML",,n,2,1,4900,n,,"=""12""",,,,,,n,,,,,,,
"=""042300497395""",Whiskey,1,8999,n,n,"NIKKA WHISKY FROM THE BARREL","750 ML",,n,2,1,5530,n,,"=""100""",,,,,,n,,,,,,,
"=""042572040060""","Import Beer",1,999,y,n,"SCHOFFERHOFER 6-PACK",6pk,,n,1,1,0,n,,"=""100""",,,,,,n,,,,,,,
"=""042572044044""","Import Beer",1,999,y,n,SCHOFFERHOFER,,,n,1,1,0,n,,"=""100""",,,,,,n,,,,,,,
"=""042572050069""","Import Beer",1,899,y,n,RADEBERGER,12oz,,n,1,1,0,n,,"=""100""",,,,,,n,,,,,,,
"=""042572057150""",BEER,1,1199,y,n,"CLAUSTHALER N/A 6-PK","72.00 FL OZ",,n,1,1,0,n,,"=""100""",,,,,,n,,,,,,,
"=""042897660004""",Gum,1,399,n,n,"BIG LEAGUE CHEW - BUBBLE GUM Original","2.12 OZ",,n,1,12,1495,n,,"=""100""",,,,,,n,,,,,,,
"=""042897660011""",Gum,1,399,n,n,"Big League Chew (2.12 oz)","2.12 oz",,n,1,1,0,n,,"=""100""",,,,,,n,,,,,,,
"=""042897660028""",Candy,1,299,n,n,"Big League Chew Sour Apple Bubble Gum (2.12 oz)","2.12 oz",,n,1,12,1495,n,,"=""100""",,,,,,n,,,,,,,
"=""042897660035""",Gum,1,399,n,n,"Big League Chew Bubble Gum Watermelon","2.12 oz",,n,1,1,0,n,,"=""100""",,,,,,n,,,,,,,
"=""042897660431""",Gum,1,399,n,n,"BIG LEAGUE CHEW GUMBALLS",,,n,1,1,129,n,,"=""100""",,,,,,n,,,,,,,
"=""042897660950""",Gum,1,399,n,n,"BIG LEAGUE STRAWBERRY",,,n,1,1,0,n,,"=""100""",,,,,,n,,,,,,,
"=""042897661469""",Gum,1,399,n,n,"BIG LEAGUE CHEW BLUE RASPBERRY",,,n,1,1,116,n,,"=""100""",,,,,,n,,,,,,,
"=""043300000127""",Cigarettes,1,1850,n,n,"Lucky Strike Regular Non Filter","1.00 PK",,n,1,1,0,n,,"=""100""",,,,,,n,,,,,,,
"=""043300108991""",Cigarettes,1,1203,n,n,"LUCKY STRIKE GOLD",,,n,1,1,0,n,,"=""100""",,,,,,n,,,,,,,
"=""043300109172""",Cigarettes,1,1199,n,n,"LUCKY STRIKE",,,n,1,1,0,n,,"=""100""",,,,,,n,,,,,,,
"=""043300109264""",Cigarettes,1,1249,n,n,"LUCKY STRIKE RED 100S",,,n,1,1,0,n,,"=""100""",,,,,,n,,,,,,,
"=""044000002107""",Grocery,1,149,n,n,"RITZ  PENUT BUTTER 1.38 OZ","1.38 OZ",,n,1,1,53,n,,"=""100""",,,,,,n,,,,,,,
"=""044000002114""",Grocery,1,149,n,n,"Nabisco Ritz:W/Real Cheese Single Serve","1.38 OZ",,n,1,1,53,n,,"=""100""",,,,,,n,,,,,,,
"=""044000003821""",Grocery,1,499,n,n,"PREMIUM SALTINE 4 OZ ORIGINAL","4 OZ",,n,1,1,239,n,,"=""100""",,,,,,n,,,,,,,
"=""044000004637""",Grocery,1,499,n,n,"Nabisco Honey Maid:Honey","14.40 OZ",,n,1,1,249,n,,"=""4""",,,,,,n,,,,,,,
"=""044000006778""","Snacks & Condiments",1,299,n,n,"Nabisco Ritz Bits Cheese - Big Bag (3 oz)","3.00 OZ",,n,1,1,0,n,,"=""100""",,,,,,n,,,,,,,
"=""044000006785""","Snacks & Condiments",1,299,n,n,"Nabisco Ritz Bits Peanut Butter - Big Bag (3 oz)","3.00 OZ",,n,1,1,0,n,,"=""100""",,,,,,n,,,,,,,
"=""044000006792""","Snacks & Condiments",1,299,n,n,"Nabisco Chips Ahoy Mini Chocolate Chip Cookies (3 oz)","3.00 OZ",,n,1,1,0,n,,"=""100""",,,,,,n,,,,,,,
"=""044000006808""","Hanging Snacks",1,299,n,n,"OREO MINIS","3.00 OZ",,n,1,1,143,n,,"=""100""",,,,,,n,,,,,,,
"=""044000007492""",Grocery,1,499,n,n,"OREO 5.2 OZ.","5.2 OZ",,n,1,1,251,n,,"=""100""",,,,,,n,,,,,,,
"=""044000028282""",Grocery,1,199,n,n,"BELVITA BLUEBERRY","1.76 OZ",,n,1,1,103,n,,"=""100""",,,,,,n,,,,,,,
"=""044000029548""",Grocery,1,299,n,n,"CHIP AHOY CHUNKY 4OZ","4 OZ",,n,1,1,0,n,,"=""100""",,,,,,n,,,,,,,
"=""044000031930""",Grocery,1,199,n,n,"BELVITA CNMN BR SUGR 1.76 OZ","1.76 Oz",,n,1,1,103,n,,"=""100""",,,,,,n,,,,,,,
"=""044000032197""",Grocery,1,999,n,n,"CHIPS AHOYS ORG 13OZ","13 OZ",,n,1,1,0,n,,"=""100""",,,,,,n,,,,,,,
"=""044000034245""",Grocery,1,499,n,n,"RITZ CRACKERS 3.4 OZ","3.4 OZ",,n,1,1,250,n,,"=""100""",,,,,,n,,,,,,,
"=""044000036584""",Grocery,1,299,n,n,"Nutter Butter Peanut Butter Cookies","3.5 oz",,n,1,1,170,n,,"=""100""",,,,,,n,,,,,,,
"=""044000037444""",Grocery,1,199,n,n,"Nabisco: Fig Newtons","2.00 OZ",,n,1,1,0,n,,"=""100""",,,,,,n,,,,,,,
"=""044000037451""",Grocery,1,199,n,n,"NUTTER BUTTER 1.9 OZ","1.90 OZ",,n,1,1,63,n,,"=""100""",,,,,,n,,,,,,,
"=""044000040703""",Grocery,1,199,n,n,"BELIVITA SANDWICH CHOCOLATE","1.76 OZ",,n,1,1,103,n,,"=""100""",,,,,,n,,,,,,,
"=""044000042257""",Grocery,1,499,n,n,"NEWTONS SOFT&CHEWY FIG","6.5 OZ",,n,1,1,188,n,,"=""99""",,,,,,n,,,,,,,
"=""044000042509""",Grocery,1,399,n,n,"LORNA DOONE 4.5 OZ","4.5 OZ",,n,1,1,126,n,,"=""100""",,,,,,n,,,,,,,
"=""044000043148""",Grocery,1,199,n,n,"CHIPS AHOY 1.55 OZ","1.5 OZ",,n,1,1,0,n,,"=""100""",,,,,,n,,,,,,,
"=""044000045432""",Grocery,1,49,n,n,"Golden Oreo Cookies 2 ct",,,n,1,1,0,n,,"=""100""",,,,,,n,,,,,,,
"=""044000047009""",Grocery,1,199,n,n,"OREO 2.4 OZ","6 ct",,n,1,1,0,n,,"=""100""",,,,,,n,,,,,,,
"=""044000047368""","Hanging Snacks",1,399,n,n,"Chips Ahoy","=""1""",,n,1,1,0,n,,"=""100""",,,,,,n,,,,,,,
"=""044000052317""",Grocery,1,399,n,n,"Golden Oreo Mini","3 oz",,n,1,1,0,n,,"=""100""",,,,,,n,,,,,,,
"=""044000055837""",Grocery,1,99,n,n,"BELVITA SNACK PACKS BLUE BERRY",,,n,1,0,0,n,,"=""100""",,,,,,n,,,,,,,
"=""044000055844""",Grocery,1,99,n,n,"BELVITA SNACK PACKS CHOCOLATE",,,n,1,0,0,n,,"=""100""",,,,,,n,,,,,,,
"=""044000055851""",Grocery,1,99,n,n,"BELVITA SNACK PACK",,,n,1,0,0,n,,"=""100""",,,,,,n,,,,,,,
"=""044000056940""",Grocery,1,299,n,n,"CHIPS AHOY ORIGINAL 3.75 OZ","3.75 OZ",,n,1,1,157,n,,"=""100""",,,,,,n,,,,,,,
"=""044000060114""",Grocery,1,599,n,n,OREO,"=""1329""",,n,1,0,0,n,,"=""100""",,,,,,n,,,,,,,
"=""044000060244""",Grocery,1,1199,n,n,"OREO GOLDEN DOUBLE STUF",,,n,1,1,0,n,,"=""100""",,,,,,n,,,,,,,
"=""044000060268""",Grocery,1,1199,n,n,"OREO MINT FAMILY SIZE",,,n,1,0,0,n,,"=""100""",,,,,,n,,,,,,,
"=""044000060633""",Grocery,1,1199,n,n,"OREO CHOCOLATE",,,n,1,0,0,n,,"=""100""",,,,,,n,,,,,,,
"=""044000060718""",Grocery,1,100,n,n,"OREO DOUBLE STUFF 1OZ",,,n,1,1,0,n,,"=""100""",,,,,,n,,,,,,,
"=""044000069919""",Grocery,1,399,n,n,OREOCAKESTERS,"3.3 OZ",,n,1,1,169,n,,"=""9""",,,,,,n,,,,,,,
"=""044000080150""",Grocery,1,299,n,n,"CHIP AHOY CHOCLATEY CARAMEL 2.5 OZ","2.5 OZ",,n,1,1,0,n,,"=""100""",,,,,,n,,,,,,,
"=""044000080174""",Grocery,1,299,n,n,"CHIP AHOY BIG CHEW 2.5 OZ","2.5 OZ",,n,1,1,0,n,,"=""100""",,,,,,n,,,,,,,
"=""044000080198""",Grocery,1,299,n,n,"CHIP AHOY CHOCLATEY BROWNIE","2.5 OZ",,n,1,1,0,n,,"=""100""",,,,,,n,,,,,,,
"=""044000080419""",Gummy,1,399,n,n,"HOT TAMALES 4.25 OZ","4.25 OZ",,n,1,1,158,n,,"=""100""",,,,,,n,,,,,,,
"=""044000080594""",Grocery,1,399,n,n,"GOLDEN OREO CAKESTERS",,,n,1,0,0,n,,"=""100""",,,,,,n,,,,,,,
"=""044000080877""","Hanging Snacks",1,399,n,n,Ritz,,,n,1,1,158,n,,"=""100""",,,,,,n,,,,,,,
"=""044000080884""","Hanging Snacks",1,399,n,n,"NABISCO RITZ TOASTED CHIPS","2.5 OZ",,n,1,1,158,n,,"=""4""",,,,,,n,,,,,,,
"=""044000082116""",Grocery,1,399,n,n,"OREO BIGSIZE 8 COUNT",,,n,1,1,150,n,,"=""100""",,,,,,n,,,,,,,
"=""044000082147""",Grocery,1,399,n,n,"OREO GOLDEN DOUBLE STUF",,,n,1,1,156,n,,"=""100""",,,,,,n,,,,,,,
"=""044300106321""",Grocery,1,250,n,n,"Rosarita Traditional Refried Beans Can (16 oz)","16.00 OZ",,n,1,1,0,n,,"=""100""",,,,,,n,,,,,,,
"=""044500201819""",Milk,1,599,n,n,"Lunchables salami",,,n,1,1,0,n,,"=""100""",,,,,,n,,,,,,,
"=""044600008899""",ACCESSORIES,1,999,n,n,"Formula 409:All-Purpose Cleaner","32.00 FL OZ",,n,1,1,430,n,,"=""100""",,,,,,n,,,,,,,
"=""044600304854""","General Merchandise",1,799,n,n,"Kingsford Match Light Charcoal (4 lb)","6.30 pounds",,n,1,1,0,n,,"=""100""",,,,,,n,,,,,,,
"=""044600320700""",ACCESSORIES,1,999,n,n,"KINGSFORD MATCH LIGHT 4 LB","0.00 OZ",,n,1,1,0,n,,"=""100""",,,,,,n,,,,,,,
"=""044600320960""",ACCESSORIES,1,1299,n,n,"KINGSFORD MATCH LIGHT 4 LB",,,n,1,1,0,n,,"=""100""",,,,,,n,,,,,,,
"=""044600322513""",ACCESSORIES,1,699,n,n,"CLOROX 24 oz",,,n,1,1,0,n,,"=""100""",,,,,,n,,,,,,,
"=""044700006740""",Milk,1,999,n,n,"Oscar Mayer Lunchables:Turkey + American & 6 Fl Oz Capri Sun Pacific Cooler","2.90 OZ",,n,1,1,0,n,,"=""100""",,,,,,n,,,,,,,
"=""044700006771""",Grocery,1,699,n,n,"Lunchables FUN PACK","3.10 OZ",,n,1,1,0,n,,"=""100""",,,,,,n,,,,,,,
"=""044700103203""",Grocery,1,599,n,n,LANCHABLES,3.2oz,,n,1,0,0,n,,"=""100""",,,,,,n,,,,,,,
"=""044700360002""","Snacks & Condiments",1,599,n,n,"Lunchables Ham & Cheddar Cracker Stackers (3.5 oz)","3.50 OZ",,n,1,1,0,n,,"=""100""",,,,,,n,,,,,,,
"=""044800001010""",Grocery,1,399,n,n,"SWEETN LOW ZERO CALORIE 1.75 OZ","1.75 OZ",,n,1,1,156,n,,"=""100""",,,,,,n,,,,,,,
"=""044800001027""","Pantry & Grocery Extras",1,289,n,n,"Sweet 'N Low Sweetener (1.75 oz)","100.00 CT",,n,1,1,0,n,,"=""100""",,,,,,n,,,,,,,
"=""046100353530""",Grocery,1,399,n,n,"RITZ BALANCED BREAKS CHEESE & CRACKERS","1.5 OZ",,n,1,0,0,n,,"=""100""",,,,,,n,,,,,,,
"=""046100354056""",Grocery,1,399,n,n,"BALANCED BREAKS CHEESE & CRACKERS","1.5 OZ",,n,1,0,0,n,,"=""100""",,,,,,n,,,,,,,
"=""046500018107""","Health & Wellness",1,999,n,n,OFF!,"6.00 OZ",,n,1,1,0,n,,"=""100""",,,,,,n,,,,,,,
"=""046500229305""",ACCESSORIES,1,1599,n,n,"deep   woods",,,n,1,1,0,n,,"=""100""",,,,,,n,,,,,,,
"=""047400130920""",ACCESSORIES,1,399,n,n,"GILLETTE 3X GEL 2.5","2.50 OZ",,n,1,1,0,n,,"=""100""",,,,,,n,,,,,,,
"=""047400240407""",ACCESSORIES,1,499,n,n,"GILLETTE FOAMY 11 OZ","11 Oz",,n,1,1,0,n,,"=""100""",,,,,,n,,,,,,,
"=""047677482487""","Ice Cream",1,399,n,n,"Snickers Ice Cream Bar","2.80 FL OZ",,n,1,1,0,n,,"=""100""",,,,,,n,,,,,,,
"=""047701110805""",ACCESSORIES,1,299,n,n,"DENTEK ADVANCED CLEAN",,,n,1,1,0,n,,"=""100""",,,,,,n,,,,,,,
"=""047995000806""","Rolling Papers & Wraps",1,2299,n,n,"American Spirit Roll Tobacco","1.41 OZ",,n,1,1,0,n,,"=""100""",,,,,,n,,,,,,,
"=""047995000820""","Rolling Papers & Wraps",1,2299,n,n,"Am Spirit Organic Blend Pouch","1.00 EA",,n,1,1,0,n,,"=""100""",,,,,,n,,,,,,,
"=""047995200404""",Cigarettes,1,1528,n,n,"AMERICAN SPIRIT SKY",Box,,n,1,1,0,n,,"=""100""",,,,,,n,,,,,,,
"=""047995855079""",Cigarettes,1,1549,n,n,"AMERICAN SPIRITS - Black","=""899""",,n,1,1,1210,n,,"=""100""",,,,,,n,,,,,,,
"=""047995855086""",Cigarettes,1,1549,n,n,"AMERICAN SPIRITS - Light Blue","1.00 PK",,n,1,1,1210,n,,"=""99""",,,,,,n,,,,,,,
"=""047995855093""",Cigarettes,1,1549,n,n,"AMERICAN SPIRITS Yellow","1.00 PK",,n,1,1,1211,n,,"=""99""",,,,,,n,,,,,,,
"=""047995855215""",Cigarettes,1,1549,n,n,"AMERICAN SPIRITS Sky Blue","1.00 PK",,n,1,1,1210,n,,"=""100""",,,,,,n,,,,,,,
"=""047995855239""",Cigarettes,1,1549,n,n,"AMERICAN SPIRITS - Orange","1.00 PK",,n,1,1,1210,n,,"=""100""",,,,,,n,,,,,,,
"=""047995855246""",Cigarettes,1,1599,n,n,"AMERICAN SPIRITS -","1.00 PK",,n,1,1,1210,n,,"=""100""",,,,,,n,,,,,,,
"=""047995855253""",Cigarettes,1,1599,n,n,"AMERICAN SPIRITS - Gold","1.00 PK",,n,1,1,1210,n,,"=""100""",,,,,,n,,,,,,,
"=""048001213517""","Pantry & Grocery Extras",1,539,n,n,"Best Foods Real Mayonnaise (15 oz)","30.00 FL OZ",,n,1,1,0,n,,"=""100""",,,,,,n,,,,,,,
"=""048001353565""","Snacks & Condiments",1,951,n,n,"Best Foods Real Mayonnaise","11.5 OZ",,n,1,1,518,n,,"=""100""",,,,,,n,,,,,,,
"=""048014004157""",Gummy,1,349,n,n,"Mega Warheads:Candy, Strawberry & Green Apple","4.50 OZ",,n,1,1,150,n,,"=""100""",,,,,,n,,,,,,,
"=""048014009916""",Gummy,1,399,n,n,Rips,"4 oz",,n,1,1,158,n,,"=""100""",,,,,,n,,,,,,,
"=""048014010370""",Gummy,1,399,n,n,RIPS,,,n,1,1,0,n,,"=""100""",,,,,,n,,,,,,,
"=""048014010431""",Gummy,1,399,n,n,"RIPS RAINBOW 4 OZ",4oz,,n,1,1,176,n,,"=""100""",,,,,,n,,,,,,,
"=""048014010639""",Gummy,1,399,n,n,"RIPS RAINBOW 4 OZ",,,n,1,1,0,n,,"=""100""",,,,,,n,,,,,,,
"=""048014010783""",Gummy,1,199,n,n,"RIP ROLLS STRAWBERRY",,,n,1,1,0,n,,"=""100""",,,,,,n,,,,,,,
"=""048014011018""",Gummy,1,399,n,n,"RIPS RIPPIN RED 4 OZ",,,n,1,1,158,n,,"=""100""",,,,,,n,,,,,,,
"=""048014011117""",Gummy,1,399,n,n,RIPS,,,n,1,1,150,n,,"=""100""",,,,,,n,,,,,,,
"=""048014011131""",Gummy,1,399,n,n,"RIPS BITE BLUE RASPBERRY",,,n,1,1,150,n,,"=""100""",,,,,,n,,,,,,,
"=""048014011216""",Grocery,1,199,n,n,"LOLLI CHOMPERS","0.39 OZ",,n,1,0,0,n,,"=""100""",,,,,,n,,,,,,,
"=""048155904750""",ACCESSORIES,1,499,n,n,"Store shaving creme",7oz,,n,1,1,142,n,,"=""100""",,,,,,n,,,,,,,
"=""048500017753""","Drinks & Mixers",1,295,n,n,"Tropicana Pure Premium OrangeJuice (12 oz)","12.00 FL OZ",,n,1,1,0,n,,"=""100""",,,,,,n,,,,,,,
"=""048500017791""","Drinks & Mixers",1,295,n,n,"Tropicana Orchard Style Apple Juice (12 oz)","12.00 OZ",,n,1,1,0,n,,"=""100""",,,,,,n,,,,,,,
"=""048500205716""",Juice,1,928,n,n,"Tropicana No Pulp Orange","46 Oz",,n,2,1,503,n,,"=""100""",,,,,,n,,,,,,,
"=""048500206034""",Juice,1,348,n,n,"Tropicana Orange","12 oz",,n,1,1,190,n,,"=""100""",,,,,,n,,,,,,,
"=""048564060023""",Grocery,1,499,n,n,"Guerrero:Corn De Maiz Blanco 30 Ct","27.50 OZ",,n,1,1,220,n,,"=""100""",,,,,,n,,,,,,,
"=""048564071012""",Grocery,1,549,n,n,"Guerrero:Flour Soft Taco 10 Ct","14.50 OZ",,n,1,1,269,n,,"=""100""",,,,,,n,,,,,,,
"=""048843001006""",ACCESSORIES,1,799,n,n,"DOSPSAFLASK BLACK",,,n,1,1,0,n,,"=""100""",,,,,,n,,,,,,,
"=""049000000443""",Soda,1,274,n,n,"COCA COLA","20.00 FL OZ",,n,1,1,156,n,,"=""51""",,,,,,n,,,,,,,
"=""049000000450""",Soda,1,273,n,n,"Diet Coke","20.00 OZ",,n,1,1,156,n,,"=""98""",,,,,,n,,,,,,,
"=""049000000504""","Drinks & Mixers",1,289,n,n,"Coca-Cola Cherry Can (12 oz)","12.00 OZ",,n,1,1,0,n,,"=""100""",,,,,,n,,,,,,,
"=""049000001327""",Soda,1,134,n,n,SPRITE,"12 OZ",,n,1,1,71,n,,"=""98""",,,,,,n,,,,,,,
"=""049000001839""",Soda,1,273,n,n,"Diet Coke:Cola","8.00 OZ",,n,1,1,0,n,,"=""100""",,,,,,n,,,,,,,
"=""049000004632""",Soda,1,349,n,n,"Coca Cola","24 oz",,n,1,1,158,n,,"=""100""",,,,,,n,,,,,,,
"=""049000005226""",Soda,1,418,n,n,"Coca Cola 1 l","33.80 FL OZ",,n,1,1,229,n,,"=""100""",,,,,,n,,,,,,,
"=""049000005240""",Soda,1,418,n,n,"Diet Coke 1l","33.80 Oz",,n,1,1,229,n,,"=""100""",,,,,,n,,,,,,,
"=""049000006346""",Soda,1,134,n,n,COKE,"12 OZ",,n,1,1,71,n,,"=""100""",,,,,,n,,,,,,,
"=""049000006582""",Soda,1,135,n,n,"Diet Coke","12 oz",,n,1,1,71,n,,"=""87""",,,,,,n,,,,,,,
"=""049000006841""",Soda,1,100,n,n,"Coke Zero Bottle (2 L)","8.00 PK",,n,1,1,0,n,,"=""100""",,,,,,n,,,,,,,
"=""049000007640""",Soda,1,273,n,n,"SPRITE LEMON LIME","20.00 OZ",,n,1,1,156,n,,"=""100""",,,,,,n,,,,,,,
"=""049000007794""","SMALL SODA 1",1,399,n,n,"SPRITE SODA 24OZ","24 oz",,n,1,1,179,n,,"=""24""",,,,,,n,,,,,,,
"=""049000007893""",Soda,1,379,n,n,Coca-Cola:Cola,"24.00 OZ",,n,1,1,179,n,,"=""100""",,,,,,n,,,,,,,
"=""049000007978""",Soda,1,379,n,n,"Diet Coke:Soda","24.00 FL OZ",,n,2,1,179,n,,"=""100""",,,,,,n,,,,,,,
"=""049000018011""",Soda,1,274,n,n,"COCA COLA CHERRY SODA 20OZ","20.00 FL OZ",,n,1,1,156,n,,"=""23""",,,,,,n,,,,,,,
"=""049000023190""",Soda,1,418,n,n,"Sprite:lemon Lime Soda","1 l",,n,1,1,229,n,,"=""100""",,,,,,n,,,,,,,
"=""049000024685""",Soda,1,229,n,n,COCA-COLA,"16.9 Oz",,n,1,1,79,n,,"=""100""",,,,,,n,,,,,,,
"=""049000024692""",Soda,1,229,n,n,"DIET COKE","16.9 Oz",,n,1,1,87,n,,"=""100""",,,,,,n,,,,,,,
"=""049000024708""",Soda,1,229,n,n,"SPRITE LEMON LIME","16.9 FL",,n,1,1,79,n,,"=""100""",,,,,,n,,,,,,,
"=""049000026207""",Soda,1,273,n,n,"Fanta Strawberry Bottle (20 oz)","20.00 OZ",,n,1,1,0,n,,"=""100""",,,,,,n,,,,,,,
"=""049000027624""",Water,1,199,n,n,"Dasani:Purified Water","16.90 FL OZ",,n,1,1,48,n,,"=""100""",,,,,,n,,,,,,,
"=""049000028904""",Soda,1,1143,n,n,"Coca-Cola Box (144 oz x 12 ct)","144.00 FL OZ",,n,12,1,0,n,,"=""100""",,,,,,n,,,,,,,
"=""049000028911""",Soda,1,1145,n,n,"Diet Coke:Fridge Pack","144.00 FL OZ",,n,12,1,0,n,,"=""100""",,,,,,n,,,,,,,
"=""049000028928""",Soda,1,1143,n,n,"Sprite Can (12 oz)","=""12""",,n,1,1,0,n,,"=""98""",,,,,,n,,,,,,,
"=""049000031034""",Soda,1,1143,n,n,Coca-Cola:Cherry,"144.00 FL OZ",,n,12,1,0,n,,"=""100""",,,,,,n,,,,,,,
"=""049000031652""","Drinks & Mixers",1,799,n,n,"Dasani Bottles (1 L)","405.60 FL OZ",,n,1,1,0,n,,"=""100""",,,,,,n,,,,,,,
"=""049000037197""",Soda,1,273,n,n,"SPRITE ZERO SUGAR","20.00 FL OZ",,n,1,1,156,n,,"=""100""",,,,,,n,,,,,,,
"=""049000040869""",Soda,1,273,n,n,"COCA COLA ZERO SUGAR","20.00 FL OZ",,n,1,1,156,n,,"=""99""",,,,,,n,,,,,,,
"=""049000042559""",Soda,1,1145,n,n,"Coca-Cola Zero:Fridge Pack","144.00 FL OZ",,n,12,1,0,n,,"=""100""",,,,,,n,,,,,,,
"=""049000042566""",Soda,1,135,n,n,"COKE ZERO","12 OZ",,n,1,1,71,n,,"=""100""",,,,,,n,,,,,,,
"=""049000045246""",Soda,1,399,n,n,"Coca-Cola Zero:Cola","24.00 OZ",,n,1,1,179,n,,"=""100""",,,,,,n,,,,,,,
"=""049000045659""","Drinks & Mixers",1,159,n,n,"Powerade Mountain Berry Blast Bottle (28 oz)","20 FL OZ",,n,1,1,0,n,,"=""100""",,,,,,n,,,,,,,
"=""049000045840""",Soda,1,229,n,n,"COKE ZERO","16.9 oz",,n,1,1,87,n,,"=""100""",,,,,,n,,,,,,,
"=""049000047547""","Drinks & Mixers",1,273,n,n,"Coca-Cola Zero Cherry Bottle (20 oz)","20.00 FL OZ",,n,1,1,0,n,,"=""100""",,,,,,n,,,,,,,
"=""049000047790""",Soda,1,349,n,n,"Mexican Coke","500 ML",,n,1,1,0,n,,"=""100""",,,,,,n,,,,,,,
"=""049000047820""",Soda,1,273,n,n,"SPRITE MEXICAN","12 OZ",,n,1,1,0,n,,"=""100""",,,,,,n,,,,,,,
"=""049000047837""",Soda,1,349,n,n,Sprite,"500 ml",,n,1,1,165,n,,"=""99""",,,,,,n,,,,,,,
"=""049000047844""",Soda,1,318,n,n,"FANTA ORANGE MEXICAN","12 OZ",,n,1,1,154,n,,"=""100""",,,,,,n,,,,,,,
"=""049000047851""",Soda,1,299,n,n,"Fanta Orange Soda","500 ml",,n,1,1,165,n,,"=""100""",,,,,,n,,,,,,,
"=""049000050103""",Soda,1,510,n,n,"COCA COLA CLASSIC 2L","2 l",,n,1,1,275,n,,"=""8""",,,,,,n,,,,,,,
"=""049000050110""",Soda,1,510,n,n,"COCA COLA DIET SODA 2L","67.6 OZ",,n,1,1,275,n,,"=""8""",,,,,,n,,,,,,,
"=""049000050141""",Soda,1,510,n,n,"Coke Zero 2 l","67.6 Oz",,n,1,1,275,n,,"=""100""",,,,,,n,,,,,,,
"=""049000050158""",Soda,1,510,n,n,"Sprite 2 l","67.6 Oz",,n,1,1,275,n,,"=""100""",,,,,,n,,,,,,,
"=""049000053401""",Soda,1,272,n,n,"COKE ZERO","16 OZ",,n,1,1,129,n,,"=""99""",,,,,,n,,,,,,,
"=""049000053418""",Soda,1,245,n,n,COKE,"16 OZ",,n,1,1,129,n,,"=""100""",,,,,,n,,,,,,,
"=""049000053425""",Soda,1,272,n,n,"DIET COKE","16 OZ",,n,1,1,129,n,,"=""98""",,,,,,n,,,,,,,
"=""049000053432""",Soda,1,272,n,n,SPRITE,"16 OZ",,n,1,1,129,n,,"=""9""",,,,,,n,,,,,,,
"=""049000053746""",Soda,1,272,n,n,"FANTA ORANGE","16 OZ",,n,1,1,129,n,,"=""100""",,,,,,n,,,,,,,
"=""049000055375""","Drinks & Mixers",1,199,n,n,"Coca-Cola Bottle (1 L)","1.25 LT",,n,1,1,0,n,,"=""100""",,,,,,n,,,,,,,
"=""049000060423""",Soda,1,280,n,n,"COKE CHERRY","16 OZ",,n,1,1,129,n,,"=""100""",,,,,,n,,,,,,,
"=""049000062816""","SMALL SODA 1",1,344,n,n,"Fanta Grape Soda","12 Oz",,n,1,1,0,n,,"=""100""",,,,,,n,,,,,,,
"=""049000062823""",Soda,1,318,n,n,"FANTA STRAWBERRY MEXICAN","12 OZ",,n,1,1,154,n,,"=""100""",,,,,,n,,,,,,,
"=""049000062830""",Soda,1,318,n,n,"FANTA PINEAPPLE MEXICAN","12 OZ",,n,1,1,154,n,,"=""100""",,,,,,n,,,,,,,
"=""049000079371""","Drinks & Mixers",1,295,n,n,"Powerade Lemon Lime Bottle (28 oz)","=""0""",,n,1,1,0,n,,"=""100""",,,,,,n,,,,,,,
"=""049000079388""","Drinks & Mixers",1,295,n,n,"Powerade Fruit Punch Bottle (28 oz)","=""0""",,n,1,1,0,n,,"=""100""",,,,,,n,,,,,,,
"=""049000079395""","Drinks & Mixers",1,295,n,n,"Powerade Strawberry Lemonade Bottle (28 oz)","=""0""",,n,1,1,0,n,,"=""100""",,,,,,n,,,,,,,
"=""049000549201""",Soda,1,1143,n,n,"sprite zero sugar",,,n,12,0,0,n,,"=""100""",,,,,,n,,,,,,,
"=""049000558951""",Soda,1,134,n,n,"SPRITE + TEA","12 OZ",,n,1,0,0,n,,"=""100""",,,,,,n,,,,,,,
"=""049331002215""","White Wine",1,3099,n,n,"LA CREMA RUSSIAN RIVER VALLEY CHARD",,,n,1,1,0,n,,"=""100""",,,,,,n,,,,,,,
"=""049331002222""","White Wine",1,2399,n,n,"LA CREMA CHARDONNAY","750.00 ML",,n,1,1,0,n,,"=""100""",,,,,,n,,,,,,,
"=""049331002307""","Red Wine",1,2499,n,n,"LA CREMA  PINOT NOIR","750.00 ML",,n,1,1,0,n,,"=""100""",,,,,,n,,,,,,,
"=""049331003120""","White Wine",1,2199,n,n,"LA CREMA PINOT GRIS","=""750""",,n,1,1,1300,n,,"=""100""",,,,,,n,,,,,,,
"=""049331004134""","White Wine",1,2399,n,n,"LA CREMA SAUVIGNON BLANC",750ml,,n,1,1,0,n,,"=""100""",,,,,,n,,,,,,,
"=""049331012528""","Wine Cabernet Sauvignon",1,4999,n,n,"LA CREMA CABERNT SAUVIGNON  750ML","750 ml",,n,1,1,0,n,,"=""100""",,,,,,n,,,,,,,
"=""049331816126""","Wine Rosé",1,1999,n,n,"LA CREMA PINOT NOIR ROSE",,,n,1,1,0,n,,"=""100""",,,,,,n,,,,,,,
"=""049508007302""","Hanging Snacks",1,399,n,n,"Snack Factory Buffalo Wings Pretzel Crisps (3 oz)","3 Oz",,n,1,1,122,n,,"=""100""",,,,,,n,,,,,,,
"=""049508007340""","Hanging Snacks",1,499,n,n,"Snack Factory Pretzel Crisps Parm","3 oz",,n,1,1,122,n,,"=""100""",,,,,,n,,,,,,,
"=""049508251774""","Hanging Snacks",1,499,n,n,"PRETZEL CRISPS EVERYTHING",,,n,1,1,122,n,,"=""100""",,,,,,n,,,,,,,
"=""049733091015""",Grocery,1,599,n,n,Cholula:Original,"5.00 FL OZ",,n,1,1,316,n,,"=""100""",,,,,,n,,,,,,,
"=""049900172660""",Milk,1,999,n,n,"KNUDSEN HALF AND HALF",1.89L,,n,25,1,549,n,,"=""100""",,,,,,n,,,,,,,
"=""050000301621""",Grocery,1,899,n,n,"NESTLE COFFEE MATE THE ORIGINAL","16 OZ",,n,1,1,451,n,,"=""100""",,,,,,n,,,,,,,
"=""050000302628""",Milk,1,899,n,n,Coffee-mate:Original,"32.00 FL OZ",,n,1,1,0,n,,"=""100""",,,,,,n,,,,,,,
"=""050000314744""",Grocery,1,999,n,n,"NESTLE COFFEE MATE HAZELNUT","15 OZ",,n,1,1,0,n,,"=""100""",,,,,,n,,,,,,,
"=""050000421848""",ACCESSORIES,1,299,n,n,"Friskies Wet:Classic Pate Turkey & Giblets Dinner","5.50 OZ",,n,1,1,0,n,,"=""100""",,,,,,n,,,,,,,
"=""050000421947""",ACCESSORIES,1,199,n,n,"Friskies Wet:Meaty Bits Chicken Dinner In Gravy","5.50 OZ",,n,1,1,0,n,,"=""100""",,,,,,n,,,,,,,
"=""050000424948""",ACCESSORIES,1,199,n,n,"Friskies Wet:Classic Pate Ocean Whitefish & Tuna Dinner","5.50 OZ",,n,1,1,0,n,,"=""100""",,,,,,n,,,,,,,
"=""050000572014""",ACCESSORIES,1,199,n,n,"Friskies Wet:Savory Shreds w/Salmon In Sauce (Ps #4121707)","5.50 OZ",,n,1,1,0,n,,"=""100""",,,,,,n,,,,,,,
"=""050000577958""",ACCESSORIES,1,199,n,n,"Friskies Wet:Tasty Treasures With Chicken Tuna & Cheese In Gravy (Ps# 5159887)","5.50 OZ",,n,1,1,0,n,,"=""100""",,,,,,n,,,,,,,
"=""050000886807""","Pantry & Grocery Extras",1,999,n,n,"Coffee-mate:Coconut Crème","32.00 FL OZ",,n,1,1,0,n,,"=""100""",,,,,,n,,,,,,,
"=""050037014501""",Liqueur,1,3799,n,n,"Disaronno Original Amaretto","750 ml",,n,1,1,0,n,,"=""100""",,,,,,n,,,,,,,
"=""050037014518""",Liqueur,1,1999,n,n,"Disaronno Originale",375ml,,n,1,1,0,n,,"=""100""",,,,,,n,,,,,,,
"=""050037014549""",Shots,1,399,n,n,"Disaronno Orinal",50ml,,n,1,1,0,n,,"=""100""",,,,,,n,,,,,,,
"=""050037397079""",Liqueur,1,1999,n,n,"DISARONNO CREAM LIQUEUR","375 ML",,n,1,1,0,n,,"=""100""",,,,,,n,,,,,,,
"=""050037597172""",Liqueur,1,3799,n,n,"TIA MARIA COFFE LIQUEUR",750ml,,n,1,1,0,n,,"=""100""",,,,,,n,,,,,,,
"=""050200003295""","Spirits - Other",1,1159,n,n,"SUNNYD VODKA SELTZER TANGY ORANGE C2",,,n,1,1,753,n,,"=""100""",,,,,,n,,,,,,,
"=""050200003486""","Hard Seltzer",1,2318,n,n,"SUNNYD VODKA SELTZER VARIETY C24 12O","8 pk",,n,8,1,1507,n,,"=""100""",,,,,,n,,,,,,,
"=""050200006050""","Hard Seltzer",1,2318,n,n,"SUNNYD VODKA SUMMER VARIETY C24 12OZ","8 pk",,n,8,1,1507,n,,"=""100""",,,,,,n,,,,,,,
"=""050200500145""",Juice,1,299,n,n,"Sunny D","11.3 FL OZ",,n,1,1,0,n,,"=""100""",,,,,,n,,,,,,,
"=""050255022005""",CHOCOLATE,1,499,n,n,chocolate,,y,n,1,1,0,n,,"=""100""",,,,,,n,,,,,,,
"=""050255023002""",CHOCOLATE,1,499,n,n,"Ritter Sport:with Whole Almonds","3.50 OZ",,n,1,1,270,n,,"=""100""",,,,,,n,,,,,,,
"=""050255025006""",CHOCOLATE,1,499,n,n,"Ritter Sport:Dark Chocolate with Marzipan","3.50 OZ",,n,1,1,295,n,,"=""100""",,,,,,n,,,,,,,
"=""050255214004""",CHOCOLATE,1,499,n,n,"Ritter Sport:Milk Chocolate with Butter Biscuit","3.50 OZ",,n,1,1,270,n,,"=""100""",,,,,,n,,,,,,,
"=""051000012517""","Pantry & Grocery Extras",1,199,n,n,"Campbell's Condensed Chicken Noodle Soup (10.8 oz)","10.75 OZ",,n,1,1,0,n,,"=""100""",,,,,,n,,,,,,,
"=""051000012920""",Juice,1,195,n,n,"V8 12 OZ CAN","11.5 oz",,n,1,1,0,n,,"=""100""",,,,,,n,,,,,,,
"=""051497320782""","Wine Cabernet Sauvignon",1,2799,n,n,"AVALINE ORGANIC CABERNET SAUVIGNON","750 ml",,n,1,1,1600,n,,"=""100""",,,,,,n,,,,,,,
"=""051497363840""",Whiskey,1,5599,n,n,"UNCLE NEAREST RYE 100 PROOF","750 ML",,n,2,1,3639,n,,"=""100""",,,,,,n,,,,,,,
"=""051497382094""","Pantry & Grocery Extras",1,2699,n,n,"AVALINE SAUVIGNON BLANC","750 ML",,n,2,1,1400,n,,"=""6""",,,,,,n,,,,,,,
"=""051497399344""",ACCESSORIES,1,999,n,n,"Squid fishing bait",,,n,1,0,0,n,,"=""100""",,,,,,n,,,,,,,
"=""051500000656""",Grocery,1,699,n,n,"Smucker's:Strawberry Stripes","18.00 OZ",,n,1,1,349,n,,"=""100""",,,,,,n,,,,,,,
"=""051500000953""",Grocery,1,549,n,n,Smucker's:Strawberry,"12.00 OZ",,n,1,1,289,n,,"=""100""",,,,,,n,,,,,,,
"=""051500022085""",Grocery,1,549,n,n,"Smucker's:Concord Grape","12.00 OZ",,n,1,1,262,n,,"=""100""",,,,,,n,,,,,,,
"=""051500057117""","Snacks & Condiments",1,599,n,n,"SMUCKER'S SQUEEZE GRAPE JELLY","20 OZ",,n,1,1,0,n,,"=""100""",,,,,,n,,,,,,,
"=""051500057223""","Snacks & Condiments",1,699,n,n,"SMUCKER'S SQUEEZE STRAWBERRY JELLY","20 OZ",,n,1,1,0,n,,"=""100""",,,,,,n,,,,,,,
"=""051500255162""",Grocery,1,599,n,n,Jif:Creamy,"16.00 OZ",,n,1,1,308,n,,"=""100""",,,,,,n,,,,,,,
"=""051500255377""",Grocery,1,696,n,n,"Jif Extra Chunky 16","16 Oz",,n,1,1,350,n,,"=""100""",,,,,,n,,,,,,,
"=""051756020064""",Gummy,1,603,n,n,"Bubs Sour Diamond Tutti Frutti",,,n,1,1,299,n,,"=""100""",,,,,,n,,,,,,,
"=""051756021061""",Gummy,1,603,n,n,Bubs,,,n,1,1,299,n,,"=""100""",,,,,,n,,,,,,,
"=""051756022068""","Hanging Snacks",1,603,n,n,"Bubs Sweet Ouals Banana Toffee",,,n,1,1,299,n,,"=""100""",,,,,,n,,,,,,,
"=""051756023065""",Gum,1,603,n,n,"Bubs Diamond",,,n,1,1,299,n,,"=""100""",,,,,,n,,,,,,,
"=""051943270036""","BEEF JERKY",1,449,n,n,"Tillamook jerky",,,n,1,1,196,n,,"=""100""",,,,,,n,,,,,,,
"=""051943270050""","Hanging Snacks",1,449,n,n,"TILLAMOOK BEEF JERKY TERIYAKI",28g,,n,1,1,195,n,,"=""100""",,,,,,n,,,,,,,
"=""051943270081""","Hanging Snacks",1,599,n,n,Jerky,,,n,1,1,0,n,,"=""100""",,,,,,n,,,,,,,
"=""052000010282""",Gatorade,1,340,n,n,"GATORADE ICY CHARGE  28 OZ8","28 OZ",,n,2,1,141,n,,"=""100""",,,,,,n,,,,,,,
"=""052000010299""",Gatorade,1,340,n,n,"GATORADE ARTIC BLICT 28 OZ","28 OZ",,n,2,1,142,n,,"=""100""",,,,,,n,,,,,,,
"=""052000042313""",Gatorade,1,340,n,n,"GATORADE ZERO LEMON LIME","28 OZ",,n,2,1,142,n,,"=""99""",,,,,,n,,,,,,,
"=""052000042320""",Gatorade,1,340,n,n,"GATORADE ZERO ORANGE","28 OZ",,n,2,1,142,n,,"=""100""",,,,,,n,,,,,,,
"=""052000042337""",Gatorade,1,340,n,n,"GATORADE FRUIT PUNCH","28 OZ",,n,2,1,142,n,,"=""100""",,,,,,n,,,,,,,
"=""052000042344""",Gatorade,1,340,n,n,"GATORADE GLACIER CHERRY ZERO",28OZ,,n,1,1,143,n,,"=""100""",,,,,,n,,,,,,,
"=""052000043143""",Gatorade,1,340,n,n,"GATORADE ZERO BERRY","28 OZ",,n,2,1,142,n,,"=""98""",,,,,,n,,,,,,,
"=""052000043174""",Gatorade,1,245,n,n,"GATORADE LEMON LIME ZERO","20 Oz",,n,1,1,87,n,,"=""14""",,,,,,n,,,,,,,
"=""052000043181""",Gatorade,1,245,n,n,"GATORADE ORANGE ZERO","20 Oz",,n,1,1,87,n,,"=""100""",,,,,,n,,,,,,,
"=""052000043198""",Gatorade,1,245,n,n,"GATORADE GLACIER CHERRY ZERO","20 Oz",,n,1,1,87,n,,"=""100""",,,,,,n,,,,,,,
"=""052000043273""",Gatorade,1,340,n,n,"Gatorade Zero","28 OZ",,n,2,1,180,n,,"=""100""",,,,,,n,,,,,,,
"=""052000043280""",Gatorade,1,340,n,n,"GATORADE ZERO GLACIER FREEZE","28  OZ",,n,2,1,141,n,,"=""100""",,,,,,n,,,,,,,
"=""052000043334""",Gatorade,1,245,n,n,"GATORADEGALCIER FREEZE ZERO","20 Oz",,n,1,1,87,n,,"=""100""",,,,,,n,,,,,,,
"=""052000043549""",Juice,1,445,n,n,"GATORADE ZERO GLACIER FREEZE 20OZ","=""1""",,n,1,1,87,n,,"=""48""",,,,,,n,,,,,,,
"=""052000044263""",Gatorade,1,245,n,n,"GATORADE FRUIT PUNCH ZERO","20 Oz",,n,1,1,87,n,,"=""100""",,,,,,n,,,,,,,
"=""052000044270""",Gatorade,1,245,n,n,"GATORADE GRAPE ZERO","=""20""",,n,1,1,87,n,,"=""100""",,,,,,n,,,,,,,
"=""052000047042""",Gatorade,1,340,n,n,"GATORADE ZERO COOL BLUE","28 OZ",,n,2,1,141,n,,"=""100""",,,,,,n,,,,,,,
"=""052000047059""",Gatorade,1,245,n,n,"GATORADE STRAWBERRY KIWI ZERO","20 Oz",,n,1,1,87,n,,"=""100""",,,,,,n,,,,,,,
"=""052000047066""",Gatorade,1,245,n,n,"GATORADE ZERO COOL BLUE 20OZ","20 Oz",,n,1,1,87,n,,"=""24""",,,,,,n,,,,,,,
"=""052000047660""",Gatorade,1,245,n,n,"GATORADE LIME CUCUMBER","20 Oz",,n,1,1,87,n,,"=""100""",,,,,,n,,,,,,,
"=""052000047905""",Gatorade,1,395,n,n,"GATROLYTE ORANGE",20oz,,n,1,1,141,n,,"=""100""",,,,,,n,,,,,,,
"=""052000047912""",Gatorade,1,395,n,n,"GATROLYTE STRAWBERRY KIWI",20oz,,n,1,1,141,n,,"=""100""",,,,,,n,,,,,,,
"=""052000049008""",Gatorade,1,395,n,n,"Gatorlyte Rapid CHERRY LIME",20oz,,n,1,1,142,n,,"=""100""",,,,,,n,,,,,,,
"=""052000050288""",Gatorade,1,340,n,n,"GATORADE ZERO LIME CUCUMBER","28 OZ",,n,2,1,142,n,,"=""100""",,,,,,n,,,,,,,
"=""052000050295""",Gatorade,1,245,n,n,"GATORADE LIME CUCUMBER ZERO","20 Oz",,n,1,1,87,n,,"=""100""",,,,,,n,,,,,,,
"=""052000050622""",Gatorade,1,395,n,n,"GATORLYTE WATERMELON","20 Oz",,n,1,1,141,n,,"=""100""",,,,,,n,,,,,,,
"=""052000050820""",Gatorade,1,395,n,n,"GATORLYTE MIXED BERRY","20 Oz",,n,1,1,141,n,,"=""100""",,,,,,n,,,,,,,
"=""052000051179""",Milk,1,534,n,n,"Muscle Milk 14oz Chocolate Peanut Butter","14 OZ",,n,1,1,285,n,,"=""7""",,,,,,n,,,,,,,
"=""052000052855""",Gatorade,1,395,n,n,"GATORLYTE STRAWBERRY KIWI ZERO","20 oz",,n,1,1,141,n,,"=""100""",,,,,,n,,,,,,,
"=""052000052862""",Gatorade,1,395,n,n,"GATORLYTE LEMON LIME ZERO","20 Oz",,n,1,1,141,n,,"=""100""",,,,,,n,,,,,,,
"=""052000052879""",Gatorade,1,395,n,n,"GATORLYTE LIME CUCUMBER","20 Oz",,n,1,1,141,n,,"=""100""",,,,,,n,,,,,,,
"=""052000054996""",Gatorade,1,395,n,n,"GATORLYTE GALCIER FREEZE","20 Oz",,n,1,1,141,n,,"=""100""",,,,,,n,,,,,,,
"=""052000057980""",Gatorade,1,340,n,n,"GATORADE LIGHTNING BLAST","28 OZ",,n,2,1,142,n,,"=""100""",,,,,,n,,,,,,,
"=""052000058024""",Gatorade,1,340,n,n,"GATORADE MIDNIGHT ICE","28 OZ",,n,2,1,142,n,,"=""100""",,,,,,n,,,,,,,
"=""052000063400""",Gatorade,1,340,n,n,"GATORADE FRUIT PUNCH","28 OZ",,n,2,1,142,n,,"=""100""",,,,,,n,,,,,,,
"=""052000063424""",Gatorade,1,340,n,n,"GATORADE LEMON LIME ORANGE","28 OZ",,n,2,1,141,n,,"=""100""",,,,,,n,,,,,,,
"=""052000064735""",Electrolytes,1,340,n,n,"GATORADE MASHUPS","28 OZ",,n,2,1,141,n,,"=""100""",,,,,,n,,,,,,,
"=""052000066081""",Gatorade,1,394,n,n,"GATORLYTE COCONUT","20 OZ",,n,1,1,141,n,,"=""98""",,,,,,n,,,,,,,
"=""052000066623""",Electrolytes,1,340,n,n,"GATORADE THIRST QUENCHER","28 OZ",,n,2,1,141,n,,"=""100""",,,,,,n,,,,,,,
"=""052000067750""",Gatorade,1,340,n,n,GATORADE,"28 oz",,n,2,1,141,n,,"=""100""",,,,,,n,,,,,,,
"=""052000067774""",Gatorade,1,340,n,n,GATORADE,"28 OZ",,n,2,1,141,n,,"=""100""",,,,,,n,,,,,,,
"=""052000067798""",Gatorade,1,340,n,n,GATORADE,"28 OZ",,n,2,1,141,n,,"=""100""",,,,,,n,,,,,,,
"=""052000067811""",Gatorade,1,340,n,n,GATORADE,"28 OZ",,n,2,1,141,n,,"=""99""",,,,,,n,,,,,,,
"=""052000102390""",Gatorade,1,350,n,n,"Gatorade Frost Glacier Cherry Bottle (28 oz)","28 OZ",,n,1,1,0,n,,"=""100""",,,,,,n,,,,,,,
"=""052000102413""",Gatorade,1,340,n,n,"GATORADE GLACIER CHERRY",28Oz,,n,2,1,142,n,,"=""100""",,,,,,n,,,,,,,
"=""052000102451""",Gatorade,1,245,n,n,"GATORADE GLACIER CHERRY 20FLOZ","20 oz",,n,1,1,87,n,,"=""100""",,,,,,n,,,,,,,
"=""052000104103""",Gatorade,1,340,n,n,"Gatorade G Series Blue Cherry","28 oz",,n,2,1,142,n,,"=""100""",,,,,,n,,,,,,,
"=""052000104110""",Gatorade,1,340,n,n,"GATORADE APPLE 28 OZ","28 OZ",,n,2,1,142,n,,"=""100""",,,,,,n,,,,,,,
"=""052000104325""","Protein Bars",1,399,n,n,"GATORADE CHOCLT 2.8","2.8 Oz",,n,1,1,202,n,,"=""100""",,,,,,n,,,,,,,
"=""052000104332""","Protein Bars",1,399,n,n,"GATORADE BAR CHOCOLATE  CARAMEL 2.8","2.8 oz",,n,1,1,202,n,,"=""98""",,,,,,n,,,,,,,
"=""052000132243""","Drinks & Mixers",1,245,n,n,"Gatorade Lime Cucumber Bottle (20 oz)","32.00 OZ",,n,1,1,0,n,,"=""100""",,,,,,n,,,,,,,
"=""052000135084""",Gatorade,1,340,n,n,"GATORADE LIME CUCUMBER",28OZ,,n,2,1,142,n,,"=""100""",,,,,,n,,,,,,,
"=""052000135138""",Gatorade,1,340,n,n,"GATORADE FRUIT PUNCH","28 OZ",,n,2,1,142,n,,"=""100""",,,,,,n,,,,,,,
"=""052000135145""",Gatorade,1,340,n,n,"GATORADE ORANGE","28 OZ",,n,2,1,142,n,,"=""100""",,,,,,n,,,,,,,
"=""052000135152""",Gatorade,1,340,n,n,"GATORADE LEMON LIME","28 OZ",,n,2,1,142,n,,"=""96""",,,,,,n,,,,,,,
"=""052000135169""",Gatorade,1,340,n,n,"GATORADE GRAPE 28 OZ","28 0Z",,n,2,1,141,n,,"=""100""",,,,,,n,,,,,,,
"=""052000135176""",Gatorade,1,340,n,n,"GATORADE COOL BLUE","28 OZ",,n,2,1,141,n,,"=""100""",,,,,,n,,,,,,,
"=""052000135190""",Gatorade,1,340,n,n,"GATORADE GLACIAR FREEZE","28 OZ",,n,2,1,141,n,,"=""98""",,,,,,n,,,,,,,
"=""052000135282""",Gatorade,1,340,n,n,"Gatorade Fierce Strawberry","28 oz",,n,2,1,141,n,,"=""100""",,,,,,n,,,,,,,
"=""052000208054""",Gatorade,1,245,n,n,"GATORADE LEMON LIME 20 OZ","20.00 OZ",,n,1,1,87,n,,"=""34""",,,,,,n,,,,,,,
"=""052000208061""",Gatorade,1,245,n,n,"GATOADE FRUIT PUNCH","20.00 FL OZ",,n,1,1,87,n,,"=""100""",,,,,,n,,,,,,,
"=""052000208078""",Gatorade,1,245,n,n,"GATORADE ORANGE","20.00 FL OZ",,n,1,1,87,n,,"=""8""",,,,,,n,,,,,,,
"=""052000208085""",Gatorade,1,245,n,n,"GATORADE GLACIER FREEZE 20FLOZ","20.00 FL OZ",,n,1,1,87,n,,"=""100""",,,,,,n,,,,,,,
"=""052000208429""",Gatorade,1,245,n,n,"GATORADE GRAPE 20 OZ","20.00 FL OZ",,n,1,1,87,n,,"=""100""",,,,,,n,,,,,,,
"=""052000208443""",Gatorade,1,245,n,n,"GATORADE COOL BLUE 20FL OZ","20.00 OZ",,n,1,1,87,n,,"=""100""",,,,,,n,,,,,,,
"=""052000241211""",Gatorade,1,390,n,n,"GATORADE FRUIT PUNCH SPORT","24 OZ",,n,1,1,0,n,,"=""100""",,,,,,n,,,,,,,
"=""052000241235""",Gatorade,1,390,n,n,"GATORADE SPORT COOL BLUE 24 OZ","24 OZ",,n,1,1,203,n,,"=""100""",,,,,,n,,,,,,,
"=""052000324815""","Drinks & Mixers",1,245,n,n,"Gatorade Cool Blue Bottle (28 oz)","20 oz",,n,1,1,0,n,,"=""100""",,,,,,n,,,,,,,
"=""052000325850""","Drinks & Mixers",1,245,n,n,"Gatorade Fierce Fruit Punch Bottle (64 oz)","32.00 OZ",,n,1,1,0,n,,"=""100""",,,,,,n,,,,,,,
"=""052000328660""","Drinks & Mixers",1,245,n,n,"Gatorade Fruit Punch Bottle (24 oz)","20.00 FL OZ",,n,1,1,0,n,,"=""100""",,,,,,n,,,,,,,
"=""052000328684""","Drinks & Mixers",1,245,n,n,"Gatorade Thirst Quencher Lemon Lime (64 oz)","20 oz",,n,1,1,0,n,,"=""100""",,,,,,n,,,,,,,
"=""052000338751""","Drinks & Mixers",1,245,n,n,"Gatorade G Fruit Punch Bottle (20 oz)","32.00 FL OZ",,n,1,1,0,n,,"=""100""",,,,,,n,,,,,,,
"=""052000338775""","Drinks & Mixers",1,245,n,n,"Gatorade G Lemon-Lime Bottle (20 oz)","32.00 FL OZ",,n,1,1,0,n,,"=""100""",,,,,,n,,,,,,,
"=""052300000440""","Domestic Beer",1,399,y,n,"16OZ SCHLITZ","96.00 FL OZ",,n,1,1,0,n,,"=""100""",,,,,,n,,,,,,,
"=""053859201074""","Drinks & Mixers",1,99,n,n,"Kern's Peach Nectar Can (11.5 oz)","11.50 FL OZ",,n,1,1,0,n,,"=""100""",,,,,,n,,,,,,,
"=""053859201104""","Drinks & Mixers",1,85,n,n,"Kern's Mango Nectar Can (11.5 oz)","11.50 FL OZ",,n,1,1,0,n,,"=""100""",,,,,,n,,,,,,,
"=""053859201111""","Drinks & Mixers",1,95,n,n,"Kern's Guava Nectar Can (11.5 oz)","11.50 FL OZ",,n,1,1,0,n,,"=""100""",,,,,,n,,,,,,,
"=""053859201180""","Drinks & Mixers",1,95,n,n,"Kern's Strawberry Banana Nectar Can (11.5 oz)","11.50 FL OZ",,n,1,1,0,n,,"=""100""",,,,,,n,,,,,,,
"=""054100000392""","Chips - Other",1,299,n,n,"pickle balls",,,n,1,1,0,n,,"=""100""",,,,,,n,,,,,,,
"=""054400000092""",Grocery,1,789,n,n,"A.1. Original Sauce","5.00 OZ",,n,1,1,387,n,,"=""100""",,,,,,n,,,,,,,
"=""055500017263""",ACCESSORIES,1,799,n,n,"clorex 1.27 l",,,n,1,1,322,n,,"=""100""",,,,,,n,,,,,,,
"=""058000311619""",ACCESSORIES,1,399,n,n,"PALMOLIVE ORANGE","372 ML",,n,1,1,0,n,,"=""100""",,,,,,n,,,,,,,
"=""058745654156""",ACCESSORIES,1,209,n,n,"KING PALM 5 FILTERS",,,n,1,0,0,n,,"=""100""",,,,,,n,,,,,,,
"=""059245592450""",ACCESSORIES,1,999,n,n,"FOAM COOLERS","26 LARGE",,n,1,1,582,n,,"=""100""",,,,,,n,,,,,,,
"=""060883000108""","Non-Alcoholic Beer & Wine",1,928,n,n,"Ete Water Water 4/6 600 ml PET",,,n,1,1,593,n,,"=""100""",,,,,,n,,,,,,,
"=""061300876375""","Hard Iced Tea",1,394,n,n,"Arz-hrd Peach 12/1 22oz Can",,,n,1,1,245,n,,"=""100""",,,,,,n,,,,,,,
"=""061300876382""","Hard Iced Tea",1,2204,n,n,"Arz-hrd Variety Pack 2/12 12oz Can",,,n,1,1,1428,n,,"=""100""",,,,,,n,,,,,,,
"=""061300876733""","Non-Alcoholic Beer & Wine",1,190,n,n,"ARZ-NA TROPICAL CHILLZICLE 22OZ","22 oz",,n,2,1,90,n,,"=""48""",,,,,,n,,,,,,,
"=""061300876986""","Hard Iced Tea",1,394,n,n,"Arz-hrd Cowboy Cocktail Lemonade 12/",,,n,1,1,245,n,,"=""100""",,,,,,n,,,,,,,
"=""061300876993""","Hard Iced Tea",1,418,n,n,"Arz-hrd Cowboy Cocktail Watermelon 1",,,n,1,1,262,n,,"=""100""",,,,,,n,,,,,,,
"=""061300877174""","Non-Alcoholic Beer & Wine",1,190,n,n,"ARZ-NA FROST CHILLZICLE 22OZ","22 oz",,n,2,1,90,n,,"=""48""",,,,,,n,,,,,,,
"=""061300877310""","Malt Beverage",1,499,n,n,"JMX Strawberry Hard Nectar 12/1 22oz",,,n,2,1,262,n,,"=""100""",,,,,,n,,,,,,,
"=""062067027604""","Import Beer",1,599,y,n,"SCHLENKERLA ORIGINAL SMOKEBEER",,,n,1,1,0,n,,"=""100""",,,,,,n,,,,,,,
"=""062067028274""",BEER,1,1399,y,n,"NEST BEER",,,n,1,1,0,n,,"=""100""",,,,,,n,,,,,,,
"=""062067029684""","Craft / Local Beer",1,699,y,n,"ESPRESSO STOUT",,,n,1,1,0,n,,"=""100""",,,,,,n,,,,,,,
"=""063027946539""","Spirits - Other",1,1602,n,n,"VIC Golden Monkey Belgian-Style Trip",,,n,1,1,1041,n,,"=""100""",,,,,,n,,,,,,,
"=""063027977632""","Non-Alcoholic Beer & Wine",1,1602,n,n,"VIC Sour Monkey - Sour Belgian Tripe",,,n,1,1,1041,n,,"=""100""",,,,,,n,,,,,,,
"=""063625174099""","Craft / Local Beer",1,2369,n,n,"STO India Pale Ale 2/12 12oz Can",,,n,1,1,1540,n,,"=""100""",,,,,,n,,,,,,,
"=""063625174211""","Craft / Local Beer",1,365,n,n,"STO India Pale Ale 12/1 19.2oz Can",,,n,1,1,237,n,,"=""100""",,,,,,n,,,,,,,
"=""063625174334""","Craft / Local Beer",1,1413,n,n,"STO India Pale Ale 4/6 12oz Can",,,n,1,1,919,n,,"=""100""",,,,,,n,,,,,,,
"=""063625174358""","IPA Beer",1,1413,n,n,"STO Delicious IPA 4/6 12oz Can",,,n,1,1,919,n,,"=""100""",,,,,,n,,,,,,,
"=""063625174402""","Craft / Local Beer",1,2369,n,n,"STO Buenaveza Lager 2/12 12oz Can",,,n,1,1,1540,n,,"=""100""",,,,,,n,,,,,,,
"=""063625174419""","Craft / Local Beer",1,365,n,n,"STO Buenaveza Lager 12/1 19.2oz Can",,,n,1,1,237,n,,"=""100""",,,,,,n,,,,,,,
"=""063625174440""","Spirits - Other",1,2369,n,n,"STO Variety Pack #2 2022 Mixed 2/12",,,n,1,1,1540,n,,"=""100""",,,,,,n,,,,,,,
"=""063625174464""","Craft / Local Beer",1,1413,n,n,"STO Buenaveza Lager 4/6 12oz Can",,,n,1,1,919,n,,"=""100""",,,,,,n,,,,,,,
"=""063625174501""","IPA Beer",1,365,n,n,"STO Hazy IPA 12/1 19.2oz can",,,n,1,1,237,n,,"=""100""",,,,,,n,,,,,,,
"=""063625174617""","IPA Beer",1,1413,n,n,"STO Delicious Double IPA 4/6 12oz Ca",,,n,1,1,919,n,,"=""100""",,,,,,n,,,,,,,
"=""063625174655""","Wine General",1,365,n,n,"STO Delicious Hazy IPA 12/1 19.2oz C",,,n,1,1,237,n,,"=""100""",,,,,,n,,,,,,,
"=""063625174662""","Craft / Local Beer",1,1413,n,n,"STO Pilsner 4/6 12oz Can",,,n,1,1,919,n,,"=""100""",,,,,,n,,,,,,,
"=""063625177618""","Craft / Local Beer",1,1413,n,n,"STO India Pale Ale 4/6 12oz Btl",,,n,1,1,919,n,,"=""100""",,,,,,n,,,,,,,
"=""063791000352""",Cider,1,149,y,n,"WYDERS 12OZ",,,n,1,1,0,n,,"=""100""",,,,,,n,,,,,,,
"=""063791001335""",Cider,1,1199,y,n,"PEAR CIDER 6 PK","6.00 EA",,n,1,1,0,n,,"=""100""",,,,,,n,,,,,,,
"=""063793365404""","Breath Refreshers",1,399,n,n,"LISTERINE FRESH BRST","24.00 CT",,n,1,1,202,n,,"=""100""",,,,,,n,,,,,,,
"=""064144043040""",Grocery,1,399,n,n,"Chef Boyardee Lasagna","15.00 OZ",,n,1,1,194,n,,"=""100""",,,,,,n,,,,,,,
"=""064144043156""",Grocery,1,399,n,n,"Chef Boyardee Beef Ravioli","15.00 OZ",,n,1,1,122,n,,"=""100""",,,,,,n,,,,,,,
"=""064144043224""",Grocery,1,399,n,n,"Chef Boyardee Spaghetti & Meatballs","14.50 OZ",,n,1,1,194,n,,"=""100""",,,,,,n,,,,,,,
"=""066619100463""",ACCESSORIES,1,599,n,n,"PREMIER 18MM FILTER TIP 200 PES",,,n,1,1,0,n,,"=""100""",,,,,,n,,,,,,,
"=""067990600139""",ACCESSORIES,1,599,n,n,"AQUA NET EX SUPR HLD","11 Oz",,n,1,1,0,n,,"=""100""",,,,,,n,,,,,,,
"=""068992610003""","IPA Beer",1,1731,n,n,"PZA SWAMI'S IPA 4/6 16OZ CAN",,,n,1,1,1125,n,,"=""100""",,,,,,n,,,,,,,
"=""068992610010""","IPA Beer",1,414,n,n,"PZA Swami's IPA 12/1 19.2oz Can",,,n,1,1,269,n,,"=""100""",,,,,,n,,,,,,,
"=""068992610201""","IPA Beer",1,868,n,n,"PZA Journey Ahead WC IPA 4/6 16oz Ca",,,n,1,1,564,n,,"=""100""",,,,,,n,,,,,,,
"=""068992611000""","IPA Beer",1,2300,n,n,"PZA Swami's IPA 2/12 12oz Can",,,n,1,1,1495,n,,"=""100""",,,,,,n,,,,,,,
"=""070137000181""",CIGARS,1,999,n,n,"Black & Mild Cigars ORIGINAL PLASTIC TIP","=""5""",,n,1,1,0,n,,"=""100""",,,,,,n,,,,,,,
"=""070137005254""",CIGARS,1,999,n,n,"Black & Mild Cigars - Wood Tipped","5.00 Ct",,n,1,1,0,n,,"=""100""",,,,,,n,,,,,,,
"=""070137100188""","Rolling Papers & Wraps",1,199,n,n,"BLACK & MILD PLASTIC TIP","25.00 CT",,n,1,1,108,n,,"=""100""",,,,,,n,,,,,,,
"=""070137105251""","Rolling Papers & Wraps",1,199,n,n,"Black & Mild Wood Tip","1 Cigar",,n,1,1,120,n,,"=""100""",,,,,,n,,,,,,,
"=""070137105381""","Rolling Papers & Wraps",1,199,n,n,"Middletons Black & Mild Pipe Tobacco Cigars Mild","1.00 ST",,n,1,1,120,n,,"=""100""",,,,,,n,,,,,,,
"=""070137115687""","Rolling Papers & Wraps",1,199,n,n,"BLACK & MILD LYRIC",,,n,1,1,120,n,,"=""100""",,,,,,n,,,,,,,
"=""070137215639""","Rolling Papers & Wraps",1,199,n,n,"BLACK & MILD SWEETS",,,n,1,1,120,n,,"=""100""",,,,,,n,,,,,,,
"=""070137215646""","Rolling Papers & Wraps",1,199,n,n,"BLACK & MILD CASINO",,,n,1,1,120,n,,"=""100""",,,,,,n,,,,,,,
"=""070137215653""","Rolling Papers & Wraps",1,199,n,n,"BLACK & MILD SWEETS","1 ct",,n,1,1,120,n,,"=""100""",,,,,,n,,,,,,,
"=""070137215660""","Rolling Papers & Wraps",1,199,n,n,"BLACK & MILD ROYALE",1pc.,,n,1,1,120,n,,"=""100""",,,,,,n,,,,,,,
"=""070155124647""",ACCESSORIES,1,699,n,n,"Savory Blend Dog Food",,,n,1,1,0,n,,"=""100""",,,,,,n,,,,,,,
"=""070158000054""",ACCESSORIES,1,399,n,n,"KRAZY GLUE","0.07 OZ",,n,1,1,0,n,,"=""100""",,,,,,n,,,,,,,
"=""070195590167""","Rolling Papers & Wraps",1,1949,n,n,"Red Man Loose Leaf 25 Cent Off Pouch","1.00 EA",,n,1,1,966,n,,"=""3""",,,,,,n,,,,,,,
"=""070221011116""",Candy,1,399,n,n,"Toblerone Swiss Milk Chocolate (3.52 oz)","3.52 OZ",,n,1,1,0,n,,"=""100""",,,,,,n,,,,,,,
"=""070272491363""","Energy Drinks",1,899,n,n,"WHIPPED LIGHT CREAM REDDI WIP","15 OZ",,n,1,1,0,n,,"=""100""",,,,,,n,,,,,,,
"=""070310013205""","Malt Beverage",1,499,y,n,"SEAGRAMS COOLERS","4 pk 12 oz",,n,1,1,0,n,,"=""100""",,,,,,n,,,,,,,
"=""070310014837""",BEER,1,299,y,n,"FALL BEER","=""1""",,n,1,1,0,n,,"=""100""",,,,,,n,,,,,,,
"=""070330000025""",ACCESSORIES,1,199,n,n,"Bic Mini Lighter","1.00 EA",,n,1,1,0,n,,"=""100""",,,,,,n,,,,,,,
"=""070330503076""",ACCESSORIES,1,299,n,n,"Wite-out Plus Correction Fluid","=""1""",,n,1,1,0,n,,"=""100""",,,,,,n,,,,,,,
"=""070330633254""","General Merchandise",1,299,n,n,"BIC  LIGHTER BIG",BIG,,n,1,1,0,n,,"=""92""",,,,,,n,,,,,,,
"=""070330643321""",ACCESSORIES,1,199,n,n,"Bic Lighter Mini",,,n,1,1,0,n,,"=""100""",,,,,,n,,,,,,,
"=""070330746787""",ACCESSORIES,1,299,n,n,"BIC SENSITIVE 2",,,n,1,1,119,n,,"=""100""",,,,,,n,,,,,,,
"=""070330902824""",ACCESSORIES,1,299,n,n,"Bic Cristal Xtra Smooth","2 pk",,n,1,1,79,n,,"=""100""",,,,,,n,,,,,,,
"=""070330902831""",ACCESSORIES,1,199,n,n,"BIC PEN 2PK BLACK",2pc,,n,1,1,0,n,,"=""100""",,,,,,n,,,,,,,
"=""070330911871""",ACCESSORIES,1,349,n,n,"BIC PENCIL 5",,,n,1,1,0,n,,"=""100""",,,,,,n,,,,,,,
"=""070330916142""",ACCESSORIES,1,299,n,n,"Bic Silky Touch","=""1""",,n,1,1,66,n,,"=""100""",,,,,,n,,,,,,,
"=""070404000050""",Grocery,1,1499,n,n,"OLIVE OIL PROMPIEN 8 OZ","8 OZ",,n,1,1,0,n,,"=""100""",,,,,,n,,,,,,,
"=""070462002003""",Gummy,1,499,n,n,"SOUR PATCH KIDS 8oz",pk,,n,1,1,233,n,,"=""100""",,,,,,n,,,,,,,
"=""070462002065""",Gummy,1,399,n,n,"Sour Patch Kids","3.4 Oz",,n,1,1,0,n,,"=""100""",,,,,,n,,,,,,,
"=""070462007794""",Gummy,1,499,n,n,"SOUR PATCH",,,n,1,1,233,n,,"=""100""",,,,,,n,,,,,,,
"=""070462008623""",Gum,1,499,n,n,"ORBIT WINTERGREEN","14.00 CT",,n,1,1,216,n,,"=""100""",,,,,,n,,,,,,,
"=""070462009033""",Gummy,1,499,n,n,"SOUR PATCH KIDS GRAPE","8 OZ",,n,1,1,233,n,,"=""100""",,,,,,n,,,,,,,
"=""070462009057""",Gummy,1,399,n,n,"SWEDISH FISH",,,n,1,1,0,n,,"=""100""",,,,,,n,,,,,,,
"=""070462009200""",Gummy,1,499,n,n,"sour patch",,,n,1,1,233,n,,"=""100""",,,,,,n,,,,,,,
"=""070462010909""",Gummy,1,499,n,n,"SOUR PATCH",,,n,1,1,217,n,,"=""100""",,,,,,n,,,,,,,
"=""070462011388""",Gummy,1,499,n,n,"SWEDISH FISH BLUE RASBERRY",,,n,1,1,220,n,,"=""100""",,,,,,n,,,,,,,
"=""070462013726""",Gummy,1,399,n,n,"SWEDISH FISH GLOW UPS",,,n,1,1,0,n,,"=""100""",,,,,,n,,,,,,,
"=""070462014105""","SOUR GUMMIES 1",1,499,n,n,"SOUR PATCH KIDS FRUITS MIX",7.35OZ,,n,1,1,230,n,,"=""12""",,,,,,n,,,,,,,
"=""070462014945""",Gummy,1,249,n,n,"SOUR PATCH CHEWS","1.94 OZ",,n,1,24,1966,n,,"=""100""",,,,,,n,,,,,,,
"=""070462015089""",Gummy,1,349,n,n,"SWEDISH FISH CHEWS","1.94 OZ",,n,1,18,2799,n,,"=""100""",,,,,,n,,,,,,,
"=""070462035964""",Gummy,1,499,n,n,"sour patch","8.00 OZ",,n,1,1,227,n,,"=""100""",,,,,,n,,,,,,,
"=""070462035988""",Gummy,1,499,n,n,"SWEDISH FISH","8.00 OZ",,n,1,1,250,n,,"=""100""",,,,,,n,,,,,,,
"=""070462036008""",Gummy,1,499,n,n,"SOUR PATCH KID WATERMELON 8OZ","8.00 OZ",,n,1,1,227,n,,"=""100""",,,,,,n,,,,,,,
"=""070462098358""",Gummy,1,399,n,n,"SOUR PATCH KIDS 3.5 OZ","3.5 OZ",,n,1,1,0,n,,"=""100""",,,,,,n,,,,,,,
"=""070462098501""",Candy,1,199,n,n,"Sour Patch Kids Sour then Sweet (2 oz)","2.00 OZ",,n,1,1,0,n,,"=""100""",,,,,,n,,,,,,,
"=""070462098525""",Gummy,1,299,n,n,"SOUR PATCH WATERMELO 2 OZ","2 OZ",,n,1,1,119,n,,"=""100""",,,,,,n,,,,,,,
"=""070462431407""",Gummy,1,499,n,n,"SOUR PATCH EXTREME 7.2OZ","7.20 OZ",,n,1,1,0,n,,"=""100""",,,,,,n,,,,,,,
"=""070462542509""",Gummy,1,199,n,n,"SWEDISH FISH CANDY","2.00 OZ",,n,1,1,0,n,,"=""100""",,,,,,n,,,,,,,
"=""070501451052""",ACCESSORIES,1,399,n,n,"Neutrogena:Ultra Soft Cloths","7.00 CT",,n,1,1,199,n,,"=""100""",,,,,,n,,,,,,,
"=""070506002389""",Grocery,1,399,n,n,"SPICE FARM GROUND BLACK PEPPER","2 OZ",,n,1,1,0,n,,"=""100""",,,,,,n,,,,,,,
"=""070602063000""",CHOCOLATE,1,299,n,n,ABBA-ZABA,"2.0 OZ",,n,1,1,0,n,,"=""100""",,,,,,n,,,,,,,
"=""070602739028""",CHOCOLATE,1,249,n,n,"BIG HUNK ALMOND","1.8 OZ",,n,1,1,0,n,,"=""100""",,,,,,n,,,,,,,
"=""070602769001""",CHOCOLATE,1,249,n,n,"BIG HUNK PEANUT","1.8 Oz",,n,1,1,0,n,,"=""100""",,,,,,n,,,,,,,
"=""070602839001""",CHOCOLATE,1,229,n,n,Annabelle's:Look!,"24.00 EA",,n,1,1,90,n,,"=""100""",,,,,,n,,,,,,,
"=""070640020522""","Ice Cream",1,499,n,n,"BLUE BUNNY BIG BOPPER SANDWICH",,,n,1,1,266,n,,"=""100""",,,,,,n,,,,,,,
"=""070662010037""",Grocery,1,99,n,n,"NISSIN TOP RAMEN CHICKEN","3 OZ",,n,1,1,0,n,,"=""100""",,,,,,n,,,,,,,
"=""070662030028""","Pantry & Grocery Extras",1,125,n,n,"Nissin Cup Noodles with Shrimp (2.25 oz)","2.25 OZ",,n,1,1,0,n,,"=""100""",,,,,,n,,,,,,,
"=""070662087237""",Grocery,1,499,n,n,"Nissin:Teriyaki Beef Flavor","4.00 OZ",,n,1,1,0,n,,"=""100""",,,,,,n,,,,,,,
"=""070662087299""",Grocery,1,299,n,n,"NISSIN TERYAKI CHICKEN 4 OZ","4 OZ",,n,1,1,0,n,,"=""100""",,,,,,n,,,,,,,
"=""070842001664""","Hanging Snacks",1,499,n,n,"Beer Nuts:Original Sweet & Salty","3.00 OZ",,n,1,1,0,n,,"=""100""",,,,,,n,,,,,,,
"=""070847000037""","Energy Drinks",1,319,n,n,"Monster Energy Absolutely Zero","16.00 Oz",,n,1,1,171,n,,"=""100""",,,,,,n,,,,,,,
"=""070847012474""","Energy Drinks",1,319,n,n,"MONSTER ZERO ULTRA 16OZ","16.00 FL OZ",,n,1,1,167,n,,"=""21""",,,,,,n,,,,,,,
"=""070847017707""","Energy Drinks",1,599,n,n,"Monster Energy Zero Ultra","24 Oz",,n,2,1,308,n,,"=""100""",,,,,,n,,,,,,,
"=""070847020905""","Energy Drinks",1,319,n,n,"Monster Energy Ultra Sunrise","16 oz",,n,1,1,171,n,,"=""100""",,,,,,n,,,,,,,
"=""070847021520""","Drinks & Mixers",1,319,n,n,"Monster Energy Drink Can (24 oz)","15.5 Oz",,n,1,1,0,n,,"=""100""",,,,,,n,,,,,,,
"=""070847022909""","Energy Drinks",1,319,n,n,"Monster Pipeline Punch Can (16 oz)","16 oz",,n,1,1,170,n,,"=""4""",,,,,,n,,,,,,,
"=""070847027324""","Energy Drinks",1,319,n,n,"Monster Ultra Violet",16oz,,n,1,1,171,n,,"=""7""",,,,,,n,,,,,,,
"=""070847029014""","Energy Drinks",1,319,n,n,"monter juice mango loco","16 Oz",,n,1,1,171,n,,"=""100""",,,,,,n,,,,,,,
"=""070847029427""","Energy Drinks",1,319,n,n,"MONSTER ENERGY PEACH KEEN","16 OZ",,n,1,1,170,n,,"=""99""",,,,,,n,,,,,,,
"=""070847031918""","Energy Drinks",1,319,n,n,"MONSTER PACIFIC FRUIT PUNCH 16OZ","16 oz",,n,1,1,171,n,,"=""24""",,,,,,n,,,,,,,
"=""070847033080""","Energy Drinks",1,319,n,n,"monster ultra paradise","16 OZ",,n,1,1,170,n,,"=""100""",,,,,,n,,,,,,,
"=""070847034629""","Energy Drinks",1,319,n,n,"Monster fiesta","16 OZ",,n,1,1,170,n,,"=""100""",,,,,,n,,,,,,,
"=""070847034643""","Drinks & Mixers",1,319,n,n,"Monster Ultra Rosa Energy Drink Can (16 oz)","=""0""",,n,1,1,0,n,,"=""100""",,,,,,n,,,,,,,
"=""070847036920""","Drinks & Mixers",1,319,n,n,"Monster Juice Papillon Energy Drink Can (16 oz)",,,n,1,1,0,n,,"=""100""",,,,,,n,,,,,,,
"=""070847037750""","Energy Drinks",1,399,n,n,"MONSTER NITRO","16 OZ",,n,1,0,0,n,,"=""100""",,,,,,n,,,,,,,
"=""070847037989""","Energy Drinks",1,371,n,n,"Monster Watermelon",16oz,,n,1,1,204,n,,"=""98""",,,,,,n,,,,,,,
"=""070847811169""","Energy Drinks",1,319,n,n,"Monster Energy Drink","16 FL",,n,1,1,167,n,,"=""100""",,,,,,n,,,,,,,
"=""070847811213""","Energy Drinks",1,599,n,n,"Monster Energy:Low Carb","24.00 FL OZ",,n,1,1,308,n,,"=""100""",,,,,,n,,,,,,,
"=""070847811244""","Energy Drinks",1,599,n,n,"Monster:24 Oz Primary Mega","24 oz",,n,1,1,308,n,,"=""100""",,,,,,n,,,,,,,
"=""070847811268""","Energy Drinks",1,319,n,n,"Monster Energy Low Carb","16.00 FL OZ",,n,1,1,170,n,,"=""100""",,,,,,n,,,,,,,
"=""070847812715""",Coffee,1,495,n,n,"MONSTER LOCAMOCA 15","15 Oz",,n,1,1,0,n,,"=""100""",,,,,,n,,,,,,,
"=""070847891857""","Energy Drinks",1,319,n,n,"MONSTER ZERO SUGAR ULTRA STRAWBERRY DREAMS","16 OZ",,n,1,1,170,n,,"=""100""",,,,,,n,,,,,,,
"=""070847896159""","Energy Drinks",1,319,n,n,"MONSTER RIO PUNCH","16 OZ",,n,1,1,167,n,,"=""100""",,,,,,n,,,,,,,
"=""070847896180""","Energy Drinks",1,319,n,n,"MONSTER ZERO SUGAR ULTRA FANTASY RUBY RED","16 OZ",,n,1,1,0,n,,"=""100""",,,,,,n,,,,,,,
"=""070847896272""","Energy Drinks",1,319,n,n,"MONSTER PEACHES N CREAME","16 OZ",,n,1,1,0,n,,"=""100""",,,,,,n,,,,,,,
"=""070847898146""","Energy Drinks",1,319,n,n,"MONSTER ULTRA VICE GUAVA","16 OZ",,n,1,1,167,n,,"=""100""",,,,,,n,,,,,,,
"=""070847898245""","Energy Drinks",1,319,n,n,"MONSTER BLUE HAWAIIAN","16 OZ",,n,1,1,167,n,,"=""100""",,,,,,n,,,,,,,
"=""070847898320""","Energy Drinks",1,319,n,n,"MONSTER ENERGY VIKING BERRY","16 OZ",,n,1,1,170,n,,"=""100""",,,,,,n,,,,,,,
"=""070847898375""","Energy Drinks",1,599,n,n,"MONSTER ZERO SUGAR BIG CAN","24 OZ",,n,1,1,300,n,,"=""100""",,,,,,n,,,,,,,
"=""070847898405""",Coffee,1,503,n,n,"monster killer  brew mean bean","443 ml",,n,1,0,0,n,,"=""100""",,,,,,n,,,,,,,
"=""070847898436""",Coffee,1,545,n,n,"MONSTER KILLER BREW LOCA MOCA TRIPLE SHOT","443 ml",,n,1,1,0,n,,"=""100""",,,,,,n,,,,,,,
"=""070847899488""","Energy Drinks",1,319,n,n,"MONSTER ZERO SUGAR ULTRA WILD PASSION","16 OZ",,n,1,1,167,n,,"=""100""",,,,,,n,,,,,,,
"=""070847899563""","Energy Drinks",1,319,n,n,"mONSTER bAD aPPLE","16 OZ",,n,1,1,171,n,,"=""100""",,,,,,n,,,,,,,
"=""070847900207""","Energy Drinks",1,319,n,n,"MONSTER LANDO NORRIS","16 OZ",,n,1,0,0,n,,"=""100""",,,,,,n,,,,,,,
"=""070897013315""","Import Beer",1,349,n,n,"Foster's Lager Can (25.4 oz)","25.40 FL OZ",,n,2,1,210,n,,"=""15""",,,,,,n,,,,,,,
"=""070897183315""","Import Beer",1,349,n,n,"FOSTERS PREMIUM 25.4OZ","25.4 oz",,n,2,1,200,n,,"=""100""",,,,,,n,,,,,,,
"=""070910008281""",Milk,1,129,n,n,"YOGURT 6OZ",,,n,1,1,0,n,,"=""100""",,,,,,n,,,,,,,
"=""070910082205""",Milk,1,129,n,n,"YOGURT 6OZ",,,n,1,1,0,n,,"=""100""",,,,,,n,,,,,,,
"=""070920474328""",CHOCOLATE,1,499,n,n,"Swiss Miss:Milk Chocolate 0.73 Oz Envelopes","6.00 CT",,n,1,1,194,n,,"=""100""",,,,,,n,,,,,,,
"=""070920474335""",CHOCOLATE,1,499,n,n,"SWISS MISS Marshmallow Hot Cocoa Mix","6 Oz",,n,1,1,194,n,,"=""100""",,,,,,n,,,,,,,
"=""070960000112""",Water,1,499,n,n,"SARATOGA SPARKLING SPRING WATER 28OZ","28.00 OZ",,n,2,1,225,n,,"=""24""",,,,,,n,,,,,,,
"=""070960000129""",Water,1,490,n,n,"SARATOGA SPRING WATER 1 LITER","1 LITER",,n,2,1,225,n,,"=""100""",,,,,,n,,,,,,,
"=""070960000136""",Water,1,224,n,n,"SARATOGA SPARKLING WATER GLASS 12OZ","12 OZ",,n,1,1,119,n,,"=""23""",,,,,,n,,,,,,,
"=""070960000143""",Water,1,245,n,n,"SARATOGA STILL GLASS BOTTLE","12 OZ",,n,1,1,119,n,,"=""100""",,,,,,n,,,,,,,
"=""070960951568""",Water,1,199,n,n,"SARATOGA PLASTIC SPARKLING","16 oz",,n,1,1,0,n,,"=""100""",,,,,,n,,,,,,,
"=""070960951575""",Water,1,195,n,n,"SARATOGA STILL PLASTIC BOTTLE","12 OZ",,n,1,0,0,n,,"=""100""",,,,,,n,,,,,,,
"=""070970471230""",Candy,1,125,n,n,"Hot Tamales Fierce Cinnamon Chewy Candy (5 oz)","5.00 OZ",,n,1,1,0,n,,"=""100""",,,,,,n,,,,,,,
"=""070970475313""",Gummy,1,399,n,n,"HOT TAMALES 4.25 OZ","4.25 OZ",,n,1,1,108,n,,"=""100""",,,,,,n,,,,,,,
"=""070970475337""",Gummy,1,399,n,n,"MIKE AND LKE ORIGINAL FRUIT 4.25 OZ","4.25 OZ",,n,1,1,108,n,,"=""100""",,,,,,n,,,,,,,
"=""070970475344""",Gummy,1,349,n,n,"MIKE AND LKE",,,n,1,1,0,n,,"=""100""",,,,,,n,,,,,,,
"=""070970475375""",Gummy,1,399,n,n,"MIKE AND LKE MEGA MIX SOUR 4.25  OZ","4.25 OZ",,n,1,1,108,n,,"=""100""",,,,,,n,,,,,,,
"=""070970475382""",Gummy,1,399,n,n,"MIKE AND IKE JOLLY JOES 4.25N OZ","4.25 OZ",,n,1,1,108,n,,"=""100""",,,,,,n,,,,,,,
"=""070970475405""",Gummy,1,399,n,n,"MIKE AND IKE SOUR WATERMELON 4.25 oz","4.25 oz",,n,1,1,108,n,,"=""100""",,,,,,n,,,,,,,
"=""070970475436""",Gummy,1,49,n,n,"mike and ike original fruits",,,n,1,24,489,n,,"=""100""",,,,,,n,,,,,,,
"=""070970475443""",Gummy,1,49,n,n,"mike and ike berry blast",,,n,1,24,489,n,,"=""100""",,,,,,n,,,,,,,
"=""070970475450""",Gummy,1,75,n,n,"MIKE AND IKE TROPICAL TYPHOON 0.79 OZ","0.79 OZ",,n,1,1,0,n,,"=""100""",,,,,,n,,,,,,,
"=""070970475467""",Gummy,1,75,n,n,"MIKE AND IKE CHERRY 0.78 OZ","0.78 OZ",,n,1,24,489,n,,"=""100""",,,,,,n,,,,,,,
"=""070970475498""",Gummy,1,75,n,n,"MIKE AND IKE ORANGE 0.78 OZ","0.78 OZ",,n,1,1,0,n,,"=""100""",,,,,,n,,,,,,,
"=""071017048569""","Drinks & Mixers",1,999,n,n,"LA PAZ BLOODY MARY","1 LITER",,n,2,1,643,n,,"=""100""",,,,,,n,,,,,,,
"=""071142643370""",Water,1,195,n,n,"Arrowhead:Sport Bottle w/Flip Cap Deposit","700.00 ML",,n,1,1,40,n,,"=""99""",,,,,,n,,,,,,,
"=""071146002210""","Chips - Other",1,499,n,n,"CALBEE HNY/BUT CHIP",2.8OZ,,n,1,1,0,n,,"=""100""",,,,,,n,,,,,,,
"=""071146002456""","Chips - Other",1,399,n,n,"Calbee:Lightly Salted","3.30 OZ",,n,1,1,187,n,,"=""100""",,,,,,n,,,,,,,
"=""071159000197""","Hanging Snacks",1,149,n,n,"CORN NUTS 1.7 O","1.70 OZ",,n,1,1,0,n,,"=""100""",,,,,,n,,,,,,,
"=""071159001330""","Hanging Snacks",1,149,n,n,"CORN NUTS 1.7 O","1.7 oz",,n,1,1,0,n,,"=""100""",,,,,,n,,,,,,,
"=""071159001347""","Hanging Snacks",1,199,n,n,"Corn Nuts:BBQ","1.70 OZ",,n,1,1,71,n,,"=""100""",,,,,,n,,,,,,,
"=""071159001750""","Hanging Snacks",1,149,n,n,"CORN NUTS 1.7 O","1.70 OZ",,n,1,1,0,n,,"=""100""",,,,,,n,,,,,,,
"=""071159073115""","Hanging Snacks",1,399,n,n,"CORN NUTS RANCH 4 OZ","4.00 OZ",,n,1,1,0,n,,"=""100""",,,,,,n,,,,,,,
"=""071159076550""","Hanging Snacks",1,299,n,n,"CORN NUTS CHILI 4 OZ","4.00 OZ",,n,1,1,0,n,,"=""100""",,,,,,n,,,,,,,
"=""071159078196""","Hanging Snacks",1,299,n,n,"CORN NUTS ORGNAL 4OZ","4.00 OZ",,n,1,1,109,n,,"=""100""",,,,,,n,,,,,,,
"=""071159078240""","Hanging Snacks",1,299,n,n,"CORN NUTS BBQ 4 OZ","4.00 OZ",,n,1,1,121,n,,"=""100""",,,,,,n,,,,,,,
"=""071159289912""","Hanging Snacks",1,299,n,n,"CORN NUTS MEXICAN STYLE",,,n,1,1,109,n,,"=""100""",,,,,,n,,,,,,,
"=""071250000140""","Domestic Beer",1,76,y,n,"COLT 45 16OZ","96.00 FL OZ",,n,1,1,0,n,,"=""100""",,,,,,n,,,,,,,
"=""071250402050""","Domestic Beer",1,129,y,n,"COLT 45 24OZ","24.00 FL OZ",,n,1,1,0,n,,"=""100""",,,,,,n,,,,,,,
"=""071439000060""","Domestic Beer",1,569,y,n,"ROLLING ROCK","72.00 FL OZ",,n,1,1,0,n,,"=""100""",,,,,,n,,,,,,,
"=""071439006017""","Domestic Beer",1,349,n,n,"ROLLING ROCK CANS","25 oz",,n,2,1,176,n,,"=""100""",,,,,,n,,,,,,,
"=""071439344188""","Domestic Beer",1,1399,n,n,"Rolling Rock Can (24 oz)","216.00 FL OZ",,n,18,1,0,n,,"=""100""",,,,,,n,,,,,,,
"=""071439344508""","Domestic Beer",1,1142,n,n,"ROLLING ROCK 24/12 CAN 2/12","144.00 FL OZ",,n,1,1,743,n,,"=""100""",,,,,,n,,,,,,,
"=""071439400167""","Domestic Beer",1,105,y,n,"ROLLING ROCK 16 OZ","16 oz",,n,1,1,0,n,,"=""100""",,,,,,n,,,,,,,
"=""071439457123""","Domestic Beer",1,1399,n,n,"Rolling Rock Bottles (12 oz x 12 ct)","144.00 FL OZ",,n,12,1,743,n,,"=""100""",,,,,,n,,,,,,,
"=""071603125001""",ACCESSORIES,1,299,n,n,"TRIM NAIL CARE","=""1""",,n,1,1,85,n,,"=""100""",,,,,,n,,,,,,,
"=""071603469006""",ACCESSORIES,1,399,n,n,"TRIM BIG","=""1""",,n,1,1,109,n,,"=""98""",,,,,,n,,,,,,,
"=""071603529007""",ACCESSORIES,1,299,n,n,"Trim:Slant Tip","1.00 CT",,n,1,1,104,n,,"=""100""",,,,,,n,,,,,,,
"=""071603531000""",ACCESSORIES,1,299,n,n,"Trim Tweezers Square Tip","1.00 Ct",,n,1,1,0,n,,"=""100""",,,,,,n,,,,,,,
"=""071603625006""",ACCESSORIES,1,199,n,n,"TRIM NAIL CARE","10 ct",,n,1,1,0,n,,"=""100""",,,,,,n,,,,,,,
"=""071610203310""",CIGARS,1,999,n,n,"BACKWOODS 5 GENERATION NOW",,,n,1,0,0,n,,"=""100""",,,,,,n,,,,,,,
"=""071610203419""",CIGARS,1,999,n,n,"BACKWOODS 5 AROMATIC",,,n,1,0,0,n,,"=""100""",,,,,,n,,,,,,,
"=""071610203440""",CIGARS,1,999,n,n,"BACKWOODS 5 SMOOTH",,,n,1,0,0,n,,"=""100""",,,,,,n,,,,,,,
"=""071610203457""",CIGARS,1,999,n,n,"BACKWOODS 5 BLACK",,,n,1,0,0,n,,"=""100""",,,,,,n,,,,,,,
"=""071610203471""",CIGARS,1,999,n,n,"BACKWOODS 5 BOLD",,,n,1,0,0,n,,"=""100""",,,,,,n,,,,,,,
"=""071610203525""","Rolling Papers & Wraps",1,129,n,n,"DUTCH PLATINUM FUSION",,,n,1,1,0,n,,"=""100""",,,,,,n,,,,,,,
"=""071610203570""",CIGARS,1,999,n,n,"BACKWOODS 5 WHITE",,,n,1,0,0,n,,"=""100""",,,,,,n,,,,,,,
"=""071610203594""","Rolling Papers & Wraps",1,199,n,n,"DUTCH SILVER",,,n,1,0,0,n,,"=""100""",,,,,,n,,,,,,,
"=""071610203617""","Rolling Papers & Wraps",1,129,n,n,"DUTCH SILVER",,,n,1,0,0,n,,"=""100""",,,,,,n,,,,,,,
"=""071610203624""","Rolling Papers & Wraps",1,129,n,n,"Dutch royal hazy",,,n,1,0,0,n,,"=""100""",,,,,,n,,,,,,,
"=""071610203631""","Rolling Papers & Wraps",1,129,n,n,"DUTCH SWEET RED",,,n,1,1,0,n,,"=""100""",,,,,,n,,,,,,,
"=""071610203655""","Rolling Papers & Wraps",1,129,n,n,"Dutch blue dream",,,n,1,1,0,n,,"=""100""",,,,,,n,,,,,,,
"=""071610203679""","Rolling Papers & Wraps",1,129,n,n,"DUTCH IRISH FUSION",,,n,1,0,0,n,,"=""100""",,,,,,n,,,,,,,
"=""071610203686""","Rolling Papers & Wraps",1,129,n,n,"DUTCH GOLD FUSION",,,n,1,0,0,n,,"=""99""",,,,,,n,,,,,,,
"=""071610203693""","Rolling Papers & Wraps",1,209,n,n,"Dutch Og Fusion",,,n,1,30,3000,n,,"=""100""",,,,,,n,,,,,,,
"=""071610203792""","Rolling Papers & Wraps",1,199,n,n,"DUTCH DIAMOND FUSION",,,n,1,0,0,n,,"=""100""",,,,,,n,,,,,,,
"=""071610211889""","Rolling Papers & Wraps",1,199,n,n,Dutch,,,n,1,1,0,n,,"=""100""",,,,,,n,,,,,,,
"=""071610211896""","Rolling Papers & Wraps",1,129,n,n,"DUTCH GREEN ENVY",,,n,1,0,0,n,,"=""100""",,,,,,n,,,,,,,
"=""071610301894""",CIGARS,1,999,n,n,"Backwoods  5 Original","5.00 ct",,n,1,1,0,n,,"=""100""",,,,,,n,,,,,,,
"=""071610301955""",CIGARS,1,277,n,n,"Backwoods Cigars Singles Original","1 ct",,n,1,1,141,n,,"=""100""",,,,,,n,,,,,,,
"=""071610862470""",CIGARS,1,2199,n,n,"Monte Cristo White Toro Grande",,,n,1,0,1193,n,,"=""100""",,,,,,n,,,,,,,
"=""071610863231""",CIGARS,1,2299,n,n,"Romeo Y Julieta","=""2""",,n,1,1,1242,n,,"=""100""",,,,,,n,,,,,,,
"=""071610872783""",CIGARS,1,1799,n,n,"JM Tobacco",,,n,1,1,942,n,,"=""100""",,,,,,n,,,,,,,
"=""071610927841""",CIGARS,1,2199,n,n,"Monte Cristo Classic El Conde",,,n,1,1,1199,n,,"=""100""",,,,,,n,,,,,,,
"=""071610927858""",CIGARS,1,1799,n,n,"Monte Cristo Classic Tubo Especial",EACH,,n,1,0,960,n,,"=""100""",,,,,,n,,,,,,,
"=""071610927971""",CIGARS,1,1699,n,n,"Romeo Y Julieta","=""1""",,n,1,1,902,n,,"=""100""",,,,,,n,,,,,,,
"=""071610930025""",CIGARS,1,1799,n,n,"Monte Cristo","=""1""",,n,1,1,943,n,,"=""98""",,,,,,n,,,,,,,
"=""071610930063""",CIGARS,1,1699,n,n,"Monte Cristo White Court",,,n,1,0,933,n,,"=""100""",,,,,,n,,,,,,,
"=""071610933361""",CIGARS,1,2399,n,n,"Monte Cristo","=""2""",,n,1,1,1267,n,,"=""100""",,,,,,n,,,,,,,
"=""071610945784""",CIGARS,1,1699,n,n,"Monte Cristo","=""1""",,n,1,1,888,n,,"=""100""",,,,,,n,,,,,,,
"=""071610945814""",CIGARS,1,1699,n,n,"Monte Cristo Platinum Rothchilde","=""1""",,n,1,1,899,n,,"=""100""",,,,,,n,,,,,,,
"=""071610945838""",CIGARS,1,2299,n,n,"Monte Cristo Platinum Churchill","1.00 ST",,n,1,0,1260,n,,"=""100""",,,,,,n,,,,,,,
"=""071720000014""",Gummy,1,75,n,n,"Caramel Apple Pops","=""1""",,n,1,1,0,n,,"=""100""",,,,,,n,,,,,,,
"=""071720009314""",Candy,1,299,n,n,"Tootsie Roll Candy (2.25 oz)","2.25 OZ",,n,1,1,0,n,,"=""100""",,,,,,n,,,,,,,
"=""071720530030""",CHOCOLATE,1,399,n,n,"JUNIOR MINT MINIS","=""1""",,n,1,1,181,n,,"=""11""",,,,,,n,,,,,,,
"=""071720530153""",CHOCOLATE,1,299,n,n,"Junior Mints:Candy","1.84 OZ",,n,1,1,0,n,,"=""100""",,,,,,n,,,,,,,
"=""071720870006""",Gummy,1,399,n,n,"DOTS fruit 6.5 oz","6.5 oz",,n,1,12,1599,n,,"=""100""",,,,,,n,,,,,,,
"=""071990000080""","Domestic Beer",1,1099,n,n,"Coors Light 12oz 6P","6pk 12 oz",,n,6,1,705,n,,"=""399""",,,,,,n,,,,,,,
"=""071990000141""","Hard Seltzer",1,349,n,n,"High Noon Hard Seltzer Black Cherry Cans (355 ml x 4 ct)",,,n,1,1,0,n,,"=""10""",,,,,,n,,,,,,,
"=""071990000479""","Domestic Beer",1,1699,n,n,"COORS BANQUEST 12 PK 12OZ CAN","12 PK 12 OZ",,n,12,1,1140,n,,"=""11""",,,,,,n,,,,,,,
"=""071990000486""","Domestic Beer",1,1799,n,n,"Coors Light Cans (12 Oz X 6 Ct)","12pk 12oz",,n,12,1,1140,n,,"=""18""",,,,,,n,,,,,,,
"=""071990001148""","Domestic Beer",1,449,n,n,"BLUE MOON BELGIAN WHITE ALE 19.2","19.2 oz",,n,1,1,235,n,,"=""14""",,,,,,n,,,,,,,
"=""071990001360""","Domestic Beer",1,411,n,n,"BLUE MOON EXTRA  19.2 OZ","19.2 OZ",,n,1,12,2935,n,,"=""12""",,,,,,n,,,,,,,
"=""071990001483""","Import Beer",1,449,n,n,PERONI,"24 OZ",,n,2,1,261,n,,"=""7""",,,,,,n,,,,,,,
"=""071990001568""",BEER,1,1599,n,n,"KEYSTONE LIGHT APPLE","15 PK 12 OZ",,n,12,1,910,n,,"=""17""",,,,,,n,,,,,,,
"=""071990095062""","Domestic Beer",1,2599,n,n,"BLUEMOON CANS 12 PK 12 OZ","12 PK 12 OZ",,n,12,2,3330,n,,"=""100""",,,,,,n,,,,,,,
"=""071990095116""","Domestic Beer",1,1449,n,n,"Blue Moon Belgian White Bottles (12 oz x 6 ct)","72.00 FL OZ",,n,6,1,906,n,,"=""1""",,,,,,n,,,,,,,
"=""071990095161""","Domestic Beer",1,2599,n,n,"BLUE MOON BELGIAN WHEAT 12PK 24 OZ","12 OZ 12 PK",,n,12,2,3330,n,,"=""100""",,,,,,n,,,,,,,
"=""071990100209""","Domestic Beer",1,2299,n,n,"COORS BANQUEST 18 PK 12OZ CANS","18 PK 12 OZ",,n,18,1,1685,n,,"=""3""",,,,,,n,,,,,,,
"=""071990100711""","Domestic Beer",1,325,n,n,"Coors Golden Banquet","24 oz",,n,2,1,205,n,,"=""1093""",,,,,,n,,,,,,,
"=""071990170202""","Domestic Beer",1,325,n,n,"Coors Banquet Singles 16 FL OZ Aluminum Bottle","16.00 FL OZ",,n,1,1,0,n,,"=""15""",,,,,,n,,,,,,,
"=""071990170226""","Domestic Beer",1,1699,n,n,"COORS BANQUET 9-PACK 16 oz ALIMINUM","16 OZ 9 PK",,n,9,2,2250,n,,"=""1""",,,,,,n,,,,,,,
"=""071990170264""","Domestic Beer",1,999,n,n,"COORS BANQUET 3 PK 24 OZ","3 PK 24 OZ",,n,6,1,613,n,,"=""17""",,,,,,n,,,,,,,
"=""071990170288""","Domestic Beer",1,1099,n,n,"COORS BANQUEST BOTTLES  6 PACK 12OZ","6 PK 12 OZ",,n,6,1,705,n,,"=""4""",,,,,,n,,,,,,,
"=""071990300050""","Domestic Beer",1,1099,n,n,"COORS LIGHT 6PK 12OZ","12 OZ",,n,6,1,705,n,,"=""6""",,,,,,n,,,,,,,
"=""071990300173""","Domestic Beer",1,2199,n,n,"Coors Light Bottles (12 oz x 18 ct)","12 oz 18 pk",,n,18,1,1600,n,,"=""15""",,,,,,n,,,,,,,
"=""071990300302""","Domestic Beer",1,2899,n,n,"Coors Light 30 Pack 12oz Cans","30 PK 12 OZ",,n,30,1,2310,n,,"=""100""",,,,,,n,,,,,,,
"=""071990300654""","Domestic Beer",1,325,n,n,"Coors Can (24 oz)","24.00 FL OZ",,n,2,1,205,n,,"=""87""",,,,,,n,,,,,,,
"=""071990300692""","Domestic Beer",1,1699,n,n,"COORS LITE 12PK 12 OZ","12 PK 12 OZ",,n,12,1,1140,n,,"=""4""",,,,,,n,,,,,,,
"=""071990301033""","Domestic Beer",1,325,n,n,"Coors Light aluminum bottle","16 oz",,n,1,1,0,n,,"=""15""",,,,,,n,,,,,,,
"=""071990301040""","Domestic Beer",1,1699,n,n,"Coors Light Cans (16.9 oz x 9 ct)","16 oz",,n,9,1,1125,n,,"=""6""",,,,,,n,,,,,,,
"=""071990301200""","Domestic Beer",1,999,n,n,"COORS LT 3PK CANS 24 OZ","3 PK 24 OZ",,n,6,1,613,n,,"=""31""",,,,,,n,,,,,,,
"=""071990320003""","Domestic Beer",1,299,n,n,"Coors Light","16 oz",,n,1,1,0,n,,"=""100""",,,,,,n,,,,,,,
"=""071990386429""",BEER,1,2599,n,n,"COORS BANQUET 16OZ CAN","16 oz",,n,1,1,1665,n,,"=""1""",,,,,,n,,,,,,,
"=""072133010010""",ACCESSORIES,1,1499,n,n,"Wiffle Tosso","=""1""",,n,1,1,625,n,,"=""100""",,,,,,n,,,,,,,
"=""072133063924""","General Merchandise",1,499,n,n,"Wiffle Ball",,,n,1,1,195,n,,"=""100""",,,,,,n,,,,,,,
"=""072140027179""","Health & Wellness",1,1999,n,n,"Coppertone Water Babies SPF 50","6 OZ",,n,1,1,921,n,,"=""100""",,,,,,n,,,,,,,
"=""072140027568""","Health & Wellness",1,999,n,n,"COPPERTONE SPORT 50 4 -IN -1","3 OZ",,n,1,1,332,n,,"=""100""",,,,,,n,,,,,,,
"=""072140801014""",ACCESSORIES,1,449,n,n,"Nivea Crème:Skin Moisturizing Cream","1.00 OZ",,n,1,1,0,n,,"=""100""",,,,,,n,,,,,,,
"=""072311230124""",BEER,1,2199,n,n,"Dos Equis Lager Especial Bottles (12 oz x 12 ct)","12 oz 12 pk",,n,12,1,1437,n,,"=""2""",,,,,,n,,,,,,,
"=""072311321242""",BEER,1,438,n,n,"DOS EQUIS LAGER C12 24OZ","24 oz",,n,2,1,250,n,,"=""100""",,,,,,n,,,,,,,
"=""072311630115""",BEER,1,1199,n,n,"DOS EQUIS AMBAR B24 12OZ 6P","12 oz 6 pk",,n,6,1,765,n,,"=""5""",,,,,,n,,,,,,,
"=""072311630122""",BEER,1,1199,n,n,"Dos Equis Lager Especial Bottles (12 oz x 6 ct)","12oz 6 pk",,n,6,1,765,n,,"=""100""",,,,,,n,,,,,,,
"=""072320600017""",CHOCOLATE,1,299,n,n,"YANYAN CHOCOLATE CREME","2.0 OZ",,n,1,1,0,n,,"=""100""",,,,,,n,,,,,,,
"=""072320600024""",CHOCOLATE,1,299,n,n,"YANYAN VANILLA CREME",,,n,1,1,0,n,,"=""100""",,,,,,n,,,,,,,
"=""072320600031""",CHOCOLATE,1,299,n,n,"YANYAN STRAWBERRY CREME CRACKER STICK DIP",,,n,1,1,0,n,,"=""100""",,,,,,n,,,,,,,
"=""072320700045""","Snacks & Condiments",1,150,n,n,"Meiji Hello Panda Chocolate Creme Filled Cookies (7 oz)","2.00 ounces",,n,1,1,0,n,,"=""100""",,,,,,n,,,,,,,
"=""072320700281""","Snacks & Condiments",1,150,n,n,"Meiji Hello Panda Strawberry Cream Filled Cookies (7 oz)","2.1 oz",,n,1,1,0,n,,"=""100""",,,,,,n,,,,,,,
"=""072320700526""","Hanging Snacks",1,650,n,n,"Meji Chocorooms",5OZ,,n,1,1,324,n,,"=""100""",,,,,,n,,,,,,,
"=""072320700915""","Hanging Snacks",1,599,n,n,PANDA,,,n,1,1,300,n,,"=""99""",,,,,,n,,,,,,,
"=""072320700922""","Hanging Snacks",1,673,n,n,"Hello Panda Strawberry",,,n,1,6,1969,n,,"=""100""",,,,,,n,,,,,,,
"=""072320700939""","Hanging Snacks",1,673,n,n,"Hello Panda","7 oz",,n,1,6,1969,n,,"=""100""",,,,,,n,,,,,,,
"=""072320700977""","Hanging Snacks",1,599,n,n,"MEIJI PANDA BISCUITS CARAMEL","7 OZ",,n,1,1,300,n,,"=""100""",,,,,,n,,,,,,,
"=""072489010016""",ACCESSORIES,1,999,n,n,"Penn Championship Extra Duty Felt Balls",,,n,1,1,0,n,,"=""100""",,,,,,n,,,,,,,
"=""072546011673""",Sake,1,2499,n,n,"KIKUSUI JUNMAI GINJO","750 ml",,n,2,1,0,n,,"=""99""",,,,,,n,,,,,,,
"=""072546103200""",Liqueur,1,2800,n,n,"EMISHIKI SENSATION","750 ml",,n,1,1,0,n,,"=""100""",,,,,,n,,,,,,,
"=""072632976220""",CIGARS,1,799,n,n,"JC NEWMAN",,,n,1,0,423,n,,"=""100""",,,,,,n,,,,,,,
"=""072632976251""",CIGARS,1,1099,n,n,"Habanos Del Campo",,,n,1,1,590,n,,"=""100""",,,,,,n,,,,,,,
"=""072632976268""",CIGARS,1,899,n,n,"Habanos Del Campo",,,n,1,1,454,n,,"=""100""",,,,,,n,,,,,,,
"=""072632976275""",CIGARS,1,799,n,n,"Habanos Del Campo",,,n,1,1,438,n,,"=""100""",,,,,,n,,,,,,,
"=""072799055639""",Gummy,1,349,n,n,"MAMBA LEMON RESBERRY 2.8 OZ","2.8 OZ",,n,1,1,0,n,,"=""100""",,,,,,n,,,,,,,
"=""072799055660""",Gummy,1,299,n,n,"MAMBA SOUR FRUIT 2.8 OZ","2.8 OZ",,n,1,1,0,n,,"=""100""",,,,,,n,,,,,,,
"=""072799055691""",Gummy,1,349,n,n,"MAMBA TROPICS 2.8 OZ","2.8 OZ",,n,1,1,0,n,,"=""100""",,,,,,n,,,,,,,
"=""072799934057""",Gummy,1,349,n,n,"MAMBA BERRYTASTY 2.8 OZ","2.8 OZ",,n,1,1,0,n,,"=""100""",,,,,,n,,,,,,,
"=""072890000118""","Import Beer",1,1199,n,n,"HEINEKEN Lager Bottles (12 oz x 6 ct)","72.00 FL OZ",,n,6,1,793,n,,"=""4""",,,,,,n,,,,,,,
"=""072890000163""","Import Beer",1,2299,n,n,"Heineken Light Bottles (12 oz x 12 ct)","12.00 FL OZ 12pk",,n,12,1,1488,n,,"=""5""",,,,,,n,,,,,,,
"=""072890000200""","Import Beer",1,2199,n,n,"HEINEKEN 12OZ 12P","12 PK 12 OZ",,n,6,1,1488,n,,"=""6""",,,,,,n,,,,,,,
"=""072890001191""","Import Beer",1,449,n,n,"HEINEKEN 24OZ","24.00 FL OZ",,n,2,1,261,n,,"=""100""",,,,,,n,,,,,,,
"=""072890006219""","Import Beer",1,1199,n,n,"Heineken 0.0 Can (11.2 oz x 12 ct)","11.2 oz 6pk",,n,6,1,780,n,,"=""2""",,,,,,n,,,,,,,
"=""072890006448""","Import Beer",1,1152,n,n,"HEINEKEN  C12 24OZ 3P",,,n,1,1,749,n,,"=""100""",,,,,,n,,,,,,,
"=""072890006547""","Import Beer",1,2199,n,n,"HEINEKEN 0.0 11.2OZ 12P","12 pk",,n,12,1,1463,n,,"=""3""",,,,,,n,,,,,,,
"=""072890007032""","Import Beer",1,2299,n,n,"HEINKENEN 0.0","12 PK 12 OZ",,n,12,1,1487,n,,"=""5""",,,,,,n,,,,,,,
"=""072890100115""","Import Beer",1,1299,n,n,"Amstel Light Bottles (12 oz x 6 ct)","72.00 FL OZ",,n,6,1,793,n,,"=""100""",,,,,,n,,,,,,,
"=""072890100160""","Import Beer",1,2299,n,n,"Amstel Light Bottles (12 oz x 12 ct)","12 OZ 12 pk",,n,12,1,1488,n,,"=""100""",,,,,,n,,,,,,,
"=""072965007417""",CHOCOLATE,1,199,n,n,"BIG CHERRY BAR","1.75 OZ",,n,1,1,0,n,,"=""100""",,,,,,n,,,,,,,
"=""073010004542""",ACCESSORIES,1,999,n,n,"Tampax Pearl Plastic","18 unds",,n,1,1,580,n,,"=""100""",,,,,,n,,,,,,,
"=""073010214095""",ACCESSORIES,1,699,n,n,"TAMPAX REGULAR 10","10.00 Ct",,n,1,1,379,n,,"=""99""",,,,,,n,,,,,,,
"=""073010314092""",ACCESSORIES,1,699,n,n,"TAMPAX SUPER 10","10 ct",,n,1,1,256,n,,"=""100""",,,,,,n,,,,,,,
"=""073010379084""",ACCESSORIES,1,999,n,n,"Tampax Pearl Super","18 unds",,n,1,1,546,n,,"=""99""",,,,,,n,,,,,,,
"=""073100000607""","Chewing Tobacco",1,1299,n,n,"SKOAL STRAIGHT LONG CUT","1.2 Oz",,n,1,5,4450,n,,"=""99""",,,,,,n,,,,,,,
"=""073100000881""","Chewing Tobacco",1,1499,n,n,"Skoal Long Cut Mint","1.00 OZ",,n,1,1,880,n,,"=""100""",,,,,,n,,,,,,,
"=""073100001079""","Chewing Tobacco",1,1299,n,n,"Copenhagen Snuff Original Fine Cut","1.2 Oz",,n,1,5,4400,n,,"=""100""",,,,,,n,,,,,,,
"=""073100001215""","Chewing Tobacco",1,1299,n,n,"Copenhagen Long Cut","1.20 OZ",,n,1,1,900,n,,"=""100""",,,,,,n,,,,,,,
"=""073100003141""","Chewing Tobacco",1,1199,n,n,"Copenhagen Pouch","0.82 OZ",,n,1,1,0,n,,"=""100""",,,,,,n,,,,,,,
"=""073100004575""",Pouches,1,1399,n,n,"Skoal Pouch Mint","0.82 OZ",,n,1,1,880,n,,"=""2""",,,,,,n,,,,,,,
"=""073100007699""","Chewing Tobacco",1,1299,n,n,"SKOAL Classic Straigh Pouches","1.2 oz",,n,1,1,850,n,,"=""100""",,,,,,n,,,,,,,
"=""073100008825""","Chewing Tobacco",1,1299,n,n,"Copehagen Straight Long Cut","=""1""",,n,1,1,850,n,,"=""100""",,,,,,n,,,,,,,
"=""073141110815""",CHOCOLATE,1,299,n,n,"POCKY ALMOND CRUSH","1.45 OZ",,n,1,1,0,n,,"=""100""",,,,,,n,,,,,,,
"=""073141150040""",CHOCOLATE,1,199,n,n,"POCKY CHOCOLATE","1.41 OZ",,n,1,1,0,n,,"=""100""",,,,,,n,,,,,,,
"=""073141150057""","Snacks & Condiments",1,199,n,n,"Glico Pocky Strawberry Cream Covered Biscuit Sticks (1.41 oz)","1.41 OZ",,n,1,1,0,n,,"=""100""",,,,,,n,,,,,,,
"=""073141153157""",CHOCOLATE,1,199,n,n,"POCKY COOKIES&CREAM","1.41 OZ",,n,1,1,0,n,,"=""100""",,,,,,n,,,,,,,
"=""073180018776""",ACCESSORIES,1,199,n,n,"PARTY PICKS",,,n,1,0,0,n,,"=""100""",,,,,,n,,,,,,,
"=""073214001071""",Grocery,1,999,n,n,"Mezzetta:Imported Cocktail Onions, Sweet & Crisp","16.00 OZ",,n,1,1,0,n,,"=""100""",,,,,,n,,,,,,,
"=""073238804535""","Craft / Local Beer",1,1773,n,n,"BCH Patio Project Crushable WC IP 6/",,,n,1,1,1153,n,,"=""100""",,,,,,n,,,,,,,
"=""073360233418""",Water,1,1299,n,n,"La Croix:Natural Lime 12 Oz","12.00 PK",,n,12,1,576,n,,"=""100""",,,,,,n,,,,,,,
"=""073360373411""",Water,1,1299,n,n,"La Croix:Natural Lemon 12 Oz","12.00 PK",,n,12,1,576,n,,"=""100""",,,,,,n,,,,,,,
"=""073360743412""",Water,1,1299,n,n,"La Croix:Natural Berry 12 Oz","12.00 PK",,n,12,1,576,n,,"=""100""",,,,,,n,,,,,,,
"=""073360747519""",Water,1,1299,n,n,"La Croix:Natural Berry","12.00 FL OZ",,n,12,1,48,n,,"=""100""",,,,,,n,,,,,,,
"=""073390000110""","Breath Refreshers",1,299,n,n,"Mentos:The Chewy Mint, Mint","1.32 OZ",,n,1,1,107,n,,"=""100""",,,,,,n,,,,,,,
"=""073390000165""","Breath Refreshers",1,299,n,n,"MENTOS FRUIT","1.32 oz",,n,1,1,107,n,,"=""100""",,,,,,n,,,,,,,
"=""073390001834""","Breath Refreshers",1,299,n,n,"Mentos Green Apple Chewy Mint (1.32 oz)","1.32 OZ",,n,1,1,107,n,,"=""100""",,,,,,n,,,,,,,
"=""073390002039""",Candy,1,25,n,n,"Air Heads Watermelon (0.55 oz)","0.55 OZ",,n,1,1,0,n,,"=""100""",,,,,,n,,,,,,,
"=""073390002206""",Gummy,1,99,n,n,"Air Heads:Blue Raspberry","0.55 OZ",,n,1,1,0,n,,"=""100""",,,,,,n,,,,,,,
"=""073390002213""",Gummy,1,75,n,n,"AIR HEAD MYSTERY .55 OZ","0.55 OZ",,n,1,1,0,n,,"=""100""",,,,,,n,,,,,,,
"=""073390003937""",Gum,1,299,n,n,"MENTOS GUM RED FRUIT LIME","30.00 G",,n,1,1,0,n,,"=""100""",,,,,,n,,,,,,,
"=""073390005887""","Breath Refreshers",1,699,n,n,"MENTOS CLEAN BREATH",,,n,1,1,0,n,,"=""100""",,,,,,n,,,,,,,
"=""073390008192""",Gummy,1,399,n,n,"AIR HEAD BITES 6 OZ",,,n,1,1,0,n,,"=""100""",,,,,,n,,,,,,,
"=""073390008277""",Gummy,1,199,n,n,"Airheads Sour Candy Bluest Raspberry","2.00 oz",,n,1,1,0,n,,"=""100""",,,,,,n,,,,,,,
"=""073390008383""",Gummy,1,199,n,n,"AIR HEADS XTREMES RA","2.00 OZ",,n,1,1,0,n,,"=""100""",,,,,,n,,,,,,,
"=""073390009038""",Gummy,1,249,n,n,"Airheads Extremes Sour Belts Rainbow Berry","2 Oz",,n,1,1,110,n,,"=""100""",,,,,,n,,,,,,,
"=""073390009137""",ACCESSORIES,1,399,n,n,"Air Heads","=""1""",,n,1,1,0,n,,"=""99""",,,,,,n,,,,,,,
"=""073390009243""",Gummy,1,499,n,n,"AIR HEAD BITES 6 OZ",,,n,1,1,0,n,,"=""100""",,,,,,n,,,,,,,
"=""073390009823""",Gum,1,299,n,n,"AIRHEAD GUM",,,n,1,1,0,n,,"=""100""",,,,,,n,,,,,,,
"=""073390010614""",Gummy,1,499,n,n,"AIRHEAD SOFTFILED 6",,,n,1,1,162,n,,"=""100""",,,,,,n,,,,,,,
"=""073390011000""",Gummy,1,299,n,n,"AIRHEADS PARADISE BLENDS 2 OZ","2 OZ",,n,1,1,111,n,,"=""100""",,,,,,n,,,,,,,
"=""073390011086""",Gum,1,649,n,n,"MENTOS VITAMINS",45pices,,n,1,0,0,n,,"=""100""",,,,,,n,,,,,,,
"=""073390013103""",Gummy,1,99,n,n,AIRHEADS,,,n,1,0,0,n,,"=""100""",,,,,,n,,,,,,,
"=""073390013110""",Gummy,1,75,n,n,"AIRHEAD SOUR BLUE 0.55 OZ","0.55 OZ",,n,1,1,0,n,,"=""100""",,,,,,n,,,,,,,
"=""073390013325""",Gum,1,299,n,n,"AIR HEAD WATERMELON",,,n,1,1,0,n,,"=""100""",,,,,,n,,,,,,,
"=""073390013332""",Gum,1,299,n,n,"AIR HEADS BLUE RASPBERRY",,,n,1,1,0,n,,"=""100""",,,,,,n,,,,,,,
"=""073390013349""",Gum,1,650,n,n,"Mentos Gum PURE FRESH",,,n,1,1,0,n,,"=""100""",,,,,,n,,,,,,,
"=""073390013844""",Gum,1,699,n,n,"MENTOS CINNAMON GUM","0.00 OZ",,n,1,1,367,n,,"=""100""",,,,,,n,,,,,,,
"=""073390013875""",Gum,1,299,n,n,"MENTOS GUM SPRMNT","30.00 G",,n,1,1,0,n,,"=""100""",,,,,,n,,,,,,,
"=""073390013936""",Gum,1,299,n,n,"MENTOS GUM MINT","30.00 G",,n,1,1,160,n,,"=""100""",,,,,,n,,,,,,,
"=""073390013943""",Gum,1,299,n,n,"MENTOS GUM WNTRGRN","15 ct",,n,1,1,0,n,,"=""100""",,,,,,n,,,,,,,
"=""073390014049""",Gum,1,650,n,n,"MENTOS PURE FRESH","50 pcs",,n,1,1,0,n,,"=""100""",,,,,,n,,,,,,,
"=""073390014056""",Gum,1,699,n,n,"MENTOS PURE FRESH","50 pcs",,n,1,1,367,n,,"=""100""",,,,,,n,,,,,,,
"=""073390014360""",Gummy,1,299,n,n,"AIRHEAD BITES FRUITS 2 oz","2 oz",,n,1,1,0,n,,"=""100""",,,,,,n,,,,,,,
"=""073390014490""",Gummy,1,399,n,n,"AIR HEADS BITES FRUIT","6 Oz",,n,1,1,192,n,,"=""2""",,,,,,n,,,,,,,
"=""073390014506""",Gum,1,649,n,n,"MENTOS GUM FRUIT",,,n,1,1,0,n,,"=""100""",,,,,,n,,,,,,,
"=""073390015114""",Gum,1,299,n,n,"MENTOS SOUR",,,n,1,0,0,n,,"=""100""",,,,,,n,,,,,,,
"=""073390015121""",Gum,1,399,n,n,"MENTOS GUM MINT SOUR",,,n,1,1,0,n,,"=""100""",,,,,,n,,,,,,,
"=""073390026349""",Gummy,1,299,n,n,"Mentos:Chewy Mint, Strawberry","1.32 OZ",,n,1,1,107,n,,"=""96""",,,,,,n,,,,,,,
"=""073390026738""",CHOCOLATE,1,299,n,n,"Ferrero Rocher:Fine Hazelnut Chocolates","1.30 OZ",,n,1,1,144,n,,"=""100""",,,,,,n,,,,,,,
"=""073390055011""",Gum,1,299,n,n,"DENTYNE ICE SPEARMIN",,,n,1,1,0,n,,"=""99""",,,,,,n,,,,,,,
"=""073390055028""",Gum,1,299,n,n,"DENTYNE FIRE",,,n,1,1,113,n,,"=""100""",,,,,,n,,,,,,,
"=""073390055035""",Gum,1,299,n,n,"DENTYNE PEPPERMINT",,,n,1,1,0,n,,"=""100""",,,,,,n,,,,,,,
"=""073390055042""",Gum,1,299,n,n,"TRIDENT WHITE WINTER",,,n,1,1,108,n,,"=""100""",,,,,,n,,,,,,,
"=""073390055059""",Gum,1,299,n,n,"ORBIT SWEET MINT GUM",,,n,1,1,113,n,,"=""100""",,,,,,n,,,,,,,
"=""073390055158""",Gum,1,299,n,n,"TRIDENT SPEARMINT",,,n,1,1,0,n,,"=""100""",,,,,,n,,,,,,,
"=""073390055165""",Gum,1,299,n,n,"TRIDENT ORIGINAL FLAVOR",14s,,n,1,1,113,n,,"=""99""",,,,,,n,,,,,,,
"=""073390055172""",Gum,1,299,n,n,"TRIDSENT TROPICAL TWIST",,,n,1,0,0,n,,"=""100""",,,,,,n,,,,,,,
"=""073390055189""",Gum,1,299,n,n,"TRIDENT WATERMELON TWIST",,,n,1,0,0,n,,"=""100""",,,,,,n,,,,,,,
"=""073390055196""",Gum,1,299,n,n,"TRIDENT PERFECT PEPPERMINT",,,n,1,0,0,n,,"=""100""",,,,,,n,,,,,,,
"=""073390055202""",Gum,1,299,n,n,"TRIDENT BUBBLE GUM",,,n,1,1,0,n,,"=""100""",,,,,,n,,,,,,,
"=""073390055219""",Gum,1,299,n,n,"TRIDENT CINNAMON",,,n,1,0,0,n,,"=""100""",,,,,,n,,,,,,,
"=""073390055226""",Gum,1,299,n,n,"TRIDENT MINT BLISS",,,n,1,0,0,n,,"=""100""",,,,,,n,,,,,,,
"=""073390055240""",Gum,1,299,n,n,"Trident pineapple",,,n,1,1,0,n,,"=""100""",,,,,,n,,,,,,,
"=""073390055257""",Gum,1,299,n,n,"TRIDENT ISLAND BERRY LIME",,,n,1,0,0,n,,"=""100""",,,,,,n,,,,,,,
"=""073390055264""",Gum,1,299,n,n,"TRIDENT WINTERGREEN",,,n,1,1,113,n,,"=""100""",,,,,,n,,,,,,,
"=""073390055493""",Gum,1,299,n,n,"DENTYNE ICE SPEARMINT","16 pieces",,n,1,1,113,n,,"=""100""",,,,,,n,,,,,,,
"=""073390055530""",Gum,1,299,n,n,"TRIDENT WHITE WINTER",,,n,1,1,120,n,,"=""100""",,,,,,n,,,,,,,
"=""073390055547""",Gum,1,299,n,n,"TRIDENT WHITE WINTERGREEN",,,n,1,0,0,n,,"=""100""",,,,,,n,,,,,,,
"=""073390055578""",Gum,1,199,n,n,BUBBLELICIOUS,,,n,1,1,94,n,,"=""100""",,,,,,n,,,,,,,
"=""073541740766""",Grocery,1,599,n,n,"BERETTA ITALIAN STYLE SMALL PLATE",,,n,1,1,250,n,,"=""100""",,,,,,n,,,,,,,
"=""073852009385""",ACCESSORIES,1,399,n,n,"Purell Instant Hand Sanitizer With Aloe","2 Oz",,n,1,1,189,n,,"=""100""",,,,,,n,,,,,,,
"=""073852096507""",ACCESSORIES,1,399,n,n,"PURELL SANTZR GEL 2","2.00 OZ",,n,1,1,189,n,,"=""100""",,,,,,n,,,,,,,
"=""073854008089""",Grocery,1,499,n,n,"Bicycle Playing Cards, Standard","1.00 CT",,n,1,1,225,n,,"=""100""",,,,,,n,,,,,,,
"=""074027506296""","Snacks & Condiments",1,299,n,n,"POLAR PANCAKE SYRUP","=""548""",,n,1,1,0,n,,"=""100""",,,,,,n,,,,,,,
"=""074182260125""",ACCESSORIES,1,499,n,n,"Softsoap Moisturizing Hand Soap Soothing Aloe Vera","7.5 Oz",,n,1,1,204,n,,"=""100""",,,,,,n,,,,,,,
"=""074182270933""",ACCESSORIES,1,499,n,n,"Softsoap Fresh Breeze",,,n,1,1,0,n,,"=""100""",,,,,,n,,,,,,,
"=""074323000054""",CHOCOLATE,1,99,n,n,"Bubu Lubu","1.23 OZ",,n,1,1,48,n,,"=""100""",,,,,,n,,,,,,,
"=""074323002218""",Grocery,1,999,n,n,"HOT DOG BUNS",ea,,n,1,1,0,n,,"=""100""",,,,,,n,,,,,,,
"=""074323010619""",Grocery,1,399,n,n,"Bimbo Pecan Mini Muffins","4.34 OZ",,n,1,1,0,n,,"=""100""",,,,,,n,,,,,,,
"=""074323010855""",Grocery,1,499,n,n,"BIMBO CAKE CAS 9 0Z","9 OZ",,n,1,1,0,n,,"=""100""",,,,,,n,,,,,,,
"=""074323051568""",Grocery,1,399,n,n,"Marinela Pastitas Butter Flavored Cookies","2.65 OZ",,n,1,1,0,n,,"=""100""",,,,,,n,,,,,,,
"=""074323091021""",Grocery,1,799,n,n,"BIMBO BREAD BLANCO 1 LB","1 LB",,n,1,1,0,n,,"=""100""",,,,,,n,,,,,,,
"=""074323091045""",Grocery,1,299,n,n,"BIMBO BIMBUNUELOS 2.33 OZ","2.33 OZ",,n,1,1,0,n,,"=""100""",,,,,,n,,,,,,,
"=""074323091137""",Grocery,1,399,n,n,"Bimbo Sugared Donuts","3.53 OZ",,n,1,1,0,n,,"=""100""",,,,,,n,,,,,,,
"=""074323091151""",Grocery,1,799,n,n,"BIMBO BREAD WHEAT LARGE","1 LB",,n,1,1,0,n,,"=""100""",,,,,,n,,,,,,,
"=""074323091229""",Grocery,1,299,n,n,"BIMBO MINI MANTECADAS","4.23 OZ",,n,1,1,0,n,,"=""100""",,,,,,n,,,,,,,
"=""074323091458""",Grocery,1,399,n,n,"Bimbo Vanilla Fine Pastry","4.20 OZ",,n,1,1,0,n,,"=""100""",,,,,,n,,,,,,,
"=""074323091571""",Grocery,1,399,n,n,"CUERNITOS 3.53 OZ","3.53 OZ",,n,1,1,0,n,,"=""100""",,,,,,n,,,,,,,
"=""074323091656""",Grocery,1,399,n,n,"Bimbo Cinnamon Rolls with Raisins","4.20 OZ",,n,1,1,0,n,,"=""100""",,,,,,n,,,,,,,
"=""074323091731""",Grocery,1,349,n,n,"BIMBO DORADITAS 3.88 OZ","3.88 OZ",,n,1,1,0,n,,"=""100""",,,,,,n,,,,,,,
"=""074323091823""",Grocery,1,499,n,n,"BIMBO CAKE PASA 9 OZ","9 OZ",,n,1,1,0,n,,"=""100""",,,,,,n,,,,,,,
"=""074323091830""",Grocery,1,499,n,n,"BIMBO POUND CAKE 9.88 OZ","9.88 OZ",,n,1,1,0,n,,"=""100""",,,,,,n,,,,,,,
"=""074323092066""",Grocery,1,449,n,n,"POLVORONES ORANGE 9.88 OZ","9.88 ORANGE",,n,1,1,0,n,,"=""100""",,,,,,n,,,,,,,
"=""074323093001""",Grocery,1,199,n,n,"MARINELA PRICIP LIME FILLING","3.5 Oz",,n,1,1,0,n,,"=""100""",,,,,,n,,,,,,,
"=""074323093988""",Grocery,1,399,n,n,"Sweet Baked Goods:Principe Sandwich 8 Ct","2.99 OZ",,n,1,1,0,n,,"=""100""",,,,,,n,,,,,,,
"=""074323094251""","Snacks & Condiments",1,299,n,n,"Marinela Barritas Pineapple Filled Cookies (3.74 oz)","3.74 OZ",,n,1,1,0,n,,"=""100""",,,,,,n,,,,,,,
"=""074323094381""",Grocery,1,299,n,n,"BIMBO STRAWBERRY","3.74 OZ",,n,1,1,0,n,,"=""100""",,,,,,n,,,,,,,
"=""074323094596""",Grocery,1,349,n,n,"BIMBO REBANADAS 3.88 OZ","3.88 OZ",,n,1,1,0,n,,"=""100""",,,,,,n,,,,,,,
"=""074323095012""",Grocery,1,399,n,n,"BIMBO GANSITO CHOPCOLATEY","3.53 OZ",,n,1,1,0,n,,"=""100""",,,,,,n,,,,,,,
"=""074323095104""",Grocery,1,399,n,n,"Napolitano 1","=""1""",,n,1,1,0,n,,"=""100""",,,,,,n,,,,,,,
"=""074323095135""",Grocery,1,299,n,n,"BIMBO PASTITAS BUTTER","3.88 OZ",,n,1,1,0,n,,"=""100""",,,,,,n,,,,,,,
"=""074323095234""",Grocery,1,299,n,n,"Marinela Sponch Marshmallow Cookies","3.18 OZ",,n,1,1,0,n,,"=""100""",,,,,,n,,,,,,,
"=""074323095357""",Grocery,1,299,n,n,"BIMBO PINGUINOS CHOCOLATEY  2.82 OZ","2.82 OZ",,n,1,1,0,n,,"=""100""",,,,,,n,,,,,,,
"=""074323095524""",Grocery,1,449,n,n,"CINNAS CINNAMON COOKIES 8.82 OZ","8.82 OZ",,n,1,1,0,n,,"=""100""",,,,,,n,,,,,,,
"=""074323095852""",Grocery,1,399,n,n,"Sweet Baked Goods:Submarinos Strawberry 2 Ct","2.50 OZ",,n,1,1,0,n,,"=""100""",,,,,,n,,,,,,,
"=""074323099751""",Grocery,1,399,n,n,"BIMBO Nito DUO",,,n,1,1,0,n,,"=""100""",,,,,,n,,,,,,,
"=""074323729887""",Grocery,1,449,n,n,"TRIKIS TRAKES COOKIES CHOCOLATE CHIP 7.23 OZ","7.23 OZ",,n,1,1,0,n,,"=""100""",,,,,,n,,,,,,,
"=""074323732351""",Grocery,1,999,n,n,"HUMBERGER BUNS 1 LB","1 LB",,n,1,1,0,n,,"=""100""",,,,,,n,,,,,,,
"=""074323737714""",Grocery,1,399,n,n,"DANISH PUFF PATRY",,,n,1,0,0,n,,"=""100""",,,,,,n,,,,,,,
"=""074323737912""",Grocery,1,299,n,n,"BIMBO MINI MAFFINS 4.4 OZ","4.4 OZ",,n,1,1,0,n,,"=""100""",,,,,,n,,,,,,,
"=""074323737967""",Grocery,1,399,n,n,"Bimbo Pecan Mini Muffins","4.34 OZ",,n,1,1,0,n,,"=""100""",,,,,,n,,,,,,,
"=""074323739206""",Grocery,1,399,n,n,"MARINELA CINNAS CAKE",,,n,1,1,151,n,,"=""100""",,,,,,n,,,,,,,
"=""074323739374""",Grocery,1,399,n,n,"PINGUINOS HERSHEYS",,,n,1,1,151,n,,"=""100""",,,,,,n,,,,,,,
"=""074323739510""",Grocery,1,399,n,n,"CROSSAN TINES MINIS HERSHEYS",,,n,1,1,151,n,,"=""100""",,,,,,n,,,,,,,
"=""074562001003""","Pantry & Grocery Extras",1,399,n,n,"Cacique Ranchero Queso Fresco Part Skim Milk Cheese (12 oz)","12.00 OZ",,n,1,1,0,n,,"=""100""",,,,,,n,,,,,,,
"=""074570004003""","Ice Cream",1,899,n,n,Haagen-Dazs:Vanilla,"14.00 OZ",,n,1,1,0,n,,"=""100""",,,,,,n,,,,,,,
"=""074570013104""","Ice Cream",1,399,n,n,"Haagen-Dazs Vanilla Milk Chocolate Ice Cream Bar (2 oz)","3.00 CT",,n,1,1,0,n,,"=""100""",,,,,,n,,,,,,,
"=""074570014002""","Snacks & Condiments",1,899,n,n,"Haagen Dazs Ice Cream, Chocolate Pint","14.00 OZ",,n,1,1,0,n,,"=""100""",,,,,,n,,,,,,,
"=""074570016006""","Ice Cream",1,499,n,n,"Haagen-Dazs:Vanilla & Milk Chocolate","3.00 FL OZ",,n,1,1,0,n,,"=""100""",,,,,,n,,,,,,,
"=""074570024001""","Snacks & Condiments",1,899,n,n,"Haagen Dazs Ice Cream, Strawberry Pint","14.00 FL OZ",,n,1,1,0,n,,"=""100""",,,,,,n,,,,,,,
"=""074570033102""","Ice Cream",1,399,n,n,"Haagen-Dazs Vanilla Milk Chocolate Almond Ice Cream (32 oz)","3.00 CT",,n,1,1,0,n,,"=""100""",,,,,,n,,,,,,,
"=""074570034000""","Snacks & Condiments",1,899,n,n,"Haagen Dazs Ice Cream, Coffee Pint","14.00 OZ",,n,1,1,0,n,,"=""100""",,,,,,n,,,,,,,
"=""074570044009""","Ice Cream",1,899,n,n,"Haagen-Dazs:Ice Cream, Rum Raisin","1.00 PT",,n,1,1,0,n,,"=""100""",,,,,,n,,,,,,,
"=""074570044085""","Snacks & Condiments",1,899,n,n,"Haagen-Dazs Ice Cream Rocky Road Pint","1.00 PT",,n,1,1,0,n,,"=""100""",,,,,,n,,,,,,,
"=""074570082025""",SYSTEM,1,149,n,n,FEE1,"3.50 FL OZ",,n,1,1,0,n,,"=""100""",,,,,,n,,,,,,,
"=""074570084005""","Snacks & Condiments",1,899,n,n,"Haagen Daz Chocolate Chocolate Chip Ice Cream Container (14 oz)","1.00 PT",,n,1,1,0,n,,"=""100""",,,,,,n,,,,,,,
"=""074570094004""","Ice Cream",1,899,n,n,"Haagen-Dazs Vanilla Swiss Almond Ice Cream (14 oz)","1.00 PT",,n,1,1,0,n,,"=""100""",,,,,,n,,,,,,,
"=""074570114009""","Ice Cream",1,899,n,n,"Haagen-Dazs Butter Pecan Ice Cream (14 oz)","14.00 OZ",,n,1,1,0,n,,"=""100""",,,,,,n,,,,,,,
"=""074570146000""","Ice Cream",1,500,n,n,"Haagen-Dazs Coffee Almond Crunch Ice Cream Bar (3.67 oz)","3.67 OZ",,n,1,1,0,n,,"=""100""",,,,,,n,,,,,,,
"=""074570274000""","Ice Cream",1,899,n,n,"Haagen-Dazs:Ice Cream, Cookie & Cream","1.00 PT",,n,1,1,0,n,,"=""100""",,,,,,n,,,,,,,
"=""074570305445""","Ice Cream",1,899,n,n,"HAAGEN - DAZS",,,n,1,0,0,n,,"=""100""",,,,,,n,,,,,,,
"=""074570462032""","Ice Cream",1,899,n,n,"Haagen-Dazs Mango Ice Cream (14 oz)","14 oz",,n,1,1,0,n,,"=""100""",,,,,,n,,,,,,,
"=""074570524006""","Ice Cream",1,899,n,n,"Haagen-Dazs Vanilla Chocolate Chip (14 oz)","1.00 PT",,n,1,1,0,n,,"=""100""",,,,,,n,,,,,,,
"=""074570534005""","Ice Cream",1,899,n,n,"Haagen-Dazs Cherry Vanilla Ice Cream (14 oz)","1.00 PT",,n,1,1,0,n,,"=""100""",,,,,,n,,,,,,,
"=""074570606863""","Ice Cream",1,899,n,n,"HAAGEN - DAZS",,,n,1,1,0,n,,"=""100""",,,,,,n,,,,,,,
"=""074570615322""","Ice Cream",1,899,n,n,"HAGN DAZS LEMON",,,n,1,0,0,n,,"=""100""",,,,,,n,,,,,,,
"=""074570650309""","Ice Cream",1,899,n,n,"Haagen-Dazs:White Chocolate Raspberry Truffle","1.00 PT",,n,1,1,430,n,,"=""99""",,,,,,n,,,,,,,
"=""074570650576""","Snacks & Condiments",1,899,n,n,"Haagen-Dazs Vanilla Bean Ice Cream Container (14 oz)","1.00 PT",,n,1,1,0,n,,"=""100""",,,,,,n,,,,,,,
"=""074570650583""","Snacks & Condiments",1,899,n,n,"Haagen Dazs Ice Cream, Caramel Cone Pint","1.00 PT",,n,1,1,0,n,,"=""100""",,,,,,n,,,,,,,
"=""074570651405""","Ice Cream",1,899,n,n,"Haagen-Dazs Green Tea Ice Cream (14 oz)","14 Oz",,n,1,1,0,n,,"=""100""",,,,,,n,,,,,,,
"=""074570810116""","Snacks & Condiments",1,899,n,n,"Haagen Dazs Ice Cream, Dulce de Leche Pint","1.00 PT",,n,1,1,0,n,,"=""100""",,,,,,n,,,,,,,
"=""074570876594""","Ice Cream",1,899,n,n,"Ice cream",,,n,1,0,0,n,,"=""100""",,,,,,n,,,,,,,
"=""074570950034""","Ice Cream",1,999,n,n,"Haagen-Dazs Pistachio Ice Cream (14 oz)","1.00 PT",,n,1,1,0,n,,"=""100""",,,,,,n,,,,,,,
"=""074570950157""","Ice Cream",1,899,n,n,"Haagen-Dazs Chocolate Peanut Butter Ice Cream (14 oz)","1.00 PT",,n,1,1,0,n,,"=""100""",,,,,,n,,,,,,,
"=""074608350072""",ACCESSORIES,1,399,n,n,"Arctic Glacier Ice - Premium","32 oz",,n,1,1,0,n,,"=""100""",,,,,,n,,,,,,,
"=""074608350164""","General Merchandise",1,699,n,n,"big ice 16 lb",,,n,1,0,0,n,,"=""100""",,,,,,n,,,,,,,
"=""074780253871""","Non-Alcoholic Beer & Wine",1,162,n,n,"Mai Perrier Blackberry 1/24 .5 Ltr P",,,n,1,1,105,n,,"=""100""",,,,,,n,,,,,,,
"=""074780426886""",Soda,1,242,n,n,"MAISON PERRIER BLACKBERRY 24/.5 LITER PET (500ML)","=""1609""",,n,1,1,110,n,,"=""99""",,,,,,n,,,,,,,
"=""074780515504""",Water,1,274,n,n,"MAISON PERRIER","16.9 oz",,n,1,1,110,n,,"=""14""",,,,,,n,,,,,,,
"=""074780620888""","Non-Alcoholic Beer & Wine",1,162,n,n,"Mai Perrier Ultimate 1/24 .5 Ltr PET",,,n,1,1,105,n,,"=""100""",,,,,,n,,,,,,,
"=""074780650656""",Water,1,274,n,n,"MAISON PERRIER ULTIMATE SPARKLING WATER",,,n,1,1,100,n,,"=""100""",,,,,,n,,,,,,,
"=""074780727501""",Water,1,274,n,n,"MASION PERRIER ORANGE","16.9 Oz",,n,1,1,113,n,,"=""100""",,,,,,n,,,,,,,
"=""074780811163""",Water,1,274,n,n,"MASION PERRIER lime","16.9 oz",,n,1,1,110,n,,"=""100""",,,,,,n,,,,,,,
"=""074806000427""","Spirits - Other",1,1077,n,n,"DAILYS SIMPLE SYRUP 1.0L",,,n,1,1,700,n,,"=""100""",,,,,,n,,,,,,,
"=""074806195307""",Liqueur,1,1099,n,n,"DAILY'S CCC 750ML","750 ML",,n,2,1,0,n,,"=""100""",,,,,,n,,,,,,,
"=""075140005000""",Water,1,320,n,n,"Crystal Geyser:Natural w/ Flat Cap","1.50 LT",,n,1,1,0,n,,"=""100""",,,,,,n,,,,,,,
"=""075140005024""",Water,1,95,n,n,"Crystal Geyser:Natural","16.90 OZ",,n,1,1,0,n,,"=""100""",,,,,,n,,,,,,,
"=""075140005123""",Water,1,249,n,n,"Crystal Geyser:Natural w/Flat Cap","1.00 L",,n,1,1,47,n,,"=""100""",,,,,,n,,,,,,,
"=""075140005154""",Water,1,290,n,n,"Crystal Geyser:Natural w/ Handle","1.00 GAL",,n,2,1,100,n,,"=""98""",,,,,,n,,,,,,,
"=""075140065028""",Water,1,399,n,n,"Crystal Geyser:Natural 16.9 Oz","6.00 CT",,n,6,1,0,n,,"=""100""",,,,,,n,,,,,,,
"=""075140700028""",Water,1,245,n,n,"CRYSTAL GEYSER SPRING WATER 23.6OZ","23.60 FL OZ",,n,1,1,33,n,,"=""24""",,,,,,n,,,,,,,
"=""075283089530""","Non-Alcoholic Beer & Wine",1,1671,n,n,"Bch Amalgamator Wc IPA W/mosaic Hops",,,n,1,1,1083,n,,"=""100""",,,,,,n,,,,,,,
"=""075283089547""","IPA Beer",1,1665,n,n,"BCH CITRAHOLIC WC STYLE IPA W/CITRA",,,n,1,1,1083,n,,"=""100""",,,,,,n,,,,,,,
"=""075324000111""",Grocery,1,250,n,n,"WEDGE LEMON JUICE 4","4 oz",,n,1,1,64,n,,"=""100""",,,,,,n,,,,,,,
"=""075324000142""",Grocery,1,249,n,n,"WEDGE LIME JUICE 4","4 oz",,n,1,1,64,n,,"=""100""",,,,,,n,,,,,,,
"=""075496000407""",Liqueur,1,1499,n,n,"ANGOSTURA AROMATIC BITTERS 4FL","4 Oz",,n,1,1,0,n,,"=""100""",,,,,,n,,,,,,,
"=""075496002005""",Liqueur,1,2499,n,n,"ANGOSTURA AROMATIC BITTERS","200 ML",,n,1,1,0,n,,"=""100""",,,,,,n,,,,,,,
"=""075496331143""",Liqueur,1,1499,n,n,"ANGOSTURA ORANGE BITTERS4FL.OZ",118ml,,n,1,1,0,n,,"=""100""",,,,,,n,,,,,,,
"=""075496332867""",Liqueur,1,1499,n,n,"ANGOSURA COCOA BITTERS 4FL.OZ","118 ml",,n,1,1,0,n,,"=""100""",,,,,,n,,,,,,,
"=""075656006898""","General Merchandise",1,399,n,n,"LIGHT UP SPINNER",,,n,1,0,0,n,,"=""100""",,,,,,n,,,,,,,
"=""075656015661""","General Merchandise",1,1099,n,n,BLITZ,,,n,1,0,0,n,,"=""100""",,,,,,n,,,,,,,
"=""075656015678""","General Merchandise",1,1299,n,n,"BLITZ BUBBLES",,,n,1,0,0,n,,"=""100""",,,,,,n,,,,,,,
"=""075656023451""","General Merchandise",1,999,n,n,"GLIDE STAR 15 INCH WINGSPAN",,,n,1,0,0,n,,"=""100""",,,,,,n,,,,,,,
"=""075656050068""","General Merchandise",1,499,n,n,"TROPI KOOL",,,n,1,0,0,n,,"=""100""",,,,,,n,,,,,,,
"=""075656054196""","General Merchandise",1,999,n,n,"CRITER KIDZ",,,n,1,0,0,n,,"=""100""",,,,,,n,,,,,,,
"=""075656059405""","General Merchandise",1,499,n,n,"PONG GAME","6 PK",,n,1,1,0,n,,"=""100""",,,,,,n,,,,,,,
"=""075656950238""","General Merchandise",1,499,n,n,"NOISE DUCKIE",,,n,1,0,0,n,,"=""100""",,,,,,n,,,,,,,
"=""075856000931""","Ice Cream",1,299,n,n,"cone icecream",ice,,n,1,0,0,n,,"=""100""",,,,,,n,,,,,,,
"=""075856001105""","Ice Cream",1,499,n,n,"Klondike Original Ice Cream Bars (2 oz)","6.00 CT",,n,1,1,0,n,,"=""100""",,,,,,n,,,,,,,
"=""075856011470""","Ice Cream",1,350,n,n,"KL Giant Original Bar","5.50 OZ",,n,1,1,195,n,,"=""100""",,,,,,n,,,,,,,
"=""075856055399""","Ice Cream",1,371,n,n,"Klondike Cookies & Cream Sandwich","4.50 OZ",,n,1,1,200,n,,"=""100""",,,,,,n,,,,,,,
"=""076022008089""","General Merchandise",1,999,n,n,"GAYLA SAFERTY SPOOL",,,n,1,0,0,n,,"=""100""",,,,,,n,,,,,,,
"=""076022702505""","General Merchandise",1,1499,n,n,"DELTA FISH KITES 52' w",,,n,1,1,625,n,,"=""100""",,,,,,n,,,,,,,
"=""076022705001""","General Merchandise",1,599,n,n,"TRENDSETTER POLY DELTA KITE",,,n,1,0,0,n,,"=""100""",,,,,,n,,,,,,,
"=""076150232233""",Grocery,1,299,n,n,"ACT II BUTTER 2.75 oz","2.75 oz",,n,1,1,73,n,,"=""100""",,,,,,n,,,,,,,
"=""076150232486""",Grocery,1,249,n,n,"Act Il Butter Lovers Microwave Popcorn","2.75 oz",,n,1,1,73,n,,"=""100""",,,,,,n,,,,,,,
"=""076150232493""",Grocery,1,299,n,n,"Act II Pop Corn","2.75 oz",,n,1,1,0,n,,"=""100""",,,,,,n,,,,,,,
"=""076171101013""",ACCESSORIES,1,299,n,n,"LITTLE TREES ROYAL PINE","=""1""",,n,1,1,0,n,,"=""100""",,,,,,n,,,,,,,
"=""076171101556""",ACCESSORIES,1,299,n,n,"LITTLE TREE BLCK ICE","1.00 Ct",,n,1,1,0,n,,"=""100""",,,,,,n,,,,,,,
"=""076171101891""",ACCESSORIES,1,299,n,n,"LITTLE TREES NEWCAR","1 ct",,n,1,1,0,n,,"=""100""",,,,,,n,,,,,,,
"=""076171103123""",ACCESSORIES,1,299,n,n,"LITTLE TREES STRAWBERRY","1.00 Ct",,n,1,1,0,n,,"=""100""",,,,,,n,,,,,,,
"=""076183000212""","Iced Tea",1,390,n,n,"SNAPPLE HALF N HALF LEMONADE ZERO SUGAR","32.00 OZ",,n,2,1,159,n,,"=""100""",,,,,,n,,,,,,,
"=""076183003107""","Iced Tea",1,245,n,n,"SNAPPLE KIWI STRWBRY","16 OZ",,n,1,1,117,n,,"=""100""",,,,,,n,,,,,,,
"=""076183003114""","Iced Tea",1,245,n,n,"SNAPPLE PEACH TEA","16 oz",,n,1,1,0,n,,"=""100""",,,,,,n,,,,,,,
"=""076183003121""","Iced Tea",1,245,n,n,"SNAPPLE MANGO MADNESS","16.00 FL OZ",,n,1,1,117,n,,"=""100""",,,,,,n,,,,,,,
"=""076183003138""","Drinks & Mixers",1,155,n,n,"Snapple Fruit Punch Bottle (16 oz)",,,n,1,1,0,n,,"=""100""",,,,,,n,,,,,,,
"=""076183003145""","Iced Tea",1,245,n,n,"SNAPPLE PEACH TEA ZERO SUGAR","16 oz",,n,1,1,117,n,,"=""100""",,,,,,n,,,,,,,
"=""076183003190""","Iced Tea",1,249,n,n,"snapple rasepberry","=""99""",,n,1,1,117,n,,"=""100""",,,,,,n,,,,,,,
"=""076183003299""",Juice,1,299,n,n,"SNAPPLE PINK LEMONADE 16OZ","16 OZ",,n,1,1,123,n,,"=""12""",,,,,,n,,,,,,,
"=""076183008492""","Iced Tea",1,245,n,n,"SNAPPLE ELEMENTS RAIN","16 OZ",,n,1,1,0,n,,"=""100""",,,,,,n,,,,,,,
"=""076183077054""","Iced Tea",1,340,n,n,"SNAPPLE PINK LEMONADE","32 OZ",,n,1,1,0,n,,"=""100""",,,,,,n,,,,,,,
"=""076183087954""","Iced Tea",1,394,n,n,"SNAPPLE PINK LEMONADE 32OZ","32 OZ",,n,2,1,158,n,,"=""8""",,,,,,n,,,,,,,
"=""076183163641""","Drinks & Mixers",1,154,n,n,"Snapple Mango Madness Plastic Bottle (16 oz)","16.00 FL OZ",,n,1,1,0,n,,"=""100""",,,,,,n,,,,,,,
"=""076183168509""","Drinks & Mixers",1,154,n,n,"Snapple Apple (32 oz)","16.00 OZ",,n,1,1,0,n,,"=""100""",,,,,,n,,,,,,,
"=""076183323564""","Iced Tea",1,340,n,n,"SNAPPLE PEACH TEA","32.00 OZ",,n,2,1,159,n,,"=""100""",,,,,,n,,,,,,,
"=""076183323632""","Iced Tea",1,340,n,n,"SNAPPLE KIWI STRAWBERRY","32.00 OZ",,n,2,1,159,n,,"=""100""",,,,,,n,,,,,,,
"=""076183323649""",Juice,1,340,n,n,"Snapple:Mango Madness","32.00 OZ",,n,2,1,159,n,,"=""100""",,,,,,n,,,,,,,
"=""076183323724""","Iced Tea",1,399,n,n,"Snapple Fruit Punch","32.00 OZ",,n,2,1,159,n,,"=""100""",,,,,,n,,,,,,,
"=""076183328507""","Iced Tea",1,340,n,n,"SNAPPLE APPLE","32 oz",,n,2,1,159,n,,"=""100""",,,,,,n,,,,,,,
"=""076183475508""","Iced Tea",1,245,n,n,"SNAPPLE PEACH TEA LEMONADE",,,n,1,1,117,n,,"=""100""",,,,,,n,,,,,,,
"=""076381123454""",ACCESSORIES,1,699,n,n,"Jose Cuervo:Margarita Salt","6.25 OZ",,n,1,1,0,n,,"=""100""",,,,,,n,,,,,,,
"=""076452348618""",CIGARS,1,2099,n,n,"CAO Flathead","=""2""",,n,1,1,1128,n,,"=""100""",,,,,,n,,,,,,,
"=""076452349561""",CIGARS,1,1399,n,n,"Romeo Y Julieta Reserve Corona",EACH,,n,1,1,750,n,,"=""100""",,,,,,n,,,,,,,
"=""076452349585""",CIGARS,1,1499,n,n,"Romeo Y Julieta Reserve Titan","=""1""",,n,1,1,812,n,,"=""100""",,,,,,n,,,,,,,
"=""076452349608""",CIGARS,1,1499,n,n,"Romeo Y Julieta Reserva Real Gran Toro","1.00 ST",,n,1,0,825,n,,"=""100""",,,,,,n,,,,,,,
"=""076452349936""",CIGARS,1,1599,n,n,"Romeo Y Julieta","1.00 ST",,n,1,1,840,n,,"=""100""",,,,,,n,,,,,,,
"=""076452350413""",CIGARS,1,1599,n,n,"Romeo Y Julieta","1.00 ST",,n,1,1,880,n,,"=""100""",,,,,,n,,,,,,,
"=""076452350437""",CIGARS,1,1599,n,n,Macanudo,,,n,1,1,880,n,,"=""100""",,,,,,n,,,,,,,
"=""076452351151""",CIGARS,1,1699,n,n,"Romeo Y Julieta","=""1""",,n,1,1,916,n,,"=""100""",,,,,,n,,,,,,,
"=""076452351175""",CIGARS,1,1599,n,n,"Gurkha Reserve",6x52,,n,1,1,862,n,,"=""100""",,,,,,n,,,,,,,
"=""076452351182""",CIGARS,1,1499,n,n,Punch,"=""2""",,n,1,1,776,n,,"=""100""",,,,,,n,,,,,,,
"=""076452351236""",CIGARS,1,1499,n,n,"Romeo Y Julieta 1875 Churchill","1.00 ST",,n,1,1,820,n,,"=""100""",,,,,,n,,,,,,,
"=""076452351243""",CIGARS,1,1499,n,n,"Romeo Y Julieta 1875 Clemenceau","=""1""",,n,1,0,790,n,,"=""100""",,,,,,n,,,,,,,
"=""076452351656""",CIGARS,1,1299,n,n,"Romeo Y Julieta Reserva Real Verona's Court","1.00 ST",,n,1,1,700,n,,"=""100""",,,,,,n,,,,,,,
"=""076452351687""",CIGARS,1,1799,n,n,"Romeo Y Julieta","=""1""",,n,1,1,942,n,,"=""100""",,,,,,n,,,,,,,
"=""076452362621""",CIGARS,1,2099,n,n,"Romeo y Julieta:RR Minutos Petites",,,n,1,1,1128,n,,"=""100""",,,,,,n,,,,,,,
"=""076452510268""",CIGARS,1,1599,n,n,"Romeo Y Julieta",EACH,,n,1,1,842,n,,"=""100""",,,,,,n,,,,,,,
"=""076580160175""",Grocery,1,199,n,n,"LOACKER HAZELNUT 45 GR","=""1""",,n,1,1,96,n,,"=""100""",,,,,,n,,,,,,,
"=""076580160182""",Grocery,1,199,n,n,"LOACKER CHOCOLATE WAFER",45g,,n,1,1,0,n,,"=""100""",,,,,,n,,,,,,,
"=""076580160526""",Grocery,1,199,n,n,"LOACKER VANILLA 45G","=""1""",,n,1,1,0,n,,"=""100""",,,,,,n,,,,,,,
"=""076580220350""",Grocery,1,199,n,n,"LOACKER SMALL STRAWBERRY WAFER",,,n,1,1,96,n,,"=""12""",,,,,,n,,,,,,,
"=""076622056008""",ACCESSORIES,1,999,n,n,"cigar cutter 64 ringCigar cutter double blade",,,n,1,1,0,n,,"=""99""",,,,,,n,,,,,,,
"=""076622770409""",CIGARS,1,699,n,n,"JC NEWMAN",,,n,1,1,355,n,,"=""100""",,,,,,n,,,,,,,
"=""076622770607""",CIGARS,1,699,n,n,"JC NEWMAN",6x52,,n,1,0,355,n,,"=""100""",,,,,,n,,,,,,,
"=""076622771406""",CIGARS,1,699,n,n,"JC NEWMAN",,,n,1,1,337,n,,"=""99""",,,,,,n,,,,,,,
"=""076622771604""",CIGARS,1,699,n,n,"JM Tobacco",,,n,1,1,337,n,,"=""100""",,,,,,n,,,,,,,
"=""076660008625""",ACCESSORIES,1,399,n,n,"FIXODENT ORIGINAL","0.27 OZ",,n,1,1,0,n,,"=""100""",,,,,,n,,,,,,,
"=""076666263998""","General Merchandise",1,1599,n,n,"BLITZ WORLDS BEST BUBBLES",,,n,1,0,0,n,,"=""100""",,,,,,n,,,,,,,
"=""076828048432""",ACCESSORIES,1,399,n,n,"WET ONES WIPES","20 wipes",,n,1,1,0,n,,"=""100""",,,,,,n,,,,,,,
"=""076828048647""",ACCESSORIES,1,399,n,n,"WET ONES CITRUS","20 wipes",,n,1,1,0,n,,"=""100""",,,,,,n,,,,,,,
"=""076840001743""","Ice Cream",1,899,n,n,"ND Chocolate Chip Cookie Dough",,,n,1,1,525,n,,"=""100""",,,,,,n,,,,,,,
"=""076840002306""","Ice Cream",1,899,n,n,"B&J Cookie Dough Chunks",,,n,1,1,520,n,,"=""100""",,,,,,n,,,,,,,
"=""076840002351""","Ice Cream",1,899,n,n,"Ben & Jerry's Gimme S'more Pint","1 PINT",,n,1,1,525,n,,"=""100""",,,,,,n,,,,,,,
"=""076840002368""","Pantry & Grocery Extras",1,899,n,n,"Ben & Jerry's Peanut Butter Half Baked Ice Cream (16 oz)",,,n,1,1,0,n,,"=""100""",,,,,,n,,,,,,,
"=""076840002542""","Ice Cream",1,899,n,n,"Ben & Jerry's Netflix & Chill Pint",,,n,1,1,525,n,,"=""100""",,,,,,n,,,,,,,
"=""076840003037""","Ice Cream",1,899,n,n,"Ben & Jerry's Topped Chocolate Caramel Cookie",,,n,1,1,525,n,,"=""100""",,,,,,n,,,,,,,
"=""076840003051""","Ice Cream",1,899,n,n,"Ben & Jerry's Topped Salted Caramel Brownie",,,n,1,1,525,n,,"=""100""",,,,,,n,,,,,,,
"=""076840003068""","Ice Cream",1,899,n,n,"Ben & Jerry's PB Over The Top",,,n,1,1,525,n,,"=""100""",,,,,,n,,,,,,,
"=""076840003549""","Ice Cream",1,899,n,n,"Ben & Jerry's Topped Dirt Cake Pint","1 PINT",,n,1,1,525,n,,"=""100""",,,,,,n,,,,,,,
"=""076840003556""","Ice Cream",1,899,n,n,"Ben & Jerry's Topped Chocolate Milk & Cookies",,,n,1,1,525,n,,"=""100""",,,,,,n,,,,,,,
"=""076840003563""","Ice Cream",1,899,n,n,"Ben & Jerry's Topped Raspberry Cheesecake",,,n,1,1,525,n,,"=""100""",,,,,,n,,,,,,,
"=""076840003839""","Ice Cream",1,899,n,n,"ND Oatmeal Dream Pie","1 PINT",,n,1,1,525,n,,"=""100""",,,,,,n,,,,,,,
"=""076840003860""","Ice Cream",1,899,n,n,"Benan jerrys",,,n,1,0,0,n,,"=""100""",,,,,,n,,,,,,,
"=""076840076574""","Ice Cream",1,899,n,n,"Ben & Jerry's Milk & Cookies","1.00 PT",,n,1,1,525,n,,"=""100""",,,,,,n,,,,,,,
"=""076840100040""","Ice Cream",1,899,n,n,"Ben & Jerry's Mint Chocolate Cookie","1.00 PT",,n,1,1,525,n,,"=""100""",,,,,,n,,,,,,,
"=""076840100118""","Ice Cream",1,899,n,n,"Ben & Jerry's Coffee Heath Bar Crunch","1.00 PT",,n,1,1,525,n,,"=""100""",,,,,,n,,,,,,,
"=""076840100125""","Ice Cream",1,899,n,n,"Ben & Jerry's Chubby Hubby","1.00 PT",,n,1,1,525,n,,"=""100""",,,,,,n,,,,,,,
"=""076840100149""","Ice Cream",1,899,n,n,"Ben & Jerry's NY Super Fudge Chunk","1.00 PT",,n,1,1,525,n,,"=""100""",,,,,,n,,,,,,,
"=""076840100156""","Ice Cream",1,899,n,n,"Ben & Jerry's Cherry Garcia","1.00 PT",,n,1,1,525,n,,"=""99""",,,,,,n,,,,,,,
"=""076840100354""","Ice Cream",1,899,n,n,"Ben & Jerry's Chunky Monkey","1.00 PT",,n,1,1,525,n,,"=""100""",,,,,,n,,,,,,,
"=""076840100477""","Ice Cream",1,899,n,n,"Ben & Jerry's Chocolate Fudge Brownie","1.00 PT",,n,1,1,525,n,,"=""100""",,,,,,n,,,,,,,
"=""076840100583""","Ice Cream",1,899,n,n,"Ben & Jerry's Chocolate Chip Cookie Dough","1.00 PT",,n,1,1,525,n,,"=""100""",,,,,,n,,,,,,,
"=""076840100811""","Ice Cream",1,899,n,n,"Ben & Jerry's Peanut Butter Cup","1.00 PT",,n,1,1,525,n,,"=""100""",,,,,,n,,,,,,,
"=""076840100989""","Ice Cream",1,899,n,n,"Ben & Jerry's Phish Food","1.00 PT",,n,1,1,525,n,,"=""99""",,,,,,n,,,,,,,
"=""076840101184""","Ice Cream",1,899,n,n,"Ben & Jerry's Pistachio Pistachio","1.00 PT",,n,1,1,525,n,,"=""100""",,,,,,n,,,,,,,
"=""076840101320""","Ice Cream",1,899,n,n,"Ben & Jerry's Half Baked","1.00 PT",,n,1,1,525,n,,"=""100""",,,,,,n,,,,,,,
"=""076840101344""","Ice Cream",1,899,n,n,"Ben & Jerry's Everything But The...","1.00 PT",,n,1,1,525,n,,"=""100""",,,,,,n,,,,,,,
"=""076840101542""","Ice Cream",1,899,n,n,"Ben & Jerry's Karamel Sutra","1.00 PT",,n,1,1,525,n,,"=""100""",,,,,,n,,,,,,,
"=""076840102075""","Ice Cream",1,899,n,n,"Ben & Jerry's Americone Dream","1.00 PT",,n,1,1,525,n,,"=""100""",,,,,,n,,,,,,,
"=""076840220311""","Ice Cream",1,899,n,n,"Ben & Jerry's Chocolate Therapy","1.00 PT",,n,1,1,525,n,,"=""100""",,,,,,n,,,,,,,
"=""076840298617""","Ice Cream",1,899,n,n,"Ben & Jerry's Coffee Coffee BuzzBuzzBuzz","14 Oz",,n,1,1,525,n,,"=""100""",,,,,,n,,,,,,,
"=""076840363957""","Ice Cream",1,899,n,n,"Ben & Jerry's Salted Caramel","16 oz",,n,1,1,525,n,,"=""100""",,,,,,n,,,,,,,
"=""076840400058""","Ice Cream",1,899,n,n,"Ben & Jerry's Vanilla","1.00 PT",,n,1,1,525,n,,"=""100""",,,,,,n,,,,,,,
"=""076840400072""","Ice Cream",1,899,n,n,"Ben & Jerry's Vanilla Caramel Fudge Swirl","1.00 PT",,n,1,1,525,n,,"=""99""",,,,,,n,,,,,,,
"=""076840400218""","Ice Cream",1,899,n,n,"Ben & Jerry's Strawberry Cheesecake","1.00 PT",,n,1,1,525,n,,"=""100""",,,,,,n,,,,,,,
"=""076840462858""","Ice Cream",1,899,n,n,"Ben & Jerry's Boom Chocolatta Cookie",473ml,,n,1,1,525,n,,"=""100""",,,,,,n,,,,,,,
"=""076840485116""","Ice Cream",1,899,n,n,"Ben & Jerry's The Tonight Dough w/ Jimmy Fallon","14 Oz",,n,1,1,525,n,,"=""100""",,,,,,n,,,,,,,
"=""076840529872""","Ice Cream",1,899,n,n,"Ben & Jerry's Brownie Batter Core Pint",473ml,,n,1,1,525,n,,"=""100""",,,,,,n,,,,,,,
"=""076840580743""","Ice Cream",1,899,n,n,"ND Choc Fudge Brownie",,,n,1,1,525,n,,"=""100""",,,,,,n,,,,,,,
"=""076840580774""","Pantry & Grocery Extras",1,799,n,n,"Ben & Jerry's Coffee Caramel Fudge Non-Dairy (16 oz)",,,n,1,1,0,n,,"=""100""",,,,,,n,,,,,,,
"=""076955691020""",ACCESSORIES,1,999,n,n,"GREEN LABEL PAPER PLATES 100",,,n,1,1,0,n,,"=""100""",,,,,,n,,,,,,,
"=""077170101271""","Rolling Papers & Wraps",1,499,n,n,"4 Aces Pipe Tabacco","=""1""",,n,1,1,250,n,,"=""99""",,,,,,n,,,,,,,
"=""077208000125""",Water,1,220,n,n,"THE MOUTAIN VALLEY",11.3oz,,n,1,0,0,n,,"=""100""",,,,,,n,,,,,,,
"=""077208000330""",Water,1,490,n,n,"MONTAIN VALLEY SPRING WATER","1 Qt",,n,2,1,234,n,,"=""99""",,,,,,n,,,,,,,
"=""077208002341""",Water,1,490,n,n,"Mountain Valley Spring Sparkling Water (1 L)","33.80 OZ",,n,2,1,234,n,,"=""100""",,,,,,n,,,,,,,
"=""077208004123""",Water,1,199,n,n,"MOUNTAIN VALLEY SPARKLING","11.3 oz",,n,1,1,0,n,,"=""100""",,,,,,n,,,,,,,
"=""077208004185""",Water,1,499,n,n,"MOUNTAIN VALLEY WHITE PEACH","33.8 OZ",,n,2,1,234,n,,"=""100""",,,,,,n,,,,,,,
"=""077208004192""",Water,1,220,n,n,"THE MOUNTAIN VALLEY WHITE PEAC","11.3 OZ",,n,1,1,0,n,,"=""100""",,,,,,n,,,,,,,
"=""077208007544""",Water,1,399,n,n,"Montain valley spring","1 l",,n,1,1,0,n,,"=""100""",,,,,,n,,,,,,,
"=""077208014207""",Water,1,399,n,n,"THE MOUNTAIN VALLEY","25.36 OZ",,n,2,0,0,n,,"=""100""",,,,,,n,,,,,,,
"=""077208018014""",Water,1,499,n,n,"MOUNTAIN VALLEY SPARKLING KEY LIME 1L","=""338""",,n,2,1,254,n,,"=""12""",,,,,,n,,,,,,,
"=""077208018021""",Water,1,499,n,n,"MOUNTAIN VALLEY SPARKLING BLACKBERRY 1L","33.8 OZ",,n,2,1,254,n,,"=""12""",,,,,,n,,,,,,,
"=""077208018052""",Water,1,199,n,n,"MOUNTAIN VALLEY SPARKLING KEY LIME 333ML","11.3 oz",,n,1,1,133,n,,"=""24""",,,,,,n,,,,,,,
"=""077208018069""",Water,1,199,n,n,"THE MOUNTAIN VALLEY BLACKBERRY","11.3 oz",,n,1,1,0,n,,"=""100""",,,,,,n,,,,,,,
"=""077449300626""","Hanging Snacks",1,399,n,n,"Jumbo penuts",,,n,1,0,0,n,,"=""100""",,,,,,n,,,,,,,
"=""077567000972""","Ice Cream",1,450,n,n,"GH Cookie & Cream Cone","=""1""",,n,1,1,235,n,,"=""100""",,,,,,n,,,,,,,
"=""077567002846""","Ice Cream",1,299,n,n,"PS Spiderman","1 ct",,n,1,1,165,n,,"=""100""",,,,,,n,,,,,,,
"=""077567002853""","Ice Cream",1,299,n,n,"Sponge Bob Face","4.00 OZ",,n,1,1,165,n,,"=""100""",,,,,,n,,,,,,,
"=""077567003454""","Ice Cream",1,399,n,n,"Reese's PB Stick",,,n,1,1,195,n,,"=""100""",,,,,,n,,,,,,,
"=""077567003935""","Ice Cream",1,299,n,n,"Giant Vanilla Sandwich","6.00 OZ",,n,1,1,162,n,,"=""100""",,,,,,n,,,,,,,
"=""077567003980""","Ice Cream",1,441,n,n,"Magnum Raspberry",,,n,1,1,240,n,,"=""100""",,,,,,n,,,,,,,
"=""077567004178""","Ice Cream",1,799,n,n,"BREYERS SMORES",,,n,1,1,381,n,,"=""100""",,,,,,n,,,,,,,
"=""077567004239""","Ice Cream",1,399,n,n,"Hershey Smores",,,n,1,1,195,n,,"=""100""",,,,,,n,,,,,,,
"=""077567004796""","Ice Cream",1,799,n,n,"BREYERS STRAWBERRY SHORTCAKE",,,n,1,1,381,n,,"=""100""",,,,,,n,,,,,,,
"=""077567004819""","Ice Cream",1,799,n,n,"BREYERS CREAMSICLE",,,n,1,1,381,n,,"=""100""",,,,,,n,,,,,,,
"=""077567004895""","Ice Cream",1,499,n,n,"KL Mrs Fields Cookie Sand","7.00 OZ",,n,1,1,265,n,,"=""100""",,,,,,n,,,,,,,
"=""077567008220""","Ice Cream",1,450,n,n,"Giant King Cone- Van&Choc","8 oz",,n,1,1,235,n,,"=""100""",,,,,,n,,,,,,,
"=""077567028747""","Ice Cream",1,399,n,n,"GH Cookies & Cream","4.00 OZ",,n,1,1,195,n,,"=""100""",,,,,,n,,,,,,,
"=""077567132819""","Ice Cream",1,464,n,n,"Magnum Almond","3.38 OZ",,n,1,1,249,n,,"=""100""",,,,,,n,,,,,,,
"=""077567132826""","Ice Cream",1,449,n,n,"Magnum Dbl Caramel","3.38 OZ",,n,1,1,240,n,,"=""100""",,,,,,n,,,,,,,
"=""077567274731""","Ice Cream",1,799,n,n,"Breyers:Natural Vanilla","1.00 PT",,n,1,1,0,n,,"=""100""",,,,,,n,,,,,,,
"=""077567275059""","Ice Cream",1,799,n,n,"Breyers:Ice Cream Oreo Cookies & Cream","1.00 PT",,n,1,1,0,n,,"=""100""",,,,,,n,,,,,,,
"=""077567275066""",ACCESSORIES,1,899,n,n,"Breyers:Ice Cream Reese's Peanut Butter Cup","1.00 PT",,n,1,1,0,n,,"=""100""",,,,,,n,,,,,,,
"=""077885710614""",Grocery,1,249,n,n,"Tapatio (5 oz)","5.00 FL OZ",,n,1,1,132,n,,"=""100""",,,,,,n,,,,,,,
"=""077885882007""","Snacks & Condiments",1,499,n,n,"TAPATIO HOT SAUCE","10 OZ",,n,1,1,0,n,,"=""100""",,,,,,n,,,,,,,
"=""077975022313""","Hanging Snacks",1,299,n,n,"Snyder's of Hanover:Mini Fat Free","3.50 OZ",,n,1,1,100,n,,"=""1""",,,,,,n,,,,,,,
"=""077975025871""",Candy,1,299,n,n,"Snyder's of Hanover:Sourdough Fat Free","3.50 OZ",,n,1,1,0,n,,"=""100""",,,,,,n,,,,,,,
"=""077975093085""","Hanging Snacks",1,603,n,n,"Snyder w/ Hershey Milk Chocolate Dips","5 OZ",,n,1,8,2425,n,,"=""100""",,,,,,n,,,,,,,
"=""077975093108""","Hanging Snacks",1,549,n,n,Pretzel,"5 oz",,n,1,8,1850,n,,"=""100""",,,,,,n,,,,,,,
"=""077975093900""","Hanging Snacks",1,399,n,n,"SNYDERS HNY MUST ONION PC",CS8,,n,1,1,187,n,,"=""100""",,,,,,n,,,,,,,
"=""077975095607""","Hanging Snacks",1,449,n,n,"Snyders pieces",,,n,1,0,0,n,,"=""100""",,,,,,n,,,,,,,
"=""078000000283""",Soda,1,360,n,n,"7-UP 1L","33.80 oz",,n,1,1,0,n,,"=""100""",,,,,,n,,,,,,,
"=""078000000344""",Soda,1,453,n,n,"7 UP SODA 2L","67.6 Oz",,n,1,1,200,n,,"=""8""",,,,,,n,,,,,,,
"=""078000000382""",Soda,1,134,n,n,"7 UP","12.00 OZ",,n,1,1,57,n,,"=""100""",,,,,,n,,,,,,,
"=""078000000757""",Soda,1,360,n,n,"Diet 7UP (2l)","2.00 LT",,n,1,1,0,n,,"=""100""",,,,,,n,,,,,,,
"=""078000000795""",Soda,1,137,n,n,"7 UP Diet","12.00 OZ",,n,1,1,56,n,,"=""100""",,,,,,n,,,,,,,
"=""078000001143""",Soda,1,134,n,n,"CANADA DRY","12 OZ",,n,1,1,56,n,,"=""100""",,,,,,n,,,,,,,
"=""078000001181""",Soda,1,139,n,n,"Canada Dry:Diet","12.00 OZ",,n,1,1,0,n,,"=""100""",,,,,,n,,,,,,,
"=""078000001198""",Soda,1,149,n,n,"Canada Dry Club Soda Bottle (10 oz)","10 oz",,n,1,1,0,n,,"=""100""",,,,,,n,,,,,,,
"=""078000001228""",Soda,1,134,n,n,"Canada Dry:Club Soda","12.00 OZ",,n,1,1,0,n,,"=""100""",,,,,,n,,,,,,,
"=""078000001235""",Soda,1,149,n,n,"Canada Dry 6 pack Bottles (10 oz)","10 oz",,n,1,1,0,n,,"=""100""",,,,,,n,,,,,,,
"=""078000001617""",Soda,1,273,n,n,"7 UP","20.00 OZ",,n,1,1,145,n,,"=""100""",,,,,,n,,,,,,,
"=""078000001624""",Soda,1,273,n,n,"DIET 7 UP","20.00 OZ",,n,1,1,146,n,,"=""7""",,,,,,n,,,,,,,
"=""078000001815""",Soda,1,134,n,n,"SQUIRT GRAPEFRUIT SODA","12 OZ",,n,1,1,56,n,,"=""100""",,,,,,n,,,,,,,
"=""078000001877""",Soda,1,139,n,n,"A & W:Root Beer","12.00 OZ",,n,1,1,0,n,,"=""100""",,,,,,n,,,,,,,
"=""078000002744""",Soda,1,134,n,n,"Sunkist Orange","12.00 OZ",,n,1,1,0,n,,"=""100""",,,,,,n,,,,,,,
"=""078000003154""",Soda,1,134,n,n,"DR. PEPPER","12 OZ",,n,1,1,62,n,,"=""100""",,,,,,n,,,,,,,
"=""078000003239""",Soda,1,134,n,n,"DIET DR. PEPPER","12 OZ",,n,1,1,62,n,,"=""98""",,,,,,n,,,,,,,
"=""078000003413""",Water,1,199,n,n,"Canada dry club soda 10 fl.oz","10 fl.oz",,n,1,1,0,n,,"=""100""",,,,,,n,,,,,,,
"=""078000003659""",Soda,1,199,n,n,"Canada dry tonic water 10 fl.oz","10 fl.oz",,n,1,1,90,n,,"=""100""",,,,,,n,,,,,,,
"=""078000003697""",Soda,1,249,n,n,"Squirt:Citrus Burst 16.9 Oz","16.9 OZ",,n,1,1,92,n,,"=""100""",,,,,,n,,,,,,,
"=""078000003864""",Soda,1,225,n,n,"DR. PEPPER","16.9 FL OZ",,n,1,1,0,n,,"=""100""",,,,,,n,,,,,,,
"=""078000005868""",Soda,1,273,n,n,"DR PEPPER","16 OZ",,n,1,1,125,n,,"=""100""",,,,,,n,,,,,,,
"=""078000008722""",Soda,1,349,n,n,"DR PEPPER LS RETRO","12 OZ",,n,1,1,158,n,,"=""99""",,,,,,n,,,,,,,
"=""078000009538""",Soda,1,134,n,n,"DR. PEPPER CHERRY","12 OZ",,n,1,1,0,n,,"=""100""",,,,,,n,,,,,,,
"=""078000011609""",Soda,1,137,n,n,"cactus cooler",12oz,,n,1,1,0,n,,"=""100""",,,,,,n,,,,,,,
"=""078000011623""","Drinks & Mixers",1,1143,n,n,"Cactus Cooler Orange Pineapple Soda Cans (12 oz x 6 ct)",,,n,12,1,647,n,,"=""100""",,,,,,n,,,,,,,
"=""078000011647""",Soda,1,285,n,n,"Stanley Fastening Sy","=""1""",,n,1,1,0,n,,"=""100""",,,,,,n,,,,,,,
"=""078000011807""",Soda,1,1183,n,n,"7 Up Can (12 Oz)","12.00 PK",,n,12,1,647,n,,"=""100""",,,,,,n,,,,,,,
"=""078000011814""","Drinks & Mixers",1,1143,n,n,"Diet 7-Up Can (12 oz x 12 ct)","12.00 PK",,n,12,1,647,n,,"=""100""",,,,,,n,,,,,,,
"=""078000012194""",Soda,1,249,n,n,"7 UP","16.9 oz",,n,1,1,0,n,,"=""100""",,,,,,n,,,,,,,
"=""078000016161""",Soda,1,1183,n,n,"Squirt Can (12 Oz)","12.00 PK",,n,12,1,647,n,,"=""100""",,,,,,n,,,,,,,
"=""078000016239""",Soda,1,274,n,n,Squirt,"16 oz",,n,1,1,125,n,,"=""100""",,,,,,n,,,,,,,
"=""078000016406""",Soda,1,273,n,n,"SQUIRT SODA 20OZ","20.00 FL OZ",,n,1,1,146,n,,"=""24""",,,,,,n,,,,,,,
"=""078000016451""",Soda,1,360,n,n,"SQUIRT SODA 1L","33.80 OZ",,n,2,1,187,n,,"=""15""",,,,,,n,,,,,,,
"=""078000016468""",Soda,1,454,n,n,"SQUIRT SODA 2L","67.6 Oz",,n,1,1,200,n,,"=""8""",,,,,,n,,,,,,,
"=""078000017403""",Soda,1,268,n,n,"Squirt:Citrus Diet","20.00 OZ",,n,1,1,146,n,,"=""99""",,,,,,n,,,,,,,
"=""078000019520""",Soda,1,349,n,n,"SQUIRT MEXICAN","12 OZ",,n,1,1,150,n,,"=""100""",,,,,,n,,,,,,,
"=""078000019544""",Soda,1,272,n,n,"7 Up Soda","12 oz",,n,1,1,120,n,,"=""100""",,,,,,n,,,,,,,
"=""078000031805""",Soda,1,453,n,n,"SUNKIST STRAWBERRY LEMON","67.6 Oz",,n,1,1,0,n,,"=""100""",,,,,,n,,,,,,,
"=""078000033489""",Soda,1,135,n,n,"DR.PEPPER CREAM SODA","12 OZ",,n,1,0,0,n,,"=""100""",,,,,,n,,,,,,,
"=""078000033519""",Soda,1,273,n,n,"DR PEPPER CREAM SODA","20 oxZ",,n,1,1,149,n,,"=""97""",,,,,,n,,,,,,,
"=""078000035261""",Soda,1,1183,n,n,"Dr Pepper Cream Soda Zero Sugar","12 PK",,n,12,1,647,n,,"=""100""",,,,,,n,,,,,,,
"=""078000035308""",Soda,1,273,n,n,Drpepper,20oz,,n,1,1,148,n,,"=""100""",,,,,,n,,,,,,,
"=""078000035476""",Soda,1,139,n,n,"Zero dr peper",,,n,1,0,0,n,,"=""100""",,,,,,n,,,,,,,
"=""078000052169""",Soda,1,1183,n,n,"A & W:twelve Pack","144.00 FL OZ",,n,12,1,647,n,,"=""100""",,,,,,n,,,,,,,
"=""078000052404""",Soda,1,273,n,n,"A&W ROOT BEER 20OZ","20.00 FL OZ",,n,1,1,146,n,,"=""23""",,,,,,n,,,,,,,
"=""078000052466""",Soda,1,453,n,n,"A&W ROOT BEER 2 L","67.6 Oz",,n,1,1,200,n,,"=""100""",,,,,,n,,,,,,,
"=""078000053401""",Soda,1,273,n,n,"Diet A & W Root Beer (20 oz)","20.00 FL OZ",,n,1,1,0,n,,"=""100""",,,,,,n,,,,,,,
"=""078000054408""",Soda,1,273,n,n,"A&W ROOT BEER CREAM SODA 20OZ","20.00 FL OZ",,n,1,1,146,n,,"=""24""",,,,,,n,,,,,,,
"=""078000082166""",Soda,1,1183,n,n,"Dr Pepper:23","144.00 FL OZ",,n,12,1,647,n,,"=""100""",,,,,,n,,,,,,,
"=""078000082319""",Soda,1,125,n,n,"Dr Pepper Bottles (12 oz x 12 ct)","12.00 FL OZ",,n,1,1,0,n,,"=""100""",,,,,,n,,,,,,,
"=""078000082401""",Soda,1,273,n,n,"DR PEPPER ORIGINAL SODA 20OZ","20.00 FL OZ",,n,1,1,148,n,,"=""24""",,,,,,n,,,,,,,
"=""078000082456""",Soda,1,399,n,n,"Dr Pepper:23","33.80 FL OZ",,n,2,1,173,n,,"=""100""",,,,,,n,,,,,,,
"=""078000082463""",Soda,1,453,n,n,"DR PEPPER SODA 2L","67.6 OZ",,n,1,1,200,n,,"=""8""",,,,,,n,,,,,,,
"=""078000083163""",Soda,1,1183,n,n,"Dr Pepper:diet 12 oz","12.00 PK",,n,12,1,647,n,,"=""100""",,,,,,n,,,,,,,
"=""078000083408""",Soda,1,273,n,n,"DIET DR. PEPPER","20 oz",,n,1,1,148,n,,"=""99""",,,,,,n,,,,,,,
"=""078000113167""",Soda,1,1183,n,n,"Sunkist:orange Soda","144.00 FL OZ",,n,12,1,647,n,,"=""100""",,,,,,n,,,,,,,
"=""078000146455""",Water,1,349,n,n,"CANADA DRY CLUB SODA 1L","33.80 FL OZ",,n,1,1,163,n,,"=""30""",,,,,,n,,,,,,,
"=""078000148169""",Soda,1,1183,n,n,"Diet Ginger Ale","144.00 FL OZ",,n,12,1,647,n,,"=""100""",,,,,,n,,,,,,,
"=""078000148404""",Juice,1,299,n,n,"Canada Dry:Diet","20 OZ",,n,1,1,146,n,,"=""0""",,,,,,n,,,,,,,
"=""078000149456""",Water,1,306,n,n,"CANADA DRY  TONIC WATER ZERO 1 L","1.00 LT",,n,2,1,0,n,,"=""100""",,,,,,n,,,,,,,
"=""078000152166""",Soda,1,1183,n,n,"Canada Dry:caffeine Free","144.00 FL OZ",,n,12,1,647,n,,"=""100""",,,,,,n,,,,,,,
"=""078000152401""",Soda,1,273,n,n,"CANADA DRY GINGER","20.00 FL OZ",,n,1,1,146,n,,"=""100""",,,,,,n,,,,,,,
"=""078000152456""",Soda,1,360,n,n,"CANADA DRY GINGER ALE 1L","33.80 FL OZ",,n,2,1,163,n,,"=""15""",,,,,,n,,,,,,,
"=""078000152463""",Soda,1,453,n,n,"CANADA DRY GINGER ALE 2L","67.6 Oz",,n,1,1,200,n,,"=""100""",,,,,,n,,,,,,,
"=""078000153453""",Water,1,306,n,n,"CANADA DRY TONIC WATER","1 L",,n,2,1,163,n,,"=""100""",,,,,,n,,,,,,,
"=""078000203455""",Water,1,349,n,n,"SCHWEPPES CLUB SODA","1.00 LT",,n,2,1,184,n,,"=""100""",,,,,,n,,,,,,,
"=""078000206401""",Soda,1,273,n,n,"SCHWEPPES GINGER ALE","20.00 OZ",,n,1,1,0,n,,"=""100""",,,,,,n,,,,,,,
"=""078000218459""",Water,1,348,n,n,"Schweppes Tonic Water","33.80 FL OZ",,n,2,1,184,n,,"=""100""",,,,,,n,,,,,,,
"=""078000219456""",Water,1,348,n,n,"Schwepps Tonic Water Aero","33.80 FL OZ",,n,2,1,184,n,,"=""100""",,,,,,n,,,,,,,
"=""078255001554""","Pantry & Grocery Extras",1,199,n,n,"Rock View 2% Reduced Fat Milk (1.89 L)",,,n,1,1,0,n,,"=""100""",,,,,,n,,,,,,,
"=""078257556090""",ACCESSORIES,1,499,n,n,"EAR PLUGS",,,n,1,1,0,n,,"=""100""",,,,,,n,,,,,,,
"=""078300069904""",ACCESSORIES,1,299,n,n,"Carefree Acti Fresh Regular Pantliners - 20 Count","20 Pantilliners",,n,1,1,169,n,,"=""100""",,,,,,n,,,,,,,
"=""078300119005""",ACCESSORIES,1,599,n,n,"playtex sport",,,n,1,1,237,n,,"=""100""",,,,,,n,,,,,,,
"=""078907450341""","Snacks & Condiments",1,349,n,n,"El Sabroso Guacachip Guacamole (3 oz)","12.00 OZ",,n,1,1,0,n,,"=""100""",,,,,,n,,,,,,,
"=""078907450396""","Snacks & Condiments",1,299,n,n,"El Sabroso Salsitas Spicy Salsa Tortilla Rounds (3 oz)","3.00 OZ",,n,1,1,0,n,,"=""100""",,,,,,n,,,,,,,
"=""079100902026""",ACCESSORIES,1,1299,n,n,Milk-Bone,"24.00 OZ",,n,1,1,585,n,,"=""100""",,,,,,n,,,,,,,
"=""079200001643""","Breath Refreshers",1,299,n,n,"SweeTarts:Original Single Roll","1.80 OZ",,n,1,1,0,n,,"=""100""",,,,,,n,,,,,,,
"=""079200003364""",Gummy,1,199,n,n,"Nerds:Wonka Grape & Strawberry 1.65 OZ","1.65 OZ",,n,1,1,0,n,,"=""100""",,,,,,n,,,,,,,
"=""079200003395""",Gummy,1,199,n,n,"NERDS CHERRY WATERMELON & CHERRY 1.65 OZ","1.65 OZ",,n,1,1,0,n,,"=""100""",,,,,,n,,,,,,,
"=""079200049058""",Gummy,1,399,n,n,"NERDS GUMMY CLUSTERS VERY 3 OZ","3 OZ",,n,1,1,209,n,,"=""100""",,,,,,n,,,,,,,
"=""079200049065""",Gummy,1,499,n,n,"NERDS GUMMY CLUSTERS RAINBOW",,,n,1,1,0,n,,"=""100""",,,,,,n,,,,,,,
"=""079200049850""",Gummy,1,499,n,n,"SWEET TARTS SOFT & CHEWY ROPES WATERMELON BERRY","5 OZ",,n,1,0,0,n,,"=""100""",,,,,,n,,,,,,,
"=""079200060671""",Gummy,1,499,n,n,"NERDS GUMMY CLUSTERS RAINBOW",,,n,1,1,0,n,,"=""100""",,,,,,n,,,,,,,
"=""079200060695""",Gummy,1,399,n,n,"NERDS GUMMY CLUSTERS VERY BERRY 3 OZ","3 OZ",,n,1,1,209,n,,"=""100""",,,,,,n,,,,,,,
"=""079200085292""","Hanging Snacks",1,499,n,n,"NERDS JUICY GUMMY CLUSTERS STRAWBRERRY PUNCH","4.5 OZ",,n,1,1,216,n,,"=""100""",,,,,,n,,,,,,,
"=""079200085629""",Gummy,1,399,n,n,"NERDS JUICY GUMMY CLUSTERS","2.65 OZ",,n,1,1,209,n,,"=""100""",,,,,,n,,,,,,,
"=""079200168490""",Gummy,1,499,n,n,"sweet tarts ropes",pk,,n,1,12,2863,n,,"=""100""",,,,,,n,,,,,,,
"=""079200432652""","Hanging Snacks",1,499,n,n,"Sweetarts Ropes Twist Rainbow 5z",,,n,1,1,281,n,,"=""100""",,,,,,n,,,,,,,
"=""079200763411""",Gummy,1,999,n,n,"NERDS BIG CHEWY",,,n,1,1,0,n,,"=""100""",,,,,,n,,,,,,,
"=""079200912338""",Gummy,1,249,n,n,"Wonka Kazoozles:Cherry Punch - Fat Free 1 OZ","1.80 OZ",,n,1,1,0,n,,"=""100""",,,,,,n,,,,,,,
"=""079200998899""",Gummy,1,399,n,n,"SWEETART ROPE TANGY STRAW",BX12,,n,1,1,217,n,,"=""100""",,,,,,n,,,,,,,
"=""079223012107""",ACCESSORIES,1,1299,n,n,"MIDWEST CAN GASOLINE",,,n,1,1,0,n,,"=""100""",,,,,,n,,,,,,,
"=""079298000054""","Drinks & Mixers",1,490,n,n,"EVIAN WATER 1.5L","1.50 LT",,n,2,1,225,n,,"=""24""",,,,,,n,,,,,,,
"=""079298000078""",Water,1,345,n,n,"Evian Spring Water","1 L",,n,2,1,178,n,,"=""99""",,,,,,n,,,,,,,
"=""079298000085""",Water,1,245,n,n,"Evian:Natural Spring Water","500.00 ML",,n,1,1,0,n,,"=""100""",,,,,,n,,,,,,,
"=""079298200034""",Water,1,345,n,n,"DK evian 1Lit",,,n,1,1,0,n,,"=""100""",,,,,,n,,,,,,,
"=""079298600070""",Water,1,325,n,n,"Evian:1 L","1 LITER",,n,1,1,175,n,,"=""100""",,,,,,n,,,,,,,
"=""079373000139""",Soda,1,399,n,n,"ginger beer",,,n,1,1,0,n,,"=""100""",,,,,,n,,,,,,,
"=""079373000146""","Drinks & Mixers",1,1299,n,n,"Bundaberg Ginger Beer Bottle (12.7 oz)",375ml,,n,1,1,0,n,,"=""100""",,,,,,n,,,,,,,
"=""079373000283""",Soda,1,399,n,n,"BUNDABERG DIET GINGER BEER 12OZ","12 OZ",,n,1,1,0,n,,"=""100""",,,,,,n,,,,,,,
"=""079373000344""",Soda,1,399,n,n,Bandaberg,120z,,n,1,1,0,n,,"=""100""",,,,,,n,,,,,,,
"=""079373000375""",Soda,1,399,n,n,"BUNDABERG GUAVA","12 OZ",,n,1,1,158,n,,"=""100""",,,,,,n,,,,,,,
"=""079373000764""",Juice,1,399,n,n,"BUNDABERG GINGER","12 OZ",,n,1,1,150,n,,"=""100""",,,,,,n,,,,,,,
"=""079400061256""",ACCESSORIES,1,999,n,n,"Axe:Dry Dark Temptation Invisible Solid","2.70 OZ",,n,1,1,588,n,,"=""100""",,,,,,n,,,,,,,
"=""079400462718""",ACCESSORIES,1,499,n,n,"SUAVE SHAMPOO APPLE",15OZ,,n,1,1,0,n,,"=""100""",,,,,,n,,,,,,,
"=""079400500908""",ACCESSORIES,1,699,n,n,"Dove:Fresh Invisible Solid","1.60 OZ",,n,1,1,0,n,,"=""100""",,,,,,n,,,,,,,
"=""079400551108""",ACCESSORIES,1,999,n,n,"Axe:Anarchy Invisible Solid","2.70 OZ",,n,1,1,588,n,,"=""100""",,,,,,n,,,,,,,
"=""079400892003""",ACCESSORIES,1,499,n,n,"Suave Hair - Professionals:Color Protection","12.60 OZ",,n,1,1,0,n,,"=""100""",,,,,,n,,,,,,,
"=""079581184003""",Juice,1,295,n,n,"CALYPSO  LEMONADE","16 Oz",,n,1,1,159,n,,"=""48""",,,,,,n,,,,,,,
"=""079581184010""",Juice,1,295,n,n,"CALYPSO OCEAN BLUE LEMONADE","16 Oz",,n,1,1,159,n,,"=""13""",,,,,,n,,,,,,,
"=""079581184027""",Juice,1,299,n,n,"Strawberry lemonade","16 oz",,n,1,1,159,n,,"=""6""",,,,,,n,,,,,,,
"=""079581184041""",Juice,1,299,n,n,"paradise punch lemonade","=""0""",,n,1,1,133,n,,"=""100""",,,,,,n,,,,,,,
"=""079581184058""",Juice,1,295,n,n,"CALYPSO LEMONADE ISLAND WAVE 16OZ","16 Oz",,n,1,1,150,n,,"=""12""",,,,,,n,,,,,,,
"=""079581184065""",Juice,1,295,n,n,"CALYPSO TROPICAL MANGO LEMONADE","16 oz",,n,1,1,150,n,,"=""8""",,,,,,n,,,,,,,
"=""079581184072""",Juice,1,295,n,n,"CALYPSO TROPICAL MELON LEMONADE","16 oz",,n,1,1,159,n,,"=""10""",,,,,,n,,,,,,,
"=""079581184096""",Juice,1,295,n,n,"CALYPSO KIWI LEMONADE","16 Oz",,n,1,1,159,n,,"=""9""",,,,,,n,,,,,,,
"=""079581185017""",Juice,1,295,n,n,"CALYPSO PINEAPPLE PEACH LEMONADE","16 Oz",,n,1,1,150,n,,"=""100""",,,,,,n,,,,,,,
"=""079581187097""",Juice,1,295,n,n,"CALYPSO TROPICAL TANGO LEMONADE","16 Oz",,n,1,1,0,n,,"=""100""",,,,,,n,,,,,,,
"=""079581995104""",Juice,1,294,n,n,"Calypso Natural Lemonade Bottle (16 oz)","20.00 OZ",,n,1,1,150,n,,"=""100""",,,,,,n,,,,,,,
"=""079581995111""",Juice,1,294,n,n,"Calypso Strawberry Lemonade Bottle (16 oz)","20.00 FL OZ",,n,1,1,150,n,,"=""100""",,,,,,n,,,,,,,
"=""079581995128""",Juice,1,294,n,n,"Calypso Kiwi Lemonade Bottle (16 oz)","20.00 OZ",,n,1,1,150,n,,"=""100""",,,,,,n,,,,,,,
"=""079581995258""",Juice,1,295,n,n,"Calypso Southern Peach Lemonade Bottle (16 oz)","20 OZ",,n,1,1,150,n,,"=""100""",,,,,,n,,,,,,,
"=""079656000078""","Health & Wellness",1,999,n,n,"ALOE 8 OZ","8.00 OZ",,n,1,1,383,n,,"=""100""",,,,,,n,,,,,,,
"=""079656031867""","General Merchandise",1,1299,n,n,"Banana Boat Sport Sunscreen Clear Spf 50 (8 oz)","8 oz",,n,1,1,0,n,,"=""100""",,,,,,n,,,,,,,
"=""079656045123""","Health & Wellness",1,599,n,n,"BANANA BOAT 3OZ","3.00 FL OZ",,n,1,1,300,n,,"=""100""",,,,,,n,,,,,,,
"=""079656045321""","Health & Wellness",1,299,n,n,"BANANA BOAT","1 oz",,n,1,1,0,n,,"=""100""",,,,,,n,,,,,,,
"=""079656122213""","Health & Wellness",1,399,n,n,"BANANA SPRAY 1.8 OZ",,,n,1,1,0,n,,"=""100""",,,,,,n,,,,,,,
"=""079694221121""","Hanging Snacks",1,1299,n,n,"JERKY OLD FASHION BEEF JERKY","10 oz",,n,1,1,0,n,,"=""100""",,,,,,n,,,,,,,
"=""080000006745""",Grocery,1,299,n,n,"STARKIST TUNA OIL 4 OZ","4 OZ",,n,1,1,118,n,,"=""100""",,,,,,n,,,,,,,
"=""080020353324""","Craft / Local Beer",1,1199,n,n,"Abita Turbo Dog 6-Pack 12 FL OZ Bottle","72.00 FL OZ",,n,6,1,0,n,,"=""100""",,,,,,n,,,,,,,
"=""080020422303""",BEER,1,1299,n,n,"Purple Haze raspberry lager 4.2%","6 pk",,n,6,1,770,n,,"=""100""",,,,,,n,,,,,,,
"=""080157112641""","IPA Beer",1,1299,n,n,PAULANER,,,n,6,1,773,n,,"=""100""",,,,,,n,,,,,,,
"=""080157113761""","Import Beer",1,1699,n,n,"Paulaner Original Premium Lager 6-Pack","6 pk",,n,6,1,981,n,,"=""100""",,,,,,n,,,,,,,
"=""080157311648""","Import Beer",1,1299,n,n,"PAULANER MUNCHNER LAGER","4 PK 16 OZ",,n,4,1,773,n,,"=""100""",,,,,,n,,,,,,,
"=""080244002039""",Whiskey,1,9999,n,n,"Blanton's The Original Single Barrel Bourbon Whiskey (750 ml)","750 ml",,n,1,1,6500,n,,"=""100""",,,,,,n,,,,,,,
"=""080244006938""",Whiskey,1,6299,n,n,"HANCOCKS BOURBON B6 750ML",750ML,,n,2,1,4060,n,,"=""2""",,,,,,n,,,,,,,
"=""080244007737""","Spirits - Other",1,9999,n,n,"ELMER T LEE BOURBON B12 750ML",,,n,1,1,5835,n,,"=""100""",,,,,,n,,,,,,,
"=""080244009236""","Spirits - Other",1,2868,n,n,"BUFFALO TRACE BOURBON B12 750ML","750 ML",,n,1,1,1864,n,,"=""100""",,,,,,n,,,,,,,
"=""080432000076""","Ready-to-Drink (RTD)",1,399,n,n,"JAMESON LEMONADE","335 ml",,n,1,1,0,n,,"=""100""",,,,,,n,,,,,,,
"=""080432000083""","Spirits - Other",1,1428,n,n,"JAMESON COCKTAILS WHISKEY LEMONADE C",,,n,1,1,928,n,,"=""100""",,,,,,n,,,,,,,
"=""080432000779""","Ready-to-Drink (RTD)",1,1399,n,n,"JAMESON COCKTAILS ORANGE SPRITZ C24",,,n,4,1,878,n,,"=""100""",,,,,,n,,,,,,,
"=""080432000786""","Ready-to-Drink (RTD)",1,399,n,n,"JAMESON ORANGE SPRITZ 355 ML","335 ml",,n,1,1,0,n,,"=""100""",,,,,,n,,,,,,,
"=""080432001110""","Ready-to-Drink (RTD)",1,399,n,n,"ABSOLUT VODCA CRANBERRY","335 ml",,n,1,1,0,n,,"=""100""",,,,,,n,,,,,,,
"=""080432001257""","Ready-to-Drink (RTD)",1,2399,n,n,"ABSOLUT COCKTELS",12oz,,n,8,8,1440,n,,"=""100""",,,,,,n,,,,,,,
"=""080432002117""",Whiskey,1,3299,n,n,"JAMESON TRIPLE TRIPLE",750ML,,n,2,1,2150,n,,"=""100""",,,,,,n,,,,,,,
"=""080432002506""",Shots,1,1299,n,n,"SCREWBALL 4 PK 50 ML","200 ML",,n,1,1,580,n,,"=""100""",,,,,,n,,,,,,,
"=""080432002681""","Ready-to-Drink (RTD)",1,557,n,n,"Absolut Cocktails Ocean Spray Vodka","19.27 OZ",,n,1,1,352,n,,"=""9""",,,,,,n,,,,,,,
"=""080432002698""",BEER,1,541,n,n,"Absolut vodka","=""1905""",,n,1,0,0,n,,"=""9""",,,,,,n,,,,,,,
"=""080432002803""","Ready-to-Drink (RTD)",1,1899,n,n,"MALIBU DOL WITH REAL RUM","8 PK",,n,8,1,1230,n,,"=""9""",,,,,,n,,,,,,,
"=""080432002865""","Ready-to-Drink (RTD)",1,557,n,n,"Malibu Cocktatls","19 OZ",,n,1,1,351,n,,"=""100""",,,,,,n,,,,,,,
"=""080432002872""","Ready-to-Drink (RTD)",1,557,n,n,"Malibu Dole Pineapple Mango","19.5 ML",,n,1,1,351,n,,"=""100""",,,,,,n,,,,,,,
"=""080432100783""",Whiskey,1,8999,n,n,"The Glenlivet French Oak Reserve Whisky 15 Years Age","750 ml",,n,2,1,0,n,,"=""100""",,,,,,n,,,,,,,
"=""080432106419""",Whiskey,1,16499,n,n,"Redbreast 12 Yr Irish Whiskey (750 ml)",,,n,1,1,0,n,,"=""100""",,,,,,n,,,,,,,
"=""080432106846""",Tequila,1,2343,n,n,"Altos Silver","750 ML",,n,2,1,1519,n,,"=""26""",,,,,,n,,,,,,,
"=""080432106853""",Tequila,1,2552,n,n,"Altos Reposado","750 ML",,n,2,1,1659,n,,"=""10""",,,,,,n,,,,,,,
"=""080432107263""",Whiskey,1,4999,n,n,"JAMESON BARREL RESERVED","750 ML",,n,2,1,0,n,,"=""100""",,,,,,n,,,,,,,
"=""080432108550""",Shots,1,499,n,n,"ALTOS 50ML","50 ML",,n,1,1,0,n,,"=""100""",,,,,,n,,,,,,,
"=""080432109755""",Whiskey,1,4299,n,n,"The Glenlivet Founder's Reserve",750ml,,n,2,1,2580,n,,"=""12""",,,,,,n,,,,,,,
"=""080432115763""",Whiskey,1,4699,n,n,"GLENLIVET CARIBBAN 750ML","750 ML",,n,2,1,0,n,,"=""100""",,,,,,n,,,,,,,
"=""080432117163""",Whiskey,1,7699,n,n,"REDBREAST SINGLE POT STILL PX ED","750 ML",,n,2,0,0,n,,"=""100""",,,,,,n,,,,,,,
"=""080432117330""",Whiskey,1,3499,n,n,"Jameson Irish Whiskey Orange (750 ml)",750ml,,n,2,1,0,n,,"=""100""",,,,,,n,,,,,,,
"=""080432117521""","Ready-to-Drink (RTD)",1,399,n,n,"JAMESON GINGER LIME","335 ml",,n,1,1,0,n,,"=""100""",,,,,,n,,,,,,,
"=""080432117538""","Ready-to-Drink (RTD)",1,1439,n,n,"Jameson Cocktails Ginger and Lime C2",,,n,4,1,928,n,,"=""100""",,,,,,n,,,,,,,
"=""080432117712""",GIN,1,7999,n,n,"MONKEY 47 GIN 94","750 ML",,n,1,1,4831,n,,"=""100""",,,,,,n,,,,,,,
"=""080432400395""",Whiskey,1,2999,n,n,"Chivas Regal (750 ml)",750ml,,n,1,1,0,n,,"=""100""",,,,,,n,,,,,,,
"=""080432400630""",Whiskey,1,5499,n,n,"GLENLIVET SCO SM 12YR 80 YRC 750ML","750 ml",,n,2,1,3560,n,,"=""100""",,,,,,n,,,,,,,
"=""080432400913""","Brandy & Cognac",1,5999,n,n,"Martell VSOP Medallon","750 ml",,n,2,1,0,n,,"=""100""",,,,,,n,,,,,,,
"=""080432401217""",Liqueur,1,499,n,n,"Seagram's Extra Dry Gin",200ml,,n,1,1,0,n,,"=""100""",,,,,,n,,,,,,,
"=""080432401224""",Liqueur,1,799,n,n,"Seagram's Extra Dry Gin",375ml,,n,1,1,0,n,,"=""100""",,,,,,n,,,,,,,
"=""080432401231""",GIN,1,1599,n,n,"Seagram's Extra Dry Gin",750ml,,n,2,1,0,n,,"=""100""",,,,,,n,,,,,,,
"=""080432500101""",Shots,1,499,n,n,"JAMESON 50 ML","50 ML",,n,1,1,2575,n,,"=""100""",,,,,,n,,,,,,,
"=""080432500125""",Whiskey,1,1099,n,n,"JAMESON IRISH WHISKEY 80 200ML","200 ml",,n,1,1,595,n,,"=""100""",,,,,,n,,,,,,,
"=""080432500149""",Whiskey,1,1799,n,n,"Jameson Irish Whiskey (375 ml)","375 ml",,n,1,1,1015,n,,"=""99""",,,,,,n,,,,,,,
"=""080432500170""",Whiskey,1,2699,n,n,"Jameson Irish Whiskey",750ml,,n,2,1,1650,n,,"=""122""",,,,,,n,,,,,,,
"=""080432500187""",Whiskey,1,5999,n,n,"JAMESODN  Irish Whiskey",1.75L,,n,2,1,0,n,,"=""100""",,,,,,n,,,,,,,
"=""080432586174""",Whiskey,1,8499,n,n,"REDBREAST IRISH WHISKEY","750 ML",,n,2,1,4910,n,,"=""100""",,,,,,n,,,,,,,
"=""080480000066""","Spirits - Other",1,899,n,n,"BOMBAY SAPPHIRE GIN 94 200ML",200ml,,n,1,1,551,n,,"=""100""",,,,,,n,,,,,,,
"=""080480000080""",Shots,1,299,n,n,"BOMBAY SAPPHIRE GIN","50 ML",,n,1,1,0,n,,"=""100""",,,,,,n,,,,,,,
"=""080480002923""","Brandy & Cognac",1,6499,n,n,"D'Usse Cognac VSOP",750ml,,n,1,1,3860,n,,"=""100""",,,,,,n,,,,,,,
"=""080480002930""","Brandy & Cognac",1,3499,n,n,"D'USSE COGNAC VSOP","375 ML",,n,1,1,1894,n,,"=""100""",,,,,,n,,,,,,,
"=""080480004699""",Liqueur,1,4699,n,n,"ST GERMAIN","750 ML",,n,2,1,0,n,,"=""100""",,,,,,n,,,,,,,
"=""080480004903""",Vodka,1,2099,n,n,"Grey Goose Le Melon Vodka (375 ml)",375ml,,n,1,1,0,n,,"=""100""",,,,,,n,,,,,,,
"=""080480006662""",Liqueur,1,2499,n,n,"ST GERMAIN","375 ML",,n,1,1,1504,n,,"=""10""",,,,,,n,,,,,,,
"=""080480015206""","Spirits - Other",1,2715,n,n,"Bacardi Rum Superior White 80 1.75l","1.75 L",,n,1,1,1763,n,,"=""100""",,,,,,n,,,,,,,
"=""080480015404""",Rum,1,1599,n,n,"BACARDI RUM SUPERIOR WHITE 80",750ml,,n,1,1,1005,n,,"=""100""",,,,,,n,,,,,,,
"=""080480015602""",Rum,1,999,n,n,"Bacardi Superior",375ml,,n,1,1,582,n,,"=""100""",,,,,,n,,,,,,,
"=""080480015701""",Rum,1,599,n,n,"BACARDI RUM SUPERIOR WHITE 80",200ml,,n,1,1,296,n,,"=""100""",,,,,,n,,,,,,,
"=""080480016210""",Shots,1,199,n,n,"BACARDI SUPERIOR 50 ML","50 ML",,n,1,1,74,n,,"=""100""",,,,,,n,,,,,,,
"=""080480016265""",Rum,1,1799,n,n,"BACARDI LUPERIOR","750 ML",,n,1,1,0,n,,"=""100""",,,,,,n,,,,,,,
"=""080480025205""","Spirits - Other",1,2715,n,n,"Bacardi Rum Gold 80 1.75l",1.75L,,n,2,1,1763,n,,"=""100""",,,,,,n,,,,,,,
"=""080480025403""",Rum,1,1599,n,n,"Bacardi Gold Puerto Rican Rum",750ml,,n,1,1,0,n,,"=""100""",,,,,,n,,,,,,,
"=""080480025601""",Rum,1,999,n,n,"Bacardi Gold",375ml,,n,1,1,0,n,,"=""100""",,,,,,n,,,,,,,
"=""080480025700""",Rum,1,599,n,n,"Bacardi Gold",200ml,,n,1,1,0,n,,"=""100""",,,,,,n,,,,,,,
"=""080480026219""",Rum,1,199,n,n,"Bacardi Gold",50ml,,n,1,1,74,n,,"=""100""",,,,,,n,,,,,,,
"=""080480170004""",Tequila,1,6299,n,n,"Tequila Cazadores Reposado",1.75L,,n,2,1,0,n,,"=""100""",,,,,,n,,,,,,,
"=""080480170028""",Tequila,1,2999,n,n,"CAZADORES REPOSADO","750 ML",,n,1,1,0,n,,"=""100""",,,,,,n,,,,,,,
"=""080480170035""",Tequila,1,1899,n,n,"CAZADORES REPOSADO",375ml,,n,1,1,0,n,,"=""100""",,,,,,n,,,,,,,
"=""080480170127""",Tequila,1,999,n,n,"CAZADORES REPOSADO","200 ML",,n,1,1,0,n,,"=""100""",,,,,,n,,,,,,,
"=""080480172008""",Tequila,1,5999,n,n,"Cazadores Tequila Blanco","1.75 L",,n,2,1,0,n,,"=""100""",,,,,,n,,,,,,,
"=""080480172022""",Tequila,1,2599,n,n,"CAZADORES BLANCO","750 ML",,n,1,1,0,n,,"=""100""",,,,,,n,,,,,,,
"=""080480172039""",Tequila,1,1799,n,n,"Cazadores Blanco","375 ML",,n,1,1,972,n,,"=""100""",,,,,,n,,,,,,,
"=""080480172527""",Tequila,1,4999,n,n,"CAZADORES ANEJO 750",750ml,,n,1,1,0,n,,"=""100""",,,,,,n,,,,,,,
"=""080480231026""","Scotch Whisky",1,2999,n,n,"DEWARS 12 YEARS","750 ml",,n,1,1,0,n,,"=""100""",,,,,,n,,,,,,,
"=""080480280000""",Vodka,1,7299,n,n,"Grey Goose Vodka",1.75L,,n,1,1,0,n,,"=""100""",,,,,,n,,,,,,,
"=""080480280024""",Vodka,1,3299,n,n,"GREY GOOSE","750 ml",,n,2,1,2100,n,,"=""55""",,,,,,n,,,,,,,
"=""080480280031""",Vodka,1,1899,n,n,"GREY GOOSE","375 ml",,n,1,1,1085,n,,"=""26""",,,,,,n,,,,,,,
"=""080480280048""",Vodka,1,1099,n,n,"GREY GOOSE","200 ml",,n,1,1,680,n,,"=""15""",,,,,,n,,,,,,,
"=""080480301026""",GIN,1,2999,n,n,"BOMBAY SAPPHIRE GIN",750ml,,n,1,1,1688,n,,"=""100""",,,,,,n,,,,,,,
"=""080480301033""",GIN,1,1499,n,n,"BOMBAY SAPPHIRE GIN 94 375ML",375ml,,n,1,1,941,n,,"=""100""",,,,,,n,,,,,,,
"=""080480983192""","Brandy & Cognac",1,1999,n,n,"DUSSE VSOP COGNAC","200 ML",,n,1,1,0,n,,"=""100""",,,,,,n,,,,,,,
"=""080480983512""",Shots,1,349,n,n,"CAZADORES BLANCO","50 ML",,n,1,1,0,n,,"=""100""",,,,,,n,,,,,,,
"=""080480984069""",Shots,1,349,n,n,"CAZADORES REPOSADO 50ML","50 ML",,n,1,1,0,n,,"=""100""",,,,,,n,,,,,,,
"=""080480985721""",Vodka,1,2999,n,n,"Grey Goose Essences Watermelon Basil (750 ml)","750 ml",,n,1,1,0,n,,"=""100""",,,,,,n,,,,,,,
"=""080480987022""","Ready-to-Drink (RTD)",1,499,n,n,"Cazadores Margarita",,,n,1,1,0,n,,"=""100""",,,,,,n,,,,,,,
"=""080480987039""","Ready-to-Drink (RTD)",1,1649,n,n,"CAZADORES CKTL MARGARITA 10 CAN PAD(104 355ML",,,n,4,1,1069,n,,"=""100""",,,,,,n,,,,,,,
"=""080480987060""","Ready-to-Drink (RTD)",1,499,n,n,"CAZADORES PALOMA",,,n,1,0,0,n,,"=""100""",,,,,,n,,,,,,,
"=""080480987077""","Ready-to-Drink (RTD)",1,1717,n,n,"Cazadores Cocktail Paloma 4 pk","355 ML",,n,4,1,1116,n,,"=""100""",,,,,,n,,,,,,,
"=""080480987626""","Ready-to-Drink (RTD)",1,499,n,n,"Bacardi mango",,,n,1,0,0,n,,"=""100""",,,,,,n,,,,,,,
"=""080480988869""","Spirits - Other",1,3246,n,n,"GREY GOOSE VODKA 80W/2MARTINIGLASS 750ML",,,n,1,1,2110,n,,"=""100""",,,,,,n,,,,,,,
"=""080480989347""",Shots,1,499,n,n,"GREY GOOSE 50ML VODKA","50 ML",,n,1,1,209,n,,"=""155""",,,,,,n,,,,,,,
"=""080480990107""","Vodka - Flavored",1,3299,n,n,"Gray gose Berry Rouge","750 ml",,n,2,1,0,n,,"=""100""",,,,,,n,,,,,,,
"=""080516135144""","Wine General",1,699,n,n,"Riunite Lambrusco (750 ml)","750.00 ML",,n,1,1,0,n,,"=""100""",,,,,,n,,,,,,,
"=""080516406947""","Wine General",1,1899,n,n,"Banfi Chianti Superiore:Sangiovese Blend","750.00 ML",,n,2,1,1049,n,,"=""8""",,,,,,n,,,,,,,
"=""080660001142""",Whiskey,1,4499,n,n,"SINGLE BARREL 1792 ( 98.6 PROOF )","750. ML",,n,1,1,2818,n,,"=""100""",,,,,,n,,,,,,,
"=""080660001159""",Whiskey,1,5999,n,n,"FULL PROOF 1792 125  (PROOF )","750. ML",,n,1,1,0,n,,"=""100""",,,,,,n,,,,,,,
"=""080660001166""","Spirits - Other",1,4499,n,n,"1792 BBN SWEET WHEAT 91.2 750ML",,,n,1,1,2940,n,,"=""100""",,,,,,n,,,,,,,
"=""080660001203""",Whiskey,1,3712,n,n,"Small Batch 1792 89 (93.7 Proof )","750 ML",,n,1,1,2412,n,,"=""100""",,,,,,n,,,,,,,
"=""080660010113""",Shots,1,139,n,n,"99 BUTTERSCOTCH","50 ML",,n,1,1,66,n,,"=""100""",,,,,,n,,,,,,,
"=""080660010700""",Liqueur,1,139,n,n,"99 PINEAPPLE","50 ML",,n,1,1,66,n,,"=""100""",,,,,,n,,,,,,,
"=""080660018812""","Ready-to-Drink (RTD)",1,899,n,n,"CHI CHIS MARGARITA 750L","1 LITER",,n,2,1,0,n,,"=""100""",,,,,,n,,,,,,,
"=""080660113692""",Shots,1,139,n,n,"99 BLACKCHERRY","50 ML",,n,1,1,852,n,,"=""100""",,,,,,n,,,,,,,
"=""080660113760""",Shots,1,139,n,n,"99 CINNAMON","50 ML",,n,1,1,66,n,,"=""100""",,,,,,n,,,,,,,
"=""080660487076""",Vodka,1,399,n,n,"CRYSTAL PALACE DELUXE","375 ML",,n,1,1,243,n,,"=""22""",,,,,,n,,,,,,,
"=""080660487083""",Vodka,1,302,n,n,"Crystal Palace Deluxe",200ML,,n,1,1,193,n,,"=""100""",,,,,,n,,,,,,,
"=""080660620992""",Shots,1,139,n,n,"99 BANANA 50 ML","50 ML",,n,1,1,66,n,,"=""98""",,,,,,n,,,,,,,
"=""080660953014""",BEER,1,1199,n,n,"PACIFICO 6 PACK 12OZ","6 PK 12 OZ",,n,6,1,765,n,,"=""7""",,,,,,n,,,,,,,
"=""080660953052""",BEER,1,549,n,n,"PACIFICO 32 OZ.BOT","32 OZ",,n,2,1,329,n,,"=""18""",,,,,,n,,,,,,,
"=""080660953083""",BEER,1,3899,n,n,"PACIFICO 24PK BOTTLES 12 oz","24 PK 12 OZ",,n,24,1,2680,n,,"=""3""",,,,,,n,,,,,,,
"=""080660953151""",BEER,1,2199,n,n,"PACIFICO  B24 12OZ 12P","144.00 FL OZ",,n,12,1,1438,n,,"=""16""",,,,,,n,,,,,,,
"=""080660954011""",BEER,1,999,n,n,"Coronita Extra 6-Pack 7 FL OZ Bottle","6 PK 7 OZ",,n,6,1,615,n,,"=""3""",,,,,,n,,,,,,,
"=""080660956053""",BEER,1,1299,n,n,"Corona Extra Bottles (12 oz x 12 ct)","12 FL OZ",,n,6,1,793,n,,"=""8""",,,,,,n,,,,,,,
"=""080660956084""",BEER,1,3799,n,n,"Corona Extra Bottles (12 Oz X 24 Ct)","12 oz 24 pk",,n,24,1,2815,n,,"=""1""",,,,,,n,,,,,,,
"=""080660956152""",BEER,1,2299,n,n,"Corona EXTRA 12 PK 12 OZ","12 PK 12 OZ",,n,12,1,1487,n,,"=""4""",,,,,,n,,,,,,,
"=""080660956251""",BEER,1,1199,n,n,"Corona Light Bottles (12 oz x 6 ct)","12 oz 6 pk",,n,6,1,792,n,,"=""4""",,,,,,n,,,,,,,
"=""080660956411""",BEER,1,499,n,n,"CORONA EXTRA  B12 24OZ","24 oz",,n,2,1,250,n,,"=""21""",,,,,,n,,,,,,,
"=""080660956435""",BEER,1,449,n,n,"CORONA EXTRA  24 OZ CAN","24 OZ",,n,2,12,3015,n,,"=""94""",,,,,,n,,,,,,,
"=""080660956756""",BEER,1,2299,n,n,"CARONA LIGHT 12 PK 12 OZ","12 OZ 12 PK",,n,12,1,1487,n,,"=""100""",,,,,,n,,,,,,,
"=""080660956800""",BEER,1,3199,n,n,"CORONA EXTRA 18PK BOTTLES","18 PK 12 OZ",,n,18,1,2220,n,,"=""5""",,,,,,n,,,,,,,
"=""080660956831""",BEER,1,499,n,n,"CORONA FAMILIAR 32 OZ.BOTTLE","32 OZ",,n,2,1,340,n,,"=""15""",,,,,,n,,,,,,,
"=""080660956954""",BEER,1,2199,n,n,"CORONA EXTRA CANS  12PK CANS 12OZ","12 PK 12 OZ",,n,12,1,1487,n,,"=""4""",,,,,,n,,,,,,,
"=""080660957104""",BEER,1,3799,n,n,"MODELO 24-PACK CANS 12 OZ","24 PK 12 OZ",,n,24,1,2720,n,,"=""1""",,,,,,n,,,,,,,
"=""080660957111""",BEER,1,2999,n,n,"MODELO 18-PACK CAN","18 PK 12 OZ",,n,18,1,2095,n,,"=""5""",,,,,,n,,,,,,,
"=""080660957159""",BEER,1,2049,n,n,"Modelo 12-Pk 12oz Can","12 PK 12 OZ",,n,12,1,1410,n,,"=""8""",,,,,,n,,,,,,,
"=""080660957210""",BEER,1,449,n,n,"MODELO ESP  C12 24OZ","24.00 FL OZ",,n,2,1,261,n,,"=""459""",,,,,,n,,,,,,,
"=""080660957579""",BEER,1,2149,n,n,"Modelo Especial Bottle (24 oz)","144.00 FL OZ",,n,12,1,1488,n,,"=""13""",,,,,,n,,,,,,,
"=""080660957654""",BEER,1,1199,n,n,"MODELO 6PK 12OZ BOTTLE","6 PK 12 OZ",,n,6,1,792,n,,"=""13""",,,,,,n,,,,,,,
"=""080660957746""",BEER,1,1199,n,n,"MODELO 3PK 24OZ CAN","3 PK 24 OZ",,n,6,1,783,n,,"=""29""",,,,,,n,,,,,,,
"=""080660957760""",BEER,1,3999,n,n,"Modelo Especial Bottles (12 oz x 24 ct)","24/12 oz",,n,24,1,2815,n,,"=""5""",,,,,,n,,,,,,,
"=""080660957777""",BEER,1,499,n,n,"MODELO 24OZ bottles","24.00 Oz",,n,2,1,261,n,,"=""26""",,,,,,n,,,,,,,
"=""080660957852""",BEER,1,1299,n,n,"Modelo Negra Bottles (12 oz x 6 ct)","12 oz 6 pk",,n,6,1,793,n,,"=""10""",,,,,,n,,,,,,,
"=""080660957876""",BEER,1,2199,n,n,"Modelo Negra Bottles (12 oz x 12 ct)","144.00 FL OZ",,n,12,1,1488,n,,"=""4""",,,,,,n,,,,,,,
"=""080660957968""",BEER,1,499,n,n,"MODELO CHELADA ESPECIAL 24OZ","24 OZ",,n,2,1,289,n,,"=""198""",,,,,,n,,,,,,,
"=""080660958811""",BEER,1,1299,n,n,"VICTORIA  B24 12OZ 6P","72.00 FL OZ",,n,6,1,793,n,,"=""100""",,,,,,n,,,,,,,
"=""080660958835""",BEER,1,2299,n,n,"Victoria Bottles (12 oz x 12 ct)","12 oz",,n,12,1,1488,n,,"=""100""",,,,,,n,,,,,,,
"=""080686001102""",Whiskey,1,3299,n,n,"JIM BEAM BOURBON","1.75 LITER",,n,2,1,0,n,,"=""100""",,,,,,n,,,,,,,
"=""080686001409""",Whiskey,1,2042,n,n,"Jim Beam (750 Ml)",750ml,,n,2,1,1325,n,,"=""100""",,,,,,n,,,,,,,
"=""080686001607""",Whiskey,1,1099,n,n,"Jim Beam (375 ml)","375 ml",,n,1,1,0,n,,"=""100""",,,,,,n,,,,,,,
"=""080686001706""",Whiskey,1,699,n,n,"Jim Beam Bourbon","200 ml",,n,1,1,0,n,,"=""100""",,,,,,n,,,,,,,
"=""080686001904""",Shots,1,299,n,n,"JIM BEAM 50 ML","50 ml",,n,1,1,105,n,,"=""100""",,,,,,n,,,,,,,
"=""080686002956""",Whiskey,1,7499,n,n,"BASIL HAYDENS RED WINE CASK FINISH","750 ML",,n,2,0,0,n,,"=""100""",,,,,,n,,,,,,,
"=""080686003601""",Whiskey,1,4999,n,n,"BASIL HAYDEN MALTED RYE","750 ML",,n,2,0,0,n,,"=""100""",,,,,,n,,,,,,,
"=""080686004424""",Whiskey,1,4999,n,n,"KNOB CREEK RYE 7 YEARS","750 ML",,n,2,1,3200,n,,"=""6""",,,,,,n,,,,,,,
"=""080686004585""","Ready-to-Drink (RTD)",1,399,n,n,"196 LEMON VODKA",12oz,,n,1,1,0,n,,"=""100""",,,,,,n,,,,,,,
"=""080686007241""","Ready-to-Drink (RTD)",1,1399,n,n,"ON THE ROCK STRAMBERRY DAIQUIRI",375ml,,n,1,1,711,n,,"=""100""",,,,,,n,,,,,,,
"=""080686007265""","Ready-to-Drink (RTD)",1,799,n,n,"OTR STRAWBERRY 200ML","200 ml",,n,1,1,484,n,,"=""100""",,,,,,n,,,,,,,
"=""080686007289""","Ready-to-Drink (RTD)",1,2499,n,n,"ON THE ROCK STRAWBERRY DAIQUIRI","750 ML",,n,1,0,0,n,,"=""100""",,,,,,n,,,,,,,
"=""080686007746""",Whiskey,1,2999,n,n,"JIM BEAM BBN BLACK 7 YEARS","750 ML",,n,2,1,1967,n,,"=""6""",,,,,,n,,,,,,,
"=""080686007777""",Whiskey,1,5599,n,n,"JIM BEAM BBN BLACK 7  YEARS","1.75 ML",,n,2,1,3600,n,,"=""1""",,,,,,n,,,,,,,
"=""080686008064""","Ready-to-Drink (RTD)",1,1399,n,n,"ON THE ROCK BLUE HAWAIIAN",375ml,,n,1,1,711,n,,"=""100""",,,,,,n,,,,,,,
"=""080686008088""","Ready-to-Drink (RTD)",1,1399,n,n,"ON THE ROCK COSMOPOLITAN",375ml,,n,1,1,766,n,,"=""100""",,,,,,n,,,,,,,
"=""080686008101""","Ready-to-Drink (RTD)",1,2499,n,n,"OTR COSMOPOLITAN EFFEN 40 750ML","750 ML",,n,2,1,1529,n,,"=""100""",,,,,,n,,,,,,,
"=""080686008118""","Ready-to-Drink (RTD)",1,799,n,n,"ON THE ROCKS COSMOPLOITAN","200 ml",,n,1,1,0,n,,"=""100""",,,,,,n,,,,,,,
"=""080686008361""","Ready-to-Drink (RTD)",1,999,n,n,"OTR WSKY SOUR SPICED PEAR 40 375ML","375 ML",,n,1,1,201,n,,"=""100""",,,,,,n,,,,,,,
"=""080686008460""","Spirits - Other",1,2631,n,n,"KNOB CREEK BBN 100 W/2 ROCK GLS 750ML",,,n,1,1,1710,n,,"=""100""",,,,,,n,,,,,,,
"=""080686008705""","Spirits - Other",1,1399,n,n,"OTR TEQ ESPRESSO MARTINI 40 375ML",,,n,1,1,711,n,,"=""100""",,,,,,n,,,,,,,
"=""080686008880""",Tequila,1,5128,n,n,"Hornitos Cristalino Reserve","750 ML",,n,2,1,3333,n,,"=""2""",,,,,,n,,,,,,,
"=""080686008934""","Spirits - Other",1,1399,n,n,"OTR LEMON DROP MARTINI 40 375ML",,,n,1,1,711,n,,"=""100""",,,,,,n,,,,,,,
"=""080686009085""","Ready-to-Drink (RTD)",1,399,n,n,"196 STRAWBEERY","335 ml",,n,1,1,0,n,,"=""100""",,,,,,n,,,,,,,
"=""080686009092""","Spirits - Other",1,1299,n,n,"196 CKTL VOD STRAWBERRY 11 CAN 4P 355ML",,,n,4,1,770,n,,"=""4""",,,,,,n,,,,,,,
"=""080686009108""","Hard Seltzer",1,1299,n,n,"196 CKTL VOD LEMON 11 CAN 6/4P 355ML","4 PK 12 OZ",,n,4,1,750,n,,"=""8""",,,,,,n,,,,,,,
"=""080686009115""","Ready-to-Drink (RTD)",1,449,n,n,"196 GRAPEFRUIT 4 PK","335 ml",,n,1,1,770,n,,"=""100""",,,,,,n,,,,,,,
"=""080686009122""","Ready-to-Drink (RTD)",1,1299,n,n,"196 PEACH",,,n,4,1,750,n,,"=""2""",,,,,,n,,,,,,,
"=""080686009269""","Ready-to-Drink (RTD)",1,2299,n,n,"196 CKTL VOD  A(S/L/G/P)CAN 8 PK",,,n,8,1,1400,n,,"=""100""",,,,,,n,,,,,,,
"=""080686009276""","Ready-to-Drink (RTD)",1,1499,n,n,"- 196 GRAPEFRUIT","4 PK",,n,4,0,0,n,,"=""100""",,,,,,n,,,,,,,
"=""080686009283""","Ready-to-Drink (RTD)",1,1299,n,n,"1969 vodka",,,n,4,1,770,n,,"=""100""",,,,,,n,,,,,,,
"=""080686009290""",BEER,1,1299,n,n,"196 lemon","4 pk",,n,1,1,0,n,,"=""100""",,,,,,n,,,,,,,
"=""080686009436""","Ready-to-Drink (RTD)",1,399,n,n,"ON THE ROCKS  MOJITO","335 ml",,n,1,1,0,n,,"=""100""",,,,,,n,,,,,,,
"=""080686009443""","Ready-to-Drink (RTD)",1,399,n,n,"ON THE ROCKS MULE","335 ml",,n,1,1,0,n,,"=""100""",,,,,,n,,,,,,,
"=""080686009450""","Ready-to-Drink (RTD)",1,399,n,n,"ON THE ROCKS MARGARITA","335 ml",,n,1,1,0,n,,"=""100""",,,,,,n,,,,,,,
"=""080686009474""","Ready-to-Drink (RTD)",1,1399,n,n,"OTR MOJITO CKTL MANGO MINT 4 PACK","4 PK",,n,4,1,858,n,,"=""100""",,,,,,n,,,,,,,
"=""080686009481""","Ready-to-Drink (RTD)",1,1399,n,n,"OTR MULE CKTL CUCUMBER LEMONGRASS","4 PK",,n,4,1,858,n,,"=""100""",,,,,,n,,,,,,,
"=""080686009498""","Ready-to-Drink (RTD)",1,1399,n,n,"OTR CKTL SPARKLING LIME MARGARITA 4 PACK",4PK,,n,4,1,858,n,,"=""100""",,,,,,n,,,,,,,
"=""080686009528""","Ready-to-Drink (RTD)",1,1799,n,n,OTR,,,n,1,0,0,n,,"=""100""",,,,,,n,,,,,,,
"=""080686009542""","Spirits - Other",1,3193,n,n,"OTR AST(JPBOUL/MATCHAM)6/2PK 375ML",,,n,1,1,2075,n,,"=""100""",,,,,,n,,,,,,,
"=""080686009740""","Ready-to-Drink (RTD)",1,1099,n,n,"JIM BEAM RTD BBN COLA 4 PACK","4 PK",,n,4,1,699,n,,"=""100""",,,,,,n,,,,,,,
"=""080686009757""","Ready-to-Drink (RTD)",1,1099,n,n,"JIM BEAM RTD BBN GINGER 4 PACK","4 PK",,n,4,1,699,n,,"=""100""",,,,,,n,,,,,,,
"=""080686009955""",Whiskey,1,1799,n,n,"JIM BEAM PINEAPPLE","750 ML",,n,2,0,0,n,,"=""100""",,,,,,n,,,,,,,
"=""080686010357""","Hard Seltzer",1,2369,n,n,"196 CKTL VOD A(LL/LR/SW/SP)CAN 8P 355ML","8 PK 12 OZ",,n,8,1,1500,n,,"=""100""",,,,,,n,,,,,,,
"=""080686010425""",Whiskey,1,1799,n,n,"JIM BEAM 750 ML","750 ML",,n,2,1,800,n,,"=""100""",,,,,,n,,,,,,,
"=""080686010432""","Vodka - Flavored",1,3699,n,n,"THE HOUSE OF SUNTORY HAKU YUZU","750 ML",,n,2,1,2366,n,,"=""13""",,,,,,n,,,,,,,
"=""080686010654""","Ready-to-Drink (RTD)",1,449,n,n,"-196 LEMON ZERO SUGAR",,,n,1,0,0,n,,"=""100""",,,,,,n,,,,,,,
"=""080686010692""","Ready-to-Drink (RTD)",1,1299,n,n,"196 CKTL VOD LEM ZERO SUGAR CAN4P 355ML",,,n,4,1,750,n,,"=""5""",,,,,,n,,,,,,,
"=""080686010739""",Whiskey,1,2999,n,n,"JIM BEAM BBN 109 DODGERS 8TH TITLE 750 ML","750 ML",,n,2,1,0,n,,"=""100""",,,,,,n,,,,,,,
"=""080686010814""",Whiskey,1,4699,n,n,"SUNTORY WHISKY TOKI BLACK 86","750 ML",,n,2,1,3029,n,,"=""6""",,,,,,n,,,,,,,
"=""080686011408""","Spirits - Other",1,14999,n,n,"BOOKERS NOE BBN (2025-1)BARRY125.7 750ML",,,n,1,1,7230,n,,"=""100""",,,,,,n,,,,,,,
"=""080686011460""","Ready-to-Drink (RTD)",1,1399,n,n,"OTR MARG PASSION FRUIT HORNITOS","375 ML",,n,1,1,896,n,,"=""12""",,,,,,n,,,,,,,
"=""080686011651""","Hard Seltzer",1,599,n,n,"196 lemon","710  ml",,n,2,1,349,n,,"=""9""",,,,,,n,,,,,,,
"=""080686012122""",Whiskey,1,2999,n,n,"BASIL HAYDEN'S 375ML","375 ML",,n,1,1,0,n,,"=""100""",,,,,,n,,,,,,,
"=""080686012146""",Whiskey,1,4499,n,n,"BASIL HAYDEN'S DARK AND RICH DARK RUY","750 ML",,n,2,1,0,n,,"=""100""",,,,,,n,,,,,,,
"=""080686012337""",Whiskey,1,12999,n,n,"BASIL HAYDENS RYE 10YR 750ML","750 ML",,n,2,1,0,n,,"=""100""",,,,,,n,,,,,,,
"=""080686012344""",Whiskey,1,9999,n,n,"BASIL HAYDENS TOAST","750 ML",,n,2,0,0,n,,"=""100""",,,,,,n,,,,,,,
"=""080686012405""",Whiskey,1,3999,n,n,"Basil Hayden's Whisky","750 ml",,n,2,1,0,n,,"=""100""",,,,,,n,,,,,,,
"=""080686012474""",Whiskey,1,9999,n,n,"BASIL HAYDENS SUBTLE SMOKE BBN","750 ML",,n,2,0,0,n,,"=""100""",,,,,,n,,,,,,,
"=""080686012580""","Hard Seltzer",1,2899,n,n,"ON THE ROCCKS","8 PK 12 OZ",,n,8,1,1840,n,,"=""6""",,,,,,n,,,,,,,
"=""080686012702""","Hard Seltzer",1,2399,n,n,"198 - CKTL VOD CRUSH VARIETY CAN","8 PK 12 OZ",,n,8,1,1500,n,,"=""1""",,,,,,n,,,,,,,
"=""080686012856""",Tequila,1,5999,n,n,"HORNITOS ANEJO RVS","750 ML",,n,2,1,3330,n,,"=""2""",,,,,,n,,,,,,,
"=""080686014232""",Whiskey,1,4999,n,n,"BASIL HAYDEN RYE GOLDEN 80","750 ML",,n,2,1,2999,n,,"=""2""",,,,,,n,,,,,,,
"=""080686014423""","Hard Seltzer",1,599,n,n,"196 - CKTL VOD STRAWBERRY","710 ML",,n,2,1,349,n,,"=""7""",,,,,,n,,,,,,,
"=""080686014430""","Hard Seltzer",1,599,n,n,"196 - CKTL VOD STR PINEAPPLE","710 ML",,n,2,1,349,n,,"=""3""",,,,,,n,,,,,,,
"=""080686015406""",Whiskey,1,7999,n,n,"Bakers 7Y",750ml,,n,2,1,4700,n,,"=""6""",,,,,,n,,,,,,,
"=""080686016564""",Whiskey,1,8999,n,n,"KNOB CREEK 750ML","750. ML",,n,1,1,0,n,,"=""100""",,,,,,n,,,,,,,
"=""080686016762""",Whiskey,1,3999,n,n,"KNOB GREEK 9 STRAIGHT BOURBON","750 ML",,n,1,1,0,n,,"=""100""",,,,,,n,,,,,,,
"=""080686016786""",Whiskey,1,9999,n,n,"KNOB CREEK 12 YEARS","750. ML",,n,1,0,0,n,,"=""100""",,,,,,n,,,,,,,
"=""080686016823""",Whiskey,1,4999,n,n,"KNOB CREEK SINGLE BARREL 120 PROOF","750. ML",,n,1,0,0,n,,"=""100""",,,,,,n,,,,,,,
"=""080686024019""",Whiskey,1,5999,n,n,"LEGENT BOURBON","750 ML",,n,2,1,3650,n,,"=""1""",,,,,,n,,,,,,,
"=""080686028017""",Whiskey,1,1999,n,n,"SQRRL PEANUT BUTTER WHISKEY","750 ML",,n,2,1,0,n,,"=""100""",,,,,,n,,,,,,,
"=""080686110040""","Ready-to-Drink (RTD)",1,1599,n,n,"SKINNYGIRL CKTL MARG 25.4 750ML","750 ML",,n,2,1,947,n,,"=""12""",,,,,,n,,,,,,,
"=""080686316022""",Liqueur,1,1999,n,n,"Blue curacao","750 ML",,n,2,1,0,n,,"=""100""",,,,,,n,,,,,,,
"=""080686363019""",Liqueur,1,799,n,n,"DEKUYPER TRIPLE SEC",375ML,,n,1,1,0,n,,"=""100""",,,,,,n,,,,,,,
"=""080686760405""",Tequila,1,5499,n,n,"EL TESORO BLANCO","750 ML",,n,2,1,3378,n,,"=""2""",,,,,,n,,,,,,,
"=""080686761402""",Tequila,1,7999,n,n,"Eltesoro Anejo","750 ML",,n,2,1,5251,n,,"=""2""",,,,,,n,,,,,,,
"=""080686762409""",Tequila,1,6999,n,n,"EL TESORO REPOSADO","750 ML",,n,2,1,4550,n,,"=""2""",,,,,,n,,,,,,,
"=""080686813019""","Scotch Whisky",1,6999,n,n,"Laphroaig 10 Years Age","750 ml",,n,1,1,0,n,,"=""100""",,,,,,n,,,,,,,
"=""080686813064""",Whiskey,1,6999,n,n,"LAPHROAIG SELECT 750ML","750 ML",,n,2,1,0,n,,"=""100""",,,,,,n,,,,,,,
"=""080686821601""",Whiskey,1,799,n,n,"Canadian Club Whisky","375 ml",,n,2,1,0,n,,"=""100""",,,,,,n,,,,,,,
"=""080686821700""",Whiskey,1,499,n,n,"Cannadian Club Whisky","200 ml",,n,1,1,0,n,,"=""100""",,,,,,n,,,,,,,
"=""080686831013""",Tequila,1,1699,n,n,"Sauza Tequila Gold",750ml,,n,2,1,1050,n,,"=""100""",,,,,,n,,,,,,,
"=""080686832010""",Tequila,1,1699,n,n,"Sauza silver tequila","750 ML",,n,2,1,1050,n,,"=""100""",,,,,,n,,,,,,,
"=""080686832607""",Tequila,1,1099,n,n,"Sauza Tequila Silver",375ml,,n,1,1,695,n,,"=""100""",,,,,,n,,,,,,,
"=""080686835028""",Tequila,1,2877,n,n,"Hornitos Reposado","750 ML",,n,2,1,1870,n,,"=""100""",,,,,,n,,,,,,,
"=""080686835035""",Tequila,1,1799,n,n,"HORNITOS REPOSADO",375ml,,n,1,1,954,n,,"=""100""",,,,,,n,,,,,,,
"=""080686835042""",Shots,1,599,n,n,"HORNITOS REPOSADO  50ML","50 ML",,n,1,1,4040,n,,"=""100""",,,,,,n,,,,,,,
"=""080686835059""",Tequila,1,4699,n,n,"HORNITOS REPOSADO",1.75L,,n,2,1,0,n,,"=""100""",,,,,,n,,,,,,,
"=""080686835066""",Tequila,1,1099,n,n,"HORNITOS REPOSDO",200ml,,n,1,1,636,n,,"=""100""",,,,,,n,,,,,,,
"=""080686835295""",Shots,1,599,n,n,"HORNITOS PLATA 50 ML","50 ML",,n,1,1,0,n,,"=""100""",,,,,,n,,,,,,,
"=""080686835301""",Tequila,1,999,n,n,"HORNTOS PLATA","200 ML",,n,1,1,549,n,,"=""100""",,,,,,n,,,,,,,
"=""080686835318""",Tequila,1,1699,n,n,"HORNITOS PLATA","375 ML",,n,1,1,865,n,,"=""100""",,,,,,n,,,,,,,
"=""080686835325""",Tequila,1,2699,n,n,"HORNITOS PLATA","750 ML",,n,2,1,1614,n,,"=""100""",,,,,,n,,,,,,,
"=""080686835349""",Tequila,1,3999,n,n,"HORNITOS PLATA","1.75 L",,n,2,1,0,n,,"=""100""",,,,,,n,,,,,,,
"=""080686835424""",Tequila,1,2999,n,n,"HORNITOS ANEJJO","750 ML",,n,1,1,0,n,,"=""100""",,,,,,n,,,,,,,
"=""080686897019""","Spirits - Other",1,664,n,n,"OTR COSMOPOLITAN EFFEN 40 PET 200ML",,,n,1,1,432,n,,"=""100""",,,,,,n,,,,,,,
"=""080686926511""","Vodka - Flavored",1,1599,n,n,"PINNACLE WHIPPED","750 ml",,n,1,1,0,n,,"=""100""",,,,,,n,,,,,,,
"=""080686934059""",Whiskey,1,9999,n,n,HIBIKI,,,n,2,1,0,n,,"=""100""",,,,,,n,,,,,,,
"=""080686938101""",Vodka,1,1699,n,n,"EFFEN BLK CHERRY","375 ml",,n,1,1,0,n,,"=""100""",,,,,,n,,,,,,,
"=""080686938125""","Vodka - Flavored",1,2999,n,n,"EFFEN BLACKHERRY 750","750 ml",,n,1,1,0,n,,"=""100""",,,,,,n,,,,,,,
"=""080686938248""",Vodka,1,2499,n,n,"Effen Cucumber Vodka (750 ml)","750 ml",,n,1,1,0,n,,"=""100""",,,,,,n,,,,,,,
"=""080686938613""","Vodka - Flavored",1,1699,n,n,"EFFEN CUCMBER","375 ml",,n,1,1,0,n,,"=""100""",,,,,,n,,,,,,,
"=""080686940906""",Shots,1,499,n,n,"VOX SHOT 50 ML VODKA","50 ML",,n,1,1,0,n,,"=""100""",,,,,,n,,,,,,,
"=""080686957010""",Whiskey,1,4999,n,n,"Suntory Whisky Toki (750 ml)",750ml,,n,1,1,0,n,,"=""100""",,,,,,n,,,,,,,
"=""080686958024""",Vodka,1,3499,n,n,"HAKU VODKA","750 ml",,n,2,1,0,n,,"=""6""",,,,,,n,,,,,,,
"=""080686958031""",GIN,1,3499,n,n,"ROKU GIN","750 ml",,n,2,1,2166,n,,"=""100""",,,,,,n,,,,,,,
"=""080686961048""","Spirits - Other",1,3998,n,n,"COURVOISIER COG VS 80 750ML",750ml,,n,1,1,2599,n,,"=""100""",,,,,,n,,,,,,,
"=""080686967651""",Rum,1,1999,n,n,"Cruzan Aged Rum","750 ml",,n,1,1,0,n,,"=""100""",,,,,,n,,,,,,,
"=""080720963045""","Red Wine",1,1099,n,n,"WOODWORK PINOT NOIR","750.00 ML",,n,1,1,0,n,,"=""100""",,,,,,n,,,,,,,
"=""080887493744""","Red Wine",1,1199,n,n,"BOGLE PITITE SIRAH","750.00 ML",,n,1,1,699,n,,"=""12""",,,,,,n,,,,,,,
"=""080887493782""","Red Wine",1,1199,n,n,"BOGLE MERLOT","750.00 ML",,n,1,1,0,n,,"=""100""",,,,,,n,,,,,,,
"=""080887493850""","Red Wine",1,1499,n,n,"BOGLE OLD VINE ZINFANDEL","750.00 ML",,n,1,1,0,n,,"=""100""",,,,,,n,,,,,,,
"=""080887493928""","White Wine",1,1199,n,n,"BOGLE CHARD","750.00 ML",,n,2,1,699,n,,"=""100""",,,,,,n,,,,,,,
"=""080887493942""","White Wine",1,1199,n,n,"BOGLE SAUVIGNON BLANC","750.00 ML",,n,2,1,750,n,,"=""100""",,,,,,n,,,,,,,
"=""080887493966""","Wine Cabernet Sauvignon",1,1199,n,n,"BOGLE CABERNET SAUVIGNON","750.00 ML",,n,2,1,0,n,,"=""100""",,,,,,n,,,,,,,
"=""080887496318""","Red Wine",1,1199,n,n,"BOGLE PINOT NOIR 22 750ML",750ML,,n,2,1,709,n,,"=""22""",,,,,,n,,,,,,,
"=""080887496431""","Red Wine",1,1299,n,n,"BOGLE ESSENTIAL RED BLEND 750 ml","750.00 ML",,n,1,1,0,n,,"=""99""",,,,,,n,,,,,,,
"=""080887496660""","Wine General",1,1199,n,n,"BOGLE HERITAGE RED","750 ML",,n,2,1,699,n,,"=""11""",,,,,,n,,,,,,,
"=""080887551017""","Wine Cabernet Sauvignon",1,2299,n,n,"JUGGERNAUT CABERNET SAVIGNON750 ml","750 ml",,n,2,1,1365,n,,"=""12""",,,,,,n,,,,,,,
"=""080887551048""","Wine General",1,2299,n,n,"JUGGERNAUT PINOT NOIR",,,n,1,1,0,n,,"=""100""",,,,,,n,,,,,,,
"=""080887551116""","Red Wine",1,2299,n,n,"JUGGERNAUT RED BLEND 750 ML","750 ML",,n,1,1,139,n,,"=""10""",,,,,,n,,,,,,,
"=""080893010508""",ACCESSORIES,1,499,n,n,"DUCT TAPE 10 YARDS",,,n,1,1,0,n,,"=""100""",,,,,,n,,,,,,,
"=""081006890093""",Water,1,766,n,n,"Harmles Harvet Watermelon 16 oz","16 OZ",,n,1,1,416,n,,"=""100""",,,,,,n,,,,,,,
"=""081128000646""",Whiskey,1,3999,n,n,"Woodford Reserve Whisky'","750 ml",,n,2,1,0,n,,"=""100""",,,,,,n,,,,,,,
"=""081128000981""",Whiskey,1,6999,n,n,"Old Forester 1897","750 ml",,n,2,1,4242,n,,"=""100""",,,,,,n,,,,,,,
"=""081128001094""",GIN,1,6799,n,n,"OLD FORESTER 750ML","750 ML",,n,2,1,4424,n,,"=""100""",,,,,,n,,,,,,,
"=""081128001155""",Whiskey,1,7077,n,n,"Old Forester 750ml","750 MLK",,n,2,1,4592,n,,"=""100""",,,,,,n,,,,,,,
"=""081128001209""",Whiskey,1,5999,n,n,"Woodford Reserve Double Oaked Kentucky Straight Bourbon Whiskey (750 ml)","750 ML",,n,1,1,0,n,,"=""100""",,,,,,n,,,,,,,
"=""081128001360""",Whiskey,1,4299,n,n,"WOODFORD RESERVE HOLLOWAY HOUSE","750. ML",,n,2,0,0,n,,"=""100""",,,,,,n,,,,,,,
"=""081128001506""",Whiskey,1,3499,n,n,"Woodford Reserve",750ml,,n,2,1,0,n,,"=""100""",,,,,,n,,,,,,,
"=""081128001735""",Whiskey,1,6399,n,n,"OLD FORESTER 750ML","750 ML",,n,2,1,4143,n,,"=""100""",,,,,,n,,,,,,,
"=""081128001872""",Whiskey,1,3299,n,n,"WOODFORD RESERVE DOUBLE OAKE","375 ML",,n,1,0,0,n,,"=""100""",,,,,,n,,,,,,,
"=""081128002145""",Whiskey,1,2799,n,n,"SLANE IRISH WHISKEY","750 ML",,n,2,1,0,n,,"=""100""",,,,,,n,,,,,,,
"=""081128002275""",Whiskey,1,3499,n,n,"OLD FOSTER 100PR RYE 750ML","750. ML",,n,2,1,100,n,,"=""100""",,,,,,n,,,,,,,
"=""081128002879""",Whiskey,1,15999,n,n,"WOODFROD RESERVE 119.8 PROOF","750. ML",,n,1,0,0,n,,"=""100""",,,,,,n,,,,,,,
"=""081128005085""",Whiskey,1,2999,n,n,"Old Forester Whisky 86 PROOF","750 ml",,n,2,1,0,n,,"=""100""",,,,,,n,,,,,,,
"=""081128005139""",Whiskey,1,1599,n,n,"Old Forester 86 PROOF","375 ML",,n,1,1,0,n,,"=""100""",,,,,,n,,,,,,,
"=""081128005207""",GIN,1,1999,n,n,"Fords Gin (750 ml)",750ml,,n,1,1,0,n,,"=""100""",,,,,,n,,,,,,,
"=""081128013165""",Whiskey,1,6999,n,n,"Woodford Reserved",1.75L,,n,2,1,0,n,,"=""100""",,,,,,n,,,,,,,
"=""081128023164""",Whiskey,1,1099,n,n,"CANADIAN MIST","750 ML",,n,1,1,0,n,,"=""100""",,,,,,n,,,,,,,
"=""081240044818""",Tequila,1,5799,n,n,"CASA NOBLE REPOSADO","750 ml",,n,1,1,0,n,,"=""100""",,,,,,n,,,,,,,
"=""081240049523""",Tequila,1,11999,n,n,"Clase Azul Reposado Tequila (750 ml)",,,n,1,1,0,n,,"=""100""",,,,,,n,,,,,,,
"=""081240049547""",Tequila,1,16499,n,n,"CLASE AZUL PLATA","750 ML",,n,1,1,0,n,,"=""100""",,,,,,n,,,,,,,
"=""081240050376""",Tequila,1,5099,n,n,"CASA NOBLE BLANCO","750 ml",,n,1,1,0,n,,"=""100""",,,,,,n,,,,,,,
"=""081240050499""",Tequila,1,5999,n,n,"CASA NOBLE ANEJO","750 ml",,n,1,1,0,n,,"=""100""",,,,,,n,,,,,,,
"=""081240120758""",Tequila,1,59999,n,n,"CLASE AZUL ANEJO","750 ML",,n,1,1,0,n,,"=""100""",,,,,,n,,,,,,,
"=""081240501106""",Tequila,1,39999,n,n,"Clase Azul Mezcal Durango Tequila (750 ml)","750 ML",,n,1,1,0,n,,"=""100""",,,,,,n,,,,,,,
"=""081308000435""","White Wine",1,1199,n,n,"CUPCAKE SAUVIGNON BLANC","750.00 ML",,n,2,1,699,n,,"=""100""",,,,,,n,,,,,,,
"=""081308000602""","Champagne & Sparkling",1,999,n,n,"J.P. Chenet Blanc de Blanc Brut:Chardonnay Blend","750.00 ML",,n,1,1,856,n,,"=""12""",,,,,,n,,,,,,,
"=""081308001067""","White Wine",1,1099,n,n,"CUPCAKE PINOT GRIGIO","750.00 ML",,n,2,1,699,n,,"=""100""",,,,,,n,,,,,,,
"=""081308001241""","Red Wine",1,1299,n,n,"CUPCAKE PINOT NOIR 750 ml","750.00 ML",,n,2,1,699,n,,"=""100""",,,,,,n,,,,,,,
"=""081308001326""","Champagne & Sparkling",1,1299,n,n,"CUP CAKE PRESECCO 750 ml","750.00 ML",,n,1,1,840,n,,"=""100""",,,,,,n,,,,,,,
"=""081308003009""","White Wine",1,1299,n,n,"CUPCAKE MOSCATO 750ML",EA,,n,2,1,699,n,,"=""100""",,,,,,n,,,,,,,
"=""081308003320""","White Wine",1,1799,n,n,"CHLOE CHARDONNAY","750.00 ML",,n,1,1,0,n,,"=""100""",,,,,,n,,,,,,,
"=""081308003337""","White Wine",1,1499,n,n,"CHLOE PINOT GRIGIO","750.00 ML",,n,2,1,912,n,,"=""100""",,,,,,n,,,,,,,
"=""081308003566""","Red Wine",1,1799,n,n,"CHLOE PINOT NOIR","750 ML",,n,2,1,1120,n,,"=""100""",,,,,,n,,,,,,,
"=""081308004143""","Wine Rosé",1,999,n,n,"CUPCAKE ROSE 750ML",,,n,1,1,0,n,,"=""100""",,,,,,n,,,,,,,
"=""081308004396""","Wine General",1,1253,n,n,"Cupcake Vineyards Butterkissed Chardonnay (750 Ml)",,,n,1,1,809,n,,"=""100""",,,,,,n,,,,,,,
"=""081308004426""","Wine Cabernet Sauvignon",1,1799,n,n,"IMAGERY CALIFORNIA CABERNET SAUVIGNON","750 ML",,n,1,1,1062,n,,"=""100""",,,,,,n,,,,,,,
"=""081308004532""","Wine Cabernet Sauvignon",1,1699,n,n,"CHLOE CABERNET SAUVIGNON  750 ml",,,n,1,1,1120,n,,"=""100""",,,,,,n,,,,,,,
"=""081308011011""","White Wine",1,1499,n,n,"CHLOE SAUVIGNON BLANC","750 ML",,n,2,1,912,n,,"=""100""",,,,,,n,,,,,,,
"=""081308015576""","Ready-to-Drink (RTD)",1,1099,n,n,"CUPCAK SAUV BLANC NA SC","750 MKL",,n,2,1,699,n,,"=""100""",,,,,,n,,,,,,,
"=""081308591872""","Wine General",1,1099,n,n,"Cupcake:Cabernet Sauvignon","750.00 ML",,n,2,1,699,n,,"=""100""",,,,,,n,,,,,,,
"=""081308592077""","White Wine",1,1099,n,n,"CUPCAKE CHARD","750.00 ML",,n,2,1,699,n,,"=""100""",,,,,,n,,,,,,,
"=""081434000033""","Wine General",1,2199,n,n,"BLACK BOX CABERNET SAUV P6 3L","3.00 LT",,n,1,1,1375,n,,"=""100""",,,,,,n,,,,,,,
"=""081434000040""","White Wine",1,2199,n,n,"Black Box:Chardonnay","3.00 LT",,n,5,1,1375,n,,"=""100""",,,,,,n,,,,,,,
"=""081434000224""","Wine General",1,2199,n,n,"BLACK BOX PINOT GRIGIO P6 3L","3.00 LT",,n,1,1,1375,n,,"=""100""",,,,,,n,,,,,,,
"=""081434315304""","White Wine",1,1499,n,n,"NOBILO SAUCNIGNON BLANC","750.00 ML",,n,1,1,849,n,,"=""21""",,,,,,n,,,,,,,
"=""081434500168""","Red Wine",1,999,n,n,"BLACK STONE MERLOT","750 ml",,n,1,1,0,n,,"=""100""",,,,,,n,,,,,,,
"=""081434710017""","Wine General",1,2199,n,n,"BLACK BOX PINOT NOIR P6 3L","3 L",,n,1,1,1375,n,,"=""100""",,,,,,n,,,,,,,
"=""081584002154""","White Wine",1,1699,n,n,"KENDALL JACKSON PINOT",750ml,,n,1,1,10,n,,"=""100""",,,,,,n,,,,,,,
"=""081584013105""","White Wine",1,1999,n,n,"KENDAL KACKSON VINTERS CHARDONNAY","750.00 ML",,n,1,1,1133,n,,"=""99""",,,,,,n,,,,,,,
"=""081584013174""","Wine Cabernet Sauvignon",1,2499,n,n,"KENDAL JACKSON CAB","750.00 ML",,n,1,1,0,n,,"=""100""",,,,,,n,,,,,,,
"=""081584013297""","Wine Rosé",1,1799,n,n,"KENDAL JACKSON ROSE","750 ML",,n,1,1,0,n,,"=""100""",,,,,,n,,,,,,,
"=""081584014645""","White Wine",1,1599,n,n,"KINDAL JACKSON  SAUVIGNON BLANC",,,n,1,1,0,n,,"=""100""",,,,,,n,,,,,,,
"=""081584130406""","White Wine",1,1399,n,n,"KENDALL JACKSON SAUIGNON BLANC","750.00 ML",,n,1,1,0,n,,"=""100""",,,,,,n,,,,,,,
"=""081584131519""","Red Wine",1,2299,n,n,"KENDAL JACKSON NOIR","750.00 ML",,n,1,1,0,n,,"=""100""",,,,,,n,,,,,,,
"=""081706000075""","Import Beer",1,1499,n,n,"Chimay Grande Reserve Ale Singles 25.4 FL OZ Bottle","25.40 FL OZ",,n,1,1,0,n,,"=""100""",,,,,,n,,,,,,,
"=""081706003014""","Import Beer",1,2999,n,n,"Chimay Premier Ale Bottle (25.4 oz)","12 FL OZ",,n,2,1,0,n,,"=""100""",,,,,,n,,,,,,,
"=""081753050207""","Champagne & Sparkling",1,7999,n,n,"VEUVE CLICQUOT BRUT 750ML","750.00 ML",,n,1,1,0,n,,"=""100""",,,,,,n,,,,,,,
"=""081753802479""","Champagne & Sparkling",1,8999,n,n,"VEUVE CLICQUOT ROSE 750ML","750.00 ML",,n,1,1,0,n,,"=""100""",,,,,,n,,,,,,,
"=""081753810818""",Whiskey,1,3999,n,n,"Glenmorangle 10Y","750 ML",,n,2,1,0,n,,"=""100""",,,,,,n,,,,,,,
"=""081753810849""",Whiskey,1,24999,n,n,"GLENMORANGIE 18 YEARS","750 ML",,n,2,1,0,n,,"=""100""",,,,,,n,,,,,,,
"=""081753810870""",Whiskey,1,4999,n,n,"Glenmorangie Quinta 12 YEARS",,,n,2,1,0,n,,"=""100""",,,,,,n,,,,,,,
"=""081753818029""","Champagne & Sparkling",1,7499,n,n,"MOET ICE Imperial",,,n,1,1,0,n,,"=""100""",,,,,,n,,,,,,,
"=""081753822422""","Champagne & Sparkling",1,39999,n,n,"DON PERIGNON BRUT","=""750""",,n,1,1,24900,n,,"=""100""",,,,,,n,,,,,,,
"=""081753823092""",Liqueur,1,9999,n,n,"Grand Marnier GM TITANIUM","=""750""",,n,2,1,0,n,,"=""100""",,,,,,n,,,,,,,
"=""081753825003""",Shots,1,399,n,n,"GRAND MARNIER RASPBERRY PEACH","50 ML",,n,1,1,0,n,,"=""100""",,,,,,n,,,,,,,
"=""081753825492""","Brandy & Cognac",1,3999,n,n,"Hennsy Privilege Cognac VSOP",375ml,,n,1,1,0,n,,"=""100""",,,,,,n,,,,,,,
"=""081753830106""","Champagne & Sparkling",1,31392,n,n,"La Grande Dame 2008 Brut","750 ML",,n,2,1,20400,n,,"=""100""",,,,,,n,,,,,,,
"=""081753832070""","Champagne & Sparkling",1,7999,n,n,"MOET ROSE","750 ML",,n,2,1,0,n,,"=""100""",,,,,,n,,,,,,,
"=""081753833787""","Wine Rosé",1,4199,n,n,"ROCK ANGEL",,,n,1,1,0,n,,"=""100""",,,,,,n,,,,,,,
"=""081753833909""","Wine Rosé",1,1999,n,n,"WHISPERING ANGLE ROSE 750ML","=""750""",,n,1,1,0,n,,"=""100""",,,,,,n,,,,,,,
"=""081753833916""","Wine Rosé",1,3299,n,n,WHISPERING,,,n,2,1,1500,n,,"=""100""",,,,,,n,,,,,,,
"=""081753834357""","Brandy & Cognac",1,8999,n,n,"HENNESSY V.S.O.P  PRIVILEGE","750 ML",,n,1,0,0,n,,"=""100""",,,,,,n,,,,,,,
"=""081753835057""","Brandy & Cognac",1,8499,n,n,"HENNESSY V.S.O.P","750 ML",,n,1,0,0,n,,"=""100""",,,,,,n,,,,,,,
"=""081753837822""",Vodka,1,3499,n,n,"BELVEDERE VODKA",750ml,,n,1,1,0,n,,"=""100""",,,,,,n,,,,,,,
"=""081753838034""",Vodka,1,2499,n,n,"BELVEDERE ORGANIC VODKA","375 ml",,n,1,1,1590,n,,"=""8""",,,,,,n,,,,,,,
"=""081753838041""",Shots,1,499,n,n,"BELVDR 50 ML VODKA","50 ML",,n,1,1,0,n,,"=""99""",,,,,,n,,,,,,,
"=""081753839376""","Wine Rosé",1,3499,n,n,"MINUTY PRESTIGE 750 ML",,,n,1,1,0,n,,"=""100""",,,,,,n,,,,,,,
"=""081753840822""","Champagne & Sparkling",1,8799,n,n,"Veuve Clicquot Rich 750",,,n,1,1,5635,n,,"=""100""",,,,,,n,,,,,,,
"=""081753840839""","Champagne & Sparkling",1,9499,n,n,"Veuve Clicquot Rich Rose",,,n,1,1,6085,n,,"=""100""",,,,,,n,,,,,,,
"=""081753840877""","Champagne & Sparkling",1,5499,n,n,"Moet & Chandon Pharrell Imerial Rose 750","750 ML",,n,2,1,3550,n,,"=""100""",,,,,,n,,,,,,,
"=""081753840983""","Champagne & Sparkling",1,5400,n,n,"MOET IMP NECTAR ROSE PHARRELL GB 750ML","750 ML",,n,2,1,3510,n,,"=""100""",,,,,,n,,,,,,,
"=""081753842772""","Champagne & Sparkling",1,8999,n,n,"VUVE BRUT ROSE'","750 ML",,n,1,1,5875,n,,"=""100""",,,,,,n,,,,,,,
"=""081753843243""","Ready-to-Drink (RTD)",1,1999,n,n,"HENNESSY HENNY RITA","375 ML",,n,1,1,1040,n,,"=""55""",,,,,,n,,,,,,,
"=""081753843250""","Ready-to-Drink (RTD)",1,1999,n,n,"HENNESSY HENNY BERRY 40","375 ML",,n,1,1,1040,n,,"=""15""",,,,,,n,,,,,,,
"=""081753843267""","Ready-to-Drink (RTD)",1,1999,n,n,"HENNESSY HENNY ICED TEA 36","375 ML",,n,1,1,1040,n,,"=""55""",,,,,,n,,,,,,,
"=""081761042126""","Wine General",1,2999,n,n,OJR,,,n,1,1,0,n,,"=""100""",,,,,,n,,,,,,,
"=""081932049534""",Liqueur,1,3599,n,n,DAMIANA,"750 Ml",,n,1,1,0,n,,"=""100""",,,,,,n,,,,,,,
"=""082000000068""",Vodka,1,1499,n,n,"SMIRNOFF No21","750 ml",,n,1,1,0,n,,"=""100""",,,,,,n,,,,,,,
"=""082000000082""",Vodka,1,699,n,n,"Smirnoff No21",200ml,,n,1,1,0,n,,"=""100""",,,,,,n,,,,,,,
"=""082000000105""",Vodka,1,2099,n,n,"SMIRNOFF 100 PROOF","750 ml",,n,2,1,1341,n,,"=""100""",,,,,,n,,,,,,,
"=""082000000129""",Vodka,1,799,n,n,"Smirnoff 100 proof","200 ml",,n,1,1,0,n,,"=""100""",,,,,,n,,,,,,,
"=""082000000440""",Vodka,1,309,n,n,"Popov Vodka 80 Proof Bottle (200 ml)","=""200""",,n,1,1,0,n,,"=""100""",,,,,,n,,,,,,,
"=""082000001041""",Vodka,1,1599,n,n,"Smirnoff Green Apple (750 ml)",750ml,,n,1,1,0,n,,"=""100""",,,,,,n,,,,,,,
"=""082000001164""",Shots,1,249,n,n,"SMIRNOFF WATERMELON 50 ML","50 ML",,n,1,1,0,n,,"=""100""",,,,,,n,,,,,,,
"=""082000001171""","Vodka - Flavored",1,1599,n,n,"Smirnoff Watermelon (750 ml)",750ml,,n,2,1,900,n,,"=""100""",,,,,,n,,,,,,,
"=""082000001539""",Shots,1,599,n,n,"CIROC BLUE 50 ML VODKA","50 ML",,n,1,1,0,n,,"=""100""",,,,,,n,,,,,,,
"=""082000002819""",Vodka,1,249,n,n,"SMIR PEACH 50ML","50 ML",,n,1,1,0,n,,"=""100""",,,,,,n,,,,,,,
"=""082000003083""",Shots,1,599,n,n,"CIROC PEACH  50 ml","50 ml",,n,1,1,0,n,,"=""100""",,,,,,n,,,,,,,
"=""082000003786""",Shots,1,150,n,n,"CAPTAIN MORGAN WHITE RUM","50 ML",,n,1,1,0,n,,"=""100""",,,,,,n,,,,,,,
"=""082000003908""",Vodka,1,199,n,n,"Smirnoff Orange (50 ml)",50ml,,n,1,1,0,n,,"=""100""",,,,,,n,,,,,,,
"=""082000003960""",Vodka,1,1599,n,n,"Smirnoff Twist of Raspberry Vodka (750 ml)",750ml,,n,1,1,0,n,,"=""100""",,,,,,n,,,,,,,
"=""082000004004""",Shots,1,199,n,n,"Smirnoff Raspberry",50ml,,n,1,1,0,n,,"=""100""",,,,,,n,,,,,,,
"=""082000004011""","Vodka - Flavored",1,1599,n,n,"SMIRNOFF VANILLA 750",750ml,,n,2,1,900,n,,"=""100""",,,,,,n,,,,,,,
"=""082000004721""",Shots,1,249,n,n,"Smirnoff Vodka RED 50 ML",50ml,,n,1,1,0,n,,"=""100""",,,,,,n,,,,,,,
"=""082000004882""",Rum,1,1999,n,n,"Captain morgan coconut",,,n,1,1,0,n,,"=""100""",,,,,,n,,,,,,,
"=""082000005506""",Shots,1,249,n,n,"SMIRNOFF 50 ML BLUE 100 PROOF","50 ML",,n,1,1,0,n,,"=""100""",,,,,,n,,,,,,,
"=""082000005612""",Vodka,1,1099,n,n,"Smirnoff Vodka",375ml,,n,1,1,668,n,,"=""100""",,,,,,n,,,,,,,
"=""082000005629""",Vodka,1,1299,n,n,"Smirnoff 100 proof",375ml,,n,1,1,800,n,,"=""100""",,,,,,n,,,,,,,
"=""082000006114""",Shots,1,2699,n,n,"JW BLUE LABEL 50ML","50 ML",,n,1,1,1355,n,,"=""4""",,,,,,n,,,,,,,
"=""082000006282""",Whiskey,1,1199,n,n,"Bulleit Rye WhiskeY","200 ML",,n,1,0,0,n,,"=""100""",,,,,,n,,,,,,,
"=""082000006862""",Whiskey,1,499,n,n,"Bulleit rye",,,n,1,0,0,n,,"=""100""",,,,,,n,,,,,,,
"=""082000006886""",Shots,1,499,n,n,"BULLEIT BOURBON 50 ML","50 ML",,n,1,1,295,n,,"=""100""",,,,,,n,,,,,,,
"=""082000006923""",Whiskey,1,1299,n,n,"BULLEIT BOURBON 90 PET","200 ML",,n,1,1,768,n,,"=""100""",,,,,,n,,,,,,,
"=""082000006978""",Tequila,1,11999,n,n,1942joven,,,n,1,0,0,n,,"=""100""",,,,,,n,,,,,,,
"=""082000007319""",Liqueur,1,1999,n,n,"DON JULIO 1942",,,n,1,1,0,n,,"=""100""",,,,,,n,,,,,,,
"=""082000007623""",Tequila,1,1999,n,n,"DON JULIO 1942 ANEJO WORLD CUP","50 ML",,n,1,1,780,n,,"=""118""",,,,,,n,,,,,,,
"=""082000009504""",Vodka,1,1499,n,n,"Smirnoff No21",750ml,,n,2,1,900,n,,"=""100""",,,,,,n,,,,,,,
"=""082000104889""","Malt Beverage",1,2167,n,n,"SMIRNOFF VODKA 100 12/10PK PET 50ML",,,n,1,1,1408,n,,"=""100""",,,,,,n,,,,,,,
"=""082000105701""",Vodka,1,2499,n,n,"Smirnoff No. 21 Vodka (1.75L)","1.75 L",,n,2,1,1647,n,,"=""100""",,,,,,n,,,,,,,
"=""082000105749""",Vodka,1,3199,n,n,"Smirnoff Trriple Distilled","1.75 L",,n,2,1,0,n,,"=""100""",,,,,,n,,,,,,,
"=""082000202714""",Liqueur,1,1999,n,n,"ARROW SUPER SCHNAPPS PEPPERMINTT","750 ML;",,n,1,0,0,n,,"=""100""",,,,,,n,,,,,,,
"=""082000723851""","Malt Beverage",1,1399,n,n,"Smirnoff Ice Bottles (11 oz x 6 ct)","72.00 FL OZ",,n,6,1,869,n,,"=""100""",,,,,,n,,,,,,,
"=""082000725695""","Malt Beverage",1,457,n,n,"SMIRNOFF ICE ORIGINAL B12 24OZ","24.00 FL OZ",,n,1,1,278,n,,"=""100""",,,,,,n,,,,,,,
"=""082000726371""",Vodka,1,249,n,n,"SMIRNOFF RED 80PRF 50ML SLVEE","50 ML",,n,1,1,110,n,,"=""600""",,,,,,n,,,,,,,
"=""082000726951""","Malt Beverage",1,1077,n,n,"SMIRNOFF VOD RASPB 60 12/10PK PET 50ML",,,n,1,1,700,n,,"=""100""",,,,,,n,,,,,,,
"=""082000727514""","Malt Beverage",1,1399,n,n,"SMIRNOFF ICE GREEN APPLE B24 11.2OZ","11.2 oz 6PK",,n,6,1,869,n,,"=""100""",,,,,,n,,,,,,,
"=""082000727606""",Vodka,1,2552,n,n,"Smirnoff Vodka 80 PET","1.75 L",,n,1,1,1657,n,,"=""100""",,,,,,n,,,,,,,
"=""082000729020""","Malt Beverage",1,457,n,n,"SMIRNOFF ICE GREEN APPLE B12 24OZ","24 oz",,n,1,1,278,n,,"=""100""",,,,,,n,,,,,,,
"=""082000729327""",Shots,1,249,n,n,"SMIRNOFF 50 ML STRAWBERRY","50 ML",,n,1,1,0,n,,"=""100""",,,,,,n,,,,,,,
"=""082000729341""","Vodka - Flavored",1,1599,n,n,"SMIRNOFF STRAWBERRY","750 ML",,n,2,1,900,n,,"=""100""",,,,,,n,,,,,,,
"=""082000747314""","Vodka - Flavored",1,1599,n,n,"SMIRNOFF PINAPPL 750",750ml,,n,1,1,0,n,,"=""100""",,,,,,n,,,,,,,
"=""082000750437""",Whiskey,1,2999,n,n,"Crown Black",750ml,,n,2,1,0,n,,"=""100""",,,,,,n,,,,,,,
"=""082000752967""",Whiskey,1,3499,n,n,"BULLEIT RYE","750 ML",,n,1,1,0,n,,"=""100""",,,,,,n,,,,,,,
"=""082000757481""","Malt Beverage",1,1399,n,n,"Smirnoff Ice Screwdriver 6 Pack","67.2 oz",,n,6,1,868,n,,"=""100""",,,,,,n,,,,,,,
"=""082000757900""",Rum,1,2499,n,n,"CAPTAIN MORGAN BLACK SPICED RUM","750 ml",,n,2,1,0,n,,"=""100""",,,,,,n,,,,,,,
"=""082000757924""",Rum,1,2999,n,n,"Captain Morgan Black Spiced Rum","1.75 L",,n,2,1,0,n,,"=""100""",,,,,,n,,,,,,,
"=""082000759614""",Vodka,1,1599,n,n,"Smirnoff Kissed Caramel (750 ml)","=""1""",,n,1,1,0,n,,"=""100""",,,,,,n,,,,,,,
"=""082000760832""",Whiskey,1,4799,n,n,"Bulleit Bourbon 10years",750ml,,n,1,1,0,n,,"=""100""",,,,,,n,,,,,,,
"=""082000762126""","Malt Beverage",1,457,n,n,"SMIRNOFF ICE SCREWDRIVER B12 24OZ","24 oz",,n,1,1,278,n,,"=""100""",,,,,,n,,,,,,,
"=""082000766001""","Malt Beverage",1,1399,n,n,"Smirnoff Ice Peach Bellini Bottles (11.2 oz x 6 ct)","67.2 oz",,n,6,1,869,n,,"=""100""",,,,,,n,,,,,,,
"=""082000766070""",Whiskey,1,5999,n,n,"BULLEIT 95 RYE","1.75 ml",,n,2,1,0,n,,"=""100""",,,,,,n,,,,,,,
"=""082000766087""",Whiskey,1,1899,n,n,"Bulleit Rye WhiskeY","375 ML",y,n,1,1,1120,n,,"=""100""",,,,,,n,,,,,,,
"=""082000766827""",Rum,1,1799,n,n,"Capt Morgan White Rum (750 ml)",750ml,,n,1,1,0,n,,"=""100""",,,,,,n,,,,,,,
"=""082000771562""",Whiskey,1,2999,n,n,"Crown Royal Regal Apple (750 ml)",750ml,,n,2,1,1875,n,,"=""100""",,,,,,n,,,,,,,
"=""082000773375""",Whiskey,1,2999,n,n,"Crown Rye",750ml,,n,2,1,0,n,,"=""100""",,,,,,n,,,,,,,
"=""082000776598""",Whiskey,1,2999,n,n,"Crown Royal Vanilla (750 ml)",750ml,,n,2,1,1885,n,,"=""100""",,,,,,n,,,,,,,
"=""082000776918""","Hard Seltzer",1,499,n,n,"SMIR ICE SMASH LEMON LIME 23.5OZ","7.5 oz",,n,1,1,285,n,,"=""12""",,,,,,n,,,,,,,
"=""082000776925""","Malt Beverage",1,499,n,n,"Smirnoff Ice Smash Screwdriver Malt Liquor Can (24 oz)","23.5 OZ",,n,1,1,273,n,,"=""25""",,,,,,n,,,,,,,
"=""082000782506""","Malt Beverage",1,1399,n,n,"SMIRNOFF ICE RED WHITE AND BERRY B24","6PK 11.2 oz",,n,6,1,869,n,,"=""100""",,,,,,n,,,,,,,
"=""082000782919""",Whiskey,1,2999,n,n,"Crown Royal Peach (750 ml)",750ML,,n,1,1,1885,n,,"=""100""",,,,,,n,,,,,,,
"=""082000783534""","Vodka - Flavored",1,1599,n,n,"Smirnoff Ice Spicy Tamarind Bottles (11.2 oz x 6 ct)","750 ML",,n,2,1,900,n,,"=""100""",,,,,,n,,,,,,,
"=""082000783978""",Whiskey,1,2999,n,n,"CROWN ROYAL SLTD CRML 750ML","750 ML",,n,1,1,1885,n,,"=""100""",,,,,,n,,,,,,,
"=""082000786252""","Malt Beverage",1,499,n,n,"Smirnoff Ice Smash Peach + Mango Can (23.5 oz)","23.5 OZ",,n,1,1,284,n,,"=""19""",,,,,,n,,,,,,,
"=""082000786290""",BEER,1,479,n,n,"Smash Pineapple Coconut","24 OZ",,n,2,1,0,n,,"=""9""",,,,,,n,,,,,,,
"=""082000786337""","Hard Seltzer",1,499,n,n,"SMIR ICE SMASH STRAWBERRY LEMON","23.5 oz",,n,1,1,285,n,,"=""12""",,,,,,n,,,,,,,
"=""082000789550""",Whiskey,1,2999,n,n,"CROWN ROYAL BLACKBERRY 70 750ML","750 ML",,n,2,1,1885,n,,"=""100""",,,,,,n,,,,,,,
"=""082000791652""","Malt Beverage",1,479,n,n,"SMIRNOFF ICE SMASH 23.5 OZ CANS","23.5 OZ",,n,1,1,284,n,,"=""15""",,,,,,n,,,,,,,
"=""082000795223""","Hard Seltzer",1,499,n,n,"SMIR ICE SMASH RED WHITE BLUE","23.5 oz",,n,1,1,285,n,,"=""12""",,,,,,n,,,,,,,
"=""082000795674""",Rum,1,2999,n,n,"CAPTAIN MORGAN","1.75 ML",,n,2,0,0,n,,"=""100""",,,,,,n,,,,,,,
"=""082000796213""",Spiked,1,1399,n,n,"Crown Royal Peach Tea Canadian Whisky Cocktail Cans (12 oz x 4 ct)",4pk,,n,1,1,0,n,,"=""100""",,,,,,n,,,,,,,
"=""082000796220""","Ready-to-Drink (RTD)",1,399,n,n,"CROWN ROYAL APPLE","335 ml",,n,1,1,0,n,,"=""100""",,,,,,n,,,,,,,
"=""082000796237""","Ready-to-Drink (RTD)",1,1399,n,n,"Crown Royal Washington Apple Canadian Whisky Cocktail Cans (12 oz x 4 ct)",4pk,,n,4,1,860,n,,"=""100""",,,,,,n,,,,,,,
"=""082000796244""","Ready-to-Drink (RTD)",1,399,n,n,"CROWN ROYAL WHISKY AND COLA","335 ml",,n,1,1,0,n,,"=""100""",,,,,,n,,,,,,,
"=""082000796251""","Ready-to-Drink (RTD)",1,1399,n,n,"CROWN ROYAL CKTL WSKY-COLA14CAN4P 355ML",4pk,,n,4,1,845,n,,"=""100""",,,,,,n,,,,,,,
"=""082000797203""","Vodka - Flavored",1,1599,n,n,"SMIRNOFF PINK LEMONADE","750 ml",,n,1,1,0,n,,"=""100""",,,,,,n,,,,,,,
"=""082000798330""","Ready-to-Drink (RTD)",1,1699,n,n,"BULLEIT OLD FASHIONED COCKTAIL","375 ml",,n,1,1,974,n,,"=""99""",,,,,,n,,,,,,,
"=""082000798347""","Ready-to-Drink (RTD)",1,1699,n,n,"BULLEIT MANHATTAN COCKTAIL","375 ml",,n,1,1,0,n,,"=""100""",,,,,,n,,,,,,,
"=""082000798637""","Ready-to-Drink (RTD)",1,399,n,n,"CROWN ROYAL WHISKY LEMONADE","335 ml",,n,1,1,0,n,,"=""100""",,,,,,n,,,,,,,
"=""082000798651""","Ready-to-Drink (RTD)",1,1399,n,n,"Crown Royal Whisky RTD Cocktail Lemonade Cans (12 oz x 4 ct)",4PK,,n,4,1,845,n,,"=""100""",,,,,,n,,,,,,,
"=""082000798965""","Malt Beverage",1,449,n,n,"SMIR ICE SMASH PINK LEMONADE C12 23.","23.5  OZ",,n,1,1,273,n,,"=""100""",,,,,,n,,,,,,,
"=""082000800392""","Ready-to-Drink (RTD)",1,399,n,n,"VITA COCO STRAWBERRY DAIQUIRI",355ml,,n,1,1,0,n,,"=""100""",,,,,,n,,,,,,,
"=""082000800408""","Ready-to-Drink (RTD)",1,399,n,n,"VITA COCO LIME MOJITO",355ml,,n,1,1,0,n,,"=""100""",,,,,,n,,,,,,,
"=""082000800934""","Malt Beverage",1,457,n,n,"Smironoff Ice pink lemonade","24 oz",,n,1,1,0,n,,"=""100""",,,,,,n,,,,,,,
"=""082000800941""","Malt Beverage",1,427,n,n,"SMIRNOFF ICE PINK LEMONADE B12 24OZ","24 OZ",,n,2,1,278,n,,"=""12""",,,,,,n,,,,,,,
"=""082000802181""","Vodka - Flavored",1,1599,n,n,"SMIRONOFF BLUE RASPBERRY LEMONADE","750 ml",,n,2,1,900,n,,"=""100""",,,,,,n,,,,,,,
"=""082000807964""","Spirits - Other",1,1599,n,n,"CROWN ROYAL CKTL SOUR BLK CHERRY46 375ML",,,n,1,1,979,n,,"=""100""",,,,,,n,,,,,,,
"=""082000809043""","Ready-to-Drink (RTD)",1,1699,n,n,"BULLEIT WHISKEY SOUR COCKTAIL","375 ml",,n,1,1,979,n,,"=""100""",,,,,,n,,,,,,,
"=""082000809111""","Ready-to-Drink (RTD)",1,1399,n,n,"SMIRNOFF ICE ORANGE CREAM POP","6 PCK",,n,6,1,868,n,,"=""100""",,,,,,n,,,,,,,
"=""082000809791""",Whiskey,1,5299,n,n,"CROWN ROYAL","750 ML",,n,2,1,3400,n,,"=""12""",,,,,,n,,,,,,,
"=""082000809838""","Ready-to-Drink (RTD)",1,1599,n,n,"KETEL ONE  LEMON DROP MARTINI","375 ml",,n,1,1,974,n,,"=""100""",,,,,,n,,,,,,,
"=""082000811053""",Whiskey,1,2999,n,n,"CROWN ROYAL CHOCOLATE","750 ML",,n,2,1,1885,n,,"=""100""",,,,,,n,,,,,,,
"=""082000811374""",Tequila,1,2254,n,n,"CASAMIGOS MARG(SL/CL/GH/PFPP)CN3/8 200ML",,,n,1,1,1465,n,,"=""100""",,,,,,n,,,,,,,
"=""082000811381""","Ready-to-Drink (RTD)",1,399,n,n,"CASAMIGO MARGARITA PASSION FRUIT",,,n,1,1,180,n,,"=""100""",,,,,,n,,,,,,,
"=""082000811398""","Ready-to-Drink (RTD)",1,399,n,n,"CASAMIGO MARGARITA GUAVA",,,n,1,1,180,n,,"=""100""",,,,,,n,,,,,,,
"=""082000811404""","Ready-to-Drink (RTD)",1,399,n,n,"CASAMIGO MARGARITA STRAWBERRY",,,n,1,1,180,n,,"=""100""",,,,,,n,,,,,,,
"=""082000811411""","Ready-to-Drink (RTD)",1,399,n,n,"CASAMIGO MARGARITA",,,n,1,1,192,n,,"=""100""",,,,,,n,,,,,,,
"=""082000811435""","Vodka - Flavored",1,1599,n,n,"SMIRNOFF ELECTRIC GUAVA","750 ml",,n,1,1,0,n,,"=""100""",,,,,,n,,,,,,,
"=""082000812098""","Ready-to-Drink (RTD)",1,1699,n,n,"CASAMIGO MARG CL LIME","375 ML",,n,1,1,979,n,,"=""99""",,,,,,n,,,,,,,
"=""082000812104""","Ready-to-Drink (RTD)",1,1699,n,n,"CASAMIGO MARG SPICY","375 ML",,n,1,1,979,n,,"=""100""",,,,,,n,,,,,,,
"=""082100738397""","Wine General",1,2199,n,n,"BLACK BOX SAUV 3 LT","3 L",,n,5,1,1375,n,,"=""100""",,,,,,n,,,,,,,
"=""082148099924""","Wine General",1,4299,n,n,"Cuavision:Pinot Noir","750.00 ML",,n,2,1,2800,n,,"=""100""",,,,,,n,,,,,,,
"=""082184000052""",Shots,1,299,n,n,"JACK DANIEL 50 ML","50 ML",,n,1,1,0,n,,"=""99""",,,,,,n,,,,,,,
"=""082184000335""",Whiskey,1,2499,n,n,"Jack Daniels Tennessee Honey (750 ml)",750ml,,n,2,1,0,n,,"=""100""",,,,,,n,,,,,,,
"=""082184000342""",Whiskey,1,1399,n,n,"Jack Daniels Tennessee Honey (375 ml)","375 ml",,n,1,1,0,n,,"=""100""",,,,,,n,,,,,,,
"=""082184000359""",Shots,1,299,n,n,"JACK DANIELS HONEY 50ML","50 ml",,n,1,1,0,n,,"=""100""",,,,,,n,,,,,,,
"=""082184000618""",Whiskey,1,4599,n,n,"Jack Daniel's Honey","1.75 L",,n,2,1,0,n,,"=""100""",,,,,,n,,,,,,,
"=""082184000625""",Whiskey,1,899,n,n,"Jack Daniel's Tennesse Honey",200ml,,n,1,1,0,n,,"=""100""",,,,,,n,,,,,,,
"=""082184001172""",Whiskey,1,2645,n,n,"Jack Daniels Flavors Tennessee Fire","750 ML",,n,2,1,1713,n,,"=""100""",,,,,,n,,,,,,,
"=""082184001554""",Whiskey,1,899,n,n,"Jack Daniel's Fire","200 ml",,n,1,1,0,n,,"=""100""",,,,,,n,,,,,,,
"=""082184003459""",Whiskey,1,1599,n,n,"Jack Daniels RYE","750 ml",,n,2,1,0,n,,"=""100""",,,,,,n,,,,,,,
"=""082184004333""",BEER,1,406,y,n,"JACK DANIELS SOUTHERN PEACH",,,n,1,1,0,n,,"=""100""",,,,,,n,,,,,,,
"=""082184004395""",Whiskey,1,299,n,n,"JACK DANIELS APPLE 50ML","50 ml",,n,1,1,0,n,,"=""100""",,,,,,n,,,,,,,
"=""082184004777""","Ready-to-Drink (RTD)",1,399,n,n,"Jack Daniel Honey & Lemoade 355ml","335 ml",,n,1,1,0,n,,"=""100""",,,,,,n,,,,,,,
"=""082184006870""","Ready-to-Drink (RTD)",1,399,n,n,"JACK DANIELS COCA COLA","335 ml",,n,1,1,0,n,,"=""100""",,,,,,n,,,,,,,
"=""082184006887""","Ready-to-Drink (RTD)",1,499,n,n,"jack daniels coco","12 oz",,n,1,0,0,n,,"=""100""",,,,,,n,,,,,,,
"=""082184007211""","Ready-to-Drink (RTD)",1,399,n,n,"JACK DANIELS GINGERALE","335 ml",,n,1,1,0,n,,"=""100""",,,,,,n,,,,,,,
"=""082184008300""","Ready-to-Drink (RTD)",1,399,n,n,"Jack daniels vanilla",,,n,1,0,0,n,,"=""100""",,,,,,n,,,,,,,
"=""082184008737""",Whiskey,1,2668,n,n,"Jack Daniels Flavors Tennessee Blackberry","750 ML",,n,2,1,1734,n,,"=""100""",,,,,,n,,,,,,,
"=""082184008768""",Shots,1,299,n,n,"JACK DANIEL BLACKBERRY 50 ML","50 ML",,n,1,0,0,n,,"=""100""",,,,,,n,,,,,,,
"=""082184009093""","Ready-to-Drink (RTD)",1,499,n,n,"JACK DANIELS COCA","16 OZ",,n,1,1,286,n,,"=""100""",,,,,,n,,,,,,,
"=""082184009147""","Ready-to-Drink (RTD)",1,499,n,n,"JACK DAN RTD ZERO SUGAR",,,n,1,1,284,n,,"=""100""",,,,,,n,,,,,,,
"=""082184009161""","Ready-to-Drink (RTD)",1,1699,n,n,"jack daniel 6 pk",,,n,6,0,0,n,,"=""100""",,,,,,n,,,,,,,
"=""082184038710""",Whiskey,1,1999,n,n,"GENTLEMAN JACK","375 ML",,n,1,1,0,n,,"=""100""",,,,,,n,,,,,,,
"=""082184038727""",Whiskey,1,3299,n,n,"Gentleman Jack","750 ml",,n,2,1,0,n,,"=""100""",,,,,,n,,,,,,,
"=""082184038741""",Whiskey,1,5999,n,n,"Gentleman Jack",1.75L,,n,2,1,0,n,,"=""100""",,,,,,n,,,,,,,
"=""082184081839""",Shots,1,599,n,n,"JACK DANIELS","100 ML",,n,1,1,319,n,,"=""100""",,,,,,n,,,,,,,
"=""082184083598""",Whiskey,1,8999,n,n,"JACK DANIELS","3 L",,n,2,1,5709,n,,"=""100""",,,,,,n,,,,,,,
"=""082184087008""",Whiskey,1,5499,n,n,"Jack Daniels SINGLE BARREL SELECT",750ml,,n,2,1,0,n,,"=""100""",,,,,,n,,,,,,,
"=""082184090428""",Whiskey,1,4599,n,n,"Jack Daniel's Old No. 7 Tennessee Whiskey Black Label (1.75L)","1.75 L",,n,1,1,0,n,,"=""100""",,,,,,n,,,,,,,
"=""082184090466""",Whiskey,1,1999,n,n,"Jack Daniels","750 ML",,n,2,1,1734,n,,"=""100""",,,,,,n,,,,,,,
"=""082184090503""",Whiskey,1,1399,n,n,"Jack Daniel's Tennesse Whiskey",375ml,,n,1,1,0,n,,"=""100""",,,,,,n,,,,,,,
"=""082184090510""",Whiskey,1,1399,n,n,"JACK DANIELS","375 ML",,n,1,1,880,n,,"=""100""",,,,,,n,,,,,,,
"=""082184090527""",Whiskey,1,899,n,n,"Jack Daniel's Tennesse Whiskey",200ml,,n,1,1,0,n,,"=""99""",,,,,,n,,,,,,,
"=""082184090541""","Spirits - Other",1,299,n,n,"JACK DANIELS  P120 50ML 10P",,,n,1,1,1100,n,,"=""100""",,,,,,n,,,,,,,
"=""082184138700""",Shots,1,499,n,n,"GENTELMAN JD 50 ML",,,n,1,1,0,n,,"=""100""",,,,,,n,,,,,,,
"=""082184202777""",Liqueur,1,2199,n,n,"Jack Daniels Tennessee Fire (750 ml)",,,n,1,1,0,n,,"=""100""",,,,,,n,,,,,,,
"=""082184202784""",Whiskey,1,1299,n,n,"JACK DANIELS  B60 50ML 5P",,,n,5,1,754,n,,"=""100""",,,,,,n,,,,,,,
"=""082184204771""","Ready-to-Drink (RTD)",1,1599,n,n,"JACK DANIELS HONEY LEMONADE 4 PACK","4 PACK",,n,4,1,884,n,,"=""100""",,,,,,n,,,,,,,
"=""082184206874""","Spirits - Other",1,1599,n,n,"JACK DANIELS AND COKE 4 PACK","4 PK",,n,4,1,884,n,,"=""100""",,,,,,n,,,,,,,
"=""082184206881""","Ready-to-Drink (RTD)",1,1599,n,n,"JACK DANIELS AND COKE ZERO SUGAR 4 PACK","4 PK",,n,4,1,884,n,,"=""100""",,,,,,n,,,,,,,
"=""082184207215""","Ready-to-Drink (RTD)",1,1599,n,n,"JACK DANIELS AND GINGER ALE 4 PACK","4 PK",,n,4,1,884,n,,"=""100""",,,,,,n,,,,,,,
"=""082184207512""","Spirits - Other",1,1692,n,n,"JACK DANIELS FLAVORS TENNESSEE HONEY",,,n,1,1,1100,n,,"=""100""",,,,,,n,,,,,,,
"=""082184207536""","Spirits - Other",1,1692,n,n,"JACK DANIELS FLAVORS TENNESSEE APPLE",,,n,1,1,1100,n,,"=""100""",,,,,,n,,,,,,,
"=""082184208267""","Ready-to-Drink (RTD)",1,2299,n,n,"JACK DANIELS AND COKE VARIETY PACK","6 PK",,n,6,1,1289,n,,"=""100""",,,,,,n,,,,,,,
"=""082184208786""","Ready-to-Drink (RTD)",1,1599,n,n,"JACK DANIELS RTD COKE VANILA",,,n,4,1,859,n,,"=""100""",,,,,,n,,,,,,,
"=""082184226018""","Malt Beverage",1,899,n,n,"Jack Daniel's Downhome Punch","6 Pack 10 oz",,n,6,1,0,n,,"=""100""",,,,,,n,,,,,,,
"=""082184787182""",Whiskey,1,699,n,n,"Jack Daniels Single Barrel","50 ML",,n,1,1,0,n,,"=""100""",,,,,,n,,,,,,,
"=""082242010412""","Wine Small Sizes",1,699,n,n,"Bota Box:Cabernet Sauvignon","500.00 ML",,n,5,1,360,n,,"=""100""",,,,,,n,,,,,,,
"=""082242010450""","Wine General",1,2299,n,n,"Bota Box Cabernet (3 L)","3.00 LT",,n,5,1,1475,n,,"=""100""",,,,,,n,,,,,,,
"=""082242011051""","Wine General",1,2299,n,n,"Bota Box:Chardonnay","3.00 LT",,n,5,1,1475,n,,"=""100""",,,,,,n,,,,,,,
"=""082242012362""","Wine General",1,2299,n,n,"bota box pino noir","750 ML",,n,5,1,1475,n,,"=""100""",,,,,,n,,,,,,,
"=""082242014311""","Wine General",1,599,n,n,"Bota mini sau blanc","500 ML",,n,5,1,366,n,,"=""100""",,,,,,n,,,,,,,
"=""082242016766""","Wine General",1,599,n,n,"NIGHTHAWK LUSH PINOT NOIR","500 ML",,n,5,1,0,n,,"=""100""",,,,,,n,,,,,,,
"=""082242017060""","Ready-to-Drink (RTD)",1,999,n,n,"BOTA RITA MARGARITA","1.5 LITER",,n,5,1,0,n,,"=""100""",,,,,,n,,,,,,,
"=""082242017770""","Wine Small Sizes",1,799,n,n,"COPPOLA PROSECCO","187 ML",,n,1,1,450,n,,"=""100""",,,,,,n,,,,,,,
"=""082242018685""","Wine General",1,2099,n,n,"BOTA BOX BRIGHTSIDE SAUVINGON BLANC","3 LITER",,n,5,1,1350,n,,"=""100""",,,,,,n,,,,,,,
"=""082242018692""","Wine General",1,499,n,n,"BOTA BOX BRIGHTSIDE SAUVIGNON BLANC","500 ML",,n,5,1,300,n,,"=""100""",,,,,,n,,,,,,,
"=""082242290432""","Wine General",1,1099,n,n,"Gnarly Head Cabernet (750 ml)","750.00 ML",,n,1,1,0,n,,"=""100""",,,,,,n,,,,,,,
"=""082242294935""","Wine General",1,1099,n,n,"Gnarly Head Old Vine Zin (750 ml)","750.00 ML",,n,1,1,0,n,,"=""100""",,,,,,n,,,,,,,
"=""082242544030""","Red Wine",1,1399,n,n,"Noble vines 667 PINOT NOIR 750 ml","750.00 ML",,n,1,1,0,n,,"=""100""",,,,,,n,,,,,,,
"=""082301751515""",Rum,1,2999,n,n,"Don Q 151","750 ml",,n,1,1,0,n,,"=""100""",,,,,,n,,,,,,,
"=""082422470852""",Tequila,1,3999,n,n,"TRES GENERACIONES REPOSADO","750 ML",,n,1,1,0,n,,"=""100""",,,,,,n,,,,,,,
"=""082488123006""","Import Beer",1,1599,n,n,"Beck's Bottles (12 oz x 6 ct)","144.00 FL OZ",,n,6,1,0,n,,"=""100""",,,,,,n,,,,,,,
"=""082488123457""","Import Beer",1,1100,n,n,"BECKS PILSNER 24/12 LN NR 4/6","72.00 FL OZ",,n,1,1,715,n,,"=""100""",,,,,,n,,,,,,,
"=""082488127004""","Import Beer",1,1099,n,n,"Beck's NA Bottles (12 oz x 6 ct)","72.00 FL OZ",,n,6,1,698,n,,"=""100""",,,,,,n,,,,,,,
"=""082544009046""","Red Wine",1,1399,n,n,"OZV LODI","750.00 ML",,n,1,1,0,n,,"=""100""",,,,,,n,,,,,,,
"=""082544990832""","Red Wine",1,1399,n,n,"OLD SOUL","750 ml",,n,1,1,0,n,,"=""100""",,,,,,n,,,,,,,
"=""082544991266""","Red Wine",1,1499,n,n,"OZV RED BLEND 750ML","750 ml",,n,1,1,0,n,,"=""100""",,,,,,n,,,,,,,
"=""082592194152""",Juice,1,594,n,n,"NAKED STRAWBERRY BANANA 15.2OZ","15.20 OZ",,n,1,1,308,n,,"=""100""",,,,,,n,,,,,,,
"=""082592660152""",Juice,1,594,n,n,"NAKED JUICE  MANGO 15.2OZ","15.20 FL OZ",,n,1,1,308,n,,"=""100""",,,,,,n,,,,,,,
"=""082592720153""",Juice,1,594,n,n,"NAKED GREEN MACHINE 15.2","15.20 FL OZ",,n,1,1,307,n,,"=""100""",,,,,,n,,,,,,,
"=""082592726155""","Drinks & Mixers",1,594,n,n,"Naked Juice Red Machine Bottle (15.2 oz)","15.20 FL OZ",,n,1,1,0,n,,"=""100""",,,,,,n,,,,,,,
"=""082869000124""",Rum,1,5999,n,n,"RON DE BARRILITO 750ML","750 ML",,n,2,1,2459,n,,"=""100""",,,,,,n,,,,,,,
"=""082869000223""",Rum,1,6999,n,n,"RON DEL BARRILITO THREE STAR","750 ML",,n,2,1,2809,n,,"=""100""",,,,,,n,,,,,,,
"=""082896000043""","Wine General",1,2499,n,n,"BONTERRA P/NOIR 750ML","750 ML",,n,2,1,0,n,,"=""100""",,,,,,n,,,,,,,
"=""082896780129""","Red Wine",1,1599,n,n,"BONTERRA ZINFANDEL 750 ML","750.00 ML",,n,1,1,0,n,,"=""3""",,,,,,n,,,,,,,
"=""082896780402""","Wine Cabernet Sauvignon",1,1599,n,n,"BONTERRA CABERNET SAUVIGNON  750 ml","750.00 ML",,n,1,1,0,n,,"=""100""",,,,,,n,,,,,,,
"=""082915001075""","Wine Cabernet Sauvignon",1,2299,n,n,"FIRESTONE CABERNET SAUVIGNON","750.00 ML",,n,2,1,979,n,,"=""100""",,,,,,n,,,,,,,
"=""083078010188""",ACCESSORIES,1,399,n,n,"CARMEX STRAWBERY",,,n,1,1,180,n,,"=""100""",,,,,,n,,,,,,,
"=""083078018238""","Health & Wellness",1,599,n,n,"CARMEZ CLASSIC LIP BALM","2 STICKS",,n,1,1,299,n,,"=""100""",,,,,,n,,,,,,,
"=""083078113148""",ACCESSORIES,1,399,n,n,"CARMEX CLASSIC","2 oz",,n,1,1,180,n,,"=""100""",,,,,,n,,,,,,,
"=""083085300265""","Wine General",1,1599,n,n,"Estancia Cabernet (750 ml)","750.00 ML",,n,1,1,0,n,,"=""100""",,,,,,n,,,,,,,
"=""083085300586""","Wine General",1,1299,n,n,"Estancia Chardonnay (750 ml)","750.00 ML",,n,1,1,0,n,,"=""100""",,,,,,n,,,,,,,
"=""083085420000""","Wine General",1,923,n,n,"RUFFINO PROSECCO 375ML",,,n,1,1,600,n,,"=""100""",,,,,,n,,,,,,,
"=""083085420130""","Champagne & Sparkling",1,1699,n,n,"RUFFINO ROSE 750 ml","=""750""",,n,1,1,1055,n,,"=""100""",,,,,,n,,,,,,,
"=""083085420239""","Wine Small Sizes",1,599,n,n,"RUFFINO PROSECCO(SC)24 LSE 187ML",,,n,1,1,390,n,,"=""100""",,,,,,n,,,,,,,
"=""083085903022""","Red Wine",1,1499,n,n,"RUFFINO CHIANTI 750 ml","750.00 ML",,n,1,1,955,n,,"=""100""",,,,,,n,,,,,,,
"=""083085903053""","Red Wine",1,3299,n,n,"RUFFINO MODUS Toscana Italian wine 750 ml",,,n,1,1,0,n,,"=""7""",,,,,,n,,,,,,,
"=""083085903084""","Red Wine",1,2999,n,n,"RUFFINO RISERVA ITALIAN WINE 750 ml",750ml,,n,1,1,0,n,,"=""4""",,,,,,n,,,,,,,
"=""083085903213""","White Wine",1,1299,n,n,"RUFFINO  LUMINA PINOT GRIGIO","750.00 ML",,n,1,1,0,n,,"=""100""",,,,,,n,,,,,,,
"=""083085903220""","Wine General",1,4754,n,n,"RUFFINO RSV DUCALE GOLD GS 20 WD 750ML","750.00 ML",,n,1,1,3090,n,,"=""5""",,,,,,n,,,,,,,
"=""083085904081""","Champagne & Sparkling",1,1799,n,n,"RUFFINO PROSECCO 750 ml","750.00 ML",,n,1,1,1030,n,,"=""100""",,,,,,n,,,,,,,
"=""083089003971""",Tequila,1,2299,n,n,"TEQUILA CORAZON DE AGAVE BLANCO","750 ml",,n,1,1,0,n,,"=""100""",,,,,,n,,,,,,,
"=""083089004015""",Tequila,1,4999,n,n,"Corazon Reposado","750 ML",,n,1,1,1946,n,,"=""100""",,,,,,n,,,,,,,
"=""083089004046""",Tequila,1,5499,n,n,"CORAZON ANEJO","750 ML",,n,1,1,2312,n,,"=""100""",,,,,,n,,,,,,,
"=""083089410359""","Spirits - Other",1,4726,n,n,"MONKEY 47 GIN 94 375ML",,,n,1,1,3072,n,,"=""100""",,,,,,n,,,,,,,
"=""083089500005""",Rum,1,3299,n,n,"BARENJAGER HONEY LIQUEUR","750 ML",,n,2,1,0,n,,"=""100""",,,,,,n,,,,,,,
"=""083089524001""",Liqueur,1,2699,n,n,"Jagermeister (750 ml)",750ml,,n,2,1,1659,n,,"=""100""",,,,,,n,,,,,,,
"=""083089660105""",Shots,1,399,n,n,JAGERMEISTER,"50 ML",,n,1,1,0,n,,"=""100""",,,,,,n,,,,,,,
"=""083089660112""","Spirits - Other",1,6369,n,n,"JAGERMEISTER LIQ 70 5/24B 50ML",,,n,1,1,4140,n,,"=""100""",,,,,,n,,,,,,,
"=""083089660150""",Liqueur,1,3499,n,n,Jagermeister,1L,,n,2,1,0,n,,"=""100""",,,,,,n,,,,,,,
"=""083089660174""",Liqueur,1,4999,n,n,"Jagermeilter Auszug Liqueur",1.75L,,n,2,1,0,n,,"=""100""",,,,,,n,,,,,,,
"=""083089660303""",Shots,1,599,n,n,JAGERMEISTER,"100 ML",,n,1,1,0,n,,"=""100""",,,,,,n,,,,,,,
"=""083089660334""","Spirits - Other",1,6631,n,n,"JAGERMEISTER LIQ 70 4/12B 100ML",,,n,1,1,4310,n,,"=""100""",,,,,,n,,,,,,,
"=""083089660358""",Liqueur,1,1499,n,n,"Jagermeister (375 ml)",375ml,,n,1,1,894,n,,"=""100""",,,,,,n,,,,,,,
"=""083089660402""",Liqueur,1,799,n,n,"Jagermeister (200 ml)","200 ml",,n,1,0,0,n,,"=""100""",,,,,,n,,,,,,,
"=""083089710008""",Tequila,1,4999,n,n,CORAZON,"750 ML",,n,1,1,0,n,,"=""100""",,,,,,n,,,,,,,
"=""083120011309""","Wine Cabernet Sauvignon",1,799,n,n,"101 NORTH CABERNET",,,n,1,1,0,n,,"=""100""",,,,,,n,,,,,,,
"=""083120015048""","White Wine",1,1599,n,n,"KUNGFU GIRL Riesling",750ml,,n,1,1,0,n,,"=""100""",,,,,,n,,,,,,,
"=""083120015413""","Wine General",1,2199,n,n,"SUMMIT CABERNET SAUVIGNON",,,n,1,0,0,n,,"=""100""",,,,,,n,,,,,,,
"=""083300034531""",Liqueur,1,2499,n,n,"Chambord Black Berry Liqueur",750ml,,n,2,1,0,n,,"=""100""",,,,,,n,,,,,,,
"=""083300034739""",Liqueur,1,499,n,n,"CHAMBORD 50ML","50 ml",,n,1,1,294,n,,"=""12""",,,,,,n,,,,,,,
"=""083300048729""",Liqueur,1,2645,n,n,Amarula,"750 ml",,n,1,1,1710,n,,"=""100""",,,,,,n,,,,,,,
"=""083664107315""",GIN,1,4699,n,n,"HENDRICKS GRAND  CABERET","750 ML",,n,2,0,0,n,,"=""100""",,,,,,n,,,,,,,
"=""083664107360""","Spirits - Other",1,5999,n,n,"GLENFIDDICH 12 YEAR B12 750ML",750ml,,n,1,1,3789,n,,"=""100""",,,,,,n,,,,,,,
"=""083664112210""",Whiskey,1,7999,n,n,"The Balvenie DoubleWood 12 Years",750ml,,n,2,1,0,n,,"=""100""",,,,,,n,,,,,,,
"=""083664864461""",Rum,1,2599,n,n,"Sailor Jerry spiced Rum",750ml,,n,1,1,0,n,,"=""100""",,,,,,n,,,,,,,
"=""083664866281""","Ready-to-Drink (RTD)",1,2699,n,n,"LILLET BLANC","750 ML",,n,2,1,0,n,,"=""100""",,,,,,n,,,,,,,
"=""083664866328""",GIN,1,699,n,n,"HENDRICKS GIN 50ML","50 ml",,n,1,1,452,n,,"=""12""",,,,,,n,,,,,,,
"=""083664868735""",Rum,1,2999,n,n,"Sailor Jerry Spiced Rum",1.75L,,n,2,1,0,n,,"=""100""",,,,,,n,,,,,,,
"=""083664868780""",GIN,1,5999,n,n,"Hendricks Gin","1 LITER",,n,1,1,0,n,,"=""100""",,,,,,n,,,,,,,
"=""083664868919""",Tequila,1,2999,n,n,"MILAGRO TEQUILA SILV","750 ml",,n,1,1,0,n,,"=""98""",,,,,,n,,,,,,,
"=""083664868940""",Tequila,1,3499,n,n,"MILAGRO REPOSADO","750 ML",,n,1,1,0,n,,"=""100""",,,,,,n,,,,,,,
"=""083664868971""",Tequila,1,4299,n,n,"MILAGRO ANEJO",750ml,,n,1,1,0,n,,"=""100""",,,,,,n,,,,,,,
"=""083664868995""",Tequila,1,6999,n,n,"Leyenda del Milagro Tequila","750 ML",,n,2,1,2000,n,,"=""100""",,,,,,n,,,,,,,
"=""083664869619""",Shots,1,299,n,n,"SAILOR JERRY","50 ML",,n,1,1,0,n,,"=""100""",,,,,,n,,,,,,,
"=""083664869640""",Tequila,1,5999,n,n,"MILLAGRO SILVER SELECT BARREL RESERVE","750 ML",,n,1,1,0,n,,"=""100""",,,,,,n,,,,,,,
"=""083664871209""","Vodka - Flavored",1,1799,n,n,"STOLI WITH POMEGRANIT",750ml,,n,1,1,0,n,,"=""100""",,,,,,n,,,,,,,
"=""083664871469""","Vodka - Flavored",1,1799,n,n,"STOLI WITED CHERRI","750 ml",,n,1,1,0,n,,"=""100""",,,,,,n,,,,,,,
"=""083664871681""",Whiskey,1,11099,n,n,"THE BALVENIE Aged 14 Years","750 ml",,n,2,1,0,n,,"=""100""",,,,,,n,,,,,,,
"=""083664872466""",Whiskey,1,3063,n,n,"Tullamore Dew the Legendary Irish Whiskey (750 Ml)","750 ML",,n,2,1,1993,n,,"=""100""",,,,,,n,,,,,,,
"=""083664872497""",Whiskey,1,4999,n,n,"TRULLAMORE D.E.W.","1.75 ML",,n,2,1,0,n,,"=""100""",,,,,,n,,,,,,,
"=""083664872541""","Scotch Whisky",1,3999,n,n,"MONKEY SHOULDER BATCH",750ML,,n,1,1,0,n,,"=""100""",,,,,,n,,,,,,,
"=""083664872565""",Whiskey,1,24999,n,n,"Glenfiddich 21 Years Old","750 ml",,n,2,1,0,n,,"=""100""",,,,,,n,,,,,,,
"=""083664872589""","Ready-to-Drink (RTD)",1,2699,n,n,"LILLET APERITIF ROSE","750 ML",,n,2,1,0,n,,"=""100""",,,,,,n,,,,,,,
"=""083664872718""","Vodka - Flavored",1,1799,n,n,"STOLI SALTED KARAMEL","750 ML",,n,1,1,0,n,,"=""100""",,,,,,n,,,,,,,
"=""083664873449""",GIN,1,2499,n,n,"Hendrick's Gin","375 ML",,n,1,1,1575,n,,"=""10""",,,,,,n,,,,,,,
"=""083664874224""",Whiskey,1,6999,n,n,"MONKEY SHOULDER",1.75L,,n,2,1,0,n,,"=""100""",,,,,,n,,,,,,,
"=""083664874743""",Rum,1,699,n,n,"SAILOR JERRY SPICED RUM","200 ML",,n,1,0,0,n,,"=""100""",,,,,,n,,,,,,,
"=""083664874750""",Rum,1,1299,n,n,"SAILOR JERRY SPICED RUM","375 ML",,n,1,0,0,n,,"=""100""",,,,,,n,,,,,,,
"=""083664875412""","Spirits - Other",1,8091,n,n,"GLENFIDDICH 16 YEAR ASTON MARTIN B12",,,n,1,1,5259,n,,"=""100""",,,,,,n,,,,,,,
"=""083664875481""",GIN,1,4999,n,n,"HENDRICKS ANOTHER GIN","750 ML",,n,2,1,3089,n,,"=""6""",,,,,,n,,,,,,,
"=""083664990405""",Whiskey,1,8999,n,n,"GLENFIDDICH 15 Years Old","750 ML",,n,2,1,5565,n,,"=""5""",,,,,,n,,,,,,,
"=""083664990412""",Whiskey,1,14999,n,n,"GLENFIDDICH 18","750 ML",,n,2,1,0,n,,"=""100""",,,,,,n,,,,,,,
"=""083664990436""",GIN,1,4756,n,n,"Hendrick's Gin",750ML,,n,2,1,3089,n,,"=""4""",,,,,,n,,,,,,,
"=""083706014151""","Import Beer",1,2199,n,n,"Duvel Belgian Ale 4-Pack 11.20 FL OZ Bottle","4 PCK",,n,4,1,1420,n,,"=""100""",,,,,,n,,,,,,,
"=""083722023489""","Wine General",1,1799,n,n,"Murphy Goode Pinot Noir (750 ml)",,,n,1,1,0,n,,"=""100""",,,,,,n,,,,,,,
"=""083722028392""","Red Wine",1,1699,n,n,"MURPHY RED BLEND","750 ml",,n,1,1,0,n,,"=""100""",,,,,,n,,,,,,,
"=""083722870045""","Wine Cabernet Sauvignon",1,1799,n,n,"MURPHYGOODE CABERNET  SAUVIGNON","750.00 ML",,n,1,1,0,n,,"=""100""",,,,,,n,,,,,,,
"=""083722880020""","Wine General",1,1699,n,n,"Murphy Goode Chardonnay California (750 ml)","750.00 ML",,n,1,1,0,n,,"=""100""",,,,,,n,,,,,,,
"=""083722880068""","White Wine",1,1299,n,n,"MURPHY SAUVIGNON BLAC",,,n,1,1,0,n,,"=""100""",,,,,,n,,,,,,,
"=""083783110104""","IPA Beer",1,1399,n,n,"Sierra Nevada Hazy Little Thing IPA Can (19.2 oz)","6 PACK",,n,6,1,906,n,,"=""100""",,,,,,n,,,,,,,
"=""083783222005""","IPA Beer",1,2575,n,n,"Sierra Nevada Pale Ale Can (12 Oz X 12 Ct)",12pk,,n,12,1,1675,n,,"=""100""",,,,,,n,,,,,,,
"=""083783228229""","IPA Beer",1,1499,n,n,"SIERRA NEVADA OCTOBERFEST C24 12OZ 6","6 PK 12 FL OZ",,n,6,1,906,n,,"=""100""",,,,,,n,,,,,,,
"=""083783228625""","IPA Beer",1,1399,n,n,"SIERRA NEVADA PEACHY LITTLE THING C2","6 PK 12 OZ",,n,6,1,906,n,,"=""2""",,,,,,n,,,,,,,
"=""083783228649""","IPA Beer",1,1499,n,n,"SIERRA NEVADA ATOMIC TORPEDO C24 12O","6 PK 12 OZ",,n,6,1,906,n,,"=""100""",,,,,,n,,,,,,,
"=""083783228656""","IPA Beer",1,1399,n,n,"SIERRA NEVADA JUICY LITTLE THINGS HA","12 PK 12 OZ",,n,6,1,906,n,,"=""100""",,,,,,n,,,,,,,
"=""083783328271""",BEER,1,1999,y,n,"TRIP IN THE WOOD",,,n,1,1,0,n,,"=""100""",,,,,,n,,,,,,,
"=""083783331004""","IPA Beer",1,1399,n,n,"Sierra Nevada Torpedo Extra IPA Bottles (12 oz x 6 ct)","72.00 FL OZ",,n,6,1,906,n,,"=""100""",,,,,,n,,,,,,,
"=""083783375121""","Craft / Local Beer",1,2549,n,n,"SIERRA NEVADA PALE ALe 12OZ 12P","12 pk",,n,12,1,1675,n,,"=""100""",,,,,,n,,,,,,,
"=""083783375213""","Craft / Local Beer",1,1449,n,n,"Sierra Nevada Pale Ale Bottle (12 oz x 12 ct)","72.00 FL OZ",,n,6,1,906,n,,"=""100""",,,,,,n,,,,,,,
"=""083783375459""","Craft / Local Beer",1,1604,n,n,"SIERRA NEVADA HOPTIMUM B24 12OZ 6P","12 FL OZ",,n,1,1,1043,n,,"=""100""",,,,,,n,,,,,,,
"=""083783375503""","IPA Beer",1,449,n,n,"Sierra Navada Hazy 19.2oz",19.2oz,,n,1,1,249,n,,"=""7""",,,,,,n,,,,,,,
"=""083783375534""","IPA Beer",1,449,n,n,"SIERRA NEVADA PALE ALE C15 19.2OZ","19.2 OZ",,n,1,1,249,n,,"=""6""",,,,,,n,,,,,,,
"=""083783375558""","IPA Beer",1,449,n,n,"SIERRA NEVADA BIG LITTLE THING C15 1","19 .2 OZ",,n,1,1,234,n,,"=""7""",,,,,,n,,,,,,,
"=""083783375572""","IPA Beer",1,449,n,n,"SIERRA NEVADA ATOMIC TORPEDO C15 19.","19. 2OZ",,n,1,1,234,n,,"=""10""",,,,,,n,,,,,,,
"=""083783375596""","IPA Beer",1,449,n,n,"SIERRA NEVADA TORPEDO EXTRA IPA C15","19 . 2OZ",,n,1,1,234,n,,"=""24""",,,,,,n,,,,,,,
"=""083783375626""","IPA Beer",1,449,n,n,"SIERRA NEVADA COSMIC LITTLE THING C1","19. 2OZ",,n,1,1,234,n,,"=""7""",,,,,,n,,,,,,,
"=""083783535419""","Craft / Local Beer",1,1399,n,n,"SIERRA NEVADA PALE ALE C24 12OZ 6P","6 pk 12 oz",,n,6,1,906,n,,"=""100""",,,,,,n,,,,,,,
"=""083783535785""","IPA Beer",1,1399,n,n,"SIERRA NEVADA BIG LITTLE THING C24 1",6pk,,n,6,1,906,n,,"=""100""",,,,,,n,,,,,,,
"=""083783662412""",BEER,1,349,y,n,"TEA WEST",,,n,1,1,0,n,,"=""100""",,,,,,n,,,,,,,
"=""083783676129""","Craft / Local Beer",1,1499,n,n,"SIERRA NEVADA PILS PREMIUM LAGER","8 PK",,n,8,1,917,n,,"=""100""",,,,,,n,,,,,,,
"=""083783676402""",BEER,1,1399,n,n,"SIERRA NEVADA MELLOW LITTLE THING","6 PK 12 OZ",,n,6,1,906,n,,"=""4""",,,,,,n,,,,,,,
"=""083804043152""","Wine General",1,1499,n,n,"Cooks Brut (1.5 L)","1.50 L",,n,1,1,0,n,,"=""100""",,,,,,n,,,,,,,
"=""083804043169""","Wine General",1,1499,n,n,"Cooks Extra Dry (1.5 L)","1.5 ML",,n,1,1,0,n,,"=""100""",,,,,,n,,,,,,,
"=""083804047211""","Champagne & Sparkling",1,1199,n,n,"COOKS BRUT 750 ML","750.00 ML",,n,1,1,675,n,,"=""100""",,,,,,n,,,,,,,
"=""083804047235""","Champagne & Sparkling",1,1199,n,n,"COOKS EXTRA DRY 750 ml","750.00 ML",,n,1,1,0,n,,"=""100""",,,,,,n,,,,,,,
"=""083804074507""","Wine Small Sizes",1,399,n,n,"COOKS EXTRA DRY 187","187 ml",,n,1,1,0,n,,"=""100""",,,,,,n,,,,,,,
"=""083804074699""","Wine Small Sizes",1,1499,n,n,"COOKS EXTRA DRY 4-PK","187.00 ML",,n,1,1,0,n,,"=""100""",,,,,,n,,,,,,,
"=""083804074712""","Wine Small Sizes",1,1499,n,n,"COOKS BRUT 4-PACK","187.00 ML",,n,1,1,0,n,,"=""100""",,,,,,n,,,,,,,
"=""083804077768""","Wine Small Sizes",1,399,n,n,"COOKS BRUT 187 ML","187 ml",,n,1,1,0,n,,"=""100""",,,,,,n,,,,,,,
"=""083820104011""","Import Beer",1,1199,n,n,"Guinness Draught Bottles (11 oz x 6 ct)","67.20 FL OZ",,n,6,1,793,n,,"=""100""",,,,,,n,,,,,,,
"=""083820123609""","Import Beer",1,1099,n,n,"Guinness Draught Cans (15 oz x 4 ct)","59.60 FL OZ",,n,4,1,665,n,,"=""100""",,,,,,n,,,,,,,
"=""083820123937""","Import Beer",1,1199,n,n,"Guinness Extra Stout Bottles (11 oz x 6 ct)","72.00 FL OZ",,n,6,1,793,n,,"=""100""",,,,,,n,,,,,,,
"=""083820567939""","Import Beer",1,1099,n,n,"RED STRIPE  B24 11.2OZ 6P","67.20 FL OZ",,n,6,1,704,n,,"=""3""",,,,,,n,,,,,,,
"=""083820567960""","Import Beer",1,449,n,n,"Red Stripe jamaican lager beer","24 fl oz",,n,2,1,0,n,,"=""100""",,,,,,n,,,,,,,
"=""084104115914""",Whiskey,1,1999,n,n,"Pendleton Blended Canadian Whiskey (750 ml)","750 ML",,n,1,1,0,n,,"=""100""",,,,,,n,,,,,,,
"=""084105307509""",Liqueur,1,3999,n,n,"Fernet Branca Liqueur Bottle (750 ml)",750ml,,n,1,1,0,n,,"=""100""",,,,,,n,,,,,,,
"=""084105307516""",Liqueur,1,2999,n,n,"Fernet Branca",,,n,2,1,0,n,,"=""100""",,,,,,n,,,,,,,
"=""084105307523""",Liqueur,1,1799,n,n,"Fernet Branca (375 ml)","=""0""",,n,1,1,0,n,,"=""100""",,,,,,n,,,,,,,
"=""084105981013""",Liqueur,1,2999,n,n,"BORGHETTI CAFFE LIQOUR","750 ML",,n,1,1,0,n,,"=""100""",,,,,,n,,,,,,,
"=""084114009968""","Chips - Other",1,499,n,n,"KETTLE CHIP SS&V 5OZ",5oz,,n,1,1,0,n,,"=""100""",,,,,,n,,,,,,,
"=""084114009975""",Grocery,1,399,n,n,"Kettle Potato Chips Sea Salt (5 oz)","5.00 OZ",,n,1,1,0,n,,"=""100""",,,,,,n,,,,,,,
"=""084114009982""","Chips - Other",1,599,n,n,"KETTLE CHIPS S SALT",5oz,,n,1,1,287,n,,"=""100""",,,,,,n,,,,,,,
"=""084114032607""","Chips - Other",1,299,n,n,"KETEL  SALT&PEPPER 2",2oz,,n,1,1,0,n,,"=""100""",,,,,,n,,,,,,,
"=""084114033000""","Chips - Other",1,299,n,n,"KETEL SEA SALT 2",2oz,,n,1,1,123,n,,"=""100""",,,,,,n,,,,,,,
"=""084114033338""","Chips - Other",1,299,n,n,"Kettle Brand Sea Salt (2 oz)","2.00 OZ",,n,1,1,123,n,,"=""100""",,,,,,n,,,,,,,
"=""084114033703""","Chips - Other",1,299,n,n,"KETEL HONEY DIJON 2",2oz,,n,1,1,123,n,,"=""100""",,,,,,n,,,,,,,
"=""084114107077""","Chips - Other",1,599,n,n,"KETTLE CHIPS SALT PR","5 oz",,n,1,1,0,n,,"=""100""",,,,,,n,,,,,,,
"=""084114112484""","Chips - Other",1,299,n,n,"Kettle Thick & Bold Dill Pickle Potato Chips","2 oz",,n,1,1,123,n,,"=""98""",,,,,,n,,,,,,,
"=""084114114464""","Chips - Other",1,699,n,n,"Kettle Brand:Sour Cream & Onion","5.00 OZ",,n,1,1,0,n,,"=""100""",,,,,,n,,,,,,,
"=""084114114495""","Chips - Other",1,599,n,n,"Kettle Brand:Backyard Barbeque","5.00 OZ",,n,1,1,261,n,,"=""100""",,,,,,n,,,,,,,
"=""084114115447""","Chips - Other",1,299,n,n,"KETEL BACKYARD BBQ",2oz,,n,1,1,123,n,,"=""100""",,,,,,n,,,,,,,
"=""084114115881""","Chips - Other",1,299,n,n,"KETEL JALAPENO 2 OZ",2oz,,n,1,1,123,n,,"=""100""",,,,,,n,,,,,,,
"=""084114116352""","Chips - Other",1,599,n,n,"KETTLE CHIP JALA 5OZ",5oz,,n,1,1,256,n,,"=""100""",,,,,,n,,,,,,,
"=""084114901200""","Chips - Other",1,599,n,n,"KETTLE POTATO CHIPS PARMESAN",,,n,1,1,273,n,,"=""100""",,,,,,n,,,,,,,
"=""084114901675""","Chips - Other",1,599,n,n,"KETTLE KRINKLE CUT HABANERO LIME",,,n,1,1,261,n,,"=""100""",,,,,,n,,,,,,,
"=""084114902160""","Chips - Other",1,699,n,n,"Kettle sea salt & vinegar","7.5 oz",,n,1,0,0,n,,"=""100""",,,,,,n,,,,,,,
"=""084114903037""","Chips - Other",1,299,n,n,"KETLE KRINKLE CUT",,,n,1,1,123,n,,"=""100""",,,,,,n,,,,,,,
"=""084114903167""","Chips - Other",1,299,n,n,"KETTLE AIR FRIED JALAPENO","1.07 OZ",,n,1,1,133,n,,"=""100""",,,,,,n,,,,,,,
"=""084114903174""","Chips - Other",1,299,n,n,"KETTLE AIR FRIED",,,n,1,0,0,n,,"=""100""",,,,,,n,,,,,,,
"=""084173968008""",BEER,1,999,y,n,"HAPPY DAD",,,n,1,1,0,n,,"=""100""",,,,,,n,,,,,,,
"=""084279002156""","Wine Rosé",1,1717,n,n,"Yes Way Rose 750ml",,,n,1,1,1109,n,,"=""100""",,,,,,n,,,,,,,
"=""084279972121""","Wine Cabernet Sauvignon",1,1299,n,n,"GRAND NOIR CABERNET SAUVIGNON",750ML,,n,1,1,0,n,,"=""100""",,,,,,n,,,,,,,
"=""084279975054""","Wine General",1,1399,n,n,"Le Grand Noir Pinot Noir (750 ml)","750.00 ML",,n,1,1,0,n,,"=""100""",,,,,,n,,,,,,,
"=""084279981505""",Whiskey,1,3999,n,n,"GLEN MORAY 12","750 ML",,n,2,1,0,n,,"=""100""",,,,,,n,,,,,,,
"=""084444100199""","Wine Cabernet Sauvignon",1,8199,n,n,"JORDAN CABERNET SAUVIGNON","750 ml",,n,1,1,0,n,,"=""100""",,,,,,n,,,,,,,
"=""084444200226""","White Wine",1,3999,n,n,"JORDAN Chardonay",,,n,1,1,0,n,,"=""100""",,,,,,n,,,,,,,
"=""084687001017""","Red Wine",1,2274,n,n,"Erath Pinot Noir (750 Ml)","750.00 ML",,n,2,1,1469,n,,"=""98""",,,,,,n,,,,,,,
"=""084687007477""","Wine General",1,3499,n,n,EARTRH,,,n,1,0,0,n,,"=""100""",,,,,,n,,,,,,,
"=""084692478941""","White Wine",1,4999,n,n,"CAKEBREAD CELLARS 750 ml CHARDONAY","750.00 ML",,n,1,1,0,n,,"=""100""",,,,,,n,,,,,,,
"=""084692479146""","Wine Cabernet Sauvignon",1,9499,n,n,"CAKEBREAD CELLARS CABERNET SAUVIGNON","750.00 ML",,n,1,1,6033,n,,"=""100""",,,,,,n,,,,,,,
"=""084692675586""","Wine General",1,2499,n,n,"LOUIS JADOT GEVREY-CHAMBERTIN LES CAZETIERS","750 ML",,n,2,0,0,n,,"=""100""",,,,,,n,,,,,,,
"=""084704091212""","Champagne & Sparkling",1,1999,n,n,"Korbel:California Champagne, Brut","4.00 EA",,n,4,1,0,n,,"=""100""",,,,,,n,,,,,,,
"=""084704091229""","Wine Small Sizes",1,399,n,n,"KORBEL  BRUT 187ML","187.00 ML",,n,1,1,0,n,,"=""100""",,,,,,n,,,,,,,
"=""084704091328""","Champagne & Sparkling",1,1699,n,n,"KORBEL BRUT 750 ml","750.00 ML",,n,1,1,1051,n,,"=""100""",,,,,,n,,,,,,,
"=""084704091472""","Champagne & Sparkling",1,1699,n,n,"KORBEL EXTRA DRY 750 ml","750.00 ML",,n,1,1,1051,n,,"=""100""",,,,,,n,,,,,,,
"=""084704098013""","Champagne & Sparkling",1,1999,n,n,"Korbel:California Champagne, Brut Rose","4.00 EA",,n,4,1,1204,n,,"=""100""",,,,,,n,,,,,,,
"=""085000003404""",Shots,1,149,n,n,"E&J BRANDY RED V.S  50ML","50 ML",,n,1,10,717,n,,"=""100""",,,,,,n,,,,,,,
"=""085000003794""",Whiskey,1,599,n,n,"E & J VS Brandy (200 ml)",200ml,,n,1,1,0,n,,"=""100""",,,,,,n,,,,,,,
"=""085000003817""","Brandy & Cognac",1,1399,n,n,"E&J BRANDY V S O P","750. ML",,n,2,1,849,n,,"=""100""",,,,,,n,,,,,,,
"=""085000003831""",Whiskey,1,899,n,n,"E&J VSOP Brandy",375ml,,n,1,1,0,n,,"=""100""",,,,,,n,,,,,,,
"=""085000003862""",Shots,1,149,n,n,"E&J VSOP 50 ML BLUE","50 ML",,n,1,1,717,n,,"=""100""",,,,,,n,,,,,,,
"=""085000004029""",GIN,1,99,n,n,"New Amsterdam Gin (50 ml)","50 ml",,n,1,1,0,n,,"=""100""",,,,,,n,,,,,,,
"=""085000004135""","Brandy & Cognac",1,1199,n,n,"E&J BRANDY VS","750 ML",,n,2,1,709,n,,"=""100""",,,,,,n,,,,,,,
"=""085000004210""",Whiskey,1,599,n,n,"VS Original E&J Brandy",200ml,,n,1,1,0,n,,"=""100""",,,,,,n,,,,,,,
"=""085000004265""","Brandy & Cognac",1,899,n,n,"E&J BRANDY VS","375 ML",,n,1,1,460,n,,"=""100""",,,,,,n,,,,,,,
"=""085000005217""","Wine Small Sizes",1,299,n,n,"Barfoot Cabernet SAUVIGNON 187ML","187 ml",,n,1,1,0,n,,"=""100""",,,,,,n,,,,,,,
"=""085000005286""","Wine Small Sizes",1,299,n,n,"BAREFOOT PINOT GRIGIO 187","187 ml",,n,1,1,0,n,,"=""100""",,,,,,n,,,,,,,
"=""085000005361""","Wine Small Sizes",1,299,n,n,"BAREFOOT CHARDONNAY 187ML","187 ml",,n,1,1,0,n,,"=""100""",,,,,,n,,,,,,,
"=""085000005750""",Shots,1,134,n,n,"New Amsterdam Red Berry 50 ML",50ml,,n,1,1,0,n,,"=""100""",,,,,,n,,,,,,,
"=""085000005781""",Shots,1,130,n,n,"NEW AMSTERDAM PEACH 50 ML.","50 ML",,n,1,1,0,n,,"=""100""",,,,,,n,,,,,,,
"=""085000006214""",Shots,1,130,n,n,"NEW AMSTRDM PINEAPLE 50 ML","50 ML",,n,1,1,0,n,,"=""100""",,,,,,n,,,,,,,
"=""085000006344""",Shots,1,130,n,n,"NEW AMSTERDAM MANGO 50 ML","50 ML",,n,1,1,0,n,,"=""90""",,,,,,n,,,,,,,
"=""085000006467""",Vodka,1,199,n,n,"NewAmsterdam 100 Proof","50 ML",,n,1,1,0,n,,"=""100""",,,,,,n,,,,,,,
"=""085000006566""",Shots,1,130,n,n,"NEW AMSTERDAM  APPLE 50ML","50 ML",,n,1,1,0,n,,"=""100""",,,,,,n,,,,,,,
"=""085000006627""",Shots,1,130,n,n,"NEW AMSTERDAM RASBERRY 50ML","50 ML",,n,1,1,0,n,,"=""100""",,,,,,n,,,,,,,
"=""085000006658""",Vodka,1,130,n,n,"New amesterdam Lemon","50 ml",,n,1,1,0,n,,"=""100""",,,,,,n,,,,,,,
"=""085000006740""",Shots,1,130,n,n,"NEW AMSTERDAM 50 ML WATERMELON","50 ML",,n,1,1,0,n,,"=""100""",,,,,,n,,,,,,,
"=""085000006757""",Shots,1,134,n,n,"New Amsterdam Vodka pink whitney 50ml",,,n,1,1,0,n,,"=""100""",,,,,,n,,,,,,,
"=""085000006801""",Shots,1,130,n,n,"NEW AMSTERDAM PASSION FRUIT 50 ML","50 ML",,n,1,1,0,n,,"=""100""",,,,,,n,,,,,,,
"=""085000007433""","Wine General",1,899,n,n,"Andre:Brut Champagne","750.00 ML",,n,2,1,569,n,,"=""100""",,,,,,n,,,,,,,
"=""085000007488""","Wine General",1,899,n,n,"Andre Brut (750 ml)","750.00 ML",,n,2,1,569,n,,"=""100""",,,,,,n,,,,,,,
"=""085000007594""","Wine Small Sizes",1,299,n,n,"Barfoot SAUVIGNON BLANC 187 ml","187 ml",,n,1,1,0,n,,"=""100""",,,,,,n,,,,,,,
"=""085000008430""","White Wine",1,1299,n,n,"ECDO DOMANI PINOT GRIGIO","750.00 ML",,n,1,1,0,n,,"=""100""",,,,,,n,,,,,,,
"=""085000008805""",Shots,1,125,n,n,"New Amsterdan Vodka",50ml,,n,1,1,0,n,,"=""99""",,,,,,n,,,,,,,
"=""085000008812""",Shots,1,349,n,n,"CAMARENA SILVER","50 ML",,n,1,1,187,n,,"=""100""",,,,,,n,,,,,,,
"=""085000008829""",Shots,1,349,n,n,"CAMARENA REPOSADO","50 ML",,n,1,1,188,n,,"=""100""",,,,,,n,,,,,,,
"=""085000010563""","Wine General",1,1399,n,n,"Frei Brothers:Chardonnay","750.00 ML",,n,1,1,0,n,,"=""100""",,,,,,n,,,,,,,
"=""085000011423""","Wine Cabernet Sauvignon",1,499,n,n,"TISDALE CABERNET  SAUVIGNON","750.00 ML",,n,1,1,0,n,,"=""100""",,,,,,n,,,,,,,
"=""085000011430""","Wine General",1,399,n,n,"Tisdale Chardonnay (750 ml)","750.00 ML",,n,1,1,0,n,,"=""100""",,,,,,n,,,,,,,
"=""085000011638""","Wine General",1,2199,n,n,"Louis M. Martini:Cabernet Sauvignon","750.00 ML",,n,2,1,1339,n,,"=""100""",,,,,,n,,,,,,,
"=""085000011645""","Wine Cabernet Sauvignon",1,4999,n,n,"LOUIS MARTINI CABERNET SAUVIGNON","750.00 ML",,n,1,1,0,n,,"=""100""",,,,,,n,,,,,,,
"=""085000012017""","White Wine",1,2199,n,n,"WHITEHEAVEN SAUVIGNON BLANC","750.00 ML",,n,2,1,1409,n,,"=""100""",,,,,,n,,,,,,,
"=""085000014301""",GIN,1,2299,n,n,"New Amsterdam Straight Gin",1.75L,,n,2,1,0,n,,"=""100""",,,,,,n,,,,,,,
"=""085000014318""",GIN,1,1599,n,n,"New Amsterdam Gin",750ml,,n,2,1,989,n,,"=""100""",,,,,,n,,,,,,,
"=""085000014431""","Wine General",1,1299,n,n,"Barefoot Cellars Pinot Grigio (1.5 L)","1.75 LITER",,n,1,1,743,n,,"=""100""",,,,,,n,,,,,,,
"=""085000014448""","White Wine",1,899,n,n,"BAREFOOT PINOT GRIGIO 750","750.00 ML",,n,1,1,0,n,,"=""100""",,,,,,n,,,,,,,
"=""085000015261""","Red Wine",1,1999,n,n,"MacMurray Ranch:Pinot Noir","750.00 ML",,n,2,1,0,n,,"=""100""",,,,,,n,,,,,,,
"=""085000016145""","Red Wine",1,1599,n,n,"GASCON MELBEC","750.00 ML",,n,1,1,0,n,,"=""100""",,,,,,n,,,,,,,
"=""085000016237""","Wine Cabernet Sauvignon",1,2299,n,n,"GHOST PINE CABERNET SAUVIGNON","750.00 ML",,n,1,1,0,n,,"=""100""",,,,,,n,,,,,,,
"=""085000016602""","White Wine",1,1299,n,n,"STARBOROUGH SAUVIGNON BLANC","750.00 ML",,n,2,1,779,n,,"=""98""",,,,,,n,,,,,,,
"=""085000016671""","Wine General",1,1299,n,n,"Barefoot Cellars Moscato (1.5 L)","1.50 LT",,n,1,1,0,n,,"=""100""",,,,,,n,,,,,,,
"=""085000016688""","Red Wine",1,899,n,n,"BAREFOOT MOSCATO 750 ML","750 ML",,n,2,1,534,n,,"=""100""",,,,,,n,,,,,,,
"=""085000016824""",Tequila,1,2599,n,n,"CAMARENA SILVER","750 ML",,n,1,1,0,n,,"=""100""",,,,,,n,,,,,,,
"=""085000017074""","Wine General",1,799,n,n,"Barefoot Cellars Pinot Noir (750 ml)","750.00 ML",,n,1,1,0,n,,"=""100""",,,,,,n,,,,,,,
"=""085000017272""",Tequila,1,1299,n,n,"CAMARENA SILVER",375ml,,n,1,1,0,n,,"=""100""",,,,,,n,,,,,,,
"=""085000017289""",Tequila,1,799,n,n,"CAMARENA SILVER","200 ML",,n,1,1,489,n,,"=""100""",,,,,,n,,,,,,,
"=""085000017326""",Tequila,1,2599,n,n,"CAMARENA REPOSADO","750 ML",,n,1,1,0,n,,"=""100""",,,,,,n,,,,,,,
"=""085000017333""",Tequila,1,1299,n,n,"CAMARENA REPOSADO",375ml,,n,1,1,0,n,,"=""100""",,,,,,n,,,,,,,
"=""085000017340""",Tequila,1,799,n,n,"CAMARENA REPOSADO",200ml,,n,1,1,489,n,,"=""100""",,,,,,n,,,,,,,
"=""085000017364""","Wine General",1,1299,n,n,"Barefoot Cellars Pinot Noir (1.5 L)","1.50 LT",,n,1,1,0,n,,"=""100""",,,,,,n,,,,,,,
"=""085000017739""","Champagne & Sparkling",1,1999,n,n,"Lamarca Presecco 750","750.00 ML",,n,1,1,1339,n,,"=""100""",,,,,,n,,,,,,,
"=""085000017746""","Red Wine",1,1299,n,n,"APOTHIC RED BLEND","750.00 ML",,n,2,1,813,n,,"=""100""",,,,,,n,,,,,,,
"=""085000018057""","Wine General",1,399,n,n,"Tisdale Pinot Noir (750 ml)","750.00 ML",,n,1,1,0,n,,"=""100""",,,,,,n,,,,,,,
"=""085000018170""","Wine Cabernet Sauvignon",1,1199,n,n,"ALAMOS CABERNET SAUVIGNON","750.00 ML",,n,2,1,709,n,,"=""100""",,,,,,n,,,,,,,
"=""085000018194""","Red Wine",1,1199,n,n,"ALAMOS MALBEC","750.00 ML",,n,1,1,0,n,,"=""98""",,,,,,n,,,,,,,
"=""085000018200""","Red Wine",1,1999,n,n,"ALAMOS MALBEC 750 ml","750.00 ML",,n,1,1,0,n,,"=""4""",,,,,,n,,,,,,,
"=""085000019450""","Red Wine",1,1299,n,n,"ALAMOS RED BLEND","750.00 ML",,n,2,1,709,n,,"=""100""",,,,,,n,,,,,,,
"=""085000019474""",Vodka,1,599,n,n,"NEW AMSTERDAM","200 ml",,n,1,1,326,n,,"=""99""",,,,,,n,,,,,,,
"=""085000019481""",Vodka,1,899,n,n,"NEW AMSTERDAM","375 ML",,n,1,1,472,n,,"=""100""",,,,,,n,,,,,,,
"=""085000019498""",Vodka,1,1499,n,n,"NEW AMSTERDAM","750 ml",,n,2,1,849,n,,"=""100""",,,,,,n,,,,,,,
"=""085000019511""",Vodka,1,1999,n,n,"NEW AMSTERDAM ORIGINAL","1.75 ml",,n,2,1,0,n,,"=""100""",,,,,,n,,,,,,,
"=""085000020302""","Wine Cabernet Sauvignon",1,999,n,n,"DARKHORSE CABERNET","750.00 ML",,n,1,1,0,n,,"=""100""",,,,,,n,,,,,,,
"=""085000020319""","White Wine",1,999,n,n,"DARK HORSE CHARDONNAY","750.00 ML",,n,1,1,0,n,,"=""100""",,,,,,n,,,,,,,
"=""085000020333""","Vodka - Flavored",1,1399,n,n,"New Amsterdam Peach",750ml,,n,2,1,849,n,,"=""100""",,,,,,n,,,,,,,
"=""085000020371""",Vodka,1,599,n,n,"NEW AMSTERDAM RED BERRY","200 ML",,n,1,1,0,n,,"=""100""",,,,,,n,,,,,,,
"=""085000020401""",Vodka,1,599,n,n,"NEW AMESTRDAM PEACH","200 ML",,n,1,1,0,n,,"=""100""",,,,,,n,,,,,,,
"=""085000020425""","Wine General",1,1399,n,n,"Carnivor Cabernet Sauvignon (750 ml)","750.00 ML",,n,1,1,0,n,,"=""100""",,,,,,n,,,,,,,
"=""085000020746""","Red Wine",1,999,n,n,"DARK HORSE RED BLEND","750.00 ML",,n,1,1,0,n,,"=""100""",,,,,,n,,,,,,,
"=""085000021361""","Vodka - Flavored",1,1399,n,n,"New Amsterdam Coconut",750ml,,n,2,1,849,n,,"=""100""",,,,,,n,,,,,,,
"=""085000021590""","White Wine",1,1699,n,n,"WILLIAM HILL CHARD","750.00 ML",,n,2,1,989,n,,"=""100""",,,,,,n,,,,,,,
"=""085000021606""","Wine Cabernet Sauvignon",1,1799,n,n,"WILLIAM HILL NORTH COAST CABERNET SAUVIGNON","750.00 ML",,n,2,1,989,n,,"=""100""",,,,,,n,,,,,,,
"=""085000021651""",Vodka,1,2199,n,n,"New Amsterdam Peach Vodka (1.75 L)","1.75 L",,n,1,1,0,n,,"=""100""",,,,,,n,,,,,,,
"=""085000021811""","Wine Small Sizes",1,499,n,n,"LIBERTY GREEK CHARDONNAY","500 ml",,n,5,1,269,n,,"=""100""",,,,,,n,,,,,,,
"=""085000021828""","Wine Small Sizes",1,499,n,n,"LIBERTY CREEK CABERNET SAUVIGNON","500 ml",,n,5,1,244,n,,"=""100""",,,,,,n,,,,,,,
"=""085000021835""","Wine General",1,499,n,n,"liberty greek 500ml","500 ML",,n,5,1,269,n,,"=""12""",,,,,,n,,,,,,,
"=""085000022290""",Vodka,1,599,n,n,"NEW AMSTERDAM PINEAPPLE","200 ML",,n,1,1,0,n,,"=""100""",,,,,,n,,,,,,,
"=""085000022306""",Vodka,1,899,n,n,"AMSTRDAM PINEAPPLE","375 ml",,n,1,1,0,n,,"=""100""",,,,,,n,,,,,,,
"=""085000022313""",Vodka,1,1399,n,n,"New Amsterdam Pineapple",750ml,,n,2,1,849,n,,"=""100""",,,,,,n,,,,,,,
"=""085000022337""","Vodka - Flavored",1,2299,n,n,"New Amsterdam Pineapple","1.75 L",,n,2,1,1479,n,,"=""100""",,,,,,n,,,,,,,
"=""085000022436""","Wine Small Sizes",1,799,n,n,"LAMARCA PROSECCO","187 ml",,n,1,1,0,n,,"=""100""",,,,,,n,,,,,,,
"=""085000022641""","White Wine",1,1599,n,n,"WILLIAM HILL SAUVIGNON BLANC",750ml,,n,2,1,989,n,,"=""100""",,,,,,n,,,,,,,
"=""085000022719""","Wine Small Sizes",1,499,n,n,"LIBERTY CREEK  PINOT GRIGIO","500 ml",,n,5,1,244,n,,"=""100""",,,,,,n,,,,,,,
"=""085000022726""","Wine General",1,499,n,n,"Libery creek","500 ML",,n,5,1,244,n,,"=""100""",,,,,,n,,,,,,,
"=""085000022757""","Brandy & Cognac",1,699,n,n,"E & J Gallo Brandy (375 ml)",375ml,,n,1,1,0,n,,"=""100""",,,,,,n,,,,,,,
"=""085000022849""","Champagne & Sparkling",1,3999,n,n,"LA MARKA PROSECCO HALF GALLON",,,n,1,1,2459,n,,"=""100""",,,,,,n,,,,,,,
"=""085000022863""","Red Wine",1,1299,n,n,"APOTHIC DARK BLEND",750ml,,n,2,1,813,n,,"=""100""",,,,,,n,,,,,,,
"=""085000022924""","White Wine",1,999,n,n,"DARK HORSE SAUVIGNON BLANC","750.00 ML",,n,1,1,0,n,,"=""100""",,,,,,n,,,,,,,
"=""085000023105""","Wine General",1,1299,n,n,"Prophecy Pinot Noir (750 ml)","750 ml",,n,1,1,0,n,,"=""100""",,,,,,n,,,,,,,
"=""085000023112""","White Wine",1,1299,n,n,"PROPHECY SAUVIGNON BLANC",,,n,1,1,0,n,,"=""100""",,,,,,n,,,,,,,
"=""085000023136""","White Wine",1,1399,n,n,"EDNA VALLY PINOT GRIGIO",,,n,1,1,709,n,,"=""100""",,,,,,n,,,,,,,
"=""085000023174""",Vodka,1,449,n,n,"NEW AMSTERDAM MANGO","375 ML",,n,1,1,0,n,,"=""100""",,,,,,n,,,,,,,
"=""085000023181""","Vodka - Flavored",1,1399,n,n,"AMSTERDAM MANGO",750ml,,n,2,1,849,n,,"=""100""",,,,,,n,,,,,,,
"=""085000023488""","Red Wine",1,1299,n,n,"APOTHIC CRUSH BLEND","750 mL",,n,2,1,813,n,,"=""100""",,,,,,n,,,,,,,
"=""085000023501""","Red Wine",1,1599,n,n,"William Hill Pinot Noir",750ml,,n,2,1,989,n,,"=""12""",,,,,,n,,,,,,,
"=""085000023563""","Vodka - Flavored",1,1399,n,n,"NEWAMSTERDAM GRAPEFRUIT","750 ML",,n,2,1,849,n,,"=""100""",,,,,,n,,,,,,,
"=""085000023792""","Red Wine",1,999,n,n,"DARK HORSE PINOT NOIR 750 ml","750.00 ML",,n,1,1,0,n,,"=""100""",,,,,,n,,,,,,,
"=""085000024300""",Vodka,1,1099,n,n,"New Amsterdam 100 proof","=""375""",,n,1,1,495,n,,"=""100""",,,,,,n,,,,,,,
"=""085000024317""",Vodka,1,1799,n,n,"New Amstedam 100 Proof","750 ml",,n,2,1,919,n,,"=""100""",,,,,,n,,,,,,,
"=""085000024492""","White Wine",1,1499,n,n,"ProPhecy Pinot Grigio",750ml,,n,1,1,0,n,,"=""100""",,,,,,n,,,,,,,
"=""085000024560""",Vodka,1,2499,n,n,"NEW AMSTERDAM 100 PROOF",1.75L,,n,2,1,1641,n,,"=""100""",,,,,,n,,,,,,,
"=""085000024706""","Wine General",1,2299,n,n,"Fleur de Mer Rose (750 ml)","=""750""",,n,1,1,0,n,,"=""100""",,,,,,n,,,,,,,
"=""085000024850""",Vodka,1,599,n,n,"NEW AMSTERDAM APPLE","200 ML",,n,1,1,0,n,,"=""100""",,,,,,n,,,,,,,
"=""085000024867""",Vodka,1,899,n,n,"NEW AMSTERDAM APPLE","375 ML",,n,1,1,0,n,,"=""100""",,,,,,n,,,,,,,
"=""085000024874""","Vodka - Flavored",1,1399,n,n,"NEW AMSTRDM VDKA APPLE",750ml,,n,2,1,849,n,,"=""100""",,,,,,n,,,,,,,
"=""085000024881""","Vodka - Flavored",1,2299,n,n,"New Amsterdam Apple","1.75 ml",,n,2,1,1479,n,,"=""100""",,,,,,n,,,,,,,
"=""085000024904""","Red Wine",1,1399,n,n,"APOTHIC INFERNO RED BLEND","750 ml",,n,1,1,0,n,,"=""100""",,,,,,n,,,,,,,
"=""085000025284""","White Wine",1,999,n,n,"DARK HORSE PINOT GRIGIO","750 ml",,n,1,1,0,n,,"=""100""",,,,,,n,,,,,,,
"=""085000025345""","Wine Cabernet Sauvignon",1,6499,n,n,"PALERMO CABERNET SAUVIGNON",750ml,,n,1,1,0,n,,"=""100""",,,,,,n,,,,,,,
"=""085000025369""","Red Wine",1,3999,n,n,"ORIN SWIFT ABSTRACT RED RETAIL",,,n,1,1,0,n,,"=""10""",,,,,,n,,,,,,,
"=""085000026151""","Vodka - Flavored",1,1399,n,n,"New Amsterdam Vodka Raspberry",750ml,,n,2,1,849,n,,"=""100""",,,,,,n,,,,,,,
"=""085000026274""","Hard Seltzer",1,299,n,n,"HIGH NOON VODKA & SODA GRAPEFRUIT","335 ml",,n,1,1,0,n,,"=""100""",,,,,,n,,,,,,,
"=""085000026526""","Vodka - Flavored",1,1399,n,n,"New Amsterdam Lemon","750 ML",,n,2,1,849,n,,"=""100""",,,,,,n,,,,,,,
"=""085000026700""","Red Wine",1,4999,n,n,"ORIN SWIFT RED WINE",,,n,1,1,0,n,,"=""3""",,,,,,n,,,,,,,
"=""085000027028""","Wine General",1,1299,n,n,"PROPHECY ROSE","750 ML",,n,2,1,0,n,,"=""100""",,,,,,n,,,,,,,
"=""085000028773""","Red Wine",1,1199,n,n,"CHATEAU PINOT NOIR 750 ml","750 ml",,n,1,1,0,n,,"=""100""",,,,,,n,,,,,,,
"=""085000029626""",Vodka,1,1499,n,n,"NEW AMSTERDAM PINK WHITNEY","750 ml",,n,2,1,849,n,,"=""100""",,,,,,n,,,,,,,
"=""085000029862""","Hard Seltzer",1,3225,n,n,"High Noon Vodka Variety C24 355ml 12",,,n,12,1,2090,n,,"=""31""",,,,,,n,,,,,,,
"=""085000030929""","Vodka - Flavored",1,1399,n,n,"NEW AMSTERDAM WATERMELON","750 ml",,n,2,1,849,n,,"=""100""",,,,,,n,,,,,,,
"=""085000030943""","Vodka - Flavored",1,2299,n,n,"NEW AM WATERMELON","1.75 ML",,n,2,1,1479,n,,"=""100""",,,,,,n,,,,,,,
"=""085000030950""","Hard Seltzer",1,299,n,n,"HIGH NOON LIME CAN 335 ml",,,n,1,1,0,n,,"=""100""",,,,,,n,,,,,,,
"=""085000030967""","Wine Cabernet Sauvignon",1,1299,n,n,"APOTHIC CABERNET SAUVIGNON",750ml,,n,2,1,813,n,,"=""100""",,,,,,n,,,,,,,
"=""085000031094""","Wine Small Sizes",1,1299,n,n,"La marka 375",,,n,1,0,0,n,,"=""100""",,,,,,n,,,,,,,
"=""085000031360""","Vodka - Flavored",1,2299,n,n,"NEW AMSTERDAM PINK WHITNEY","1.75 ML",,n,2,1,1479,n,,"=""100""",,,,,,n,,,,,,,
"=""085000031377""","Hard Seltzer",1,299,n,n,"High noon peach",,,n,1,1,0,n,,"=""100""",,,,,,n,,,,,,,
"=""085000031513""","Hard Seltzer",1,2199,n,n,"HIGH NOON VODKA VARIETY C24 355ML 8P","8 PK 12 OZ",,n,8,1,1379,n,,"=""4""",,,,,,n,,,,,,,
"=""085000032145""","Red Wine",1,1099,n,n,"APOTHIC MERLOT 750 ML","750 ML",,n,1,1,709,n,,"=""100""",,,,,,n,,,,,,,
"=""085000032329""","Ready-to-Drink (RTD)",1,299,n,n,"High noon",,,n,1,0,0,n,,"=""100""",,,,,,n,,,,,,,
"=""085000032336""","Red Wine",1,1199,n,n,"APOTHIC PINOT NOIR 750 ML","750 ML",,n,1,1,700,n,,"=""100""",,,,,,n,,,,,,,
"=""085000032442""","Champagne & Sparkling",1,2499,n,n,"LAMARCA ROSE 750 ml","750 mL",,n,1,1,0,n,,"=""100""",,,,,,n,,,,,,,
"=""085000032534""",Vodka,1,549,n,n,"Pink whitney","200 ml",,n,1,0,0,n,,"=""100""",,,,,,n,,,,,,,
"=""085000032541""",Vodka,1,799,n,n,"NEW AMSTERDAM PINK WHITNEY","375 ML",,n,1,1,473,n,,"=""100""",,,,,,n,,,,,,,
"=""085000032558""","Hard Seltzer",1,2199,n,n,"HIGH NOON VODKA TROPICAL C24 355ML 8",,,n,8,1,1439,n,,"=""3""",,,,,,n,,,,,,,
"=""085000034194""","Vodka - Flavored",1,1399,n,n,"NEW AMSTERDAM PASSIONFRUIT","750 ML",,n,2,1,849,n,,"=""100""",,,,,,n,,,,,,,
"=""085000034248""","Ready-to-Drink (RTD)",1,299,n,n,"high noon",,,n,1,0,0,n,,"=""100""",,,,,,n,,,,,,,
"=""085000034484""","Hard Seltzer",1,799,n,n,"High Noon Sun Sips Vodka & Soda Pineapple (355 ml)","24 OZ",,n,2,1,354,n,,"=""35""",,,,,,n,,,,,,,
"=""085000034491""","Hard Seltzer",1,799,n,n,"HIGH NOON VODKA PEACH C12 700ML","24 OZ",,n,2,1,354,n,,"=""5""",,,,,,n,,,,,,,
"=""085000034705""","Wine Small Sizes",1,699,n,n,"la marka ROSE",,,n,1,0,0,n,,"=""100""",,,,,,n,,,,,,,
"=""085000035771""",Liqueur,1,2799,n,n,"RUM CHATA PUMPKIN SPICE","750 ml",,n,1,1,0,n,,"=""100""",,,,,,n,,,,,,,
"=""085000035795""","Ready-to-Drink (RTD)",1,457,n,n,"vibe blue raspberry",,,n,5,0,0,n,,"=""100""",,,,,,n,,,,,,,
"=""085000036099""","Hard Seltzer",1,2552,n,n,"High Noon Tequila Variety C24 355ml","8 PK 12 OZ",,n,8,1,1656,n,,"=""14""",,,,,,n,,,,,,,
"=""085000036969""","Ready-to-Drink (RTD)",1,457,n,n,"vibes classic margarita",,,n,5,0,0,n,,"=""100""",,,,,,n,,,,,,,
"=""085000037089""","Ready-to-Drink (RTD)",1,699,n,n,"VMC MARGARITA C12 700ML","700 ML",,n,2,1,354,n,,"=""8""",,,,,,n,,,,,,,
"=""085000037096""","Ready-to-Drink (RTD)",1,699,n,n,"VMC PALOMA C12 700ML","700 ml",,n,2,1,354,n,,"=""20""",,,,,,n,,,,,,,
"=""085000037102""","Ready-to-Drink (RTD)",1,699,n,n,"VMC JAMAICA C12 700ML","700 ML",,n,2,1,354,n,,"=""14""",,,,,,n,,,,,,,
"=""085000037256""","Hard Seltzer",1,299,n,n,"HIGH NOON RASPBERRY","335 ml",,n,1,1,0,n,,"=""100""",,,,,,n,,,,,,,
"=""085000037393""","Hard Seltzer",1,2552,n,n,"High Noon Tequila Fiesta C24 355ml 8",8pk,,n,8,1,1656,n,,"=""8""",,,,,,n,,,,,,,
"=""085000037522""","Wine General",1,1099,n,n,"BLACK BOX CABERNET SAUVIGNON","1 LITER",,n,5,1,654,n,,"=""100""",,,,,,n,,,,,,,
"=""085000037539""","Wine General",1,1099,n,n,"BLACK BOX CHARDONNAY","1 LITER",,n,5,1,654,n,,"=""100""",,,,,,n,,,,,,,
"=""085000037584""","Ready-to-Drink (RTD)",1,457,n,n,"VIBE MANGO",,,n,5,0,0,n,,"=""100""",,,,,,n,,,,,,,
"=""085000037591""","Ready-to-Drink (RTD)",1,457,n,n,"VIBE PEACH",,,n,5,0,0,n,,"=""100""",,,,,,n,,,,,,,
"=""085000037652""",Liqueur,1,2799,n,n,"RUM CHATA PINEAPPLE CREAM",750ml,,n,1,1,0,n,,"=""100""",,,,,,n,,,,,,,
"=""085000037720""","Hard Seltzer",1,799,n,n,"HIGH NOON TEQUILA LIME C12 700ML",,,n,1,1,389,n,,"=""23""",,,,,,n,,,,,,,
"=""085000038925""","Hard Seltzer",1,299,n,n,"HIGN NOON ORIGINAL","335 ml",,n,1,1,0,n,,"=""100""",,,,,,n,,,,,,,
"=""085000038963""","Hard Seltzer",1,2199,n,n,"HIGH NOON VODKA TEA VARIETY C24 355M",8pk,,n,8,1,1439,n,,"=""6""",,,,,,n,,,,,,,
"=""085000039472""","Wine Small Sizes",1,799,n,n,"Barefoot Savuignon Blanc 4pack 187 ml","187 ml",,n,1,1,0,n,,"=""100""",,,,,,n,,,,,,,
"=""085000039588""","Ready-to-Drink (RTD)",1,499,n,n,"BEACH JUICE STRAWBERRY GUAVA LEMONAD","500 ML",,n,5,1,270,n,,"=""100""",,,,,,n,,,,,,,
"=""085000039595""","Ready-to-Drink (RTD)",1,499,n,n,"BEACH JUICE MANGO PEACH SMASH P12 16","500 ML",,n,5,1,270,n,,"=""100""",,,,,,n,,,,,,,
"=""085000039601""","Ready-to-Drink (RTD)",1,499,n,n,"BEACH JUICE PINEAPPLE PASSION PUNCH","500 ML",,n,5,1,270,n,,"=""100""",,,,,,n,,,,,,,
"=""085000039700""","Ready-to-Drink (RTD)",1,457,n,n,"ORANGE CREAM",,,n,5,0,0,n,,"=""100""",,,,,,n,,,,,,,
"=""085000039717""","Ready-to-Drink (RTD)",1,457,n,n,"VIBE WATERMELON LIMEADE",,,n,5,0,0,n,,"=""100""",,,,,,n,,,,,,,
"=""085000040027""","Ready-to-Drink (RTD)",1,457,n,n,VIBE,,,n,5,1,0,n,,"=""100""",,,,,,n,,,,,,,
"=""085000040058""","Hard Seltzer",1,2199,n,n,"HIGH NOON VODKA DAY C24 355ML 8PSL","8 PK 12 OZ",,n,8,1,1379,n,,"=""7""",,,,,,n,,,,,,,
"=""085000040065""","Hard Seltzer",1,3199,n,n,"High Noon Vodka Beach C24 355ml 12sl","12 PK 12 OZ",,n,12,1,2090,n,,"=""21""",,,,,,n,,,,,,,
"=""085000040195""","Hard Seltzer",1,2199,n,n,"HIGH NOON VODKA TEA VARIETY LAKE C24",,,n,1,1,1439,n,,"=""5""",,,,,,n,,,,,,,
"=""085000040201""","Hard Seltzer",1,799,n,n,"HIGH NOON VODKA TEA ORIGINAL C12 700",,,n,2,1,354,n,,"=""22""",,,,,,n,,,,,,,
"=""085000040362""","Ready-to-Drink (RTD)",1,1899,n,n,"VMC VARIETY 6 PK  12 OZ","6 PK 12 OZ",,n,6,4,4500,n,,"=""100""",,,,,,n,,,,,,,
"=""085000040454""","Ready-to-Drink (RTD)",1,1299,n,n,"VMC TAMARINDO C24 12OZ 4PSL",,,n,4,1,789,n,,"=""100""",,,,,,n,,,,,,,
"=""085000040461""","Ready-to-Drink (RTD)",1,699,n,n,"VMC TAMARINDO C12 700ML",,,n,1,1,354,n,,"=""8""",,,,,,n,,,,,,,
"=""085000040638""","Wine General",1,1367,n,n,"COR Salty Crew Blonde Ale 4/6 12oz C",,,n,1,1,889,n,,"=""100""",,,,,,n,,,,,,,
"=""085000040652""","Wine General",1,1499,n,n,"COR Nice & Dry Hard Cider 6/4 16oz C",,,n,1,1,930,n,,"=""100""",,,,,,n,,,,,,,
"=""085000040676""","Wine General",1,342,n,n,"COR Salty Crew Blonde Ale 12/1 19.2o",,,n,1,1,223,n,,"=""100""",,,,,,n,,,,,,,
"=""085000040683""","Hard Seltzer",1,299,n,n,"LOUCKY ONE ORIGINAL","335 ml",,n,1,1,0,n,,"=""100""",,,,,,n,,,,,,,
"=""085000040690""","Hard Iced Tea",1,1439,n,n,"Lucky One Vodka Original Lemonade C2","4 pk",,n,4,1,929,n,,"=""100""",,,,,,n,,,,,,,
"=""085000040713""","Hard Seltzer",1,1499,n,n,"LUCKY ONE VODKA PEACH LEMONADE 4 pk",,,n,4,1,929,n,,"=""100""",,,,,,n,,,,,,,
"=""085000040720""","Hard Seltzer",1,299,n,n,"LUCKY ONE RASPBERRY",,,n,1,0,0,n,,"=""100""",,,,,,n,,,,,,,
"=""085000040737""","Wine General",1,1214,n,n,"LUCKY ONE VODKA RASPBERRY LEMONADE C",,,n,1,1,789,n,,"=""100""",,,,,,n,,,,,,,
"=""085000040744""","Hard Seltzer",1,299,n,n,"LOUCKY ONE LEMONADE BLUEBERRY","335 ml",,n,1,1,0,n,,"=""100""",,,,,,n,,,,,,,
"=""085000040751""","Wine General",1,1214,n,n,"LUCKY ONE VODKA BLUEBERRY LEMONADE C",,,n,1,1,789,n,,"=""100""",,,,,,n,,,,,,,
"=""085000040768""","Wine General",1,2214,n,n,"LUCKY ONE VODKA VARIETY LEMONADE C24",,,n,1,1,1439,n,,"=""100""",,,,,,n,,,,,,,
"=""085000041123""","Ready-to-Drink (RTD)",1,499,n,n,"BEACH JUICE WATERMELON RUSH 16.9 OZ","500 ML",,n,5,1,270,n,,"=""100""",,,,,,n,,,,,,,
"=""085000041185""","Ready-to-Drink (RTD)",1,3179,n,n,"Salt Point 8 pk","8 PK 12 OZ",,n,8,1,2064,n,,"=""3""",,,,,,n,,,,,,,
"=""085000041512""","Ready-to-Drink (RTD)",1,499,n,n,"SALT PIINT KENTUCKY BUCK","335 ml",,n,1,1,0,n,,"=""100""",,,,,,n,,,,,,,
"=""085000041529""","Wine General",1,1646,n,n,"SALT POINT KENTUCKY BUCK C24 12OZ 4P",,,n,1,1,1070,n,,"=""100""",,,,,,n,,,,,,,
"=""085000042564""","Hard Seltzer",1,1999,n,n,"HIGH NOON VODKA TRANSFUSION",,,n,6,1,1154,n,,"=""5""",,,,,,n,,,,,,,
"=""085000042588""","Ready-to-Drink (RTD)",1,1299,n,n,"VMC MANGONADA","4 PK 12 OZ",,n,4,1,789,n,,"=""3""",,,,,,n,,,,,,,
"=""085000042595""","Ready-to-Drink (RTD)",1,699,n,n,"VMC MANGONADA","700 ML",,n,2,1,354,n,,"=""14""",,,,,,n,,,,,,,
"=""085000045213""","Wine Small Sizes",1,799,n,n,"BAREFOOT 4 pk Cabernet 187 ml","748.00 ML",,n,1,1,0,n,,"=""100""",,,,,,n,,,,,,,
"=""085000045282""","Wine Small Sizes",1,799,n,n,"BAREFOOT PINOT GRIGIO 4PK","4*187 ml",,n,1,1,0,n,,"=""100""",,,,,,n,,,,,,,
"=""085000045367""","Wine Small Sizes",1,799,n,n,"BAREFOOT CHARDONNAY 4PK","4*187.00 ML",,n,1,1,0,n,,"=""100""",,,,,,n,,,,,,,
"=""085000239674""","Wine General",1,330,n,n,"FIG Guava Point Conception Fruited I",,,n,1,1,214,n,,"=""100""",,,,,,n,,,,,,,
"=""085000322437""","Wine General",1,2119,n,n,"LA MARCA PROSECCO B24 187ML 3P",,,n,1,1,1378,n,,"=""100""",,,,,,n,,,,,,,
"=""085000422106""","Champagne & Sparkling",1,1899,n,n,"BAREFOOT BUBBLY 4PK PINK MOSCAT","4 pk",,n,4,1,0,n,,"=""100""",,,,,,n,,,,,,,
"=""085000426272""","Hard Seltzer",1,1299,n,n,"HIGH NOON VODKA GRAPEFRUIT C24 355ML",,,n,4,1,756,n,,"=""24""",,,,,,n,,,,,,,
"=""085000429259""","Hard Seltzer",1,1299,n,n,"High Noon Sun Sips Vodka & Soda Watermelon (355 ml)","355 ML 4 PK",,n,4,1,789,n,,"=""3""",,,,,,n,,,,,,,
"=""085000429266""","Hard Seltzer",1,1299,n,n,"High Noon Pineapple Vodka Hard Seltzer Can 4*335 ml","335 ml",,n,4,1,789,n,,"=""5""",,,,,,n,,,,,,,
"=""085000429273""","Hard Seltzer",1,1299,n,n,"High Noon Sun Sips Vodka & Soda Black Cherry (355 ml)",,,n,4,1,789,n,,"=""9""",,,,,,n,,,,,,,
"=""085000430958""","Hard Seltzer",1,1299,n,n,"HIGH NOON VODKA LIME 4 pk",,,n,4,1,756,n,,"=""24""",,,,,,n,,,,,,,
"=""085000431375""","Hard Seltzer",1,1299,n,n,"HIGH NOON VODKA PEACH 4 pk",,,n,4,1,789,n,,"=""100""",,,,,,n,,,,,,,
"=""085000432327""","Hard Seltzer",1,1299,n,n,"HIGH NOON VODKA MANGO 4 pk",,,n,4,1,756,n,,"=""12""",,,,,,n,,,,,,,
"=""085000432563""","Hard Seltzer",1,1299,n,n,"HIGH NOON PASSION FRUIT 4 PK 12 OZ","4 PK 12 OZ",,n,4,1,750,n,,"=""4""",,,,,,n,,,,,,,
"=""085000434260""","Hard Seltzer",1,1299,n,n,"HIGH NOON LEMON 4 PK 12 OZ","4 OK 12 OZ",,n,4,1,765,n,,"=""16""",,,,,,n,,,,,,,
"=""085000435960""","Hard Seltzer",1,1299,n,n,"HIGH NOON TEQUILA LIME C24 355ML 4PS",,,n,4,1,823,n,,"=""9""",,,,,,n,,,,,,,
"=""085000435977""","Hard Seltzer",1,1299,n,n,"HIGH NOON GRAPEFRUIT 4 pk",,,n,4,1,0,n,,"=""9""",,,,,,n,,,,,,,
"=""085000437056""","Ready-to-Drink (RTD)",1,1299,n,n,"VMC MARGARITA C24 12OZ 4PSL",,,n,4,1,789,n,,"=""98""",,,,,,n,,,,,,,
"=""085000437063""","Ready-to-Drink (RTD)",1,1299,n,n,"VMC PALOMA 4PK 12 OZ","4 PK 12 OZ",,n,4,1,789,n,,"=""8""",,,,,,n,,,,,,,
"=""085000437070""","Wine General",1,1299,n,n,"VMC JAMAICA C24 12OZ 4PSL","12FL OZ",,n,4,1,789,n,,"=""6""",,,,,,n,,,,,,,
"=""085000438923""","Hard Seltzer",1,1299,n,n,"HIGH NOON ORIGINAL VODKA ICED TEA",,,n,4,1,0,n,,"=""16""",,,,,,n,,,,,,,
"=""085000438930""","Hard Iced Tea",1,1299,n,n,"highnoon vodka ice tea 4 pk",,,n,4,1,756,n,,"=""100""",,,,,,n,,,,,,,
"=""085000684429""","Wine General",1,2000,n,n,"JSH MIDNIGHT VARIETY PACK H. KOMBUCH",,,n,1,1,1300,n,,"=""100""",,,,,,n,,,,,,,
"=""085000684436""","Wine General",1,1499,n,n,"JSH SPIRITS TEQUILA PALOMA 6/4 12OZ",,,n,1,1,955,n,,"=""100""",,,,,,n,,,,,,,
"=""085000684443""","Wine General",1,1470,n,n,"JSH SPIRITS CLASSIC TEQUILA MARGARIT",,,n,1,1,955,n,,"=""100""",,,,,,n,,,,,,,
"=""085000684450""","Wine General",1,1470,n,n,"JSH SPIRITS CLASSIC VODKA MULE 6/4 1",,,n,1,1,955,n,,"=""100""",,,,,,n,,,,,,,
"=""085000684474""","Wine General",1,2108,n,n,"JSH Sunset Variety Pack H. Kombucha",,,n,1,1,1370,n,,"=""100""",,,,,,n,,,,,,,
"=""085000684498""","Wine General",1,1870,n,n,"EAS LIGHT AMERICAN LAGER 2/12 12OZ C",,,n,1,1,1216,n,,"=""100""",,,,,,n,,,,,,,
"=""085001394228""",BEER,1,2362,n,n,"ASH Tropical Variety 2/12 12oz Can",,,n,1,1,1535,n,,"=""100""",,,,,,n,,,,,,,
"=""085001394242""",BEER,1,2362,n,n,"ASH Red Variety Pack 2/12 12oz Can",,,n,1,1,1535,n,,"=""100""",,,,,,n,,,,,,,
"=""085001394273""","Spirits - Other",1,2362,n,n,"ASH Orange Variety Pack Hard Seltzer",,,n,1,1,1535,n,,"=""100""",,,,,,n,,,,,,,
"=""085001467502""",Kombucha,1,1798,n,n,"BOO Ginger Lime Hard Kombucha 4/6 12",,,n,1,1,1169,n,,"=""100""",,,,,,n,,,,,,,
"=""085001467519""",Kombucha,1,1798,n,n,"BOO Grapefruit Hibiscus Hard Kombuch",,,n,1,1,1169,n,,"=""100""",,,,,,n,,,,,,,
"=""085001467526""",Kombucha,1,1798,n,n,"BOO PINEAPPLE PASSION HARD KOMBUCHA",,,n,1,1,1169,n,,"=""100""",,,,,,n,,,,,,,
"=""085001769576""","IPA Beer",1,1494,n,n,"FRE HEAD FULL OF DYNOMITE HAZY IPA 4",,,n,1,1,971,n,,"=""100""",,,,,,n,,,,,,,
"=""085002832484""","Spirits - Other",1,438,n,n,"BIG Strawberry Margarita (Malt Base)",,,n,1,1,285,n,,"=""100""",,,,,,n,,,,,,,
"=""085003138509""","Energy Drinks",1,599,n,n,"LEILO KAVA TANGERINE MANGO","12 OZ",,n,1,1,299,n,,"=""12""",,,,,,n,,,,,,,
"=""085003938819""","Wine General",1,1492,n,n,"TAH Dankerman IPA w/ Burg, C. Coast",,,n,1,1,970,n,,"=""100""",,,,,,n,,,,,,,
"=""085004588709""","Spirits - Other",1,412,n,n,"SPY MAX CHOCOLATE MILK W/ PROTEIN &",,,n,1,1,268,n,,"=""100""",,,,,,n,,,,,,,
"=""085004588716""","Spirits - Other",1,412,n,n,"SPY VANILLA MILK W/ PROTEIN & CAFFEI",,,n,1,1,268,n,,"=""100""",,,,,,n,,,,,,,
"=""085005904102""","IPA Beer",1,1731,n,n,"MWE IPA 4/6 16oz Can",,,n,1,1,1125,n,,"=""100""",,,,,,n,,,,,,,
"=""085006215603""",Kombucha,1,456,n,n,"JSH Ocean Squeeze Hard Kombucha 12/1",,,n,1,1,297,n,,"=""100""",,,,,,n,,,,,,,
"=""085006215610""",BEER,1,346,n,n,"EAS LIGHT AMERICAN LAGER 12/1 24OZ C",,,n,1,1,225,n,,"=""100""",,,,,,n,,,,,,,
"=""085006215627""",Kombucha,1,1198,n,n,"JSH Midnight Painkiller Hard Kombuch",,,n,1,1,779,n,,"=""100""",,,,,,n,,,,,,,
"=""085006215634""",Kombucha,1,1198,n,n,"JSH Desert Cooler Hard Kombucha 6/4",,,n,1,1,779,n,,"=""100""",,,,,,n,,,,,,,
"=""085006470101""","Wine General",1,1545,n,n,"BER Edge Hill Non-Alc Hazy IPA 4/6 1",,,n,1,1,1004,n,,"=""100""",,,,,,n,,,,,,,
"=""085124859215""","Wine General",1,3299,n,n,"Landmark Vineyards Overlook:Pinot Noir","750.00 ML",,n,1,1,0,n,,"=""100""",,,,,,n,,,,,,,
"=""085155000013""","Champagne & Sparkling",1,2599,n,n,"CHANDON Brut 750ML","750.00 ML",,n,2,1,1585,n,,"=""100""",,,,,,n,,,,,,,
"=""085155000037""","Champagne & Sparkling",1,2499,n,n,"CHANDON Blanc De Pinot Noir 750 ML","750.00 ML",,n,1,1,0,n,,"=""99""",,,,,,n,,,,,,,
"=""085155000402""","Champagne & Sparkling",1,2499,n,n,"CHANDON Brut Rose","750.00 ML",,n,1,1,1585,n,,"=""100""",,,,,,n,,,,,,,
"=""085155273837""","Champagne & Sparkling",1,2599,n,n,"CHANDON GARDEN Spritz 750",,,n,1,1,0,n,,"=""100""",,,,,,n,,,,,,,
"=""085156000500""",Shots,1,399,n,n,"KETEL ONE VODKA CITROEN 50 ML","50 ML",,n,1,1,0,n,,"=""100""",,,,,,n,,,,,,,
"=""085156018017""",Shots,1,399,n,n,"KETEL ONE 50 ML","50 ML",,n,1,1,2400,n,,"=""100""",,,,,,n,,,,,,,
"=""085156122158""",Vodka,1,1699,n,n,"KETEL ONE","375 ml",,n,1,1,0,n,,"=""100""",,,,,,n,,,,,,,
"=""085156515417""",Vodka,1,2699,n,n,"KETLE ONE",750ml,,n,2,1,1750,n,,"=""100""",,,,,,n,,,,,,,
"=""085156675005""",Vodka,1,2999,n,n,"Ketel One Botanical Peach Orange (750 ml)","750 ml",,n,1,1,1760,n,,"=""100""",,,,,,n,,,,,,,
"=""085156775002""",Vodka,1,2999,n,n,"Ketel One Botanical Grpfruit Rose (750 ml)","750 ml",,n,1,1,0,n,,"=""100""",,,,,,n,,,,,,,
"=""085156803682""",Vodka,1,4999,n,n,"Ketel One Vodka","1.75 L",,n,2,1,3050,n,,"=""12""",,,,,,n,,,,,,,
"=""085156875009""","Vodka - Flavored",1,2999,n,n,"KETEL ONE CUCUMBER & MINT","750 ml",,n,2,1,1750,n,,"=""100""",,,,,,n,,,,,,,
"=""085200000050""","Wine Cabernet Sauvignon",1,249,n,n,"SUTTER HOME Cab Sauv 187ML","187 ml",,n,1,1,0,n,,"=""100""",,,,,,n,,,,,,,
"=""085200000067""","Wine Small Sizes",1,199,n,n,"Sutter Home Chardonnay","187 ml",,n,1,1,0,n,,"=""100""",,,,,,n,,,,,,,
"=""085200000074""","Wine Small Sizes",1,199,n,n,"SUTTER HOME SAUVIGNON BLANC 187ML","=""249""",,n,1,1,0,n,,"=""100""",,,,,,n,,,,,,,
"=""085200000098""","Wine Small Sizes",1,199,n,n,"SUTTER HOME WHITE ZINFANDEL 187","187 ml",,n,1,1,0,n,,"=""100""",,,,,,n,,,,,,,
"=""085200000142""","Wine Small Sizes",1,199,n,n,"SUTTER HOME PINOT GRIGIO","187 ml",,n,1,1,0,n,,"=""100""",,,,,,n,,,,,,,
"=""085200000265""","White Wine",1,699,n,n,"Sutter Home:Chardonnay","750.00 ML",,n,1,1,0,n,,"=""100""",,,,,,n,,,,,,,
"=""085200000562""","Wine General",1,1138,n,n,"SUTTER HOME CHARDONNAY(SC) 1.5L","1.50 L",,n,1,1,740,n,,"=""100""",,,,,,n,,,,,,,
"=""085200001354""","Wine Small Sizes",1,499,n,n,"SUTTER HOME PINOT GRIGIO",EA,,n,5,1,276,n,,"=""100""",,,,,,n,,,,,,,
"=""085200001361""","Wine Small Sizes",1,499,n,n,"SUTTER HOME CHARDONNAY","750 ML",,n,5,1,276,n,,"=""32""",,,,,,n,,,,,,,
"=""085200001378""","Wine Small Sizes",1,499,n,n,"SUTTER HOME CABERNET SAUVIGNON","500 ml",,n,5,1,276,n,,"=""100""",,,,,,n,,,,,,,
"=""085200001613""","Wine General",1,1099,n,n,"FRE ALCOHOL - REMOVED WINE CABERNET","750 ML",,n,2,1,700,n,,"=""100""",,,,,,n,,,,,,,
"=""085200005758""","White Wine",1,1499,n,n,"SEAGLASS SAUVIGNON BLANC","750.00 ML",,n,2,1,866,n,,"=""42""",,,,,,n,,,,,,,
"=""085200005789""","Wine General",1,1699,n,n,"Sea Glass Pinot Noir (750 ml)","750.00 ML",,n,1,1,0,n,,"=""100""",,,,,,n,,,,,,,
"=""085200005796""","White Wine",1,1399,n,n,"SEAGLASS PINOT GRIGIO",750ml,,n,2,1,872,n,,"=""11""",,,,,,n,,,,,,,
"=""085200027613""","Wine Cabernet Sauvignon",1,1699,n,n,"SEAGLASS CAB",,,n,1,1,0,n,,"=""100""",,,,,,n,,,,,,,
"=""085200118755""","Wine Small Sizes",1,699,n,n,"SUTTER HOME PINOT GRIGIO 4-PK","748.00 ML",,n,1,1,472,n,,"=""100""",,,,,,n,,,,,,,
"=""085200518746""","Wine Small Sizes",1,699,n,n,"SUTTER HOME CAB 4-PK","748.00 ML",,n,4,1,0,n,,"=""100""",,,,,,n,,,,,,,
"=""085200618743""","Wine Small Sizes",1,699,n,n,"SUTTER HOME CHA 4-PK","748.00 ML",,n,1,1,472,n,,"=""100""",,,,,,n,,,,,,,
"=""085200718740""","Wine Small Sizes",1,799,n,n,"Sutter Home :Sauvignon Blanc","748.00 ML",,n,4,1,451,n,,"=""10""",,,,,,n,,,,,,,
"=""085200918744""","Wine Small Sizes",1,699,n,n,"SUTTER HOME WHITE ZINFANDEL 4PK","748.00 ML",,n,1,1,0,n,,"=""100""",,,,,,n,,,,,,,
"=""085246139417""",Whiskey,1,5499,n,n,"MAKERS MARK","1.75 LITER",,n,2,1,0,n,,"=""100""",,,,,,n,,,,,,,
"=""085246139431""",Whiskey,1,2999,n,n,"Maker's Mark Bourbon Whisky (750 ml)","750 ml",,n,1,1,0,n,,"=""100""",,,,,,n,,,,,,,
"=""085246139462""",Whiskey,1,1067,n,n,"Maker's Mark Bourbon Whisky (200 Ml)","200 ML",,n,1,1,686,n,,"=""100""",,,,,,n,,,,,,,
"=""085246171561""",Shots,1,499,n,n,"MAKERS MARK 50 ML","50 ML",,n,1,1,0,n,,"=""100""",,,,,,n,,,,,,,
"=""085246185001""",Whiskey,1,1899,n,n,"Maker's Mark Kentucky Straight Bourbon Whisky (375 ml)",375ml,,n,1,1,0,n,,"=""100""",,,,,,n,,,,,,,
"=""085246500101""",Whiskey,1,4999,n,n,"Maker's 46","750 ml",,n,2,1,0,n,,"=""100""",,,,,,n,,,,,,,
"=""085246501566""",Whiskey,1,4199,n,n,"MAKERS MARK  101 PROOF","750 ML",,n,1,1,0,n,,"=""100""",,,,,,n,,,,,,,
"=""085246503126""",Whiskey,1,19999,n,n,"MAKERS MARK CHAMPION SELECTION","750 ML",,n,1,0,0,n,,"=""100""",,,,,,n,,,,,,,
"=""085246503171""",Whiskey,1,4999,n,n,"MAKERS MARK BBN CASK ST 7 YEARS 109.6 PROOF","750 ML",,n,2,1,3200,n,,"=""1""",,,,,,n,,,,,,,
"=""085385000012""","Red Wine",1,2799,n,n,"MARKHAM Napa Valley MERLOT",,,n,1,1,0,n,,"=""6""",,,,,,n,,,,,,,
"=""085385000029""","Wine Cabernet Sauvignon",1,5499,n,n,"MARKHAM CABERNET SAUVIGNON","750 ml",,n,1,1,0,n,,"=""100""",,,,,,n,,,,,,,
"=""085385000050""","Wine General",1,2999,n,n,"MARKHAM NAPA VALLEY ALTRUIST 750ML",,,n,1,0,1810,n,,"=""12""",,,,,,n,,,,,,,
"=""085453700356""","IPA Beer",1,1494,n,n,"FRE Lush IPA 4/6 12oz Can",,,n,1,1,971,n,,"=""100""",,,,,,n,,,,,,,
"=""085573100555""","IPA Beer",1,1683,n,n,"SMG Rainbow Bright Hazy IPA 6/4 16oz",,,n,1,1,1094,n,,"=""100""",,,,,,n,,,,,,,
"=""085573100562""","IPA Beer",1,1474,n,n,"SMG IPA 6/4 16oz Can",,,n,1,1,958,n,,"=""100""",,,,,,n,,,,,,,
"=""085592146954""","Vodka - Flavored",1,999,n,n,"BUTTERED POPCORN VODKA","750 ml",,n,1,1,0,n,,"=""100""",,,,,,n,,,,,,,
"=""085725176063""",BEER,1,899,y,n,GREEN,,,n,1,1,0,n,,"=""100""",,,,,,n,,,,,,,
"=""085971800590""","IPA Beer",1,1731,n,n,"COR Weekend Vibes WC IPA 4/6 16oz Ca",,,n,1,1,1125,n,,"=""100""",,,,,,n,,,,,,,
"=""086000078034""",Water,1,449,n,n,"MEL WATER PASSION FRUIT 16.9OZ",,,n,1,1,214,n,,"=""100""",,,,,,n,,,,,,,
"=""086000592424""","Wine General",1,1672,n,n,"TAH LIQUID CANDY WC HAZY IPA 6/4 16O",,,n,1,1,1087,n,,"=""100""",,,,,,n,,,,,,,
"=""086003000087""","Wine General",1,799,n,n,"Woodbridge Mondavi Chardonnay (750 ml)","750.00 ML",,n,1,1,0,n,,"=""100""",,,,,,n,,,,,,,
"=""086003000094""","Wine Cabernet Sauvignon",1,699,n,n,"WOODBRIDGE CABERNET SAUVIGNON","750.00 ML",,n,1,1,430,n,,"=""100""",,,,,,n,,,,,,,
"=""086003001640""","White Wine",1,799,n,n,"WOODBRIDGE PINOT GRIGIO","750.00 ML",,n,2,1,470,n,,"=""10""",,,,,,n,,,,,,,
"=""086003001657""","Wine General",1,1299,n,n,"Woodbridge Mondavi Pinot Grigio (1.5 L)","1.50 L",,n,1,1,0,n,,"=""100""",,,,,,n,,,,,,,
"=""086003002562""","Wine Small Sizes",1,799,n,n,"WOODBRIDGE CABERNET SAUVIGNON 4 pack","4*187 ml",,n,1,1,0,n,,"=""100""",,,,,,n,,,,,,,
"=""086003002579""","Wine Small Sizes",1,799,n,n,"WOODBRDGE MERLOT 4 pack","4*187 ml",,n,1,1,0,n,,"=""100""",,,,,,n,,,,,,,
"=""086003002586""","Wine Small Sizes",1,799,n,n,"WOODBRIDGE CHARDONNAY 4PK","187.00 ML",,n,1,1,0,n,,"=""100""",,,,,,n,,,,,,,
"=""086003002692""","White Wine",1,1099,n,n,"ROBERT MONDAVI PINOT GRIGIO","750.00 ML",,n,1,1,0,n,,"=""100""",,,,,,n,,,,,,,
"=""086003002968""","Wine Small Sizes",1,799,n,n,"WOODBRIDGE  PINOT GRGIO 4PK","187.00 ML",,n,4,1,0,n,,"=""100""",,,,,,n,,,,,,,
"=""086003003392""","Red Wine",1,699,n,n,"WOODBRIDGE PINOT NOIR 750 ml","750.00 ML",,n,2,1,420,n,,"=""4""",,,,,,n,,,,,,,
"=""086003018082""","Red Wine",1,1599,n,n,"MARK WEST BLACK PINOT NOIR 750 ml",,,n,1,1,0,n,,"=""100""",,,,,,n,,,,,,,
"=""086003061910""","Wine Cabernet Sauvignon",1,1099,n,n,"MONDAVI CABERNET","750.00 ML",,n,2,1,710,n,,"=""100""",,,,,,n,,,,,,,
"=""086003251052""","Wine General",1,1999,n,n,"meiomi rose","=""750""",,n,2,1,0,n,,"=""100""",,,,,,n,,,,,,,
"=""086003251274""","Wine Cabernet Sauvignon",1,2999,n,n,"MEIOMI CABERNET SAUVIGNON","750 ml",,n,1,1,0,n,,"=""100""",,,,,,n,,,,,,,
"=""086003251311""","Red Wine",1,2899,n,n,"MEIOMI RED BLEND 750ML",,,n,1,1,0,n,,"=""100""",,,,,,n,,,,,,,
"=""086003253001""","Wine General",1,1499,n,n,"Charles Smith Kung Fu Riesling (750 ml)","750 ML",,n,1,1,0,n,,"=""100""",,,,,,n,,,,,,,
"=""086003255067""","Red Wine",1,6499,n,n,"THE PRISONER RED BLEND 750 ml","750 ML",,n,1,1,3189,n,,"=""2""",,,,,,n,,,,,,,
"=""086003255142""","Wine Cabernet Sauvignon",1,6499,n,n,"THE PRISANER CABERNET SAVIGNON","750 ml",,n,1,1,0,n,,"=""100""",,,,,,n,,,,,,,
"=""086003255173""","White Wine",1,2499,n,n,"UNSHAGKLED SAUVIGNON BLANC","750 ML",,n,2,1,1330,n,,"=""15""",,,,,,n,,,,,,,
"=""086003255203""","Wine General",1,5893,n,n,"Prisoner Pinot Noir Sonoma Cst 21 750ml",,,n,1,1,3820,n,,"=""100""",,,,,,n,,,,,,,
"=""086003255241""","Wine General",1,2385,n,n,"UNSHACKLED PINOT NOIR 23 750ML",,,n,1,1,1550,n,,"=""100""",,,,,,n,,,,,,,
"=""086003258006""","Red Wine",1,3499,n,n,"SALDO ZINFANDEL 750 ML",,,n,1,1,2110,n,,"=""9""",,,,,,n,,,,,,,
"=""086003258037""","Red Wine",1,3499,n,n,"SALDO RED BLEND 750 ml",,,n,1,1,2100,n,,"=""9""",,,,,,n,,,,,,,
"=""086003267084""",Whiskey,1,9999,n,n,"HIGH WEST WSKY AM SM HIGH COUNT 88 750ML","750. ML",,n,1,1,6360,n,,"=""100""",,,,,,n,,,,,,,
"=""086003267091""","Ready-to-Drink (RTD)",1,1999,n,n,"HIGH WEST OLD FASHION","375 ml",,n,1,1,1195,n,,"=""100""",,,,,,n,,,,,,,
"=""086003267114""","Ready-to-Drink (RTD)",1,1999,n,n,"HIGH WEST MANHATTAN","750 ML",,n,1,12,14340,n,,"=""100""",,,,,,n,,,,,,,
"=""086003272057""","Wine General",1,999,n,n,"MI CAMPO CKTL MARG SPICY JALAP45.6 375ML",,,n,1,1,605,n,,"=""100""",,,,,,n,,,,,,,
"=""086003272064""","Wine General",1,1408,n,n,"MI CAMPO TEQ BLANCO 80 375ML",,,n,1,1,915,n,,"=""100""",,,,,,n,,,,,,,
"=""086003272071""","Wine General",1,1408,n,n,"MI CAMPO TEQ REPOSADO 80 375ML",,,n,1,1,915,n,,"=""100""",,,,,,n,,,,,,,
"=""086003272118""","Wine General",1,5754,n,n,"MI CAMPO TEQ BLANCO 80 1.75L",,,n,1,1,3740,n,,"=""100""",,,,,,n,,,,,,,
"=""086003272125""","Wine General",1,6200,n,n,"MI CAMPO TEQ REPOSADO 80 1.75L",,,n,1,1,4030,n,,"=""100""",,,,,,n,,,,,,,
"=""086003272132""","Wine General",1,2814,n,n,"MI CAMPO TEQ BLANCO80VAP W/SKULMUG 750ML",,,n,1,1,1829,n,,"=""100""",,,,,,n,,,,,,,
"=""086003276062""","Wine General",1,29631,n,n,"TO KALON CAB SAUV HWC 21 750ML",,,n,1,1,19260,n,,"=""100""",,,,,,n,,,,,,,
"=""086003276130""","Wine Cabernet Sauvignon",1,29999,n,n,"TO KALON VINEYAED C0",,,n,1,1,19200,n,,"=""100""",,,,,,n,,,,,,,
"=""086003278011""","Red Wine",1,3499,n,n,"UNSHACKLED RED BLEND",,,n,1,1,0,n,,"=""5""",,,,,,n,,,,,,,
"=""086003278028""","Wine Cabernet Sauvignon",1,2999,n,n,"UNSHACKLED CABERNET SAUVIGNON","750 ml",,n,1,1,1550,n,,"=""100""",,,,,,n,,,,,,,
"=""086003280441""","Wine Cabernet Sauvignon",1,9999,n,n,"DOUBLE DIAMOUND CABERNET SAUVIGNON","750 ml",,n,1,1,0,n,,"=""100""",,,,,,n,,,,,,,
"=""086003282018""","Wine Cabernet Sauvignon",1,9999,n,n,"DOUBLE DIAMOND",,,n,1,1,0,n,,"=""100""",,,,,,n,,,,,,,
"=""086003319004""","Wine General",1,2015,n,n,"DRYLANDS SAUVIGNON BLANC(SC) 750ML",,,n,1,1,1310,n,,"=""100""",,,,,,n,,,,,,,
"=""086003451865""","Wine General",1,1999,n,n,"Mondavi Chardonnay Napa (750 ml)","750.00 ML",,n,1,1,0,n,,"=""100""",,,,,,n,,,,,,,
"=""086003461925""","Wine General",1,1092,n,n,"MONDAVI PRV SEL CHARD CA(SC) 750ML","750.00 ML",,n,1,1,710,n,,"=""100""",,,,,,n,,,,,,,
"=""086003780217""","Wine Cabernet Sauvignon",1,1499,n,n,"ROBERT MONDAVI PRIVT SELECTION CABERNET",,,n,1,1,0,n,,"=""100""",,,,,,n,,,,,,,
"=""086003813854""","Wine General",1,1399,n,n,"Woodbridge by Robert Mondavi Cabernet Sauvignon","1.50 LT",,n,1,1,0,n,,"=""100""",,,,,,n,,,,,,,
"=""086003820678""","Wine Small Sizes",1,799,n,n,"WOODBRDGE ROSÔøΩÔøΩÔøΩÔøΩÔøΩÔøΩÔøΩÔøΩÔøΩÔøΩÔøΩÔøΩ",,,n,1,1,0,n,,"=""100""",,,,,,n,,,,,,,
"=""086003861862""","White Wine",1,699,n,n,"WOODBRIDGE SAUVIGNON BLANC","750.00 ML",,n,2,1,420,n,,"=""100""",,,,,,n,,,,,,,
"=""086003863866""","Wine General",1,1499,n,n,"Woodbridge by Robert Mondavi Sauvignon Blanc","1.50 LT",,n,2,1,932,n,,"=""6""",,,,,,n,,,,,,,
"=""086003873889""","Wine General",1,1499,n,n,"Woodbridge by Robert Mondavi:Chardonnay","1.50 LT",,n,2,1,932,n,,"=""4""",,,,,,n,,,,,,,
"=""086012102734""","White Wine",1,2399,n,n,"CHARLES KRUG SB","750.00 ML",,n,1,1,0,n,,"=""100""",,,,,,n,,,,,,,
"=""086012200430""","Wine Cabernet Sauvignon",1,2499,n,n,"Charles Krug Peter Mondavi Family:Cabernet Sauvignon","750.00 ML",,n,1,1,0,n,,"=""100""",,,,,,n,,,,,,,
"=""086012601138""","Wine Cabernet Sauvignon",1,8099,n,n,"CHARLES KRUG CABERNET SAUVIGNON",,,n,1,1,0,n,,"=""100""",,,,,,n,,,,,,,
"=""086024007874""","Spirits - Other",1,169,n,n,"MARGARITAVILLE SILVER TEQUILA P120 5",,,n,1,1,852,n,,"=""100""",,,,,,n,,,,,,,
"=""086024007997""",Tequila,1,169,n,n,"MARGARITAVILLE GOLD TEQUILA P120 50M",,,n,1,1,852,n,,"=""100""",,,,,,n,,,,,,,
"=""086027500181""","Spirits - Other",1,2000,n,n,"JSH Oasis H Kombucha Variety Pack 3/",,,n,1,1,1300,n,,"=""100""",,,,,,n,,,,,,,
"=""086036815597""","Brandy & Cognac",1,1699,n,n,"Christian Brothers Brandy VS",750ml,,n,2,1,1030,n,,"=""1""",,,,,,n,,,,,,,
"=""086112900032""","Spirits - Other",1,1575,n,n,"MWE SHORT LIVED IPA COLLABORATION 6/",,,n,1,1,1024,n,,"=""100""",,,,,,n,,,,,,,
"=""086395094558""",Liqueur,1,1199,n,n,"NIGORI UNRILTERED SAKE","750 ML",,n,1,1,0,n,,"=""100""",,,,,,n,,,,,,,
"=""086395095005""",Liqueur,1,899,n,n,"SHO CHIKU BAI","750 ML",,n,1,1,0,n,,"=""100""",,,,,,n,,,,,,,
"=""086767210067""",Liqueur,1,3499,n,n,"BAILEYS 750ML","750 ml",,n,1,1,2148,n,,"=""100""",,,,,,n,,,,,,,
"=""086767210098""",Liqueur,1,1999,n,n,"BAILEYS 375 ML",375ml,,n,1,1,0,n,,"=""100""",,,,,,n,,,,,,,
"=""086767210104""",Liqueur,1,1399,n,n,"BAILEYS 200 ML",200ml,,n,1,1,784,n,,"=""100""",,,,,,n,,,,,,,
"=""086767210128""",Liqueur,1,399,n,n,"Baileys Irish Cream (50 ml)","50 ml",,n,1,1,0,n,,"=""100""",,,,,,n,,,,,,,
"=""086767500120""",Shots,1,325,n,n,"Imported Goldschlager",50ml,,n,1,1,0,n,,"=""100""",,,,,,n,,,,,,,
"=""086767520067""",Liqueur,1,2799,n,n,"Rumple Minze (750 ml)","750 ML",,n,1,1,0,n,,"=""100""",,,,,,n,,,,,,,
"=""086767520227""",Liqueur,1,399,n,n,"Rumple Minze (50 ml)","=""1""",,n,1,1,0,n,,"=""100""",,,,,,n,,,,,,,
"=""086767703798""","Spirits - Other",1,3654,n,n,"RUMPLE MINZE PEPP 100 12/10PK PET 50ML",,,n,1,1,2375,n,,"=""100""",,,,,,n,,,,,,,
"=""086767705426""","Spirits - Other",1,999,n,n,"RUMPLE MINZE PEPPERMINT SCH100 PET 200ML","200 ML",,n,1,1,566,n,,"=""99""",,,,,,n,,,,,,,
"=""086767705433""",Liqueur,1,1699,n,n,"RUMPLE MINZE PEPPERMINT","375 ML",,n,1,1,1070,n,,"=""19""",,,,,,n,,,,,,,
"=""086785000084""","Wine General",1,999,n,n,"Cavit Collection Pinot Grigio (750 ml)","750.00 ML",,n,1,1,0,n,,"=""100""",,,,,,n,,,,,,,
"=""086785212067""","White Wine",1,1299,n,n,"CAVIT ITALY","750.00 ML",,n,1,1,0,n,,"=""100""",,,,,,n,,,,,,,
"=""086785212364""","Wine General",1,1599,n,n,"Cavit Collection:Moscato","750.00 ML",,n,1,1,916,n,,"=""100""",,,,,,n,,,,,,,
"=""086788000470""","Red Wine",1,1599,n,n,"HAHN GSM",750ml,,n,1,1,0,n,,"=""100""",,,,,,n,,,,,,,
"=""086788001477""","White Wine",1,1999,n,n,"SMITH & HOOK",,,n,1,1,0,n,,"=""100""",,,,,,n,,,,,,,
"=""086788015573""","White Wine",1,1799,n,n,"HAHN SLH",,,n,1,1,0,n,,"=""100""",,,,,,n,,,,,,,
"=""086788016075""","Wine Cabernet Sauvignon",1,2999,n,n,"SMITH & hook","750 ML",,n,2,1,1759,n,,"=""100""",,,,,,n,,,,,,,
"=""086788018871""","Red Wine",1,2599,n,n,"Hahn SLH:Pinot Noir","750.00 ML",,n,2,1,1634,n,,"=""3""",,,,,,n,,,,,,,
"=""086788042272""","Red Wine",1,1999,n,n,"BONESHAKER ZINFANDEL",,,n,1,1,0,n,,"=""100""",,,,,,n,,,,,,,
"=""086788060177""","Red Wine",1,2199,n,n,"SMITH HOOK RED BLENB 750 ml","750 ml",,n,1,1,0,n,,"=""100""",,,,,,n,,,,,,,
"=""086788666881""","Wine Cabernet Sauvignon",1,1599,n,n,"HAHN CABERNET SAUVIGNON","750.00 ML",,n,1,1,1010,n,,"=""100""",,,,,,n,,,,,,,
"=""086788777891""","Red Wine",1,1499,n,n,"HAHN MERLOT 750 ml","750.00 ML",,n,2,1,0,n,,"=""100""",,,,,,n,,,,,,,
"=""086788888023""","Red Wine",1,1699,n,n,"HAHN PINOT NOIR 750 ML","750 ML",,n,1,1,1001,n,,"=""100""",,,,,,n,,,,,,,
"=""086891022871""","Wine General",1,2799,n,n,"Santa Margherita Pinot Grigio (750 ml)","750.00 ML",,n,1,1,0,n,,"=""100""",,,,,,n,,,,,,,
"=""086891054001""",Liqueur,1,5699,n,n,NONINO,"750 ml",,n,1,1,0,n,,"=""100""",,,,,,n,,,,,,,
"=""086891071503""","Wine Cabernet Sauvignon",1,12999,n,n,"CHIMNEY ROCK S L D CAB 2015","750.00 ML",,n,1,1,0,n,,"=""100""",,,,,,n,,,,,,,
"=""086891083049""","Wine General",1,1999,n,n,"FEDERALIST ZINFANDEL LODI 750ML","750 ml",,n,1,1,1185,n,,"=""12""",,,,,,n,,,,,,,
"=""086891083186""","Wine Cabernet Sauvignon",1,1999,n,n,"THE FEDERALIST CAVERNET SAUVIGNON","750.00 ML",,n,1,1,1210,n,,"=""100""",,,,,,n,,,,,,,
"=""086891084657""","White Wine",1,1499,n,n,"TERLATO  FRIULI PINOT GRIGIO","750 OZ",,n,1,1,0,n,,"=""100""",,,,,,n,,,,,,,
"=""086891086132""","Red Wine",1,1799,n,n,"FEDERALIST RED BLEND","750 ml",,n,1,1,1185,n,,"=""100""",,,,,,n,,,,,,,
"=""086891087030""","Red Wine",1,2199,n,n,"FEDERALIST ZINFANDEL 750 ML",,,n,1,1,0,n,,"=""100""",,,,,,n,,,,,,,
"=""086891090399""","Red Wine",1,2499,n,n,"THE FEDERALIST PINOT NOIR","750 ML",,n,2,0,0,n,,"=""100""",,,,,,n,,,,,,,
"=""086891090580""","White Wine",1,1999,n,n,"FEDERALIST SAUVIGNON BLANC",,,n,1,1,0,n,,"=""100""",,,,,,n,,,,,,,
"=""086891090672""",Liqueur,1,6499,n,n,"fontabonne Herbal Liqueur 90 750 ml","750 ml",,n,1,2,7999,n,,"=""100""",,,,,,n,,,,,,,
"=""087000001992""",Shots,1,449,n,n,"CROWN ROYAL 50 ML","50 ML",,n,1,1,0,n,,"=""100""",,,,,,n,,,,,,,
"=""087000002715""",Rum,1,1899,n,n,"Captain Morgan  Spiced Rum",750ml,,n,2,1,1200,n,,"=""100""",,,,,,n,,,,,,,
"=""087000002739""",Rum,1,699,n,n,"CAPT MORGAN SPICED RUM","200 ML",,n,1,1,465,n,,"=""100""",,,,,,n,,,,,,,
"=""087000002777""",Rum,1,1099,n,n,"CAPT MORGAN SPICED  RUM","375 ML",,n,1,1,693,n,,"=""100""",,,,,,n,,,,,,,
"=""087000003149""",Shots,1,299,n,n,"CAPTAIN MORGAN SPICED RUM","50 ML",,n,1,1,0,n,,"=""100""",,,,,,n,,,,,,,
"=""087000003262""",Whiskey,1,149,n,n,"Seagram 7",,,n,1,1,0,n,,"=""100""",,,,,,n,,,,,,,
"=""087000004047""",Whiskey,1,5999,n,n,"Bulleit Bourbon Frontier Whisky","1.75 L",,n,2,1,0,n,,"=""100""",,,,,,n,,,,,,,
"=""087000004122""",Whiskey,1,1999,n,n,"Bulleit Bourbon Frontier Whiskey Kentucky Straight Bourbon Whiskey (375 ml)",375ml,,n,1,1,1120,n,,"=""100""",,,,,,n,,,,,,,
"=""087000005525""",Whiskey,1,3499,n,n,"Bulleit Bourbon (750 ml)",750ml,,n,1,1,0,n,,"=""100""",,,,,,n,,,,,,,
"=""087000007253""",Whiskey,1,2999,n,n,"Crown Royal Fine de Luxe Blended Canadian Whisky (750 ml)",750ml,,n,2,1,1885,n,,"=""10""",,,,,,n,,,,,,,
"=""087000007277""",Whiskey,1,999,n,n,"Crown Royal (200 ml)",200ml,,n,1,1,655,n,,"=""100""",,,,,,n,,,,,,,
"=""087000007338""",Whiskey,1,1499,n,n,"SEAGRAMS 7 CROWN 80 750ML","750 ML",,n,2,1,960,n,,"=""9""",,,,,,n,,,,,,,
"=""087000007352""",Whiskey,1,499,n,n,"Seagram's 7 American Blended Whisky","200 ml",,n,1,1,0,n,,"=""99""",,,,,,n,,,,,,,
"=""087000007390""",Whiskey,1,599,n,n,"Seagram's Vo Whiskey","200 ml",,n,1,1,0,n,,"=""100""",,,,,,n,,,,,,,
"=""087000007604""",Whiskey,1,1787,n,n,"Crown Royal (375 Ml)","375 ml",,n,1,1,1157,n,,"=""100""",,,,,,n,,,,,,,
"=""087000007659""",Whiskey,1,899,n,n,"SEAGRAMS 7 CROWN 80 PET FLASK 375ML","375 ml",,n,1,1,584,n,,"=""100""",,,,,,n,,,,,,,
"=""087000201156""",Rum,1,2999,n,n,"Capt Morgan Spiced Rum (1.75 L)",1.75L,,n,1,1,0,n,,"=""100""",,,,,,n,,,,,,,
"=""087000201330""",Whiskey,1,3999,n,n,"Crown Reserve",750ml,,n,2,1,0,n,,"=""100""",,,,,,n,,,,,,,
"=""087000351608""","White Wine",1,1399,n,n,"STELLINA DI NOTTE PINOT GRIGIO",,,n,1,1,0,n,,"=""100""",,,,,,n,,,,,,,
"=""087000700604""",Whiskey,1,6102,n,n,"Crown Royal","1.75 LITER",,n,2,1,3962,n,,"=""6""",,,,,,n,,,,,,,
"=""087000700703""",Whiskey,1,2499,n,n,"Seagram's 7 American Blended Whisky","1.75 L",,n,2,1,0,n,,"=""100""",,,,,,n,,,,,,,
"=""087000700758""",Whiskey,1,2999,n,n,"Seagram's VO Canadian","1.75 ml",,n,2,1,0,n,,"=""100""",,,,,,n,,,,,,,
"=""087000701045""",Whiskey,1,2008,n,n,"CROWN ROYAL CANADIAN 80 10/6PK PET 50ML",,,n,1,1,1305,n,,"=""100""",,,,,,n,,,,,,,
"=""087076211462""","Hanging Snacks",1,499,n,n,"SNAK CLUB Salted Peanuts",213g,,n,1,1,226,n,,"=""100""",,,,,,n,,,,,,,
"=""087076211745""","Hanging Snacks",1,499,n,n,"SNAK  CLUB SALTED MIXED NUTS",78g,,n,1,1,0,n,,"=""100""",,,,,,n,,,,,,,
"=""087076214401""","Hanging Snacks",1,499,n,n,"TRAILMIX SWEET&SALTY","5.5 OZ",,n,1,6,1380,n,,"=""100""",,,,,,n,,,,,,,
"=""087076214593""","Hanging Snacks",1,499,n,n,"S C ENRGIZER TRAIL","6.75 OZ",,n,1,6,1388,n,,"=""100""",,,,,,n,,,,,,,
"=""087076214739""","Hanging Snacks",1,499,n,n,"Snak Club Sunflower Kernels",213g,,n,1,1,227,n,,"=""100""",,,,,,n,,,,,,,
"=""087076214753""","Hanging Snacks",1,499,n,n,"Snak club cajun style snack mix",,,n,1,6,1359,n,,"=""100""",,,,,,n,,,,,,,
"=""087076215026""","Hanging Snacks",1,499,n,n,"SNAK CLUB PEANUT BUTTER CHOCOLATE",,,n,1,1,0,n,,"=""100""",,,,,,n,,,,,,,
"=""087076215897""","Hanging Snacks",1,499,n,n,"SNACK C PEACH RINGS",213g,,n,1,1,226,n,,"=""100""",,,,,,n,,,,,,,
"=""087076216108""","Hanging Snacks",1,499,n,n,"snak club watermelon 5 oz",,,n,1,1,226,n,,"=""100""",,,,,,n,,,,,,,
"=""087076216436""","Hanging Snacks",1,399,n,n,"Snak club, tajin toasted corn: chili and lime",,,n,1,1,0,n,,"=""100""",,,,,,n,,,,,,,
"=""087076216443""","Hanging Snacks",1,499,n,n,"SNACK CLUB TAJIN CHILI & LIME",4oz,,n,1,0,0,n,,"=""100""",,,,,,n,,,,,,,
"=""087076216474""","Hanging Snacks",1,499,n,n,"SNAK CLUB TAJIN",,,n,1,1,226,n,,"=""100""",,,,,,n,,,,,,,
"=""087076219062""","Energy Drinks",1,499,n,n,"SNAK CLUB GUMMY BEARS",,,n,1,0,0,n,,"=""100""",,,,,,n,,,,,,,
"=""087076219154""","Hanging Snacks",1,499,n,n,"HOT ONES SMOKY SWEET SNACK MIX","4.5 OZ",,n,1,1,217,n,,"=""4""",,,,,,n,,,,,,,
"=""087076219161""","Hanging Snacks",1,499,n,n,"HOT ONES TANGY CHILI SNACK MIX","4.5 OZ",,n,1,1,217,n,,"=""3""",,,,,,n,,,,,,,
"=""087076219192""","Hanging Snacks",1,499,n,n,"SNAK CLUB PINEAPPLE RINGS",,,n,1,1,226,n,,"=""99""",,,,,,n,,,,,,,
"=""087076457396""","Hanging Snacks",1,199,n,n,"Snak Club Tajin Crunchy Peanuts 1.4z",,,n,1,1,79,n,,"=""100""",,,,,,n,,,,,,,
"=""087116008304""",Liqueur,1,1499,n,n,"KAMORA COFFEE LIQUEUR 750ML","750.00 ML",,n,1,1,0,n,,"=""100""",,,,,,n,,,,,,,
"=""087116069732""",Vodka,1,6499,n,n,"Belvedere Vodka (1.75L)","1.75 ML",,n,1,1,0,n,,"=""100""",,,,,,n,,,,,,,
"=""087229127022""",Liqueur,1,2499,n,n,"LUZARDO ESPRESSO","750 ML",,n,2,0,0,n,,"=""100""",,,,,,n,,,,,,,
"=""087229127411""","Spirits - Other",1,2829,n,n,"LUXARDO APERITIVO LIQ 22 750ML",,,n,1,1,1839,n,,"=""100""",,,,,,n,,,,,,,
"=""087229174033""","Spirits - Other",1,5669,n,n,"NO 3 LONDON DRY GIN 92 750ML",,,n,1,1,3685,n,,"=""100""",,,,,,n,,,,,,,
"=""087236001131""","Brandy & Cognac",1,1799,n,n,"REMY MARTIN V.S.O.P.",200ml,,n,1,1,0,n,,"=""100""",,,,,,n,,,,,,,
"=""087236001162""","Brandy & Cognac",1,6499,n,n,"RE'MY MARTIN V.S.O.P",750ml,,n,1,1,0,n,,"=""100""",,,,,,n,,,,,,,
"=""087236001247""","Brandy & Cognac",1,2999,n,n,"REMY MARTIN V.S.O.P","375 ml",,n,1,1,0,n,,"=""100""",,,,,,n,,,,,,,
"=""087236002114""","Brandy & Cognac",1,7999,n,n,"REMY MARTIN 1738","750 ml",,n,2,1,0,n,,"=""100""",,,,,,n,,,,,,,
"=""087236002831""","Brandy & Cognac",1,3999,n,n,"REMY MARTIN 1738",375ml,,n,1,1,0,n,,"=""100""",,,,,,n,,,,,,,
"=""087236565107""",Liqueur,1,4999,n,n,"Cointreau (750 ml)",750ml,,n,2,1,3000,n,,"=""100""",,,,,,n,,,,,,,
"=""087236565206""",Liqueur,1,2199,n,n,"Cointreau Orange Liqueur (375 ml)",375ml,,n,1,1,0,n,,"=""100""",,,,,,n,,,,,,,
"=""087236565305""",Shots,1,349,n,n,COINTREAU,"50 ML",,n,1,1,0,n,,"=""100""",,,,,,n,,,,,,,
"=""087236700362""",GIN,1,4499,n,n,"THE BOTANIST GIN","750 ml",,n,1,1,0,n,,"=""100""",,,,,,n,,,,,,,
"=""087236950033""",Rum,1,2499,n,n,"Mount Gay Eclipse (750 ml)","750 ml",,n,1,1,0,n,,"=""100""",,,,,,n,,,,,,,
"=""087236950323""",Rum,1,2499,n,n,"MG RUM ECLIPSE SILVER 1L","1 LITER",,n,2,1,0,n,,"=""100""",,,,,,n,,,,,,,
"=""087241881063""","Wine General",1,899,n,n,"Mezzacorona Pinot Grigio (750 ml)","750.00 ML",,n,1,1,0,n,,"=""100""",,,,,,n,,,,,,,
"=""087356405123""","Wine Cabernet Sauvignon",1,1499,n,n,"CLOS DU BOIS CABERNET SAUVIGNON 750 ml","750.00 ML",,n,2,1,779,n,,"=""100""",,,,,,n,,,,,,,
"=""087356442128""","Red Wine",1,1499,n,n,"CLOS DU BOIS PINOT NOIR 750 ml","750.00 ML",,n,2,1,779,n,,"=""100""",,,,,,n,,,,,,,
"=""087356510117""","Wine Small Sizes",1,899,n,n,"CLOS DU BOIS CHARDONNAY 375ML","375.00 ML",,n,1,1,0,n,,"=""100""",,,,,,n,,,,,,,
"=""087356510124""","White Wine",1,1299,n,n,"CLOS DU BOIS CHARD","750.00 ML",,n,2,1,779,n,,"=""100""",,,,,,n,,,,,,,
"=""087356510445""","White Wine",1,1299,n,n,"CLOS DU BOIS PINOT GRIGIO","750.00 ML",,n,2,1,779,n,,"=""100""",,,,,,n,,,,,,,
"=""087356535127""","White Wine",1,1299,n,n,"CLOD DU BOIS SAUVIGNON BLANC","750.00 ML",,n,2,1,639,n,,"=""100""",,,,,,n,,,,,,,
"=""087447218724""","Wine Cabernet Sauvignon",1,3999,n,n,"RAYMOND RESERVE CABERNET SAUVIGNON","750.00 ML",,n,1,1,0,n,,"=""100""",,,,,,n,,,,,,,
"=""087447419220""","Red Wine",1,1999,n,n,"RAYMOND MERLOT","750.00 ML",,n,1,1,0,n,,"=""100""",,,,,,n,,,,,,,
"=""087512075337""","Wine Cabernet Sauvignon",1,6299,n,n,"RODNEY SYMMET CABERNET SAUVIGNON","750.00 ML",,n,1,1,0,n,,"=""100""",,,,,,n,,,,,,,
"=""087512912359""","Wine Cabernet Sauvignon",1,2499,n,n,"RODNEY STRONG CAB","750.00 ML",,n,1,1,0,n,,"=""100""",,,,,,n,,,,,,,
"=""087512913257""","Wine General",1,2199,n,n,"Rodney Strong Chardonnay (750 ml)","750.00 ML",,n,1,1,960,n,,"=""100""",,,,,,n,,,,,,,
"=""087512914230""","White Wine",1,2199,n,n,"RODNEY STRONG",,,n,1,1,1310,n,,"=""100""",,,,,,n,,,,,,,
"=""087512927957""","Red Wine",1,2199,n,n,"Rodney Strong Estate Vineyards:Pinot Noir","750.00 ML",,n,1,1,0,n,,"=""100""",,,,,,n,,,,,,,
"=""087512929364""","Wine Cabernet Sauvignon",1,2999,n,n,"RODNEY STRONG CABERNET SAUVIGNON RRV","750 ml",,n,1,1,0,n,,"=""100""",,,,,,n,,,,,,,
"=""087512929685""","Wine Cabernet Sauvignon",1,3299,n,n,"RODNEY STRONG CABERNET SAUVIGNON","750.00 ML",,n,1,1,0,n,,"=""100""",,,,,,n,,,,,,,
"=""087647081425""","Scotch Whisky",1,4999,n,n,Jura,"750 ML",,n,1,1,0,n,,"=""100""",,,,,,n,,,,,,,
"=""087647111672""","Scotch Whisky",1,8499,n,n,"DALMORE 12 YEARS",750ml,,n,1,1,0,n,,"=""100""",,,,,,n,,,,,,,
"=""087647111689""","Scotch Whisky",1,15499,n,n,"DALMORE 15 YEARS","750 ML",,n,1,1,0,n,,"=""100""",,,,,,n,,,,,,,
"=""087647113225""","Scotch Whisky",1,3499,n,n,"SHACKLETON SCOTCH WHISKY",750ML,,n,1,1,0,n,,"=""100""",,,,,,n,,,,,,,
"=""087647113409""","Scotch Whisky",1,8999,n,n,"DALMORE PORT WOOD","750 ML",,n,1,1,0,n,,"=""100""",,,,,,n,,,,,,,
"=""087647114123""","Scotch Whisky",1,9999,n,n,"THE DALMORE SHERRY CASK SELECT","750 ML",,n,2,1,6309,n,,"=""100""",,,,,,n,,,,,,,
"=""087692000846""",Cider,1,499,n,n,"ANGRY ORCHARD CRISP APPLE C24 16OZ","16 Oz",,n,1,1,196,n,,"=""100""",,,,,,n,,,,,,,
"=""087692001171""","Hard Iced Tea",1,499,n,n,"TWISTED TEA LITE C12 24OZ","24 oz",,n,2,1,278,n,,"=""9""",,,,,,n,,,,,,,
"=""087692003786""","Hard Iced Tea",1,2575,n,n,"Twised Tea Party Pack 12 Pk 12 Oz","12 PK 12 OZ",,n,12,1,1665,n,,"=""100""",,,,,,n,,,,,,,
"=""087692004240""","Hard Seltzer",1,2575,n,n,"Truly Citrus Mix Pack Variety C24 12","12 packs",,n,12,1,1665,n,,"=""99""",,,,,,n,,,,,,,
"=""087692004905""","Hard Iced Tea",1,499,n,n,"Twisted Tea Peach Can (24 oz)","24 oz",,n,2,1,290,n,,"=""13""",,,,,,n,,,,,,,
"=""087692006701""","Hard Iced Tea",1,2599,n,n,"TWISTED TEA LITE C24 12OZ 12P",,,n,12,1,1665,n,,"=""100""",,,,,,n,,,,,,,
"=""087692006770""","Hard Seltzer",1,219,n,n,"Truly Wild Berry Can (24 oz)",12oz,,n,1,1,0,n,,"=""100""",,,,,,n,,,,,,,
"=""087692006862""","Hard Seltzer",1,2575,n,n,"Truly Berry Mix Pack Variety C24 12o",,,n,12,1,1665,n,,"=""100""",,,,,,n,,,,,,,
"=""087692009511""","Hard Seltzer",1,449,n,n,"TRULY WILD BERRY 24 OZ","24 OZ",,n,2,1,289,n,,"=""15""",,,,,,n,,,,,,,
"=""087692009702""","Hard Seltzer",1,449,n,n,"TRULY strawberry lemonade  24 OZ","24 OZ",,n,1,12,3355,n,,"=""22""",,,,,,n,,,,,,,
"=""087692009917""","Hard Seltzer",1,2499,n,n,"TRULY LEMONADE VARIETY 12 PK 12 OZ","12 PK 12 OZ",,n,12,2,3210,n,,"=""100""",,,,,,n,,,,,,,
"=""087692010753""","Hard Iced Tea",1,499,n,n,"TWISTED TEA BLACK CHERRY24OZ",,,n,2,1,290,n,,"=""19""",,,,,,n,,,,,,,
"=""087692011682""","Hard Seltzer",1,449,n,n,"TRULY STRAWBERRY LEMONADE 24 OZ","24 OZ",,n,2,1,290,n,,"=""32""",,,,,,n,,,,,,,
"=""087692012276""","Hard Seltzer",1,2599,n,n,"TRULY PUNCH MIXED VARIETY C24 12OZ 1",,,n,12,1,1665,n,,"=""100""",,,,,,n,,,,,,,
"=""087692012825""","Hard Seltzer",1,2562,n,n,"TRULY GETAWAY VARIETY C24 12OZ 12PSL","12 PK",,n,12,1,1665,n,,"=""100""",,,,,,n,,,,,,,
"=""087692014409""",BEER,1,399,y,n,SAUZA,,,n,1,1,0,n,,"=""100""",,,,,,n,,,,,,,
"=""087692015161""","Hard Iced Tea",1,2599,n,n,"TWISTED TEA LIGHT VARIETY 12 PK 12 OZ","12 PK 12 OZ",,n,12,2,3210,n,,"=""100""",,,,,,n,,,,,,,
"=""087692016144""","Hard Iced Tea",1,499,n,n,"TWISTED TEA PINEAPPLE C12 24OZ",,,n,2,1,290,n,,"=""13""",,,,,,n,,,,,,,
"=""087692017820""","Hard Iced Tea",1,499,n,n,"TWISTED XTREME BLUE RAZZ 24OZ",,,n,2,1,278,n,,"=""18""",,,,,,n,,,,,,,
"=""087692017837""","Hard Iced Tea",1,449,n,n,"TWISTED XTREME LEMON C12 24OZ","24 oz",,n,2,1,278,n,,"=""100""",,,,,,n,,,,,,,
"=""087692017912""","IPA Beer",1,1399,n,n,"ANGRY ORCHARD 6 PK CANS","6 PK 12 OZ",,n,6,1,906,n,,"=""2""",,,,,,n,,,,,,,
"=""087692018100""","Hard Seltzer",1,449,n,n,"TRULY CITRUS SQUEEZE 24 OZ","24 OZ",,n,2,1,290,n,,"=""11""",,,,,,n,,,,,,,
"=""087692018506""","Hard Seltzer",1,2575,n,n,"Truly Berry Party Variety C24 12oz 12psl","12 PK",,n,12,1,1665,n,,"=""100""",,,,,,n,,,,,,,
"=""087692019046""","Hard Seltzer",1,2599,n,n,"TRULY UNRULY VARIETY C24 12OZ 12PSL",,,n,12,1,1665,n,,"=""100""",,,,,,n,,,,,,,
"=""087692019435""","Hard Seltzer",1,299,y,n,TRULY,,,n,1,1,0,n,,"=""100""",,,,,,n,,,,,,,
"=""087692020288""","Hard Iced Tea",1,1299,n,n,"SUN CRUISER CLASIC ICE TEA 4 PK 12 oz","4 PK 12 OZ",,n,4,1,736,n,,"=""100""",,,,,,n,,,,,,,
"=""087692020295""","Ready-to-Drink (RTD)",1,1299,n,n,"SUN CRUISER","4 PCK",,n,4,1,790,n,,"=""100""",,,,,,n,,,,,,,
"=""087692020301""","Hard Iced Tea",1,2199,n,n,"SUN CRUISER ICED TEA PLUS VODKA 8 PK 12 OZ","8 PK 12 OZ",,n,8,1,1373,n,,"=""100""",,,,,,n,,,,,,,
"=""087692020516""","Hard Iced Tea",1,499,n,n,"TWISTED TEA ROCKET POP C12 24OZ",,,n,2,1,278,n,,"=""100""",,,,,,n,,,,,,,
"=""087692021049""","Hard Iced Tea",1,1299,n,n,"SUN CRUISER PEACH ICE TEA 4 PK 12 oz","4 PK 12 OZ",,n,4,1,716,n,,"=""100""",,,,,,n,,,,,,,
"=""087692021063""","Hard Seltzer",1,499,n,n,"TRULY UNRULY TROPICAL TWIST","24 OZ",,n,2,1,289,n,,"=""21""",,,,,,n,,,,,,,
"=""087692021414""","Hard Iced Tea",1,2199,n,n,"SUN CRUISER CLASSIC ICE TEA VODKA 8 PK 12 OZ","8 PK 12 OZ",,n,8,1,1373,n,,"=""100""",,,,,,n,,,,,,,
"=""087692021421""","Ready-to-Drink (RTD)",1,2199,n,n,Suncruser,,,n,8,1,1373,n,,"=""100""",,,,,,n,,,,,,,
"=""087692021544""","Hard Iced Tea",1,2199,n,n,"SUN CRUISER LEMONADE VARIETY 8 PK","8 PK 12 OZ",,n,8,1,1373,n,,"=""99""",,,,,,n,,,,,,,
"=""087692021926""","Hard Iced Tea",1,649,n,n,"SUN CRUISER CLASSIC ICE TEA 24 OZ","24 OZ",,n,1,12,4252,n,,"=""100""",,,,,,n,,,,,,,
"=""087692021933""","Hard Iced Tea",1,599,n,n,"SUN CRUISER LEMONADE OLUS ICED TEA 24 OZ","24 OZ",,n,1,1,349,n,,"=""1""",,,,,,n,,,,,,,
"=""087692021988""","Hard Seltzer",1,449,n,n,"TRULY UNRULY BUMPIN BLUE RAZZ C12 24","24 OZ",,n,2,1,290,n,,"=""21""",,,,,,n,,,,,,,
"=""087692021995""","Hard Seltzer",1,2562,n,n,"TRULY UNRULY LEMONADE VARIETY PACK C",,,n,1,1,1665,n,,"=""100""",,,,,,n,,,,,,,
"=""087692023074""","Ready-to-Drink (RTD)",1,2199,n,n,"sun cruiser vodka pink lemonade 8p","8 P",,n,8,1,1306,n,,"=""100""",,,,,,n,,,,,,,
"=""087692023722""","Hard Iced Tea",1,2599,n,n,"TWISTED TEA EXTREME","12 PK",,n,12,2,3210,n,,"=""100""",,,,,,n,,,,,,,
"=""087692023944""","Ready-to-Drink (RTD)",1,2599,n,n,"TRULY PARADISE VARIETY","12 P 12 OZ",,n,12,1,1665,n,,"=""100""",,,,,,n,,,,,,,
"=""087692024002""","Hard Iced Tea",1,549,n,n,"SUN CRUISER HALF AND HALF 19.2OZ","19.2 oz",,n,1,1,289,n,,"=""12""",,,,,,n,,,,,,,
"=""087692024040""","Hard Seltzer",1,599,n,n,"SUN CRUISER ICED TEA VODKA","19.2 OZ",,n,1,1,0,n,,"=""1""",,,,,,n,,,,,,,
"=""087692024408""",BEER,1,449,n,n,"Tweated tea extra","24 OZ",,n,2,1,289,n,,"=""22""",,,,,,n,,,,,,,
"=""087692100126""","Craft / Local Beer",1,1499,n,n,"Samuel Adams Boston Lager 6-Pack","72.00 FL OZ",,n,6,1,0,n,,"=""100""",,,,,,n,,,,,,,
"=""087692212317""","Hard Iced Tea",1,499,n,n,"TWISTED TEA MANGO 24 OZ","24 OZ",,n,2,1,279,n,,"=""29""",,,,,,n,,,,,,,
"=""087692271024""","Craft / Local Beer",1,1399,n,n,"Samuel Adams Cherry Wheat 6-Pack","6 PK 12 OZ",,n,6,1,906,n,,"=""100""",,,,,,n,,,,,,,
"=""087692751342""","Hard Iced Tea",1,2499,n,n,"TWITED TEA HALF AND HALF 12 PK 12 OZ","12 PK 12 OZ",,n,12,1,1605,n,,"=""99""",,,,,,n,,,,,,,
"=""087692752318""","Hard Iced Tea",1,499,n,n,"TWISTED TEA HALF AND HALF 24 OZ","24 OZ",,n,2,1,290,n,,"=""6""",,,,,,n,,,,,,,
"=""087692821021""",Cider,1,1399,n,n,"ANGRY ORCHARD 6PK CRISP APPLE 12 OZ BOTTLES","6 PK 12 OZ",,n,6,1,906,n,,"=""1""",,,,,,n,,,,,,,
"=""087692831341""","Hard Iced Tea",1,2499,n,n,"TWISTED TEA ORIGNAL 12PK 12 Oz","12 PK 12 OZ",,n,12,2,3210,n,,"=""100""",,,,,,n,,,,,,,
"=""087692832317""","Hard Iced Tea",1,499,n,n,"Twisted Tea Pineapple Hard Iced Tea (24 oz)","24.00 FL OZ",,n,2,1,290,n,,"=""21""",,,,,,n,,,,,,,
"=""087692852315""","Hard Iced Tea",1,499,n,n,"TWISTED TEA RASPBERRY 24 oz","24 oz",,n,2,1,290,n,,"=""100""",,,,,,n,,,,,,,
"=""087800000713""","Domestic Beer",1,1399,n,n,"Blue moon",6pk,,n,6,1,906,n,,"=""3""",,,,,,n,,,,,,,
"=""087872223102""","Wine Cabernet Sauvignon",1,6999,n,n,"SAN SIMEON CABERNET SAUVIGNON","750 ml",,n,1,1,0,n,,"=""100""",,,,,,n,,,,,,,
"=""087872628570""",Liqueur,1,1999,n,n,"SPRITZ FIZZ & FANCY","750 ml",,n,1,1,0,n,,"=""100""",,,,,,n,,,,,,,
"=""087872630122""","Wine Rosé",1,1499,n,n,"STELLA ROSA  MOSCATO D^~ASTI","750.00 ML",,n,1,1,0,n,,"=""100""",,,,,,n,,,,,,,
"=""087872630139""","Red Wine",1,1499,n,n,"STELAROSA ROSORED BERRY 750 ml","750.00 ML",,n,1,1,0,n,,"=""100""",,,,,,n,,,,,,,
"=""087872630931""","Red Wine",1,1499,n,n,"STELLA ROSA BLUEBERRY 750ML","750 ml",,n,1,1,0,n,,"=""100""",,,,,,n,,,,,,,
"=""087872630955""","Wine General",1,1499,n,n,"STELLA ROSA BLACK CHERRY","750 ML",,n,2,1,900,n,,"=""100""",,,,,,n,,,,,,,
"=""087872632218""","Wine Rosé",1,1499,n,n,"STELLA ROSA PEACH","750 ml",,n,1,1,0,n,,"=""100""",,,,,,n,,,,,,,
"=""087872632225""","Wine Rosé",1,1499,n,n,"STELLA ROSA STELLA BERRY 750ML","750.00 ML",,n,1,1,0,n,,"=""100""",,,,,,n,,,,,,,
"=""087872632232""","Wine Rosé",1,1499,n,n,"STELLA ROSA STELLA PINK PINK","750.00 ML",,n,1,1,0,n,,"=""100""",,,,,,n,,,,,,,
"=""087872633369""","Wine General",1,1499,n,n,"STELLA ROSA BLACK 750 ML","750 ml",,n,2,1,900,n,,"=""100""",,,,,,n,,,,,,,
"=""087872633406""","Red Wine",1,1499,n,n,"STELLA ROSA RED THE ORIGINAL 750ML",,,n,1,1,0,n,,"=""100""",,,,,,n,,,,,,,
"=""087872633956""","Wine Rosé",1,1499,n,n,"STELLA ROSA TROPICAL MANGO","750 ml",,n,1,1,0,n,,"=""100""",,,,,,n,,,,,,,
"=""087872634205""","Wine General",1,1499,n,n,"STELA ROSA BLACK BERRY","750 ML",,n,2,1,900,n,,"=""100""",,,,,,n,,,,,,,
"=""087872634502""","Wine Rosé",1,1499,n,n,"STELLA ROSA  STRAWBERRY ROSE 750ML",,,n,1,1,0,n,,"=""100""",,,,,,n,,,,,,,
"=""087872634717""","Wine Rosé",1,1499,n,n,"Stella Rosa Lemon Lime","750 mL",,n,1,1,0,n,,"=""100""",,,,,,n,,,,,,,
"=""087872638425""","Wine Rosé",1,1499,n,n,"STELLA ROSA  WATERMELON 750ML",,,n,1,1,0,n,,"=""100""",,,,,,n,,,,,,,
"=""087975006305""","Import Beer",1,499,n,n,"Sapporo Premium Bottle (20.3 oz)","=""1""",,n,2,1,0,n,,"=""100""",,,,,,n,,,,,,,
"=""087975006503""","Import Beer",1,499,n,n,"SAPPORO 22 OZ BOTTLE","22 oz",,n,1,1,256,n,,"=""8""",,,,,,n,,,,,,,
"=""087975013501""","Import Beer",1,1299,n,n,"SAPPORO PREMIUM 6PK 12OZ","6 PK 12 OZ",,n,6,1,792,n,,"=""100""",,,,,,n,,,,,,,
"=""087975026501""","Import Beer",1,449,n,n,"SAPPORO 22OZ","22.00 FL OZ",,n,1,1,256,n,,"=""5""",,,,,,n,,,,,,,
"=""087975033509""","Import Beer",1,1219,n,n,"SAPPORO  C24 12OZ 6P",,,n,1,1,793,n,,"=""100""",,,,,,n,,,,,,,
"=""088004000066""",Vodka,1,299,n,n,"TAAKA VODKA","200 ML",,n,1,1,139,n,,"=""84""",,,,,,n,,,,,,,
"=""088004000073""",Vodka,1,462,n,n,"TAAKA VODKA","375 ML",,n,1,1,243,n,,"=""100""",,,,,,n,,,,,,,
"=""088004005498""","Spirits - Other",1,8999,n,n,"E H TAYLOR JR SMALL BATCH BOURBON B6","750 ml",,n,1,1,4667,n,,"=""100""",,,,,,n,,,,,,,
"=""088004005511""",Whiskey,1,15999,n,n,"E.H. TAYLOR SB 750ML","750 ML",,n,2,1,6791,n,,"=""100""",,,,,,n,,,,,,,
"=""088004005528""","Spirits - Other",1,59999,n,n,"E H TAYLOR JR 127.4PF BARREL PROOF B",750ml,,n,1,1,6801,n,,"=""100""",,,,,,n,,,,,,,
"=""088004009281""",Whiskey,1,2999,n,n,"Fireball Cinnamon Whisky (1.75 L)","1.75 L",,n,2,1,1759,n,,"=""100""",,,,,,n,,,,,,,
"=""088004009373""",Shots,1,274,n,n,"FIREBALL  DOUBLE SHOT 100 ML","100 ML",,n,1,1,144,n,,"=""76""",,,,,,n,,,,,,,
"=""088004010140""",Vodka,1,799,n,n,TAAKA,"750 ml",,n,2,1,469,n,,"=""100""",,,,,,n,,,,,,,
"=""088004010362""",Vodka,1,599,n,n,"TAAKA 100 PROOF","375 ML",,n,1,1,334,n,,"=""100""",,,,,,n,,,,,,,
"=""088004012724""",Vodka,1,1899,n,n,"PLATINUM 7X 1.75 L","1.75 L",,n,1,6,7254,n,,"=""100""",,,,,,n,,,,,,,
"=""088004012748""",Vodka,1,1099,n,n,"PLATINUM 7x","750 ml",,n,1,1,659,n,,"=""100""",,,,,,n,,,,,,,
"=""088004012786""",Shots,1,139,n,n,"PlatinuM SHOT",ML,,n,1,1,0,n,,"=""100""",,,,,,n,,,,,,,
"=""088004012885""",Whiskey,1,8999,n,n,"chestnut farms bourbon","750 ml",,n,2,1,5500,n,,"=""100""",,,,,,n,,,,,,,
"=""088004018580""","Spirits - Other",1,29999,n,n,"GEORGE T STAGG JUNIOR B6 750ML",,,n,1,1,4869,n,,"=""100""",,,,,,n,,,,,,,
"=""088004019761""",Vodka,1,2299,n,n,"WHEATLEY VODKA","750 ML",,n,1,1,1409,n,,"=""100""",,,,,,n,,,,,,,
"=""088004020248""",Whiskey,1,1299,n,n,"Kentucky Dale 750ml","=""750""",,n,2,1,0,n,,"=""100""",,,,,,n,,,,,,,
"=""088004020491""","Spirits - Other",1,1299,n,n,"FIREBALL CINNAMON P120 50ML 10P","10 PK",,n,10,1,852,n,,"=""97""",,,,,,n,,,,,,,
"=""088004020842""",Whiskey,1,1599,n,n,"Benchmark Old No.8","750 ml",,n,2,1,0,n,,"=""100""",,,,,,n,,,,,,,
"=""088004021344""",Whiskey,1,5999,n,n,"Eagle Rare Kentucky Straight Bourbon Whiskey 10 Year (750 ml)",750ml,,n,2,1,3470,n,,"=""100""",,,,,,n,,,,,,,
"=""088004022785""",Shots,1,499,n,n,"FIREBALL CINNAMON  4PK","4 PK 50 ML",,n,4,90,24120,n,,"=""100""",,,,,,n,,,,,,,
"=""088004023850""",Shots,1,139,n,n,"99 ROOT BEER","50 ML",,n,1,1,852,n,,"=""100""",,,,,,n,,,,,,,
"=""088004024086""",Shots,1,149,n,n,"99 PEPPERMINT SHOT","50 ML",,n,1,1,0,n,,"=""100""",,,,,,n,,,,,,,
"=""088004025649""",Whiskey,1,19999,n,n,"Weller 107 7yr","=""750""",,n,2,1,0,n,,"=""100""",,,,,,n,,,,,,,
"=""088004025748""","Spirits - Other",1,11999,n,n,"W.L. WELLER RESERVE BOURBON B12 750M",750ml,,n,1,1,2334,n,,"=""100""",,,,,,n,,,,,,,
"=""088004025984""",Liqueur,1,2999,n,n,"Tuaca 750ml",,,n,2,1,0,n,,"=""100""",,,,,,n,,,,,,,
"=""088004026172""",Whiskey,1,2999,n,n,Fireball,"1.75 ML",,n,2,1,0,n,,"=""99""",,,,,,n,,,,,,,
"=""088004026653""",Whiskey,1,1999,n,n,"Southern Comfort 80Proof 750ml","750 ML",,n,2,1,0,n,,"=""100""",,,,,,n,,,,,,,
"=""088004026684""",Whiskey,1,899,n,n,"Southern Comfort 80p 200ml","200 ML",,n,1,1,0,n,,"=""100""",,,,,,n,,,,,,,
"=""088004027742""","Spirits - Other",1,19999,n,n,"W.L. WELLER 12 YEAR BOURBON B12 750M",,,n,1,1,3384,n,,"=""100""",,,,,,n,,,,,,,
"=""088004027834""",Shots,1,184,n,n,"wheatley vodka 50",,,n,1,1,0,n,,"=""98""",,,,,,n,,,,,,,
"=""088004029210""",Whiskey,1,1299,n,n,FIREBALL,,,n,6,1,843,n,,"=""100""",,,,,,n,,,,,,,
"=""088004029227""",Shots,1,899,n,n,"FIREBALL 6PK 50 ml","6pk 50 ml",,n,6,80,32160,n,,"=""100""",,,,,,n,,,,,,,
"=""088004029234""",Shots,1,1399,n,n,"FIREBALL 12 PK 50 ML","12 PK 50 ML",,n,12,30,24120,n,,"=""100""",,,,,,n,,,,,,,
"=""088004029296""","Spirits - Other",1,2062,n,n,"FIREBALL PARTY BUCKET P120 50ML 20P",,,n,1,1,1340,n,,"=""100""",,,,,,n,,,,,,,
"=""088004030117""",Liqueur,1,186,n,n,"Gran Gala","50 ML",,n,1,1,109,n,,"=""120""",,,,,,n,,,,,,,
"=""088004030261""",Shots,1,139,n,n,"99 MANGOES","50 ML",,n,1,1,0,n,,"=""100""",,,,,,n,,,,,,,
"=""088004030377""",Vodka,1,1399,n,n,"PLATINUM 10X",750ml,,n,1,1,0,n,,"=""100""",,,,,,n,,,,,,,
"=""088004031480""","Spirits - Other",1,79999,n,n,"W.L. WELLER CYPB B6 750ML",,,n,1,1,4589,n,,"=""100""",,,,,,n,,,,,,,
"=""088004034191""",Vodka,1,1199,n,n,"Wheatley Vodka","375 ml",,n,1,1,584,n,,"=""100""",,,,,,n,,,,,,,
"=""088004034238""",Liqueur,1,4499,n,n,"JUNE & WULFF TRINIDAD","750 ml",,n,1,1,0,n,,"=""100""",,,,,,n,,,,,,,
"=""088004034252""",Liqueur,1,4999,n,n,"JUNG AND WULLF RUM 750","750 ml",,n,2,1,0,n,,"=""100""",,,,,,n,,,,,,,
"=""088004035334""",Shots,1,179,n,n,parrot,,y,n,1,0,0,n,,"=""100""",,,,,,n,,,,,,,
"=""088004035488""",Rum,1,139,n,n,"MYERS ORIGINAL DARK RUM","50 ML",,n,1,1,85,n,,"=""100""",,,,,,n,,,,,,,
"=""088004035693""","BEEF JERKY",1,399,n,n,"Popov Vodka 50ml",,,n,1,1,0,n,,"=""100""",,,,,,n,,,,,,,
"=""088004035761""",Liqueur,1,399,n,n,"GOLD CHLAGER","50 ML",,n,1,0,0,n,,"=""98""",,,,,,n,,,,,,,
"=""088004036171""",Whiskey,1,1999,n,n,"SEAGRAMS VO WHISKY B12 750ML","750 ML",,n,2,1,1235,n,,"=""100""",,,,,,n,,,,,,,
"=""088004036188""",Tequila,1,999,n,n,"POPOV 750 ML","375 ml",,n,1,1,0,n,,"=""9""",,,,,,n,,,,,,,
"=""088004036195""",Vodka,1,1099,n,n,POPOV,"750 ml",,n,1,1,639,n,,"=""100""",,,,,,n,,,,,,,
"=""088004036201""",Vodka,1,799,n,n,"POPOV 375ML","375 ml",,n,1,1,0,n,,"=""100""",,,,,,n,,,,,,,
"=""088004036577""",Rum,1,1399,n,n,"PARROT BAY COCONUT 42 PROOF",750ML,,n,1,1,779,n,,"=""100""",,,,,,n,,,,,,,
"=""088004036751""",Liqueur,1,1699,n,n,"GOLD SCHLAGER","375 ML",,n,1,1,0,n,,"=""100""",,,,,,n,,,,,,,
"=""088004036768""",Liqueur,1,799,n,n,"GOLDSCHLAGER 200 ML",,,n,1,1,0,n,,"=""100""",,,,,,n,,,,,,,
"=""088004037840""","Ready-to-Drink (RTD)",1,349,n,n,"The Club Margarita Can (200 ml)","200 ML",,n,1,1,0,n,,"=""100""",,,,,,n,,,,,,,
"=""088004037857""","Ready-to-Drink (RTD)",1,349,n,n,"THE CLUB LONG ISLAND ICED TEA C24 20",200ml,,n,1,1,203,n,,"=""100""",,,,,,n,,,,,,,
"=""088004037864""","Ready-to-Drink (RTD)",1,349,n,n,"The Club Gin Martini Bottle (200 ml)",200ml,,n,1,1,203,n,,"=""100""",,,,,,n,,,,,,,
"=""088004037871""","Ready-to-Drink (RTD)",1,349,n,n,"Vodka martini",,,n,1,0,0,n,,"=""100""",,,,,,n,,,,,,,
"=""088004037901""","Ready-to-Drink (RTD)",1,349,n,n,"The Club Mudslide Bottle (200 ml)",,,n,1,1,0,n,,"=""100""",,,,,,n,,,,,,,
"=""088004038557""",Liqueur,1,139,n,n,"99 Peanut Butter Whiskey 50 ml",,,n,1,1,0,n,,"=""100""",,,,,,n,,,,,,,
"=""088004039592""",Whiskey,1,7999,n,n,"BUFFALO TRACE KOSHER RYE BOURBON B6","750 ML",,n,2,1,3610,n,,"=""100""",,,,,,n,,,,,,,
"=""088004039608""",Whiskey,1,7999,n,n,"BUFFALO TRACE KOSHER STRAIGHT RYE B6","750 ML",,n,2,1,3610,n,,"=""100""",,,,,,n,,,,,,,
"=""088004039615""",Whiskey,1,7999,n,n,"BUFFALO TRACE KOSH WHEAT BOURBON B6","750 ML",,n,2,1,3610,n,,"=""100""",,,,,,n,,,,,,,
"=""088004039653""",Liqueur,1,139,n,n,"99 STRAWBERRIES LIQ 99 PET 10/12PK 50ML","50 ML",,n,1,1,66,n,,"=""100""",,,,,,n,,,,,,,
"=""088004039660""",Shots,1,139,n,n,"99 BLUE RASPBERRIES","50 ML",,n,1,1,0,n,,"=""100""",,,,,,n,,,,,,,
"=""088004041663""",Whiskey,1,1599,n,n,"BENCHMARK SINGLE BARREL","750 ML",,n,2,0,0,n,,"=""100""",,,,,,n,,,,,,,
"=""088004041724""","Spirits - Other",1,3120,n,n,"FIREBALL WINDOW BOX B48 100ML 12P",,,n,1,1,2028,n,,"=""100""",,,,,,n,,,,,,,
"=""088004043186""","Ready-to-Drink (RTD)",1,349,n,n,"THE CLUB SCREWDRIVER C24 200ML",,,n,1,1,203,n,,"=""100""",,,,,,n,,,,,,,
"=""088004043193""","Ready-to-Drink (RTD)",1,349,n,n,"THE CLUB MOSCOW MULE",,,n,1,0,0,n,,"=""100""",,,,,,n,,,,,,,
"=""088004044053""","Non-Alcoholic Beer & Wine",1,699,n,n,"STIRRINGS PALOMA MIX B6 750ML",,,n,2,1,450,n,,"=""100""",,,,,,n,,,,,,,
"=""088004045418""",Shots,1,139,n,n,"99 CHERRY LIMEADE","50 ML",,n,1,1,852,n,,"=""100""",,,,,,n,,,,,,,
"=""088004045425""",Shots,1,139,n,n,"99 CHOCOLATE","50 ML",,n,1,1,66,n,,"=""100""",,,,,,n,,,,,,,
"=""088004045449""",Shots,1,139,n,n,"99C GUAVA","50 ML",,n,1,1,0,n,,"=""100""",,,,,,n,,,,,,,
"=""088004045456""",Shots,1,139,n,n,"99 FRUIT PUNCH","50 ML",,n,1,1,852,n,,"=""98""",,,,,,n,,,,,,,
"=""088004046156""","Spirits - Other",1,1031,n,n,"WHEATLEY VODKA P120 50ML 10P",,,n,1,1,670,n,,"=""100""",,,,,,n,,,,,,,
"=""088004048143""",Whiskey,1,229,n,n,"EARLY TIME","50 ML",,n,1,0,0,n,,"=""100""",,,,,,n,,,,,,,
"=""088004056612""","Spirits - Other",1,1899,n,n,"FIREBALL SUMMER BAG P120 50ML 15P",,,n,1,1,1005,n,,"=""100""",,,,,,n,,,,,,,
"=""088004057572""",Tequila,1,5499,n,n,"SIETE LEGUAS BLANCO",,,n,1,1,0,n,,"=""100""",,,,,,n,,,,,,,
"=""088004057589""",Tequila,1,6775,n,n,"Siete Leguas Reposado","750 ML",,n,1,1,4401,n,,"=""100""",,,,,,n,,,,,,,
"=""088004057596""",Tequila,1,8499,n,n,"7 SIETE LEGUAS TEQULIA ANEJO",,,n,1,1,0,n,,"=""100""",,,,,,n,,,,,,,
"=""088004058708""",Vodka,1,99,n,n,"MANGO SHOTTA","50 ML",,n,1,1,0,n,,"=""100""",,,,,,n,,,,,,,
"=""088004058715""","Spirits - Other",1,1092,n,n,"MANGO SHOTTA TEQUILA P120 50ML 10P",,,n,1,1,710,n,,"=""100""",,,,,,n,,,,,,,
"=""088004060060""",Whiskey,1,4299,n,n,"TRAVELLER BLENDED WHISKEY B12 750ML","750 ML",,n,2,1,2660,n,,"=""100""",,,,,,n,,,,,,,
"=""088004069155""",Shots,1,149,n,n,"FIREBALL APPLE SHOT 50 ML","50 ML",,n,1,0,0,n,,"=""100""",,,,,,n,,,,,,,
"=""088004069162""",Shots,1,1299,n,n,"FIREBALL BLAZIN APPLE P120 50ML 10P",,,n,12,1,670,n,,"=""100""",,,,,,n,,,,,,,
"=""088004071073""",Vodka,1,699,n,n,SVEDKA,"200 ML",,n,1,1,280,n,,"=""48""",,,,,,n,,,,,,,
"=""088004074579""","Spirits - Other",1,385,n,n,"FIREBALL BLAZIN APPLE P48 200ML",,,n,1,1,250,n,,"=""100""",,,,,,n,,,,,,,
"=""088004076580""","Ready-to-Drink (RTD)",1,458,n,n,"BUZZBALLZ PINK LEMONSQUEEZY","200 ML",,n,1,1,259,n,,"=""100""",,,,,,n,,,,,,,
"=""088004076603""","Ready-to-Drink (RTD)",1,2599,n,n,"BUZZ BALLZ PINK LEMONSQUEEZY","1.75 ML",,n,2,1,1549,n,,"=""100""",,,,,,n,,,,,,,
"=""088004080396""","Ready-to-Drink (RTD)",1,2599,n,n,"BUZZBALLZ SPIRITS SOCCER MELON CITRUS","1.75 ML",,n,2,1,1549,n,,"=""100""",,,,,,n,,,,,,,
"=""088004081775""","Ready-to-Drink (RTD)",1,458,n,n,"BUZZBALLZ SPIRITS SOCCER MELON CITRUS","200 ML",,n,1,1,259,n,,"=""100""",,,,,,n,,,,,,,
"=""088004081904""","Ready-to-Drink (RTD)",1,458,n,n,"BUZZBALLZ SPIRITS SOCCER PINEAPPLE ORANGE USA","200 ML",,n,1,1,259,n,,"=""100""",,,,,,n,,,,,,,
"=""088004082482""","Ready-to-Drink (RTD)",1,458,n,n,"BUZZ BALLZ TROPICAL FRUIT PUNCH","200 ML",,n,1,1,272,n,,"=""235""",,,,,,n,,,,,,,
"=""088004082895""","Ready-to-Drink (RTD)",1,2599,n,n,"BUZZBALLZ SPIRITS BEACH BALL","1.75 ML",,n,2,1,1549,n,,"=""100""",,,,,,n,,,,,,,
"=""088004083250""","Ready-to-Drink (RTD)",1,458,n,n,"BUZZBALLZ SPIRITS FIRECHATA","200 ML",,n,1,1,259,n,,"=""100""",,,,,,n,,,,,,,
"=""088004139940""",Whiskey,1,3499,n,n,"SAZERAC RYE WHISKEY B6 750ML","750 ML",,n,2,1,2021,n,,"=""100""",,,,,,n,,,,,,,
"=""088004144708""",Shots,1,149,n,n,"FIREBALL SHOT 50 ML","50 ML",,n,1,1,85,n,,"=""99""",,,,,,n,,,,,,,
"=""088004144722""",Whiskey,1,1099,n,n,"Fireball Cinnamon Whisky (375 ml)",375ml,,n,1,1,0,n,,"=""100""",,,,,,n,,,,,,,
"=""088004144739""",Whiskey,1,699,n,n,"Fireball Cinnamon Whisky (200 ml)",200ml,,n,1,1,0,n,,"=""100""",,,,,,n,,,,,,,
"=""088004146689""",Whiskey,1,1899,n,n,"Fireball Cinnamon Whisky (750 ml)",750ml,,n,2,1,1059,n,,"=""100""",,,,,,n,,,,,,,
"=""088076161863""",Vodka,1,2999,n,n,"CIROC REGULAT",750ml,,n,1,1,0,n,,"=""4""",,,,,,n,,,,,,,
"=""088076162624""","Spirits - Other",1,7746,n,n,"JOHNNIE WALKER GREEN 15YR 86 750ML",750ml,,n,1,1,5035,n,,"=""100""",,,,,,n,,,,,,,
"=""088076162655""",Vodka,1,1999,n,n,"CIROC VODKA",375ml,,n,1,1,0,n,,"=""4""",,,,,,n,,,,,,,
"=""088076163164""",Whiskey,1,4499,n,n,"Johnnie Walker Red Label","1.75 L",,n,2,1,0,n,,"=""100""",,,,,,n,,,,,,,
"=""088076163171""",Whiskey,1,7999,n,n,"Johnnie Walker Black Label","1.75 L",,n,2,1,0,n,,"=""100""",,,,,,n,,,,,,,
"=""088076170858""","Scotch Whisky",1,4999,n,n,"THE SINGLETON 12","750 ML",,n,1,1,0,n,,"=""100""",,,,,,n,,,,,,,
"=""088076171459""","Scotch Whisky",1,6299,n,n,GLENKINCHIE,"750 ML",,n,1,1,0,n,,"=""100""",,,,,,n,,,,,,,
"=""088076173774""",Vodka,1,1299,n,n,CIROC,200ml,,n,1,1,0,n,,"=""4""",,,,,,n,,,,,,,
"=""088076177390""",Vodka,1,1999,n,n,"Ciroc Vodka Peach (375 ml)",375ml,,n,1,1,0,n,,"=""100""",,,,,,n,,,,,,,
"=""088076177703""","Scotch Whisky",1,4999,n,n,"JOHNIE WALKER DOUBLE BLACK",750ml,,n,1,1,0,n,,"=""100""",,,,,,n,,,,,,,
"=""088076178403""","Vodka - Flavored",1,1699,n,n,"CIROC PEACH 200ML",200ml,,n,1,1,0,n,,"=""100""",,,,,,n,,,,,,,
"=""088076178694""","Vodka - Flavored",1,2099,n,n,"Ciroc Amaretto",375ml,,n,1,1,0,n,,"=""100""",,,,,,n,,,,,,,
"=""088076178700""","Vodka - Flavored",1,2999,n,n,"CIROC AMARETTO","750 ml",,n,1,1,0,n,,"=""100""",,,,,,n,,,,,,,
"=""088076179073""",Vodka,1,1699,n,n,"Ciroc Pineapple Vodka (375 ml)",375ml,,n,1,1,0,n,,"=""100""",,,,,,n,,,,,,,
"=""088076179080""","Vodka - Flavored",1,2999,n,n,"Ciroc Pineapple",750ml,,n,2,1,0,n,,"=""3""",,,,,,n,,,,,,,
"=""088076180451""","Vodka - Flavored",1,2999,n,n,"CIROC APPLE 750 ML","750 ml",,n,1,1,0,n,,"=""1""",,,,,,n,,,,,,,
"=""088076181366""",Whiskey,1,11206,n,n,"Johnnie Walker 18YR 80 750ml","750 ML",,n,2,1,7285,n,,"=""100""",,,,,,n,,,,,,,
"=""088076182691""","Scotch Whisky",1,4999,n,n,"Buchananas 15 Yrs","750 ML",,n,1,1,0,n,,"=""100""",,,,,,n,,,,,,,
"=""088076183650""",Whiskey,1,3499,n,n,"IRISH WHISKEY DUBLIN ROE&CO","750. ML",,n,1,0,0,n,,"=""100""",,,,,,n,,,,,,,
"=""088076183728""",Vodka,1,2999,n,n,"Ciroc Vodka Summer Watermelon (750 ml)",750ML,,n,1,1,0,n,,"=""100""",,,,,,n,,,,,,,
"=""088076185043""","Ready-to-Drink (RTD)",1,399,n,n,"KETEL ONE GRAPEFRUIT AND ROSE","335 ml",,n,1,1,0,n,,"=""100""",,,,,,n,,,,,,,
"=""088076185050""","Spirits - Other",1,1415,n,n,"KETEL ONE CKTL BVS GRAPEFRUIT-ROSE  355ML","4*12 oz",,n,1,1,920,n,,"=""100""",,,,,,n,,,,,,,
"=""088076185067""","Ready-to-Drink (RTD)",1,399,n,n,"KETEL ONE CUCUMBER MINT","335 ml",,n,1,1,0,n,,"=""100""",,,,,,n,,,,,,,
"=""088076185074""","Ready-to-Drink (RTD)",1,1415,n,n,"Ketel One Cocktail Bvs Cucumber Mint Can6/4 355ml","4*12 oz",,n,4,1,920,n,,"=""100""",,,,,,n,,,,,,,
"=""088076185081""","Ready-to-Drink (RTD)",1,399,n,n,"KETEL ONE PEACH AND ORANGE","335 ml",,n,1,1,0,n,,"=""100""",,,,,,n,,,,,,,
"=""088076185098""",Spiked,1,1499,n,n,"Ketel One Botanical Peach & Orange Blossom Vodka Spritz Cans (12 oz x 4 ct)","4*12 oz",,n,4,1,920,n,,"=""100""",,,,,,n,,,,,,,
"=""088076186040""","Vodka - Flavored",1,2999,n,n,"CIROC POMEGRANATE","750 ml",,n,2,1,0,n,,"=""2""",,,,,,n,,,,,,,
"=""088076186071""",Whiskey,1,26999,n,n,"JOHNNIE WALKER BLUE LABEL","750 ML",,n,2,0,0,n,,"=""100""",,,,,,n,,,,,,,
"=""088076186880""",Tequila,1,5999,n,n,"CASAMIGOS JALAPENO",,,n,1,1,0,n,,"=""100""",,,,,,n,,,,,,,
"=""088076186941""",Tequila,1,3999,n,n,"ASTRAL ANEJO","750 ML",,n,1,1,0,n,,"=""100""",,,,,,n,,,,,,,
"=""088076186958""",Tequila,1,2299,n,n,"ARSTAL BLANCO","750 ML",,n,1,1,0,n,,"=""100""",,,,,,n,,,,,,,
"=""088076186965""",Tequila,1,2999,n,n,"ASTRAL REPOSADO`","750 ML",,n,1,1,0,n,,"=""100""",,,,,,n,,,,,,,
"=""088076187955""","Spirits - Other",1,14999,n,n,"DON JULIO TEQ REP ROSADO 80 750ML",750ml,,n,1,1,5410,n,,"=""100""",,,,,,n,,,,,,,
"=""088076188365""","Scotch Whisky",1,3999,n,n,"BUCHANAN'S PINEAPPLE","750 ML",,n,1,0,0,n,,"=""100""",,,,,,n,,,,,,,
"=""088076188457""","Ready-to-Drink (RTD)",1,1699,n,n,"MARGARITA ARSTAL","375 ml",,n,1,1,0,n,,"=""100""",,,,,,n,,,,,,,
"=""088076188624""","Ready-to-Drink (RTD)",1,1599,n,n,"TANGUERAY NEGRONI",375ml,,n,1,1,0,n,,"=""100""",,,,,,n,,,,,,,
"=""088076188648""","Ready-to-Drink (RTD)",1,1599,n,n,"ketel one","375 ML",,n,1,0,0,n,,"=""100""",,,,,,n,,,,,,,
"=""088076188662""","Ready-to-Drink (RTD)",1,1599,n,n,"KETELONE ESPRESSO MARTINI",375ml,,n,1,1,979,n,,"=""100""",,,,,,n,,,,,,,
"=""088076188808""",Tequila,1,3499,n,n,"21 SEEDS CUCUMBER JALAPEÔøΩÔøΩÔøΩÔøΩÔøΩÔøΩÔøΩÔøΩÔøΩÔøΩÔøΩÔøΩO",,,n,1,1,2184,n,,"=""12""",,,,,,n,,,,,,,
"=""088076188815""",Tequila,1,3499,n,n,"21 SEEDS GRAPEFRUIT HIBISCUS","750 ml",,n,1,1,0,n,,"=""100""",,,,,,n,,,,,,,
"=""088076188822""",Tequila,1,3499,n,n,"21 Seeds Valencia Orange Infused Blanco Tequila 750mL Bottle",750mL,,n,1,1,0,n,,"=""100""",,,,,,n,,,,,,,
"=""088076189041""",Tequila,1,6999,n,n,"CASAMIGOS  CRESTALINO","750 ML",,n,2,1,0,n,,"=""100""",,,,,,n,,,,,,,
"=""088076189355""",Tequila,1,9999,n,n,"DON JULIO 1942","375 ML",,n,1,1,6305,n,,"=""100""",,,,,,n,,,,,,,
"=""088076189669""","Spirits - Other",1,5938,n,n,"DON JULIO TEQ REPOSADO 80 W/2GLSS 750ML",,,n,1,1,3860,n,,"=""100""",,,,,,n,,,,,,,
"=""088076190030""","Scotch Whisky",1,6999,n,n,"JOHNNIE WALKER GOLD LABEL","750 ML",,n,1,1,0,n,,"=""100""",,,,,,n,,,,,,,
"=""088076190108""","Scotch Whisky",1,2499,n,n,"SQUID GAME JOHNNIE WALKER BLACK LABEL","750 ML",,n,1,1,0,n,,"=""100""",,,,,,n,,,,,,,
"=""088076190306""",Tequila,1,19999,n,n,1942,,,n,1,0,0,n,,"=""100""",,,,,,n,,,,,,,
"=""088076190504""",Tequila,1,4969,n,n,"CASAMIGOS TEQ BLANCO 80W/TOWEL 750ML",,,n,1,1,3230,n,,"=""100""",,,,,,n,,,,,,,
"=""088076190566""","Scotch Whisky",1,10999,n,n,"BUCHANANS SCOTCH GREEN SEAL 80 750ML","750 ML",n,n,2,1,7010,n,,"=""5""",,,,,,n,,,,,,,
"=""088076190788""",Shots,1,1299,n,n,"Don Jolio 70 50 ml","50 ml",,n,1,0,0,n,,"=""100""",,,,,,n,,,,,,,
"=""088076190825""","Spirits - Other",1,8663,n,n,"DON JULIO TEQ ANEJO 80 70TH DOTD2 750ML",,,n,1,1,5631,n,,"=""100""",,,,,,n,,,,,,,
"=""088076191013""",Tequila,1,25999,n,n,"DON JULIO ANEJO 1942","750 ML",,n,2,1,16225,n,,"=""100""",,,,,,n,,,,,,,
"=""088076191044""",Tequila,1,4999,n,n,"DON JOLIIO 70TH  375",,,n,1,1,2800,n,,"=""100""",,,,,,n,,,,,,,
"=""088100134511""",Whiskey,1,2499,n,n,"Black Velvet Canadian Whisky","1.75 L",,n,2,1,0,n,,"=""100""",,,,,,n,,,,,,,
"=""088110011130""",Whiskey,1,1399,n,n,"JOHNNIE WALKER BLACK 12YR 80 200ML",,,n,1,1,828,n,,"=""1""",,,,,,n,,,,,,,
"=""088110011192""","Spirits - Other",1,2328,n,n,"JOHNNIE WALKER BLACK 12YR 80 375ML",375ml,,n,1,1,1513,n,,"=""100""",,,,,,n,,,,,,,
"=""088110011307""","Scotch Whisky",1,3999,n,n,"JOHNNIE WALKER BLACK LABEL",750ml,,n,1,1,0,n,,"=""100""",,,,,,n,,,,,,,
"=""088110021139""","Scotch Whisky",1,899,n,n,"JOHNNIE WALKER RED LABEL 200ML",200ml,,n,1,1,0,n,,"=""100""",,,,,,n,,,,,,,
"=""088110021191""","Scotch Whisky",1,1599,n,n,"JHOHNNIE WALKER RED LABEL 375 ML","375 ml",,n,1,1,0,n,,"=""100""",,,,,,n,,,,,,,
"=""088110021306""","Scotch Whisky",1,2999,n,n,"JOHNNIE WALKER RED LABEL",750ml,,n,1,1,0,n,,"=""100""",,,,,,n,,,,,,,
"=""088110110109""","Spirits - Other",1,806,n,n,"TANQUERAY GIN 94.6 200ML",250ml,,n,1,1,524,n,,"=""100""",,,,,,n,,,,,,,
"=""088110110307""",GIN,1,2899,n,n,"TANQUERAY GIN","750.00 ML",,n,1,1,1860,n,,"=""100""",,,,,,n,,,,,,,
"=""088110110505""",GIN,1,3299,n,n,"Tanqueray Gin (1.75 L)","1.75 LT",,n,1,1,0,n,,"=""100""",,,,,,n,,,,,,,
"=""088110110604""","Spirits - Other",1,1521,n,n,"TANQUERAY GIN 94.6 375ML",375ml,,n,1,1,988,n,,"=""99""",,,,,,n,,,,,,,
"=""088110110642""",GIN,1,1499,n,n,"Tanqueray Gin (375 ml)",375ml,,n,1,1,0,n,,"=""100""",,,,,,n,,,,,,,
"=""088110140052""",Whiskey,1,14000,n,n,"LAGAVULIN 16 YEARS","750 ML",,n,2,1,0,n,,"=""100""",,,,,,n,,,,,,,
"=""088110150501""",Shots,1,799,n,n,HENNESSY,"50 ML",,n,1,1,4732,n,,"=""100""",,,,,,n,,,,,,,
"=""088110150525""","Brandy & Cognac",1,1599,n,n,"HENNESSY COGNAC VS 80 FLASK","200 ML",,n,1,1,984,n,,"=""6""",,,,,,n,,,,,,,
"=""088110150556""","Brandy & Cognac",1,3999,n,n,"HENNESSY VERY SPECIAL",750ml,,n,1,1,0,n,,"=""99""",,,,,,n,,,,,,,
"=""088110150617""",Shots,1,1099,n,n,HENNESSY,"100 ML",,n,1,1,7071,n,,"=""100""",,,,,,n,,,,,,,
"=""088110150624""","Brandy & Cognac",1,2699,n,n,"HENNESSY  VERY SPECIAL",375ml,,n,1,1,1614,n,,"=""100""",,,,,,n,,,,,,,
"=""088110151034""","Brandy & Cognac",1,3999,n,n,"Henessy Vsop","375 ML",,n,1,1,0,n,,"=""100""",,,,,,n,,,,,,,
"=""088110151058""","Brandy & Cognac",1,7999,n,n,"Hennessy Privilege Cognac",750ml,,n,1,1,0,n,,"=""100""",,,,,,n,,,,,,,
"=""088110151102""","Brandy & Cognac",1,2399,n,n,"HENNESSY  V. S.O.P. PRIVILEGE","200 ML",,n,1,1,0,n,,"=""100""",,,,,,n,,,,,,,
"=""088110158958""","Wine Cabernet Sauvignon",1,1090,n,n,"Altos Cabernet Sauvignon","750.00 ML",,n,1,1,710,n,,"=""100""",,,,,,n,,,,,,,
"=""088110158965""","Red Wine",1,1199,n,n,"ALTO DEL PLATA MALBEC","750.00 ML",,n,1,1,710,n,,"=""100""",,,,,,n,,,,,,,
"=""088110160050""",Whiskey,1,11999,n,n,OBAN,"750 ML",,n,2,1,0,n,,"=""100""",,,,,,n,,,,,,,
"=""088110551056""","Champagne & Sparkling",1,6999,n,n,"MOET&CHANDON Imerial Brut","750.00 ML",,n,2,1,0,n,,"=""100""",,,,,,n,,,,,,,
"=""088110551254""","Champagne & Sparkling",1,6999,n,n,"MOET NECTAR imperial","750.00 ML",,n,1,1,0,n,,"=""100""",,,,,,n,,,,,,,
"=""088110552404""","Champagne & Sparkling",1,8299,n,n,"MOET & CHANDON Rose emerial 750",750ml,,n,2,1,5391,n,,"=""100""",,,,,,n,,,,,,,
"=""088110955311""",Whiskey,1,6999,n,n,"Buchanan's Deluxe Blended Scotch Whisky","1.75 L",,n,2,1,0,n,,"=""100""",,,,,,n,,,,,,,
"=""088110955328""","Scotch Whisky",1,3999,n,n,"Buchanan's Deluxe Blended Scotch Whisky",750ml,,n,1,1,0,n,,"=""100""",,,,,,n,,,,,,,
"=""088110955342""","Scotch Whisky",1,9999,n,n,"Buchanan's Special Reserve 18",750ml,,n,1,1,0,n,,"=""100""",,,,,,n,,,,,,,
"=""088168150119""",ACCESSORIES,1,299,n,n,"MATCHES 10PC","=""32""",,n,1,1,71,n,,"=""100""",,,,,,n,,,,,,,
"=""088168707832""",ACCESSORIES,1,899,n,n,"CORKSCREW OPENER",,,n,1,1,0,n,,"=""100""",,,,,,n,,,,,,,
"=""088232001170""","Red Wine",1,699,n,n,"VENDANGE MERLOT","750.00 ML",,n,1,1,0,n,,"=""100""",,,,,,n,,,,,,,
"=""088320001969""","Wine General",1,2499,n,n,"Whispering Angel RosÔøΩÔøΩ Bottle (750 ml)","=""750""",,n,1,1,0,n,,"=""100""",,,,,,n,,,,,,,
"=""088320002638""","Wine Rosé",1,1999,n,n,"PALE ROSE",,,n,1,1,0,n,,"=""100""",,,,,,n,,,,,,,
"=""088320341034""","Red Wine",1,799,n,n,"REÔøΩÔøΩÔøΩÔøΩÔøΩÔøΩÔøΩÔøΩÔøΩÔøΩÔøΩÔøΩL SANGRIA","750.00 ML",,n,1,1,460,n,,"=""100""",,,,,,n,,,,,,,
"=""088320341133""","Red Wine",1,999,n,n,"PEACH REÔøΩÔøΩÔøΩÔøΩÔøΩÔøΩÔøΩÔøΩÔøΩÔøΩÔøΩÔøΩL SAGARIA","750 ml",,n,1,1,460,n,,"=""100""",,,,,,n,,,,,,,
"=""088320341201""","Wine Small Sizes",1,1099,n,n,"REAL SANGARIA 4 pack 250 ml","4*250 ml",,n,1,1,0,n,,"=""100""",,,,,,n,,,,,,,
"=""088320700039""",Liqueur,1,2199,n,n,"GEKKEIKAN NIGORI","750 ml",,n,1,1,0,n,,"=""100""",,,,,,n,,,,,,,
"=""088320700091""",Liqueur,1,5999,n,n,"HORIN GEKKEIKAN SAKE","750 ml",,n,2,1,3810,n,,"=""100""",,,,,,n,,,,,,,
"=""088320700275""",Tequila,1,6999,n,n,"CASA DEL SOL REPOSADO","750 ML",,n,2,1,4500,n,,"=""100""",,,,,,n,,,,,,,
"=""088345100050""","Import Beer",1,1399,n,n,"Newcastle Brown Ale Bottles (12 oz x 6 ct)","72.00 FL OZ",,n,6,1,0,n,,"=""100""",,,,,,n,,,,,,,
"=""088394000332""","Import Beer",1,1299,n,n,"FRANZISKANER NATURUB BAVARIAN HEFE 24/12 NR 4/6 PK","72.00 FL OZ",,n,6,1,832,n,,"=""100""",,,,,,n,,,,,,,
"=""088417870270""","Wine Cabernet Sauvignon",1,8499,n,n,"SILVERADO CABERNET SAUCIGNON","750 ml",,n,1,1,5510,n,,"=""100""",,,,,,n,,,,,,,
"=""088417870379""","Wine Cabernet Sauvignon",1,4999,n,n,"SILVERADO CABERNET SAUVIGNON","750.00 ML",,n,1,1,0,n,,"=""100""",,,,,,n,,,,,,,
"=""088417870676""","Wine Cabernet Sauvignon",1,12999,n,n,"SILVERADO CABERNET SAUVIGNON",,,n,1,1,0,n,,"=""100""",,,,,,n,,,,,,,
"=""088417880279""","White Wine",1,2999,n,n,"Silverado Vineyards:Sauvignon Blanc","750.00 ML",,n,1,1,0,n,,"=""100""",,,,,,n,,,,,,,
"=""088544000021""",Whiskey,1,199,n,n,"Southern Comfort 70 (50 ml)",50ml,,n,1,1,0,n,,"=""100""",,,,,,n,,,,,,,
"=""088544018255""",Whiskey,1,1399,n,n,"SOUTHERN COMFORT","375 ML",,n,1,1,0,n,,"=""100""",,,,,,n,,,,,,,
"=""088544019160""",Whiskey,1,499,n,n,"Southern Comfort",200ml,,n,1,1,0,n,,"=""100""",,,,,,n,,,,,,,
"=""088553093496""","Wine Cabernet Sauvignon",1,1299,n,n,"CHATEAU SOUVERA CABERNET","750.00 ML",,n,1,1,0,n,,"=""100""",,,,,,n,,,,,,,
"=""088553094059""","White Wine",1,1199,n,n,"SOUVERAIN SAUVIGNON BLANC","750.00 ML",,n,1,1,0,n,,"=""100""",,,,,,n,,,,,,,
"=""088553812202""","White Wine",1,1199,n,n,"SOUVERAIN CHARDONNAY","750.00 ML",,n,1,1,0,n,,"=""100""",,,,,,n,,,,,,,
"=""088573450040""","IPA Beer",1,1499,n,n,"DOPPELGANGER LAGER",,,n,4,0,0,n,,"=""100""",,,,,,n,,,,,,,
"=""088586000171""","Wine Cabernet Sauvignon",1,8099,n,n,"COL SOLARE CABERNET SAUVIGNON","750.00 ML",,n,1,1,0,n,,"=""100""",,,,,,n,,,,,,,
"=""088586001765""","White Wine",1,1499,n,n,"14 Hands:Chardonnay","750.00 ML",,n,1,1,919,n,,"=""100""",,,,,,n,,,,,,,
"=""088586001895""","Wine Cabernet Sauvignon",1,1499,n,n,"14 HANDS CAB","750.00 ML",,n,1,1,919,n,,"=""100""",,,,,,n,,,,,,,
"=""088586002601""","Wine General",1,5870,n,n,"Antinori Marchese Chianti Cl Rsv22 750ml",,,n,1,1,3810,n,,"=""100""",,,,,,n,,,,,,,
"=""088586002755""","Red Wine",1,2499,n,n,"VILLA ANTINOTOSCANA 750 ml","750.00 ML",,n,1,1,0,n,,"=""5""",,,,,,n,,,,,,,
"=""088586003516""","Red Wine",1,4399,n,n,"IL BRUCIATO ANTINORI Italian Wine 750 ml",,,n,1,1,0,n,,"=""100""",,,,,,n,,,,,,,
"=""088586003899""","Champagne & Sparkling",1,4199,n,n,"NICOLAS FEUILLATTE CHAMPAGNE","750 ML",,n,1,1,0,n,,"=""100""",,,,,,n,,,,,,,
"=""088586004483""","Red Wine",1,1499,n,n,"14 HANDS RED BLEND","750.00 ML",,n,1,1,0,n,,"=""100""",,,,,,n,,,,,,,
"=""088586005480""","Red Wine",1,3799,n,n,"VILLA ANTINORI RISERVA Italian Wine 750 ml",,,n,1,1,0,n,,"=""8""",,,,,,n,,,,,,,
"=""088586009211""","Red Wine",1,2299,n,n,"INTRINSIC RED WINE 750 ml","750 ml",,n,1,1,0,n,,"=""4""",,,,,,n,,,,,,,
"=""088586600258""","Wine General",1,1599,n,n,"Domaine Ste Michelle Extra Dry (750 ml)","750 ml",,n,1,1,0,n,,"=""100""",,,,,,n,,,,,,,
"=""088586601835""","Wine Cabernet Sauvignon",1,1999,n,n,"CHATEAU MICHELL CABERNET SAUVIGNON","750.00 ML",,n,1,1,0,n,,"=""100""",,,,,,n,,,,,,,
"=""088586603846""","White Wine",1,1599,n,n,"STE CHATEAU MICHELLE CHRD","750.00 ML",,n,1,1,0,n,,"=""100""",,,,,,n,,,,,,,
"=""088586621840""","Wine General",1,1499,n,n,"Chateau Ste. Michelle:Riesling","750.00 ML",,n,2,1,909,n,,"=""100""",,,,,,n,,,,,,,
"=""088586642890""","White Wine",1,999,n,n,"CH STE MICHL","750.00 ML",,n,1,1,0,n,,"=""100""",,,,,,n,,,,,,,
"=""088593450303""","White Wine",1,3499,n,n,"STAGS KARIA CHARDONAY","750.00 ML",,n,1,1,0,n,,"=""100""",,,,,,n,,,,,,,
"=""088593700200""","Wine Cabernet Sauvignon",1,7999,n,n,"STAGS LEAP WINE CELLARS ARTEMIS CABERNET SAUVIGNON","750.00 ML",,n,1,1,0,n,,"=""99""",,,,,,n,,,,,,,
"=""088593850066""","Wine Cabernet Sauvignon",1,19900,n,n,"STAG*s LEAP CASK 23 CABERNET SAUVIGNON","750.00 ML",,n,1,1,0,n,,"=""100""",,,,,,n,,,,,,,
"=""088600000026""",GIN,1,1599,n,n,"Gordon's London Dry Gin",750ml,,n,2,1,0,n,,"=""100""",,,,,,n,,,,,,,
"=""088600000064""",GIN,1,999,n,n,"gordons dry gin","=""375""",,n,1,1,0,n,,"=""100""",,,,,,n,,,,,,,
"=""088692860232""","Wine Cabernet Sauvignon",1,1599,n,n,"STRLING CAB 750","750.00 ML",,n,1,1,0,n,,"=""100""",,,,,,n,,,,,,,
"=""088734100708""",Liqueur,1,2199,n,n,"CAMPRI AP",375ml,,n,1,1,0,n,,"=""100""",,,,,,n,,,,,,,
"=""088857001616""",Whiskey,1,22999,n,n,"The Yamazaki",,,n,2,1,0,n,,"=""100""",,,,,,n,,,,,,,
"=""088857003306""",Liqueur,1,2699,n,n,"MIDORI 750ML","750.00 ML",,n,1,1,0,n,,"=""100""",,,,,,n,,,,,,,
"=""088857003344""",Liqueur,1,1499,n,n,"MIDORI MELON 375ML","375.00 ML",,n,1,1,825,n,,"=""100""",,,,,,n,,,,,,,
"=""089000001118""",Shots,1,399,n,n,"Black Label Blended Scotch Whiskey",50ml,,n,1,1,0,n,,"=""100""",,,,,,n,,,,,,,
"=""089000001132""",Shots,1,399,n,n,"JW RED LABEL 50ML","50 ML",,n,1,1,0,n,,"=""100""",,,,,,n,,,,,,,
"=""089000005000""",Shots,1,349,n,n,"Tanquery London Dry Gin",50ml,,n,1,1,0,n,,"=""100""",,,,,,n,,,,,,,
"=""089000118397""",Shots,1,139,n,n,"99 APPLES","50 ML",,n,1,1,0,n,,"=""100""",,,,,,n,,,,,,,
"=""089000990610""",Shots,1,139,n,n,"99 PEACHES","50 ML",,n,1,1,852,n,,"=""100""",,,,,,n,,,,,,,
"=""089000990764""",Shots,1,139,n,n,"99 GRAPE","50 ML",,n,1,1,852,n,,"=""100""",,,,,,n,,,,,,,
"=""089000991044""",Shots,1,139,n,n,"99 WATERMELON",50ML,,n,1,1,852,n,,"=""97""",,,,,,n,,,,,,,
"=""089000992010""",Shots,1,139,n,n,"99 Xxpresso",,,n,1,1,0,n,,"=""100""",,,,,,n,,,,,,,
"=""089000993086""",Shots,1,139,n,n,"99 WHIPPED","50 ML",,n,1,1,0,n,,"=""100""",,,,,,n,,,,,,,
"=""089000993154""",Shots,1,139,n,n,"99 Coconuts","50 ML",,n,1,1,0,n,,"=""100""",,,,,,n,,,,,,,
"=""089121068823""","White Wine",1,1699,n,n,"J LOHR CHARDONNY","750.00 ML",,n,1,1,0,n,,"=""100""",,,,,,n,,,,,,,
"=""089121108529""","Red Wine",1,1499,n,n,"J LOHR VALDI","750 ML",,n,2,1,950,n,,"=""100""",,,,,,n,,,,,,,
"=""089121188521""","Red Wine",1,1999,n,n,"J.LOHR MERLOT MERLOT 750 ml","750.00 ML",,n,1,1,0,n,,"=""5""",,,,,,n,,,,,,,
"=""089121288122""","Wine Cabernet Sauvignon",1,2299,n,n,"J.LOHR CABERNET SAUVIGNON","750.00 ML",,n,1,1,1500,n,,"=""100""",,,,,,n,,,,,,,
"=""089121348529""","Wine Cabernet Sauvignon",1,3600,n,n,"J.LOHR HILLTOP CABERNET SAUVIGNON","750.00 ML",,n,1,1,0,n,,"=""100""",,,,,,n,,,,,,,
"=""089121408520""","Red Wine",1,3599,n,n,"J LOHR Red wine 750 ml",,,n,1,1,0,n,,"=""5""",,,,,,n,,,,,,,
"=""089419003055""","Red Wine",1,899,n,n,"WARRES WARRIOR 375 ML",,,n,1,1,0,n,,"=""5""",,,,,,n,,,,,,,
"=""089419235111""","Wine Rosé",1,2599,n,n,"MIRAVAL ROSE","750 ml",,n,2,1,1449,n,,"=""3""",,,,,,n,,,,,,,
"=""089419242140""","Wine Rosé",1,1499,n,n,"MIRVAL COTES",,,n,1,1,0,n,,"=""100""",,,,,,n,,,,,,,
"=""089540122717""",Liqueur,1,2999,n,n,"KAHLUA 750 ML",750ml,,n,1,1,1752,n,,"=""100""",,,,,,n,,,,,,,
"=""089540122731""",Liqueur,1,835,n,n,"Kahlua 200 ml",200ml,,n,1,1,543,n,,"=""100""",,,,,,n,,,,,,,
"=""089540122748""",Liqueur,1,399,n,n,"Kahlua Coffee Liqueur","50 ml",,n,1,1,0,n,,"=""100""",,,,,,n,,,,,,,
"=""089540125220""",Liqueur,1,2299,n,n,"HIRAM WALKER PEPPER MINT  SCHNAPPS",750ml,,n,2,1,0,n,,"=""100""",,,,,,n,,,,,,,
"=""089540125251""",Liqueur,1,1499,n,n,"H WALKER TRIPLE SEC 60","750 ML",,n,2,1,818,n,,"=""100""",,,,,,n,,,,,,,
"=""089540125473""","Spirits - Other",1,1451,n,n,"H WALKER APRICOT BRANDY 60 750ML",,,n,1,1,943,n,,"=""100""",,,,,,n,,,,,,,
"=""089540125572""",Liqueur,1,1499,n,n,"Hiram Walker Peach Brandy","750 ML",,n,2,1,958,n,,"=""100""",,,,,,n,,,,,,,
"=""089540125633""",Liqueur,1,2299,n,n,"Hiram Walker CREME DE CACAO",750ml,,n,2,1,0,n,,"=""100""",,,,,,n,,,,,,,
"=""089540125664""",Liqueur,1,2299,n,n,"Hiram Walker Creme de Cacao",750ml,,n,2,1,0,n,,"=""100""",,,,,,n,,,,,,,
"=""089540125831""",Liqueur,1,2299,n,n,"H W COFFEE BRANDY","750 ML",,n,2,1,0,n,,"=""100""",,,,,,n,,,,,,,
"=""089540145402""",Liqueur,1,899,n,n,"Hiram Walker PEPPERMINT SCHNAPPS","375 ML",,n,1,1,0,n,,"=""100""",,,,,,n,,,,,,,
"=""089540145631""",Liqueur,1,1599,n,n,"KAHLUA 375 ML",375ml,,n,1,1,1003,n,,"=""100""",,,,,,n,,,,,,,
"=""089540165158""",Liqueur,1,1599,n,n,"HIRAM WALKER PEACH SCHNAPPS 1","1 LITER",,n,2,1,0,n,,"=""100""",,,,,,n,,,,,,,
"=""089540167602""",Liqueur,1,2499,n,n,"HIRAM WALKER BLU CURACAO",1L,,n,2,1,0,n,,"=""100""",,,,,,n,,,,,,,
"=""089540352848""",Whiskey,1,2499,n,n,"BALLANTINES FINEST BLENDED SCOTCH WHISKY","750 ML",,n,2,1,0,n,,"=""100""",,,,,,n,,,,,,,
"=""089540448992""",Rum,1,1799,n,n,"MALIBU RUM COCONUT 42",750.ML,,n,1,1,1000,n,,"=""100""",,,,,,n,,,,,,,
"=""089540449036""",Rum,1,1099,n,n,"Malibu Caribbean Rum with Coconut Liqueur (375 ml)",375ml,,n,1,1,0,n,,"=""100""",,,,,,n,,,,,,,
"=""089540449326""",Rum,1,2999,n,n,"MALIBU COCONUT RUM","1.75 ML",,n,1,1,1590,n,,"=""100""",,,,,,n,,,,,,,
"=""089540449357""",Rum,1,599,n,n,"Malibu Caribbean Rum",200ml,,n,1,1,0,n,,"=""100""",,,,,,n,,,,,,,
"=""089540453927""",Shots,1,349,n,n,"Malibu Caribbean Rum","50 ml",,n,1,1,0,n,,"=""100""",,,,,,n,,,,,,,
"=""089540463131""",Rum,1,2413,n,n,"Malibu Carribean Rum Pineapple",750ml,,n,2,1,1200,n,,"=""8""",,,,,,n,,,,,,,
"=""089540472393""","Vodka - Flavored",1,0,n,n,"MalibuPASSION FRUIT","750 ML",,n,1,1,0,n,,"=""10""",,,,,,n,,,,,,,
"=""089540498683""","Spirits - Other",1,2128,n,n,"MALIBU RUM COCONUT 42 PET 12/10PK 50ML",,,n,1,1,1383,n,,"=""100""",,,,,,n,,,,,,,
"=""089540520100""","Vodka - Flavored",1,1899,n,n,"Malibu Black",750ml,,n,2,1,0,n,,"=""3""",,,,,,n,,,,,,,
"=""089540520346""","Vodka - Flavored",1,2299,n,n,"MALIBU RED  1LT","1 LITER",,n,2,1,0,n,,"=""100""",,,,,,n,,,,,,,
"=""089540535555""","Vodka - Flavored",1,1899,n,n,"MALIBU WATERMELON","750 ML",,n,2,1,1200,n,,"=""8""",,,,,,n,,,,,,,
"=""089540535654""","Ready-to-Drink (RTD)",1,399,n,n,"MALIBU PINA COLADA","335 ml",,n,1,1,0,n,,"=""100""",,,,,,n,,,,,,,
"=""089540535661""","Ready-to-Drink (RTD)",1,1399,n,n,"MALIBU COCKTAILS PINA COLADA 4 PACK","4 PK",,n,4,1,877,n,,"=""100""",,,,,,n,,,,,,,
"=""089540535678""","Ready-to-Drink (RTD)",1,399,n,n,"MALIBU STAWBERRY DAIQUIRI","335 ml",,n,1,1,0,n,,"=""100""",,,,,,n,,,,,,,
"=""089540535685""","Ready-to-Drink (RTD)",1,1399,n,n,"MALIBU COCKTAILS STRAWBERRY DAQUIRI 4 PACK","4 PK",,n,4,1,877,n,,"=""100""",,,,,,n,,,,,,,
"=""089540535692""","Ready-to-Drink (RTD)",1,399,n,n,"MALIBU  PINEAPPLE BAY BREEZE 355 ML","355 ml",,n,1,1,0,n,,"=""100""",,,,,,n,,,,,,,
"=""089540535708""","Ready-to-Drink (RTD)",1,1399,n,n,"MALIBU COCKTAILS PINEAPPLE BAY BREEZE","4 PK",,n,4,1,877,n,,"=""100""",,,,,,n,,,,,,,
"=""089540535906""","Vodka - Flavored",1,1899,n,n,"MALIBU PEACH","750 ML",,n,2,1,1200,n,,"=""7""",,,,,,n,,,,,,,
"=""089540536019""","Ready-to-Drink (RTD)",1,399,n,n,"MALIBU PEACH RUM PUNCH 355 ML","355 ml",,n,1,1,0,n,,"=""100""",,,,,,n,,,,,,,
"=""089540536026""","Ready-to-Drink (RTD)",1,1399,n,n,"MALIBU COCKTAILS PEACH RUM PUNCH 4 PK",4PK,,n,4,1,877,n,,"=""100""",,,,,,n,,,,,,,
"=""089540536286""","Ready-to-Drink (RTD)",1,1899,n,n,"MALIBU   VARITY PAK","8 PK 12 OZ",,n,8,1,1230,n,,"=""6""",,,,,,n,,,,,,,
"=""089540536521""","Vodka - Flavored",1,1899,n,n,"MALIBU PINK","750 ML",,n,2,1,337,n,,"=""3""",,,,,,n,,,,,,,
"=""089540536545""",Liqueur,1,3318,n,n,"Kahlua Dunkin Caramel","750 ml",,n,1,1,2146,n,,"=""100""",,,,,,n,,,,,,,
"=""089540536613""",Rum,1,299,n,n,"MALIBU RUM PINK 50ML","50 ML",,n,1,1,138,n,,"=""120""",,,,,,n,,,,,,,
"=""089541300893""","Wine Cabernet Sauvignon",1,5999,n,n,"GROTH CABERNET SAUVIGNON","750.00 ML",,n,1,1,0,n,,"=""100""",,,,,,n,,,,,,,
"=""089552000522""",Liqueur,1,2999,n,n,"CHOCOLAT DELUXE TRIPLE","750 ml",,n,1,1,0,n,,"=""100""",,,,,,n,,,,,,,
"=""089552000737""",Liqueur,1,2599,n,n,"CHOCOLAT DELUXE WHITE","750 ml",,n,2,1,1525,n,,"=""100""",,,,,,n,,,,,,,
"=""089636190002""","Wine General",1,1699,n,n,"Wente Chardonnay Morning Fog (750 ml)","750.00 ML",,n,1,1,0,n,,"=""100""",,,,,,n,,,,,,,
"=""089636230005""","White Wine",1,1699,n,n,"WENTE SAVIGNON BLANC",,,n,1,1,0,n,,"=""100""",,,,,,n,,,,,,,
"=""089636240103""","White Wine",1,2299,n,n,"WENTE VYDS CHARD RIVA RANCH 750ML","750.00 ML",,n,2,1,1409,n,,"=""100""",,,,,,n,,,,,,,
"=""089636430313""","Wine General",1,2491,n,n,"WENTE VYDS P NOIR RIVA RANCH 750ML",,,n,1,1,1619,n,,"=""100""",,,,,,n,,,,,,,
"=""089636460006""","Wine Cabernet Sauvignon",1,1799,n,n,"WENTE CABERNET SAUVIGNON 750","750.00 ML",,n,1,1,0,n,,"=""100""",,,,,,n,,,,,,,
"=""089744329561""",Liqueur,1,8724,n,n,Chartreuse,"750 ML",,n,2,1,5667,n,,"=""100""",,,,,,n,,,,,,,
"=""089744329615""",Liqueur,1,8724,n,n,Chartreuse,"750 ml",,n,2,1,5667,n,,"=""100""",,,,,,n,,,,,,,
"=""089744757333""",Tequila,1,5999,n,n,"ILEGAL MEZCAL REP","750 ML",,n,2,1,0,n,,"=""100""",,,,,,n,,,,,,,
"=""089744765482""","Red Wine",1,899,n,n,"RIUNITE LAMBRUSCO 750 ml","750 ml",,n,1,1,0,n,,"=""100""",,,,,,n,,,,,,,
"=""089819001972""","Wine General",1,1199,n,n,"Beringer Founders' Est Pinot Noir (750 ml)","750.00 ML",,n,1,1,0,n,,"=""100""",,,,,,n,,,,,,,
"=""089819003471""","Wine Cabernet Sauvignon",1,2249,n,n,"BERINGER CABERNET SAUVIGNON","750.00 ML",,n,2,1,0,n,,"=""100""",,,,,,n,,,,,,,
"=""089819012985""","Wine Cabernet Sauvignon",1,14999,n,n,"BERINGER Reserve CABERNET SAUVIGNON","750 ml",,n,1,1,0,n,,"=""100""",,,,,,n,,,,,,,
"=""089819042401""","Wine Cabernet Sauvignon",1,6999,n,n,"STAGS LEAB CABERNET SAUVIGNION","750.00 ML",,n,1,1,0,n,,"=""100""",,,,,,n,,,,,,,
"=""089819044412""","Red Wine",1,3499,n,n,"STAGS LEAP MERLOT","750.00 ML",,n,1,1,0,n,,"=""9""",,,,,,n,,,,,,,
"=""089819045853""","Red Wine",1,2499,n,n,"STAGE LEAP Petite Birah Napa Valley 750 ml","750.00 ML",,n,1,1,0,n,,"=""7""",,,,,,n,,,,,,,
"=""089819236015""","Wine General",1,1499,n,n,"Matua Pinot Noir (750 ml)","750.00 ML",,n,1,1,0,n,,"=""100""",,,,,,n,,,,,,,
"=""089819501458""","Wine General",1,1099,n,n,"Gabbiano Sangiovese (750 ml)","750.00 ML",,n,1,1,0,n,,"=""100""",,,,,,n,,,,,,,
"=""089819547043""","Red Wine",1,7999,n,n,"STAGS LEAP THE INVES",,,n,1,1,0,n,,"=""3""",,,,,,n,,,,,,,
"=""089819721443""","Red Wine",1,1299,n,n,"19 CRIMES PINOT NOIR 750 ml",,,n,1,1,0,n,,"=""100""",,,,,,n,,,,,,,
"=""089819760091""","White Wine",1,899,n,n,"BERINGER PINOT GRIGIO","750.00 ML",,n,1,1,0,n,,"=""100""",,,,,,n,,,,,,,
"=""089819806942""","Wine Cabernet Sauvignon",1,9499,n,n,"STAG LEAP CABERNET SAUVIGNON","750.00 ML",,n,1,1,0,n,,"=""100""",,,,,,n,,,,,,,
"=""089826000043""",BEER,1,399,n,n,"Carta Blanca Bottle (32 oz)","32.00 FL OZ",,n,1,1,235,n,,"=""100""",,,,,,n,,,,,,,
"=""089826001422""",BEER,1,319,n,n,"Tecate Can (24 oz)","24.00 FL OZ",,n,2,1,194,n,,"=""100""",,,,,,n,,,,,,,
"=""089826231201""",BEER,1,428,n,n,"DOS EQUIS PINEAPPLE CHELADA C12 24OZ",,,n,1,1,278,n,,"=""100""",,,,,,n,,,,,,,
"=""089826231232""",BEER,1,549,n,n,"DOS EQUIS CAGUAMA","24 OZ",,n,2,1,340,n,,"=""100""",,,,,,n,,,,,,,
"=""089826300402""",BEER,1,449,n,n,"Dos Equis Lager Lime & Salt Pilsner Can (24 oz)",24oz,,n,2,1,0,n,,"=""100""",,,,,,n,,,,,,,
"=""089826302413""",BEER,1,894,n,n,"TECATE  C12 24OZ 3P","3 pack",,n,1,1,581,n,,"=""100""",,,,,,n,,,,,,,
"=""089826900206""",BEER,1,1699,n,n,"TECATE LIGHT  12OZ 12P","12 oz 12 pk",,n,12,1,1140,n,,"=""100""",,,,,,n,,,,,,,
"=""089826900336""",BEER,1,1699,n,n,"Tecate Bottles (12 oz x 12 ct)","12 oz 12 pk",,n,12,1,1140,n,,"=""100""",,,,,,n,,,,,,,
"=""089826901241""",BEER,1,319,n,n,"TECATE LIGHT  C12 24OZ","24  OZ",,n,2,1,194,n,,"=""100""",,,,,,n,,,,,,,
"=""089826902026""",BEER,1,894,n,n,"TECATE LIGHT  C12 24OZ 3P","3 pack",,n,1,1,581,n,,"=""100""",,,,,,n,,,,,,,
"=""089826905027""",BEER,1,1152,n,n,"DOS EQUIS LAGER C12 24OZ 3P","3 pack",,n,1,1,749,n,,"=""100""",,,,,,n,,,,,,,
"=""090478006826""",Water,1,274,n,n,"MINERAGUA  MANDARIN","12 OZ",,n,1,1,100,n,,"=""100""",,,,,,n,,,,,,,
"=""090478006840""",Water,1,274,n,n,"MIERAGUA GUAVA","12.5 OZ",,n,1,1,100,n,,"=""99""",,,,,,n,,,,,,,
"=""090478006895""",Water,1,274,n,n,"MINERAGUA  MANGO PASSION","=""125""",,n,1,1,100,n,,"=""100""",,,,,,n,,,,,,,
"=""090478006925""",Soda,1,273,n,n,"JARRITOS MANDARIN","17.7 OZ",,n,1,0,0,n,,"=""100""",,,,,,n,,,,,,,
"=""090478216218""",Soda,1,360,n,n,"Jarritos Mandarin Soda (12.5 oz)","1.5 L",,n,1,1,0,n,,"=""100""",,,,,,n,,,,,,,
"=""090478321004""",Soda,1,249,n,n,"JARRITOS SANGRIA SENORAL 11.16OZ","11.16 OZ",,n,1,1,100,n,,"=""24""",,,,,,n,,,,,,,
"=""090478321103""",Soda,1,269,n,n,"Jarritos Sangria Senorial (11.2 oz)","1.5 Liter",,n,1,1,0,n,,"=""100""",,,,,,n,,,,,,,
"=""090478331003""",Soda,1,273,n,n,"SIDRAL MUNDET APPLE","12 OZ",,n,1,1,100,n,,"=""100""",,,,,,n,,,,,,,
"=""090478410012""",Soda,1,273,n,n,"JARRITOS MANDARIN 24/12.5 GLASS",12.5oz,,n,1,1,100,n,,"=""100""",,,,,,n,,,,,,,
"=""090478410029""",Soda,1,273,n,n,"JARRITO TAMARINDO","12.5 oz",,n,1,1,105,n,,"=""100""",,,,,,n,,,,,,,
"=""090478410043""",Soda,1,273,n,n,"JARRITO PINEAPPLE","12.5 OZ",,n,1,1,104,n,,"=""100""",,,,,,n,,,,,,,
"=""090478410050""",Soda,1,273,n,n,"JARRITOS LIME","12.5 oz",,n,1,1,100,n,,"=""100""",,,,,,n,,,,,,,
"=""090478410074""",Soda,1,273,n,n,"Jarritos Soda Toronja","12.50 Oz",,n,1,1,100,n,,"=""100""",,,,,,n,,,,,,,
"=""090478410081""",Soda,1,273,n,n,"JARRITOS GUAVA","12.5 oz",,n,1,1,104,n,,"=""100""",,,,,,n,,,,,,,
"=""090478410098""",Soda,1,273,n,n,"JARRITOS STRAWBERRY","12.5 oz",,n,1,1,104,n,,"=""100""",,,,,,n,,,,,,,
"=""090478410616""",Water,1,249,n,n,"JARITOAS MINERAGUA CLUB SODA 12OZ","12.50 FL OZ",,n,1,1,100,n,,"=""100""",,,,,,n,,,,,,,
"=""090478415024""",Soda,1,99,n,n,"Jarritos Tamarindo Soda (12.5 oz)","16.90 FL OZ",,n,1,1,0,n,,"=""100""",,,,,,n,,,,,,,
"=""090500000594""",Cigarettes,1,1499,n,n,"Winston Gold Box",regular,,n,1,1,1150,n,,"=""100""",,,,,,n,,,,,,,
"=""091037027078""",GIN,1,2599,n,n,"FORDS GIN 750ML","750 ml",,n,1,1,0,n,,"=""100""",,,,,,n,,,,,,,
"=""091771062083""","Red Wine",1,1499,n,n,"LLAMA MALBEC","750.00 ML",,n,1,1,0,n,,"=""100""",,,,,,n,,,,,,,
"=""091771143003""","Red Wine",1,999,n,n,"LA PLAYA RED BLEND",,,n,1,1,0,n,,"=""100""",,,,,,n,,,,,,,
"=""091771161601""","White Wine",1,1399,n,n,"DON R PINOT GRIGIO",,,n,1,1,0,n,,"=""100""",,,,,,n,,,,,,,
"=""091771230185""","Red Wine",1,1599,n,n,"THECHARMER Pinot NOIR 750 ml",,,n,1,1,0,n,,"=""100""",,,,,,n,,,,,,,
"=""091771240016""","White Wine",1,1799,n,n,"CLARK ESTATE SAUVIGNON  BLANC",,,n,1,1,0,n,,"=""100""",,,,,,n,,,,,,,
"=""093922520022""",Gummy,1,99,n,n,"Now & Later Strawberry",6pc,,n,1,1,35,n,,"=""100""",,,,,,n,,,,,,,
"=""093922520039""",Gummy,1,99,n,n,"Now & Later Cherry",6pc,,n,1,1,35,n,,"=""100""",,,,,,n,,,,,,,
"=""093922520046""",Gummy,1,99,n,n,"Now & Later Blue Berry",6pc,,n,1,1,35,n,,"=""100""",,,,,,n,,,,,,,
"=""093922520060""",Gummy,1,99,n,n,"Now & Later Pineapple","0.93 Oz",,n,1,1,35,n,,"=""100""",,,,,,n,,,,,,,
"=""094799010043""","Red Wine",1,2999,n,n,PORTO,"750 ML",,n,1,1,0,n,,"=""3""",,,,,,n,,,,,,,
"=""094799010081""","Red Wine",1,4499,n,n,"GRAHAMÔøΩÔøΩÔøΩÔøΩÔøΩÔøΩÔøΩÔøΩÔøΩÔøΩÔøΩÔøΩÔøΩÔøΩÔøΩÔøΩÔøΩÔøΩS 10 YEARS TAWNY PORTO","=""750""",,n,1,1,0,n,,"=""100""",,,,,,n,,,,,,,
"=""096619055524""",Water,1,799,n,n,"ORGANIC COCONUT WATER","1 LITER",,n,5,0,0,n,,"=""100""",,,,,,n,,,,,,,
"=""096619056583""","Pantry & Grocery Extras",1,699,n,n,"KIRKLAND ORGANIC WHOLE MILK",,,n,5,1,0,n,,"=""100""",,,,,,n,,,,,,,
"=""096619077113""",Milk,1,699,n,n,"A 2  ORGANIC WHOLE MILK",,,n,1,1,0,n,,"=""99""",,,,,,n,,,,,,,
"=""096619114009""",Milk,1,699,n,n,"Organic milk","HALF GALLON",,n,5,1,0,n,,"=""100""",,,,,,n,,,,,,,
"=""096619410804""",Milk,1,699,n,n,milk,,,n,1,1,0,n,,"=""100""",,,,,,n,,,,,,,
"=""096619411146""",Milk,1,599,n,n,"KIRKLAND SALTED SWEET CREAM BUTTER",,,n,1,1,280,n,,"=""100""",,,,,,n,,,,,,,
"=""096619414000""",Grocery,1,599,n,n,"UNSALTED SWEET CREAM BUTTERE",16.OZ,,n,1,1,280,n,,"=""100""",,,,,,n,,,,,,,
"=""096619894031""",Milk,1,699,n,n,"ORGANIC LACTOSE  FREE",,,n,5,1,0,n,,"=""100""",,,,,,n,,,,,,,
"=""096740000097""",Whiskey,1,699,n,n,"ELIJAH CRAIG","50 ML",,n,1,0,0,n,,"=""100""",,,,,,n,,,,,,,
"=""096749000067""",Whiskey,1,4999,n,n,"Elijah Craig Small Batch Kentucky Straight Bourbon Whiskey (750 ml)","750 ml",,n,2,1,2239,n,,"=""100""",,,,,,n,,,,,,,
"=""096749002047""",Vodka,1,799,n,n,"Burnets Vodka","750 ml",,n,2,1,504,n,,"=""30""",,,,,,n,,,,,,,
"=""096749003068""",Whiskey,1,1299,n,n,"black velvet","750 ml",,n,1,0,0,n,,"=""100""",,,,,,n,,,,,,,
"=""096749003075""",Whiskey,1,899,n,n,"black velvet","375 ml",,n,1,0,0,n,,"=""100""",,,,,,n,,,,,,,
"=""096749005796""","Spirits - Other",1,7499,n,n,"OLD FITZGERALD BBN BIB 7YR 100 700ML","750 ML",,n,1,1,4045,n,,"=""100""",,,,,,n,,,,,,,
"=""096749006427""",Whiskey,1,17999,n,n,"ELIJAH CRAIG SINGLE BARREL",,,n,2,1,9999,n,,"=""100""",,,,,,n,,,,,,,
"=""096749010189""",Whiskey,1,39999,n,n,"ELIJAH CRAIG SINGLE BARREL 18 YEARS OLD","750 ML",,n,2,0,0,n,,"=""100""",,,,,,n,,,,,,,
"=""096749031559""",Whiskey,1,3699,n,n,"Larceny (750 ml)",750ml,,n,1,1,0,n,,"=""100""",,,,,,n,,,,,,,
"=""096749200566""","Spirits - Other",1,8091,n,n,"HENRY MCKENNA BBN SB 10YR 100 750ML",,,n,1,1,5259,n,,"=""100""",,,,,,n,,,,,,,
"=""096749472215""","Spirits - Other",1,8499,n,n,"ELIJAH CRAIG BBN BP 10Y","750 ML",,n,2,1,5329,n,,"=""100""",,,,,,n,,,,,,,
"=""097339000054""","Snacks & Condiments",1,299,n,n,"VALENTINA MEXICAN HOT SAUCE","12.5 OZ",,n,1,1,117,n,,"=""100""",,,,,,n,,,,,,,
"=""097464900106""",ACCESSORIES,1,299,n,n,"80 TISSUEULTRA SOFT",,,n,1,1,110,n,,"=""100""",,,,,,n,,,,,,,
"=""097464901400""",ACCESSORIES,1,299,n,n,"MELODY 180 NAPKINS",180ct,,n,1,1,0,n,,"=""100""",,,,,,n,,,,,,,
"=""097464902964""",ACCESSORIES,1,199,n,n,MELODY,"Single roll",,n,1,1,48,n,,"=""100""",,,,,,n,,,,,,,
"=""097464903800""",ACCESSORIES,1,299,n,n,"Melody Paper Towels","1 Roll",,n,1,1,0,n,,"=""100""",,,,,,n,,,,,,,
"=""097464905101""",ACCESSORIES,1,399,n,n,"MELODY - TOILET PAPER",,,n,1,1,129,n,,"=""100""",,,,,,n,,,,,,,
"=""097546102008""","Champagne & Sparkling",1,3689,n,n,"Roederer Estate 750 ml","750.00 ML",,n,2,1,2400,n,,"=""100""",,,,,,n,,,,,,,
"=""097832000018""","Hanging Snacks",1,199,n,n,"Hola Lemon Flavored Salted Apricot","=""1""",,n,1,1,0,n,,"=""100""",,,,,,n,,,,,,,
"=""097921870201""","White Wine",1,8999,n,n,"ROMBAUER CHARDONNAY CARNEROS",,,n,1,0,0,n,,"=""100""",,,,,,n,,,,,,,
"=""097921871307""","Red Wine",1,3499,n,n,"ROMBAUER MERLOT CARNEROS 750 ml",,,n,1,1,0,n,,"=""100""",,,,,,n,,,,,,,
"=""097921872106""","Wine Cabernet Sauvignon",1,8299,n,n,"ROMBAUER CABERNET SAUIGNON","750 ml",,n,1,1,0,n,,"=""100""",,,,,,n,,,,,,,
"=""097921877101""","White Wine",1,2999,n,n,"ROMBAUER SAUV BLANC","750 ML",,n,2,1,1866,n,,"=""17""",,,,,,n,,,,,,,
"=""097921970109""","White Wine",1,4499,n,n,"ROMBAUER CHARDONAY",,,n,1,1,0,n,,"=""100""",,,,,,n,,,,,,,
"=""097921978105""","Red Wine",1,3999,n,n,"ROMBAUER ZINFANDEL 750 Ml","750.00 ML",,n,1,1,0,n,,"=""100""",,,,,,n,,,,,,,
"=""098000100127""","Iced Tea",1,240,n,n,"BRISK FRUIT PUNCH",1L,,n,2,1,0,n,,"=""100""",,,,,,n,,,,,,,
"=""098000100356""","Iced Tea",1,345,n,n,"PURE LEAF ZERO SUGER",,,n,1,0,0,n,,"=""100""",,,,,,n,,,,,,,
"=""098100100300""",Coffee,1,395,n,n,"STARBUCKS COLD BREW VANILA SWEET CREAM","11 OZ",,n,1,1,216,n,,"=""100""",,,,,,n,,,,,,,
"=""099900001477""",CHOCOLATE,1,399,n,n,"BUTTERFINGER SHARE PACK","3.7 OZ",,n,1,1,195,n,,"=""99""",,,,,,n,,,,,,,
"=""099900100873""",CHOCOLATE,1,299,n,n,BUTTERFINGER,"1.9 OZ",,n,1,1,0,n,,"=""100""",,,,,,n,,,,,,,
"=""099900625468""",CHOCOLATE,1,249,n,n,"BABY RUTH","1.9 OZ",,n,1,1,0,n,,"=""100""",,,,,,n,,,,,,,
"=""099900694235""",CHOCOLATE,1,299,n,n,"100 GRAND","=""15""",,n,1,1,0,n,,"=""100""",,,,,,n,,,,,,,
"=""099900718474""",CHOCOLATE,1,399,n,n,RAISINETS,"2.8 OZ",,n,1,24,4300,n,,"=""100""",,,,,,n,,,,,,,
"=""099900722730""",Candy,1,329,n,n,"RAISINETS MILK CHOCOLATE",,,n,1,1,0,n,,"=""100""",,,,,,n,,,,,,,
"=""099900722785""",CHOCOLATE,1,399,n,n,"100 GRAND","2.2 OZ",,n,1,1,0,n,,"=""100""",,,,,,n,,,,,,,
"=""099900908363""",CHOCOLATE,1,299,n,n,"CRUNCH BAR","1.55 OZ",,n,1,1,0,n,,"=""100""",,,,,,n,,,,,,,
"=""099988071096""","Red Wine",1,1099,n,n,"MENAGE A TROIS RED BLEND","750.00 ML",,n,2,1,677,n,,"=""100""",,,,,,n,,,,,,,
"=""099988071102""","Wine General",1,1054,n,n,"MENAGE A TROIS CHARDONNAY 750ML","750.00 ML",,n,1,1,685,n,,"=""100""",,,,,,n,,,,,,,
"=""099988071140""","Wine Cabernet Sauvignon",1,1399,n,n,"Menage A TROIS CABERNET SAUVIGNON",750ml,,n,1,1,885,n,,"=""100""",,,,,,n,,,,,,,
"=""099988071294""","Red Wine",1,1099,n,n,"MENAGE A TROS MIDNIGHT RED BLEND","750.00 ML",,n,2,1,677,n,,"=""100""",,,,,,n,,,,,,,
"=""099988071362""","Red Wine",1,1099,n,n,"MENAGE A TROI SILK RED BLEND",750ml,,n,2,1,677,n,,"=""100""",,,,,,n,,,,,,,
"=""099988071577""","Wine General",1,1199,n,n,"Menage a Trois Luscious Pinot Noir (750 ml)","=""750""",,n,1,1,685,n,,"=""100""",,,,,,n,,,,,,,
"=""099988071959""","Red Wine",1,1099,n,n,"Menage sultry red BLEND","750 ml",,n,1,1,510,n,,"=""100""",,,,,,n,,,,,,,
"=""111111111117""","Sour Beer",1,899,n,n,"GREAT NATION BAKED FUIT BUNSH SOUR","16 OZ",,n,1,1,475,n,,"=""100""",,,,,,n,,,,,,,
"=""128490013734""",BEER,1,599,n,n,"MOUNTUCKY COLD SNACK","24 oz",,n,2,1,0,n,,"=""100""",,,,,,n,,,,,,,
"=""143305322511""","General Merchandise",1,1499,n,n,"BEACH TOYS",,,n,1,0,0,n,,"=""100""",,,,,,n,,,,,,,
"=""0160002290820""","Chips - Other",1,499,n,n,"CHEZ MIX SPICY DILL",,,n,1,1,231,n,,"=""100""",,,,,,n,,,,,,,
"=""172270000001""","Wine General",1,2199,n,n,"petiti petit",,,n,1,1,0,n,,"=""5""",,,,,,n,,,,,,,
"=""180626000216""",Coffee,1,699,n,n,"STUMPTOWN ORIGINAL COLD BREW COFFEE","=""105""",,n,1,1,349,n,,"=""9""",,,,,,n,,,,,,,
"=""180716000126""","IPA Beer",1,1899,n,n,"MEMOTH 4 PK","4 PK 16 OZ",,n,4,0,0,n,,"=""100""",,,,,,n,,,,,,,
"=""180716000720""","IPA Beer",1,2199,n,n,"MAMMOTH 395 DIPA","4 PCK 16 OZ",,n,4,1,1399,n,,"=""100""",,,,,,n,,,,,,,
"=""180716000805""","IPA Beer",1,2199,n,n,"MAMMOYH EL CAPITAN DIPA","4 PK 16 OZ",,n,4,1,1399,n,,"=""6""",,,,,,n,,,,,,,
"=""180716000898""","Craft / Local Beer",1,1699,n,n,"MAMOTH GOLDEN TROUT","16 OZ",,n,4,0,0,n,,"=""100""",,,,,,n,,,,,,,
"=""180716000911""","IPA Beer",1,1699,n,n,"mammoth pilsner 4 pk 12 oz","4 pk 12 oz",,n,4,1,1050,n,,"=""100""",,,,,,n,,,,,,,
"=""181645000416""","Wine General",1,4999,n,n,"damaine serge laloue SANCERRE",,,n,1,1,2900,n,,"=""21""",,,,,,n,,,,,,,
"=""181954000022""","Import Beer",1,1299,n,n,"PERONI NASTRO AZZURRO 6PK 12OZ","12 oz 6 pk",,n,6,1,792,n,,"=""8""",,,,,,n,,,,,,,
"=""181954001074""","Import Beer",1,1199,n,n,"PERONI ZERO ALCO","6 PK 12 OZ",,n,6,1,780,n,,"=""6""",,,,,,n,,,,,,,
"=""181954001159""","Import Beer",1,1299,n,n,"Peroni Nastro Azzurro - 6 pack","6 PK 12 OZ",,n,6,1,792,n,,"=""7""",,,,,,n,,,,,,,
"=""182002035652""","Domestic Beer",1,999,y,n,"BUD LIGHT NEXT",,,n,1,1,0,n,,"=""100""",,,,,,n,,,,,,,
"=""182442000401""","Wine General",1,1999,n,n,"PORTLANDIA OREGON PINOT NOIR","750 ML",,n,2,1,1267,n,,"=""100""",,,,,,n,,,,,,,
"=""183689001350""","General Merchandise",1,499,n,n,"Panda Soft & Strong Toilet Paper (4 ct)","4 rolls",,n,1,1,0,n,,"=""100""",,,,,,n,,,,,,,
"=""186852000334""","Ice Cream",1,905,n,n,"Talenti Caramel Cookie Crunch","=""16""",,n,1,1,490,n,,"=""100""",,,,,,n,,,,,,,
"=""186852000365""","Ice Cream",1,905,n,n,"Talenti Mediterranean Mint","=""1""",,n,1,1,490,n,,"=""100""",,,,,,n,,,,,,,
"=""186852000372""","Ice Cream",1,905,n,n,"Talenti Pacific Coast Pistachio","=""16""",,n,1,1,490,n,,"=""100""",,,,,,n,,,,,,,
"=""186852000600""","Ice Cream",1,899,n,n,"Talenti Gelato Southern Butter Pecan","=""1""",,n,1,1,438,n,,"=""100""",,,,,,n,,,,,,,
"=""186852000822""","Ice Cream",1,905,n,n,"Talenti Roman Raspberry","=""1""",,n,1,1,490,n,,"=""100""",,,,,,n,,,,,,,
"=""186852000846""","Ice Cream",1,905,n,n,"Talenti Mango Sorbet",,,n,1,1,490,n,,"=""100""",,,,,,n,,,,,,,
"=""186852001072""","Ice Cream",1,1114,n,n,"Talenti Layers Vanilla Fudge Cookie",,,n,1,1,605,n,,"=""100""",,,,,,n,,,,,,,
"=""186852001096""","Ice Cream",1,899,n,n,"Talenti Layer Salted Carm Truf",,,n,1,1,605,n,,"=""100""",,,,,,n,,,,,,,
"=""186852001423""","Ice Cream",1,1199,n,n,"Talenti Confetti Cookie Layers",,,n,1,1,605,n,,"=""100""",,,,,,n,,,,,,,
"=""0186852001423""","Ice Cream",1,1114,n,n,"Talenti Confetti Cookie Layers",,,n,1,1,605,n,,"=""100""",,,,,,n,,,,,,,
"=""187229127289""","Drinks & Mixers",1,2999,n,n,"LUXARDO 14.1OZ",,,n,1,1,0,n,,"=""100""",,,,,,n,,,,,,,
"=""188985000038""","White Wine",1,1499,n,n,"JOEL GOTT CHARDONNAY","750.00 ML",,n,1,1,874,n,,"=""100""",,,,,,n,,,,,,,
"=""188985000113""","White Wine",1,1599,n,n,"JEOL GOTT SAUVIGNON BLANC","750.00 ML",,n,2,1,916,n,,"=""100""",,,,,,n,,,,,,,
"=""188985000120""","Red Wine",1,2199,n,n,"JOEL GOTT ZINFANDEL 750 ML","750.00 ML",,n,1,1,1095,n,,"=""10""",,,,,,n,,,,,,,
"=""188985000137""","Wine Cabernet Sauvignon",1,2274,n,n,"Joel Gott Cabernet Sauvignon","750.00 ML",,n,1,1,1478,n,,"=""100""",,,,,,n,,,,,,,
"=""190298000292""","Snacks & Condiments",1,299,n,n,"RED ROOSTER LOUISIANA HOT SAUCE","6 OZ",,n,1,1,0,n,,"=""100""",,,,,,n,,,,,,,
"=""190646641016""",Milk,1,799,n,n,"THR ORIGINAL OAT MILK","64 OZ",,n,1,1,0,n,,"=""100""",,,,,,n,,,,,,,
"=""191414012014""","Hanging Snacks",1,699,n,n,"WAFFLE CONES DARK CHOCOLATE",,,n,1,0,0,n,,"=""100""",,,,,,n,,,,,,,
"=""191414014230""","Hanging Snacks",1,699,n,n,"WAFFLE CONES",,,n,1,0,0,n,,"=""100""",,,,,,n,,,,,,,
"=""191554301412""",ACCESSORIES,1,299,n,n,"XTRA TUFF",20BAGS,,n,1,0,0,n,,"=""100""",,,,,,n,,,,,,,
"=""191554603813""",ACCESSORIES,1,499,n,n,"HAND SANITIZER",,,n,1,0,0,n,,"=""100""",,,,,,n,,,,,,,
"=""191554603837""",ACCESSORIES,1,399,n,n,"HAND SANITIZER",,,n,1,0,0,n,,"=""100""",,,,,,n,,,,,,,
"=""191554603967""",ACCESSORIES,1,599,n,n,"WISH HAND SANITIZER",,,n,1,1,175,n,,"=""34""",,,,,,n,,,,,,,
"=""192699000697""","Chips - Other",1,599,n,n,"BULDAK POTATO CHIPS HABANERO LIME",,,n,1,1,299,n,,"=""100""",,,,,,n,,,,,,,
"=""192699000703""","Chips - Other",1,599,n,n,"BULDAK POTATO CHIPS QUATTRO CHEESE",,,n,1,1,299,n,,"=""100""",,,,,,n,,,,,,,
"=""192699001342""",Grocery,1,499,n,n,"BUL DAK SPICY RAMEN",,,n,1,1,231,n,,"=""100""",,,,,,n,,,,,,,
"=""192699001588""",Grocery,1,499,n,n,"BULDAK SPICY RAMEN TACO",,,n,1,0,0,n,,"=""100""",,,,,,n,,,,,,,
"=""193052090140""",ACCESSORIES,1,1699,n,n,BALLERS,,,n,1,1,900,n,,"=""100""",,,,,,n,,,,,,,
"=""195457017920""",ACCESSORIES,1,1599,n,n,"NUVALU UMBRELLA",,,n,1,1,555,n,,"=""100""",,,,,,n,,,,,,,
"=""195457033791""",ACCESSORIES,1,499,n,n,"gift bag",,,n,1,1,79,n,,"=""100""",,,,,,n,,,,,,,
"=""195457036136""",ACCESSORIES,1,399,n,n,"XOXO VALANTINE GIFT 2 PCS",,,n,1,1,89,n,,"=""100""",,,,,,n,,,,,,,
"=""195457080061""",ACCESSORIES,1,449,n,n,"nuvalu  red cups","20 ct",,n,1,1,119,n,,"=""99""",,,,,,n,,,,,,,
"=""195457262009""",ACCESSORIES,1,599,n,n,"NUVALU COTTON SWABS",,,n,1,1,59,n,,"=""100""",,,,,,n,,,,,,,
"=""195457524732""",ACCESSORIES,1,399,n,n,"TABLE KING PLASTIC SHORT CUP",,,n,1,1,59,n,,"=""100""",,,,,,n,,,,,,,
"=""195457545355""",ACCESSORIES,1,299,n,n,"gift bag",,,n,1,1,75,n,,"=""100""",,,,,,n,,,,,,,
"=""195457596890""",ACCESSORIES,1,799,n,n,razors,,,n,1,1,79,n,,"=""100""",,,,,,n,,,,,,,
"=""195457673706""",ACCESSORIES,1,299,n,n,"NUVALU LINT ROLLER",,,n,1,1,99,n,,"=""100""",,,,,,n,,,,,,,
"=""195457811856""",ACCESSORIES,1,699,n,n,"STAINLESS STEEL WINE OPENER",,,n,1,1,349,n,,"=""99""",,,,,,n,,,,,,,
"=""195457863466""",ACCESSORIES,1,599,n,n,"NUVALU COTTON SWABS",,,n,1,1,72,n,,"=""100""",,,,,,n,,,,,,,
"=""195457865477""",ACCESSORIES,1,499,n,n,"NUVALU BATH SPONGE",,,n,1,1,72,n,,"=""100""",,,,,,n,,,,,,,
"=""195893031092""",Tequila,1,3999,n,n,"818 REPOSADO",,,n,1,1,0,n,,"=""100""",,,,,,n,,,,,,,
"=""195893154296""",Tequila,1,4999,n,n,"818 ANEJO",,,n,1,1,0,n,,"=""100""",,,,,,n,,,,,,,
"=""195893172146""",Juice,1,395,n,n,"TARA MANGO",16.9oz,,n,1,1,192,n,,"=""10""",,,,,,n,,,,,,,
"=""195893475919""",Juice,1,395,n,n,"TARA GRAPE FRUIT",16.9OZ,,n,1,1,0,n,,"=""100""",,,,,,n,,,,,,,
"=""195893683642""",Juice,1,395,n,n,"tara passion fruit","16.9 oz",,n,1,0,0,n,,"=""100""",,,,,,n,,,,,,,
"=""195893687015""",Tequila,1,3999,n,n,"818 TEQUILA BLANCO",,,n,1,1,0,n,,"=""100""",,,,,,n,,,,,,,
"=""196214123175""",ACCESSORIES,1,2999,n,n,"Destined Rivals Booster Pack X1",,,n,1,0,0,n,,"=""100""",,,,,,n,,,,,,,
"=""196214136113""",ACCESSORIES,1,2999,n,n,"Mega Evolution Booster Pack (10 Cards)",,,n,1,1,1499,n,,"=""100""",,,,,,n,,,,,,,
"=""196383001823""","Drinks & Mixers",1,1199,n,n,"TRES AGAVES GRAPEFRUIT","1 LITER",,n,2,0,0,n,,"=""100""",,,,,,n,,,,,,,
"=""196383005500""","White Wine",1,1899,n,n,"JOEL GOTT SAUVIGNON BLANC","750 ML",,n,2,1,1183,n,,"=""100""",,,,,,n,,,,,,,
"=""196383005814""","White Wine",1,1799,n,n,"SEAGLASS ALCOHOL REMOVER",,,n,1,1,847,n,,"=""100""",,,,,,n,,,,,,,
"=""196383006101""","Red Wine",1,1099,n,n,"MÔøΩÔøΩÔøΩÔøΩÔøΩÔøΩÔøΩÔøΩÔøΩÔøΩÔøΩÔøΩNAGE ÔøΩÔøΩÔøΩÔøΩÔøΩÔøΩÔøΩÔøΩÔøΩÔøΩÔøΩÔøΩ TROIS LIGHT RED BLEND","750 ml",,n,1,1,685,n,,"=""100""",,,,,,n,,,,,,,
"=""196383007917""","Wine Cabernet Sauvignon",1,2499,n,n,"JOEL GOTT PASO ROBLES CABERNET SAUVIGNON","750 ml",,n,1,1,0,n,,"=""100""",,,,,,n,,,,,,,
"=""196383008648""","Drinks & Mixers",1,1199,n,n,"tres agaves margarita oprganic","1 liter",,n,2,1,0,n,,"=""100""",,,,,,n,,,,,,,
"=""196633953117""","Pantry & Grocery Extras",1,899,n,n,"KIRKLAND REAL HEAVY WHIPPED CREAM","15 OZ",,n,1,1,300,n,,"=""100""",,,,,,n,,,,,,,
"=""196852458172""",Juice,1,395,n,n,"TARA PEACH",16.9oz,,n,1,1,172,n,,"=""100""",,,,,,n,,,,,,,
"=""196852594269""","IPA Beer",1,1699,n,n,"TRUSTEDGUT 4 PK",,,n,4,0,0,n,,"=""100""",,,,,,n,,,,,,,
"=""196852736195""","White Wine",1,2299,n,n,"MF WHITE PINOT GRIS",,,n,1,1,0,n,,"=""100""",,,,,,n,,,,,,,
"=""196852772315""",Juice,1,395,n,n,"TARA PINK GUAVA","16.9 OZ",,n,1,1,172,n,,"=""7""",,,,,,n,,,,,,,
"=""196852882274""",Juice,1,395,n,n,"TARA PINEAPPLE","16.9 OZ",,n,1,1,172,n,,"=""3""",,,,,,n,,,,,,,
"=""196852935604""","Red Wine",1,2499,n,n,"MIF ARENI RED WINE DRY 750 ml","750 ml",,n,1,1,0,n,,"=""100""",,,,,,n,,,,,,,
"=""197644183494""","Health & Wellness",1,699,n,n,"KAVA SELTZER PINEAPPLE COCONUT","12 OZX",,n,1,1,292,n,,"=""100""",,,,,,n,,,,,,,
"=""197644431700""","Health & Wellness",1,699,n,n,"KAVIVA KAVA SELTZER STRAWBERRY KIWI","12 OZ",,n,1,12,4200,n,,"=""100""",,,,,,n,,,,,,,
"=""197644993994""","Non-Alcoholic Beer & Wine",1,255,n,n,"Lal Water- 12/1 1 Ltr Btl",,,n,1,1,160,n,,"=""100""",,,,,,n,,,,,,,
"=""197716000032""",Tequila,1,1999,n,n,"818 TEQUILA BLANCO","375 ML",,n,1,0,0,n,,"=""99""",,,,,,n,,,,,,,
"=""198168084885""",Juice,1,395,n,n,"tara lime","16.9 oz",,n,1,0,0,n,,"=""100""",,,,,,n,,,,,,,
"=""198168232170""","Protein Bars",1,650,n,n,"Jacob Vanilla",,,n,1,1,350,n,,"=""100""",,,,,,n,,,,,,,
"=""198168310151""",Juice,1,395,n,n,"TARA CANTALOUP MELON","16.9 OZ",,n,1,1,0,n,,"=""100""",,,,,,n,,,,,,,
"=""198168315804""",Juice,1,395,n,n,"TARA CANTALOUPE MELON","16 OZ",,n,1,1,172,n,,"=""100""",,,,,,n,,,,,,,
"=""198168445112""",Juice,1,395,n,n,"TARA ORANGE","16.9 OZ",,n,1,1,0,n,,"=""100""",,,,,,n,,,,,,,
"=""198168491805""",Juice,1,395,n,n,"TARA PAPAYA",16.9oz,,n,1,1,172,n,,"=""100""",,,,,,n,,,,,,,
"=""198168514504""",Juice,1,395,n,n,"TARA WATERMELON","16.9 OZ",,n,1,1,172,n,,"=""16""",,,,,,n,,,,,,,
"=""198168580530""",Juice,1,395,n,n,"TARA DRAGON FRUIT","16.9 OZ",,n,1,1,172,n,,"=""1""",,,,,,n,,,,,,,
"=""198168596937""","Protein Bars",1,650,n,n,"Jacob Chocolate",,,n,1,1,350,n,,"=""100""",,,,,,n,,,,,,,
"=""198168759134""",Juice,1,339,n,n,"TARA LYCHEE",16.9OZ,,n,1,1,0,n,,"=""100""",,,,,,n,,,,,,,
"=""198168934173""","Protein Bars",1,650,n,n,"Jacob Berry",,,n,1,1,350,n,,"=""100""",,,,,,n,,,,,,,
"=""198168976661""",Juice,1,345,n,n,"TARA STRAWBERRY",16.9oz,,n,1,1,193,n,,"=""100""",,,,,,n,,,,,,,
"=""198715078640""",Coffee,1,399,n,n,"TARA COFFEE SALTED DULCE DE LECHE","12 OZ",,n,1,0,0,n,,"=""100""",,,,,,n,,,,,,,
"=""198715099539""",Coffee,1,399,n,n,"TARA COFFEE VANILLA","12 oz",,n,1,0,0,n,,"=""100""",,,,,,n,,,,,,,
"=""198715196764""",Gummy,1,499,n,n,"METAVITA BIGMANGO GUMMY",,,n,1,0,0,n,,"=""100""",,,,,,n,,,,,,,
"=""198715232011""","Health & Wellness",1,699,n,n,"KAVIVA KAVA SELTZER KAVIVARITA","12 oz",,n,1,1,292,n,,"=""100""",,,,,,n,,,,,,,
"=""198715473544""","Health & Wellness",1,699,n,n,"KAVIVA KAVA SELTZER BLUEBERRY LEMONADE","12 OZ",,n,1,12,4200,n,,"=""100""",,,,,,n,,,,,,,
"=""198715525878""",Coffee,1,399,n,n,"TARA COFFEE MOCHA","12 OZ",,n,1,0,0,n,,"=""100""",,,,,,n,,,,,,,
"=""198715613391""",Gummy,1,499,n,n,"OY CHAMOY SOUR COLA BITES",,,n,1,1,250,n,,"=""10""",,,,,,n,,,,,,,
"=""198715793963""","Chips - Other",1,999,n,n,"vaca chips with beef tallow",,,n,1,1,0,n,,"=""100""",,,,,,n,,,,,,,
"=""198816000120""",Pouches,1,499,n,n,"MO JO 50 MG COFFEINE PER POUCH",,,n,1,1,300,n,,"=""100""",,,,,,n,,,,,,,
"=""198816000144""",Pouches,1,499,n,n,"MOJO CAFFEINE POUCHES BLUE RASPBEEY",,,n,1,1,300,n,,"=""100""",,,,,,n,,,,,,,
"=""198816000168""",Pouches,1,499,n,n,"MO JO 50 MG CAFFEIN PER POUCH",,,n,1,1,300,n,,"=""100""",,,,,,n,,,,,,,
"=""198816000182""",Pouches,1,499,n,n,"MOJO CAFFEINE POUCHES","50 MG",,n,1,1,300,n,,"=""100""",,,,,,n,,,,,,,
"=""199284466340""",Gummy,1,499,n,n,"BIG PEACH GUMMY","5 OZ",,n,1,0,0,n,,"=""100""",,,,,,n,,,,,,,
"=""199284707610""",BEER,1,1299,n,n,"BONDI BEER AUSTRALIAN LAGER 6 PK 12 OZ","12 OZ",,n,6,1,800,n,,"=""100""",,,,,,n,,,,,,,
"=""199874521510""","Champagne & Sparkling",1,9999,n,n,"Cle CACHEE",,,n,1,0,0,n,,"=""100""",,,,,,n,,,,,,,
"=""300312094668""",ACCESSORIES,1,1499,n,n,"robitussin cough cold + Flu",,,n,1,1,856,n,,"=""100""",,,,,,n,,,,,,,
"=""300318757123""",ACCESSORIES,1,1199,n,n,"Robitusin 1","=""1""",,n,1,1,607,n,,"=""100""",,,,,,n,,,,,,,
"=""300450192042""","Health & Wellness",1,1499,n,n,"Children's Motrin:Original Berry Flavor","4.00 FL OZ",,n,1,1,755,n,,"=""100""",,,,,,n,,,,,,,
"=""300450449054""","Health & Wellness",1,1099,n,n,"TYLENOL EXTRA STRENGTH","24.00 CT",,n,1,1,0,n,,"=""100""",,,,,,n,,,,,,,
"=""300450563200""","Health & Wellness",1,999,n,n,"MOTRIN PM","20.00 CT",,n,1,1,0,n,,"=""100""",,,,,,n,,,,,,,
"=""300810730884""","Health & Wellness",1,899,n,n,"Neosporin:Neosporin Original Antibiotic Ointment","0.50 OZ",,n,1,1,484,n,,"=""100""",,,,,,n,,,,,,,
"=""301490001981""","Health & Wellness",1,299,n,n,PEPTO,"4 CT",,n,1,1,0,n,,"=""100""",,,,,,n,,,,,,,
"=""301490039045""","Health & Wellness",1,742,n,n,"Pepto-Bismol Upset Stomach Reliever","4 Oz",,n,1,1,399,n,,"=""100""",,,,,,n,,,,,,,
"=""301490039083""","Health & Wellness",1,999,n,n,"Pepto-Bismo Subsalicylate Upset Stomach","8 Oz",,n,1,1,550,n,,"=""100""",,,,,,n,,,,,,,
"=""301490039298""","Health & Wellness",1,1499,n,n,"PeptoBismol Max Strength Liquid","8 oz",,n,1,1,769,n,,"=""100""",,,,,,n,,,,,,,
"=""301490039304""","Health & Wellness",1,1099,n,n,"Pepto-Bismol:Maxiumum Strength","4.00 FL OZ",,n,1,1,589,n,,"=""100""",,,,,,n,,,,,,,
"=""305210221277""",ACCESSORIES,1,499,n,n,"Q-TIPS 30 COUNTS","30.00 CT",,n,1,1,157,n,,"=""100""",,,,,,n,,,,,,,
"=""305212311006""",ACCESSORIES,1,399,n,n,"Vaseline:Original - Skin Protectant","1.75 OZ",,n,1,1,170,n,,"=""100""",,,,,,n,,,,,,,
"=""305212352009""",Grocery,1,549,n,n,"Vaseline Petroleum Jelly, 100% Pure, Original","7.50 OZ",,n,1,1,0,n,,"=""100""",,,,,,n,,,,,,,
"=""305730160209""",Grocery,1,799,n,n,"Advil Ibuprofen 24ct 200mg Coated Tablets","200 Mg",,n,1,1,0,n,,"=""100""",,,,,,n,,,,,,,
"=""305730170307""","Health & Wellness",1,1399,n,n,"Advil Children Suspension Fruit","4 Oz",,n,1,1,0,n,,"=""100""",,,,,,n,,,,,,,
"=""305730701129""",ACCESSORIES,1,349,n,n,"CHAPSTICK ORIGINAL",EA,,n,1,1,0,n,,"=""100""",,,,,,n,,,,,,,
"=""305730705127""",ACCESSORIES,1,349,n,n,"CHAPSTICK CLASSIC CHERRY","=""1""",,n,1,1,0,n,,"=""100""",,,,,,n,,,,,,,
"=""305730711128""",ACCESSORIES,1,349,n,n,"CHAPSTICK SPEARMINT",,,n,1,1,0,n,,"=""100""",,,,,,n,,,,,,,
"=""305730715126""",ACCESSORIES,1,349,n,n,"CHAP STICK STAWBERRY","=""1""",,n,1,1,0,n,,"=""100""",,,,,,n,,,,,,,
"=""305730725125""",ACCESSORIES,1,349,n,n,"CHAPSTICK ORIGINAL","=""1""",,n,1,1,0,n,,"=""100""",,,,,,n,,,,,,,
"=""305731342635""",ACCESSORIES,1,399,n,n,"chap stick medicated",,,n,1,1,176,n,,"=""100""",,,,,,n,,,,,,,
"=""307660739197""","Breath Refreshers",1,299,n,n,"TUMS EX FRUIT","8.00 CT",,n,1,1,81,n,,"=""100""",,,,,,n,,,,,,,
"=""307660746706""","Breath Refreshers",1,349,n,n,"TUMS ULTRA BERRIES","=""249""",,n,1,1,123,n,,"=""100""",,,,,,n,,,,,,,
"=""307660746805""","Breath Refreshers",1,349,n,n,"TUMS PEPPERMINT","12.00 CT",,n,1,1,124,n,,"=""100""",,,,,,n,,,,,,,
"=""307667388084""","Breath Refreshers",1,299,n,n,"TUMS EX BERRIES","8.00 CT",,n,1,1,81,n,,"=""100""",,,,,,n,,,,,,,
"=""308691156106""",ACCESSORIES,1,399,n,n,"Swan Isoporphyl Alcohol 70%","16 Oz",,n,1,1,0,n,,"=""100""",,,,,,n,,,,,,,
"=""308694706100""",ACCESSORIES,1,299,n,n,"Swan Hydrogen Peroxide","16 Oz",,n,1,1,111,n,,"=""100""",,,,,,n,,,,,,,
"=""310119039540""","Health & Wellness",1,699,n,n,Renu,,,n,1,1,0,n,,"=""100""",,,,,,n,,,,,,,
"=""312546006867""","Breath Refreshers",1,249,n,n,"HALLS RELIEF  EXTRA STRONG MENTHOL","9 DROPS",,n,1,1,184,n,,"=""100""",,,,,,n,,,,,,,
"=""312546623682""","Breath Refreshers",1,249,n,n,"HALLS STRAWBERRY","9.00 CT",,n,1,1,104,n,,"=""100""",,,,,,n,,,,,,,
"=""312546627529""","Breath Refreshers",1,249,n,n,"HALLS VITAMIN C ASSORTED CITRUS","9.00 CT",,n,1,1,104,n,,"=""100""",,,,,,n,,,,,,,
"=""312546627710""","Breath Refreshers",1,249,n,n,"HALLS CHERRY","9.00 CT",,n,1,20,2089,n,,"=""100""",,,,,,n,,,,,,,
"=""312546628724""","Breath Refreshers",1,249,n,n,"HALLS HONEY LEMON","9.00 CT",,n,1,1,104,n,,"=""100""",,,,,,n,,,,,,,
"=""312546629707""","Breath Refreshers",1,249,n,n,"HALLS MENTH-LYP","9.00 CT",,n,1,1,104,n,,"=""100""",,,,,,n,,,,,,,
"=""312547427203""","Health & Wellness",1,699,n,n,"Listerine Antiseptic, Cool Mint, (250 ml)","250.00 ML",,n,1,1,379,n,,"=""100""",,,,,,n,,,,,,,
"=""312547427951""","Health & Wellness",1,299,n,n,"Listerine Cool Mint Adult Mouthwash Plastic Bottle (3.2 oz)","95.00 ML",,n,1,1,0,n,,"=""100""",,,,,,n,,,,,,,
"=""312547428200""","Health & Wellness",1,699,n,n,Listerine:FreshBurst,"250.00 ML",,n,1,1,379,n,,"=""100""",,,,,,n,,,,,,,
"=""312547493802""","Health & Wellness",1,999,n,n,"VISINE RED EYE COMFORT","1/2 0Z",,n,1,1,522,n,,"=""100""",,,,,,n,,,,,,,
"=""312547493833""",ACCESSORIES,1,499,n,n,VISINE,"0.28 0Z",,n,1,1,237,n,,"=""100""",,,,,,n,,,,,,,
"=""312843555365""",Grocery,1,699,n,n,"Bayer Aspirin, 325 mg Coated Tablets - 24 CT","24 Coated Tablets",,n,1,1,0,n,,"=""100""",,,,,,n,,,,,,,
"=""323900013964""",ACCESSORIES,1,1199,n,n,"ZzzQuil Nighttime Sleep-Aid","6 Oz",,n,1,1,560,n,,"=""100""",,,,,,n,,,,,,,
"=""323900014244""","Health & Wellness",1,1599,n,n,"Vicks NyQuil Cold & Flu Nighttime Relief","8.00 Oz",,n,1,1,892,n,,"=""100""",,,,,,n,,,,,,,
"=""323900014251""",Grocery,1,1599,n,n,"Nyquil Nighttime Relief Cold & Flu (8 oz)","8 oz",,n,1,1,800,n,,"=""100""",,,,,,n,,,,,,,
"=""323900014336""","Health & Wellness",1,1624,n,n,"Vicks Children's NyQuil Cold Cough Relief Liquid","8 oz",,n,1,1,892,n,,"=""100""",,,,,,n,,,,,,,
"=""323900014350""","Health & Wellness",1,1624,n,n,"Vicks DayQuil Cold & Flu Non-Drowsy 8 oz","8.00 Oz",,n,1,1,892,n,,"=""100""",,,,,,n,,,,,,,
"=""323900030770""","Health & Wellness",1,1499,n,n,"DAYQUIL C&C KIDS LIQUID","8 0Z",,n,1,1,0,n,,"=""100""",,,,,,n,,,,,,,
"=""323900038134""","Health & Wellness",1,1531,n,n,"Vicks DayQuil Severe Cold & Flu Max Strength","12 oz",,n,1,1,833,n,,"=""100""",,,,,,n,,,,,,,
"=""323900042087""","Health & Wellness",1,499,n,n,"DAYQUIL C&F","1 0Z",,n,1,1,0,n,,"=""100""",,,,,,n,,,,,,,
"=""323900042100""","Health & Wellness",1,499,n,n,"NYQUIL C&F","1 0Z",,n,1,1,0,n,,"=""100""",,,,,,n,,,,,,,
"=""323900045132""","Health & Wellness",1,999,n,n,"DAY QUIL CPLD & FUL","4 OZ",,n,1,1,518,n,,"=""100""",,,,,,n,,,,,,,
"=""323900045149""","Health & Wellness",1,999,n,n,"NYQUIL COLD & FLU LIQUID",4OZ,,n,1,1,375,n,,"=""100""",,,,,,n,,,,,,,
"=""335440023150""",BEER,1,449,y,n,"MODELO WATERMELON",,,n,2,1,0,n,,"=""21""",,,,,,n,,,,,,,
"=""347734029786""",ACCESSORIES,1,999,n,n,"bUNDLE OF WOOD",,,n,1,0,0,n,,"=""100""",,,,,,n,,,,,,,
"=""350580534045""","Health & Wellness",1,1399,n,n,"Children's Benadryl:Cherry Flavored","4.00 FL OZ",,n,1,1,0,n,,"=""100""",,,,,,n,,,,,,,
"=""354657943587""",ACCESSORIES,1,1299,n,n,"RHINO 63 PREMIUM",,,n,1,0,0,n,,"=""100""",,,,,,n,,,,,,,
"=""365632803833""",ACCESSORIES,1,899,n,n,"White Rain:Sensations Hydrating Ocean Mist","12.00 OZ",,n,1,1,0,n,,"=""100""",,,,,,n,,,,,,,
"=""366715970022""","Health & Wellness",1,499,n,n,Advil,4pc,,n,1,1,123,n,,"=""100""",,,,,,n,,,,,,,
"=""366715970039""","Health & Wellness",1,499,n,n,"ADVIL IBUPROFEN","6 CAP",,n,1,1,150,n,,"=""100""",,,,,,n,,,,,,,
"=""366715970220""","Health & Wellness",1,399,n,n,Aleve,2pc,,n,1,6,807,n,,"=""100""",,,,,,n,,,,,,,
"=""366715970329""","Health & Wellness",1,499,n,n,"Alka-Seltzer Original",4pc,,n,1,1,0,n,,"=""100""",,,,,,n,,,,,,,
"=""366715970527""","Health & Wellness",1,499,n,n,"NYQUIL LD SEVERE MULTI DO",BX6,,n,1,1,0,n,,"=""100""",,,,,,n,,,,,,,
"=""366715970626""","Health & Wellness",1,399,n,n,"BENADRYL LD 4CT",BX6,,n,1,1,150,n,,"=""100""",,,,,,n,,,,,,,
"=""366715970633""","Health & Wellness",1,499,n,n,"BENADRY  ALLERGY 6","6 CAP",,n,1,1,166,n,,"=""100""",,,,,,n,,,,,,,
"=""366715970916""","Health & Wellness",1,399,n,n,Dramamine,"2 TABLET",,n,1,1,138,n,,"=""100""",,,,,,n,,,,,,,
"=""366715971029""","Health & Wellness",1,399,n,n,Excedrin,4pc,,n,1,1,150,n,,"=""100""",,,,,,n,,,,,,,
"=""366715971036""","Health & Wellness",1,599,n,n,"EXCEDRINE 6 COUNT",,,n,1,0,0,n,,"=""100""",,,,,,n,,,,,,,
"=""366715971227""","Health & Wellness",1,399,n,n,"Motrin IB:Pain Reliever / Fever Reducer","4.00 Caplets",,n,1,6,807,n,,"=""100""",,,,,,n,,,,,,,
"=""366715971722""","Health & Wellness",1,499,n,n,"TYLENOL PM","4 CAP",,n,1,1,0,n,,"=""100""",,,,,,n,,,,,,,
"=""366715972323""","Health & Wellness",1,499,n,n,"Pepto Bismo",4pc,,n,1,1,233,n,,"=""100""",,,,,,n,,,,,,,
"=""366715972415""","Health & Wellness",1,499,n,n,"MUCINEX DM LD SINGLE DOSE","2 CT",,n,1,1,210,n,,"=""100""",,,,,,n,,,,,,,
"=""366715973122""","Health & Wellness",1,499,n,n,"ALKA SELTZER PLUS","4 CAP",,n,1,1,233,n,,"=""100""",,,,,,n,,,,,,,
"=""366715973214""","Health & Wellness",1,499,n,n,"Claritin 24",1pc,,n,1,1,266,n,,"=""100""",,,,,,n,,,,,,,
"=""366715973320""","Health & Wellness",1,499,n,n,"Advil Pm",4pc,,n,1,1,166,n,,"=""100""",,,,,,n,,,,,,,
"=""366715974525""","Health & Wellness",1,399,n,n,"MIDOL LD MULTI DOSE",BX6,,n,1,1,166,n,,"=""100""",,,,,,n,,,,,,,
"=""366715974723""","Health & Wellness",1,499,n,n,Tylenol,4pc,,n,1,1,0,n,,"=""100""",,,,,,n,,,,,,,
"=""366715974730""","Health & Wellness",1,499,n,n,TYLENOL,6CAP,,n,1,1,150,n,,"=""100""",,,,,,n,,,,,,,
"=""366715975225""","Health & Wellness",1,499,n,n,"Advil liquid gels",,,n,1,1,166,n,,"=""100""",,,,,,n,,,,,,,
"=""366715975232""","Energy Drinks",1,399,n,n,"ADVIL LIQUID GEL","6 CAP",,n,1,1,167,n,,"=""100""",,,,,,n,,,,,,,
"=""366715975621""","Health & Wellness",1,499,n,n,"TYLENOL COLD & FLU 4 CAPLETS",,,n,1,1,158,n,,"=""100""",,,,,,n,,,,,,,
"=""366715975928""","Health & Wellness",1,399,n,n,"ANTI DIARRHEAL LD MD 4 CT","4 CT",,n,1,4,607,n,,"=""100""",,,,,,n,,,,,,,
"=""366715980427""","Health & Wellness",1,599,n,n,DAYQUIL,"4 TABLETS",,n,1,6,1400,n,,"=""100""",,,,,,n,,,,,,,
"=""366715980526""","Health & Wellness",1,499,n,n,nyquil,,,n,1,1,233,n,,"=""100""",,,,,,n,,,,,,,
"=""369968006111""","Health & Wellness",1,699,n,n,"DESITIN MAXIMUM STRENGTH","1 0Z",,n,1,1,0,n,,"=""100""",,,,,,n,,,,,,,
"=""369968076817""","Health & Wellness",1,999,n,n,"Desitin max strength paste",,,n,1,0,0,n,,"=""100""",,,,,,n,,,,,,,
"=""381370036029""",ACCESSORIES,1,599,n,n,"Aveeno:Daily Moisturizing Lotion Tube","2.50 OZ",,n,1,1,0,n,,"=""100""",,,,,,n,,,,,,,
"=""381370047544""","Health & Wellness",1,259,n,n,"Band-Aid:Flexible Fabric - 3/4"""" x 3"""" / 1.9 cm x 7.6cm","8.00 CT",,n,1,1,0,n,,"=""100""",,,,,,n,,,,,,,
"=""381370082958""",ACCESSORIES,1,499,n,n,"Johnson & Johnson First Aid To Go:Durable Plastic Case - 12 Items","1.00 CT",,n,1,1,139,n,,"=""100""",,,,,,n,,,,,,,
"=""381371190171""",ACCESSORIES,1,499,n,n,"JOHNSONS BABY LOTION","3.4 OZ",,n,1,1,235,n,,"=""100""",,,,,,n,,,,,,,
"=""394857943796""",ACCESSORIES,1,1299,n,n,"PREMIER ZEN GOLD 4000 UP TO 7 DAYS",,,n,1,0,0,n,,"=""100""",,,,,,n,,,,,,,
"=""410010021436""","BEEF JERKY",1,1399,n,n,"ALIEN FRESH JERKY WHISKEY 3.25 OZ","3.25 OZ",,n,1,1,0,n,,"=""100""",,,,,,n,,,,,,,
"=""422052612503""",ACCESSORIES,1,299,n,n,"MIN CAME PONG SET",,,n,1,1,69,n,,"=""100""",,,,,,n,,,,,,,
"=""422055700344""",ACCESSORIES,1,399,n,n,"multi-purpose mini cups","25 ct",,n,1,1,95,n,,"=""100""",,,,,,n,,,,,,,
"=""428466120481""",Grocery,1,299,n,n,"Pickle SWEET RELISH",,,n,1,1,0,n,,"=""100""",,,,,,n,,,,,,,
"=""429949149982""","Non-Alcoholic Beer & Wine",1,62,n,n,"POS PRINTED BANER MISCELLANEOUS",,,n,1,1,40,n,,"=""100""",,,,,,n,,,,,,,
"=""488345101406""","Import Beer",1,799,y,n,"MURPHYS 4 PACK",,,n,1,1,0,n,,"=""100""",,,,,,n,,,,,,,
"=""499733700002""",SYSTEM,1,20,n,n,Bag,,y,n,1,0,0,n,,"=""72""",,,,,,y,#18ffff,#18ffff,,1,"in store",Bag,1
"=""499973370003""","General Merchandise",1,699,n,n,"Big ICE",,,n,1,0,0,n,,"=""99""",,,,,,y,#ffee58,#ffee58,,3,"in store","Big ICE",3
"=""499973370010""","General Merchandise",1,399,n,n,"SMALL ICE",,,n,1,0,0,n,,"=""99""",,,,,,y,#fbc02d,#fbc02d,,4,"in store","SMALL ICE",4
"=""499973370027""",ACCESSORIES,1,999,n,n,"Bundle Of Wood",,,n,1,0,0,n,,"=""100""",,,,,,y,#5d4037,#6d4c41,,8,"in store","Bundle Of Wood",8
"=""499973370034""",Water,1,1000,n,n,"A Case Of Water",,,n,1,0,0,n,,"=""99""",,,,,,y,#757575,#757575,,13,"in store","A Case Of Water",13
"=""600699003285""",Grocery,1,464,n,n,"Kraft Marshmallows",,,n,1,1,226,n,,"=""100""",,,,,,n,,,,,,,
"=""601572000025""","Chips - Other",1,699,n,n,"Tortilla Chips",16oz,,n,1,1,375,n,,"=""100""",,,,,,n,,,,,,,
"=""601577512288""",CIGARS,1,1299,n,n,EXCALIBUR,,,n,1,1,0,n,,"=""100""",,,,,,n,,,,,,,
"=""601754219900""",Pouches,1,999,n,n,"CHEEKY AFTERGLOW NICOTINE POUCHES",,,n,1,0,0,n,,"=""100""",,,,,,n,,,,,,,
"=""601754219948""",Pouches,1,999,n,n,"CHEEKY SPLASH NICOTINE POUCHES",,,n,1,0,0,n,,"=""100""",,,,,,n,,,,,,,
"=""601754219986""",Pouches,1,999,n,n,"CHEEKY GLOSS NICOTINE POUCHES",,,n,1,0,0,n,,"=""100""",,,,,,n,,,,,,,
"=""601754220326""",Pouches,1,999,n,n,"CHEEKY BARE NICOTINE POUCHES",,,n,1,0,0,n,,"=""100""",,,,,,n,,,,,,,
"=""601754220463""","Energy Drinks",1,699,n,n,"UNCHIE RELAX KAVA SELTZER","12 OZ",,n,1,1,350,n,,"=""100""",,,,,,n,,,,,,,
"=""601968993191""",Gummy,1,899,n,n,"GOSO GOMIS JUICY WATERMELON",,,n,1,1,0,n,,"=""100""",,,,,,n,,,,,,,
"=""602573184714""","IPA Beer",1,499,y,n,"LOST SOULS IPA",,,n,1,1,0,n,,"=""100""",,,,,,n,,,,,,,
"=""602581732815""",Gummy,1,899,n,n,CHAMOY,,,n,1,1,0,n,,"=""100""",,,,,,n,,,,,,,
"=""602581732822""",Gummy,1,999,n,n,"CHAMOY CLUB SOUR GREEN APPLE GUSHEIS","6 OZ",,n,1,1,0,n,,"=""100""",,,,,,n,,,,,,,
"=""602581732839""",Gummy,1,999,n,n,"CHAMOY CLUB SOUR  STRAWBERRY GUSHEIS","6 OZ",,n,1,1,0,n,,"=""100""",,,,,,n,,,,,,,
"=""602581732846""",Gummy,1,999,n,n,"CHAMOY CLUB SOUR WATERMELON GUSHEIS","6 OZ",,n,1,1,0,n,,"=""100""",,,,,,n,,,,,,,
"=""602581732853""","BEEF JERKY",1,1299,n,n,"BEEF JERKY FUEGO RED CHILI- LIME FIRE","1.7 OZ",,n,1,1,699,n,,"=""100""",,,,,,n,,,,,,,
"=""602581732877""","BEEF JERKY",1,1299,n,n,"BEEF JERKY CRUNCHY SPICY FLAMING HOT","1.7 OZ",,n,1,1,699,n,,"=""100""",,,,,,n,,,,,,,
"=""602652170089""","Protein Bars",1,299,n,n,"KIND ALMOND COCONUT","1.40 OZ",,n,1,1,105,n,,"=""100""",,,,,,n,,,,,,,
"=""602652170119""","Protein Bars",1,299,n,n,"KIND CRNBRY ALMND","1.40 OZ",,n,1,1,0,n,,"=""100""",,,,,,n,,,,,,,
"=""602652170300""","Protein Bars",1,299,n,n,"KIND CRML ALMND SALT","1.40 OZ",,n,1,12,1626,n,,"=""100""",,,,,,n,,,,,,,
"=""602652170508""","Protein Bars",1,299,n,n,"KIND DRKCHOC CHRYCAH","1.40 OZ",,n,1,1,0,n,,"=""100""",,,,,,n,,,,,,,
"=""602652170560""","Protein Bars",1,299,n,n,"KIND PNTBTR DRKCHOC","1.40 OZ",,n,1,12,1662,n,,"=""100""",,,,,,n,,,,,,,
"=""602652170584""","Protein Bars",1,299,n,n,"KIND BLUBERY VSN&CAS","1.40 OZ",,n,1,1,105,n,,"=""100""",,,,,,n,,,,,,,
"=""602652176517""","Protein Bars",1,299,n,n,"KIND NUT SEA SALT","1.40 OZ",,n,1,1,0,n,,"=""100""",,,,,,n,,,,,,,
"=""602755002720""",BEER,1,1599,y,n,LAGER,,,n,1,1,0,n,,"=""100""",,,,,,n,,,,,,,
"=""602755006261""",BEER,1,1399,n,n,"FIRESTONE 805 B24 12OZ 6P","6 pack bottle",,n,6,1,906,n,,"=""2""",,,,,,n,,,,,,,
"=""602755006285""",BEER,1,2499,n,n,"FIRESTONE 805 12oz 12 pk",12pk,,n,12,1,1560,n,,"=""5""",,,,,,n,,,,,,,
"=""602755006346""",BEER,1,1399,n,n,"FIRESTONE 805 C24 12OZ 6P","6 pk cans",,n,6,1,906,n,,"=""4""",,,,,,n,,,,,,,
"=""602755006353""",BEER,1,2499,n,n,"FIRESTONE 805 CANS 12OZ 12P","=""0""",,n,12,1,1560,n,,"=""9""",,,,,,n,,,,,,,
"=""602755006582""",BEER,1,449,n,n,"FIRESTONE 805 C12 24OZ","24 oz",,n,2,1,273,n,,"=""16""",,,,,,n,,,,,,,
"=""602755006599""",BEER,1,3299,n,n,"FIRESTONE 805 18 PK 12 OZ","18 PK 12 OZ",,n,18,1,2165,n,,"=""2""",,,,,,n,,,,,,,
"=""602755009491""","Craft / Local Beer",1,1394,n,n,"FIRESTONE MIND HAZE C24 12OZ 6P",,,n,1,1,906,n,,"=""100""",,,,,,n,,,,,,,
"=""602755009507""","IPA Beer",1,2199,n,n,"Firestone Walker Mind Haze IPA Can (12 oz x 6 ct)","12o z",,n,6,1,0,n,,"=""100""",,,,,,n,,,,,,,
"=""602755009583""",BEER,1,1299,n,n,"805 3 PACK 24 OZ","3 PK 24 OZ",,n,3,1,837,n,,"=""14""",,,,,,n,,,,,,,
"=""602755010381""","Craft / Local Beer",1,449,n,n,"FIRESTONE MIND HAZE C12 19.2OZ",,,n,1,1,235,n,,"=""19""",,,,,,n,,,,,,,
"=""602755010787""",BEER,1,1399,n,n,"FIRESTONE 805 CERVZ 6 PK 12 OZ","6 PK 12 OZ",,n,6,1,906,n,,"=""2""",,,,,,n,,,,,,,
"=""602755010794""",BEER,1,2499,n,n,"805 CERVEZA 12PK 12OZ CANS","12 PK 12 OZ",,n,12,1,1560,n,,"=""98""",,,,,,n,,,,,,,
"=""602755010817""",BEER,1,1399,n,n,"FIRE 805 CERVZ 6 PACK 12 OZ BOTTLES","6 PK 12 OZ",,n,6,1,906,n,,"=""4""",,,,,,n,,,,,,,
"=""602755010831""",BEER,1,2499,n,n,"805 BOTTLES ` 12 PACK","12 PK 12 OZ",,n,12,1,1560,n,,"=""5""",,,,,,n,,,,,,,
"=""602755011036""",BEER,1,449,n,n,"FIRESTONE 805 CERVEZA C12 24OZ","25 oz",,n,2,1,273,n,,"=""26""",,,,,,n,,,,,,,
"=""602755011616""",BEER,1,449,n,n,"CALI SQUEEZE BLOOD ORANGE 19.2OZ","19.2 oz",,n,1,1,235,n,,"=""12""",,,,,,n,,,,,,,
"=""602755011647""",BEER,1,1399,n,n,"CALI SQUEEZE BLOOD ORANGE C24 12OZ 6","6 PK 12 OZ",,n,6,1,906,n,,"=""3""",,,,,,n,,,,,,,
"=""602755011692""","IPA Beer",1,2577,n,n,"CALI SQUEEZE HEFEWEIZEN VARIETY C24","12 pk 12 oz",,n,12,1,1675,n,,"=""2""",,,,,,n,,,,,,,
"=""602755011821""",BEER,1,1299,n,n,"805 CERVEZA 3 PK 24 OZ","3 PK 24 OZ",,n,6,1,868,n,,"=""14""",,,,,,n,,,,,,,
"=""602755012613""",BEER,1,449,n,n,"CALI SQUEEZE BLOOD ORANGE C12 24OZ",24OZ,,n,2,1,273,n,,"=""100""",,,,,,n,,,,,,,
"=""602755013023""","Wine General",1,1399,n,n,"FIRESTONE MIND HAZE COSMIC CRUSHER C",,,n,6,1,906,n,,"=""4""",,,,,,n,,,,,,,
"=""602755013030""","IPA Beer",1,449,n,n,"FIRESTONE MIND HAZE COSMIC CRUSHER",,,n,1,1,249,n,,"=""12""",,,,,,n,,,,,,,
"=""602755013061""","Non-Alcoholic Beer & Wine",1,1394,n,n,"FIRESTONE MIND HAZE BRAIN MELTER C24",,,n,1,1,906,n,,"=""100""",,,,,,n,,,,,,,
"=""602755013078""","IPA Beer",1,449,n,n,"FIRESTONE MIND HAZE BRAIN MELTER C12",,,n,1,1,235,n,,"=""100""",,,,,,n,,,,,,,
"=""602755013511""","Spirits - Other",1,449,n,n,"FIRESTONE MIND HAZE LEMONADE RAGE C1",,,n,1,1,235,n,,"=""7""",,,,,,n,,,,,,,
"=""602755013689""",BEER,1,499,n,n,"805 CHELADA  SALTED CHILI LIME","24 OZ",,n,2,1,289,n,,"=""13""",,,,,,n,,,,,,,
"=""602755014044""","Craft / Local Beer",1,1499,n,n,"FIRESTONE MID HAZE GALAXY BENDER","6 PK",,n,6,1,906,n,,"=""100""",,,,,,n,,,,,,,
"=""602755014051""","Craft / Local Beer",1,499,n,n,"FIRESTONE MIND HAZE GALAXY BENDER","=""1902""",,n,1,1,250,n,,"=""8""",,,,,,n,,,,,,,
"=""603675101685""","IPA Beer",1,1699,n,n,"ALLAGASH 6 PK 12 OZ CANS","6 PK 12 OZ",,n,6,1,1000,n,,"=""100""",,,,,,n,,,,,,,
"=""603675101883""","IPA Beer",1,1699,n,n,"ALLAGASH 6 PK 12 OZ","6 PK 12 OZ",,n,6,1,1000,n,,"=""100""",,,,,,n,,,,,,,
"=""603738423778""",BEER,1,2199,y,n,"SOME MO",,,n,1,1,0,n,,"=""100""",,,,,,n,,,,,,,
"=""605779976084""",Soju,1,699,n,n,"JINRO SOJU GREEN GRAPE 26 375ML","375 ML",,n,1,1,350,n,,"=""100""",,,,,,n,,,,,,,
"=""605779976107""",Soju,1,699,n,n,"JINRO PEACH","335 ml",,n,1,1,0,n,,"=""100""",,,,,,n,,,,,,,
"=""605779976206""",Soju,1,699,n,n,"JINRO SOJU PLUM","375 ML",,n,1,1,350,n,,"=""100""",,,,,,n,,,,,,,
"=""605779976220""",Soju,1,699,n,n,"JINRO PINEAPPLE","335 ml",,n,1,1,0,n,,"=""100""",,,,,,n,,,,,,,
"=""605779976251""","Ready-to-Drink (RTD)",1,699,n,n,"Jinor strawberry soju","375 ml",,n,1,0,0,n,,"=""100""",,,,,,n,,,,,,,
"=""605779976268""",Soju,1,699,n,n,"JINRO SOJU STRAWBERRY 26 375ML","375 ML",,n,1,1,383,n,,"=""100""",,,,,,n,,,,,,,
"=""605779976459""",Soju,1,699,n,n,"JINRO SOJU PEACH 26 375ML","375 ML",,n,1,1,350,n,,"=""99""",,,,,,n,,,,,,,
"=""605779976527""","Ready-to-Drink (RTD)",1,699,n,n,"JINRO LEMON SOJU","375 ML",,n,1,1,350,n,,"=""100""",,,,,,n,,,,,,,
"=""605779976534""",Soju,1,699,n,n,"JINERO SOUJ LEMON","375 ML",,n,1,1,350,n,,"=""100""",,,,,,n,,,,,,,
"=""608782500666""",BEER,1,1999,y,n,PLU608782500666,,,n,1,1,0,n,,"=""100""",,,,,,n,,,,,,,
"=""608782669905""","Craft / Local Beer",1,999,y,n,"MIKKELLER BIG WORSE",,,n,1,1,0,n,,"=""100""",,,,,,n,,,,,,,
"=""608782675371""","Craft / Local Beer",1,1399,y,n,"LOVE BUZZ SAISON",,,n,1,1,0,n,,"=""100""",,,,,,n,,,,,,,
"=""608883000010""","Drinks & Mixers",1,398,n,n,"Eternal Water (2.5 L)",1.5ltr,,n,1,1,193,n,,"=""100""",,,,,,n,,,,,,,
"=""608883000027""","Drinks & Mixers",1,243,n,n,"Eternal Bottle",20.29FO,,n,1,1,98,n,,"=""100""",,,,,,n,,,,,,,
"=""608883000058""",Water,1,340,n,n,"Eternal:Artesian Water","33.80 FL OZ",,n,2,1,164,n,,"=""100""",,,,,,n,,,,,,,
"=""608883000065""",Water,1,499,n,n,"ETERNAL 2.5 LETER","2.5 leter",,n,2,1,270,n,,"=""19""",,,,,,n,,,,,,,
"=""608883000119""","Non-Alcoholic Beer & Wine",1,1531,n,n,"Ete Water Water 2/6 1 Ltr PET",,,n,1,1,985,n,,"=""100""",,,,,,n,,,,,,,
"=""609249900036""",Zyn,1,1049,n,n,"ZYN 1 6MG",,,n,1,1,480,n,,"=""96""",,,,,,n,,,,,,,
"=""609249900043""",Zyn,1,1049,n,n,"ZYN 1 3MG",,,n,1,1,480,n,,"=""100""",,,,,,n,,,,,,,
"=""609249901019""",Zyn,1,1049,n,n,"ZYN 2 3MG",,,n,1,1,480,n,,"=""100""",,,,,,n,,,,,,,
"=""609249901033""",Zyn,1,1049,n,n,"ZYN 2 6MG",,,n,1,1,480,n,,"=""98""",,,,,,n,,,,,,,
"=""609249902016""",Zyn,1,1049,n,n,"ZYN 3  3MG",,,n,1,1,480,n,,"=""100""",,,,,,n,,,,,,,
"=""609249902023""",Zyn,1,1049,n,n,"ZYN 3 6MG",,,n,1,1,480,n,,"=""100""",,,,,,n,,,,,,,
"=""609249903013""",Zyn,1,1049,n,n,"ZYN 4 3MG",,,n,1,1,480,n,,"=""100""",,,,,,n,,,,,,,
"=""609249903020""",Zyn,1,1049,n,n,"ZYN 4 6MG",,,n,1,1,480,n,,"=""97""",,,,,,n,,,,,,,
"=""609249904010""",Zyn,1,1049,n,n,"ZYN 5 3MG",,,n,1,1,480,n,,"=""100""",,,,,,n,,,,,,,
"=""609249904027""",Zyn,1,1049,n,n,"ZYN 5 6MG",,,n,1,1,480,n,,"=""97""",,,,,,n,,,,,,,
"=""609249906014""",Zyn,1,1049,n,n,"ZYN 6 3MG",,,n,1,1,480,n,,"=""97""",,,,,,n,,,,,,,
"=""609249906021""",Zyn,1,1049,n,n,"ZYN 



 6MG",,,n,1,1,480,n,,"=""99""",,,,,,n,,,,,,,
"=""609249907011""",Zyn,1,1049,n,n,"Zyn 8 3mg",,,n,1,1,480,n,,"=""99""",,,,,,n,,,,,,,
"=""609249907028""",Zyn,1,1049,n,n,"ZYN 8 6MG",,,n,1,1,480,n,,"=""98""",,,,,,n,,,,,,,
"=""609249907066""",Zyn,1,1049,n,n,ZYN,,,n,1,0,0,n,,"=""100""",,,,,,n,,,,,,,
"=""609249914019""",Zyn,1,899,n,n,"ZYN Smooth 3 mg",,,n,1,1,500,n,,"=""100""",,,,,,n,,,,,,,
"=""609249914026""",Zyn,1,799,n,n,"ZYN Smooth 6 mg",,,n,1,1,0,n,,"=""100""",,,,,,n,,,,,,,
"=""609249914057""",Zyn,1,899,n,n,"zyn   3 mg smooth","3 mg",,n,1,0,0,n,,"=""98""",,,,,,n,,,,,,,
"=""609249914064""",Zyn,1,899,n,n,"ZYN SMOOTH # 6",,,n,1,1,400,n,,"=""97""",,,,,,n,,,,,,,
"=""609249920010""",Zyn,1,1049,n,n,"ZYN 7 3MG",,,n,1,1,480,n,,"=""100""",,,,,,n,,,,,,,
"=""609249920225""",Zyn,1,1049,n,n,"ZYN 7 6MG",,,n,1,1,480,n,,"=""100""",,,,,,n,,,,,,,
"=""609249923042""",Zyn,1,1049,n,n,"ZYN 5 6MG",,,n,1,1,480,n,,"=""100""",,,,,,n,,,,,,,
"=""609249930019""",Zyn,1,899,n,n,"ZYN Original 3 mg","3 mg",,n,1,1,0,n,,"=""100""",,,,,,n,,,,,,,
"=""609249930057""",Zyn,1,899,n,n,"ZYN Original 6 mg","6 mg",,n,1,1,0,n,,"=""100""",,,,,,n,,,,,,,
"=""610097416303""",BEER,1,1299,y,n,CLARITY,,,n,1,1,0,n,,"=""100""",,,,,,n,,,,,,,
"=""610466019623""",ACCESSORIES,1,199,n,n,"POCKET HAIR COMB",,,n,1,1,89,n,,"=""100""",,,,,,n,,,,,,,
"=""610466030185""","Health & Wellness",1,899,n,n,"LA BODIES SUNSCREEN",,,n,1,1,287,n,,"=""100""",,,,,,n,,,,,,,
"=""610466030208""","Health & Wellness",1,899,n,n,"LA BODIES SUNSCREEN",,,n,1,1,287,n,,"=""100""",,,,,,n,,,,,,,
"=""610466046797""","Health & Wellness",1,499,n,n,"AFTER SUN LOTION",,,n,1,1,0,n,,"=""100""",,,,,,n,,,,,,,
"=""610466048111""",ACCESSORIES,1,499,n,n,"STIX DUCT TAPE",,,n,1,1,151,n,,"=""100""",,,,,,n,,,,,,,
"=""610466049682""",ACCESSORIES,1,399,n,n,"CAN OPENER",,,n,1,0,0,n,,"=""100""",,,,,,n,,,,,,,
"=""610466049750""","Health & Wellness",1,299,n,n,"Puer eyes",,,n,1,1,152,n,,"=""100""",,,,,,n,,,,,,,
"=""610466050817""","Health & Wellness",1,899,n,n,"SUNSCREEN +30",,,n,1,1,0,n,,"=""100""",,,,,,n,,,,,,,
"=""610764863638""","Energy Drinks",1,399,n,n,bang,,,n,1,1,0,n,,"=""100""",,,,,,n,,,,,,,
"=""610764863812""","Energy Drinks",1,317,n,n,"BANG PEACH & MANGO",,,n,1,1,0,n,,"=""100""",,,,,,n,,,,,,,
"=""611269001280""","Energy Drinks",1,299,n,n,"REDBULL AMBER","=""84""",,n,1,1,159,n,,"=""99""",,,,,,n,,,,,,,
"=""611269001303""","Energy Drinks",1,449,n,n,"RED BULL AMBER STRAWBERRY APRICOT","12 OZ",,n,1,1,212,n,,"=""100""",,,,,,n,,,,,,,
"=""611269001624""","Energy Drinks",1,299,n,n,"REDBULL SEA BLUE","8.4 OZ",,n,1,1,0,n,,"=""100""",,,,,,n,,,,,,,
"=""611269001648""","Energy Drinks",1,449,n,n,"REDBULL SEA BLUE","12 OZ",,n,1,1,212,n,,"=""100""",,,,,,n,,,,,,,
"=""611269001846""","Energy Drinks",1,460,n,n,"RED BULL ICED VANILLA BERRY","12 OZ",,n,1,1,212,n,,"=""100""",,,,,,n,,,,,,,
"=""611269001860""","Energy Drinks",1,299,n,n,"RED BULL ICED VANILLA BERRY","8 OZ",,n,1,1,160,n,,"=""100""",,,,,,n,,,,,,,
"=""611269001921""","Energy Drinks",1,449,n,n,"RED BULL GREEN CURUBA","12 OZ",,n,1,1,0,n,,"=""100""",,,,,,n,,,,,,,
"=""611269001945""","Energy Drinks",1,299,n,n,"REDBULL GREEN EDITION","8.4 OZ",,n,1,1,0,n,,"=""100""",,,,,,n,,,,,,,
"=""611269002003""","Energy Drinks",1,2999,n,n,"12 pk RedBull",,,n,12,1,0,n,,"=""100""",,,,,,n,,,,,,,
"=""611269002034""","Energy Drinks",1,299,n,n,"REDBULL RED EDITION (WATERMELON)","8.4 OZ",,n,1,1,171,n,,"=""100""",,,,,,n,,,,,,,
"=""611269002065""","Energy Drinks",1,449,n,n,"REDBULL RED WATERMELON","12 OZ",,n,1,1,0,n,,"=""100""",,,,,,n,,,,,,,
"=""611269002126""","Energy Drinks",1,299,n,n,"REDBULL AMBER EDITION SUGAR FREE","8.4 OZ",,n,1,1,0,n,,"=""100""",,,,,,n,,,,,,,
"=""611269002249""","Energy Drinks",1,299,n,n,REDBULL,"8 .4 OZ",,n,1,0,0,n,,"=""100""",,,,,,n,,,,,,,
"=""611269002263""","Energy Drinks",1,449,n,n,"RED BULL","12 OZ",,n,1,1,212,n,,"=""100""",,,,,,n,,,,,,,
"=""611269002447""","Energy Drinks",1,449,n,n,"RED BULL ICED VANILLA BERRY SUGAR FREE","12 OZ",,n,1,1,212,n,,"=""99""",,,,,,n,,,,,,,
"=""611269002461""","Energy Drinks",1,299,n,n,"RED BULLICED VANILLA BERRY SUGAR FREE","8 OZ",,n,1,1,160,n,,"=""100""",,,,,,n,,,,,,,
"=""611269002683""","Energy Drinks",1,299,n,n,"Redbull the beach",8.40OZ,,n,1,0,0,n,,"=""100""",,,,,,n,,,,,,,
"=""611269002706""","Energy Drinks",1,460,n,n,"redbull white peach 12 oz","12 oz",,n,1,1,212,n,,"=""100""",,,,,,n,,,,,,,
"=""611269002751""","Energy Drinks",1,299,n,n,"Red bull",,,n,1,0,0,n,,"=""100""",,,,,,n,,,,,,,
"=""611269002768""","Energy Drinks",1,449,n,n,"Red bull","12 oz",,n,1,1,212,n,,"=""100""",,,,,,n,,,,,,,
"=""611269002843""","Energy Drinks",1,299,n,n,"Red bul gingr fuji apple","8.4 oz",,n,1,1,160,n,,"=""100""",,,,,,n,,,,,,,
"=""611269002867""","Energy Drinks",1,469,n,n,"Redbull Winter Fuji Apple 12 oz","12 oz",,n,1,1,200,n,,"=""100""",,,,,,n,,,,,,,
"=""611269002928""","Energy Drinks",1,299,n,n,"Red bull fuji apple suger free",8.5oz,,n,1,1,160,n,,"=""2""",,,,,,n,,,,,,,
"=""611269003024""","Energy Drinks",1,299,n,n,"REDBULL PINK EDITION SUGARFREE","8.4 OZ",,n,1,1,159,n,,"=""100""",,,,,,n,,,,,,,
"=""611269003048""","Energy Drinks",1,449,n,n,"REDBULL PINK EDITION SUGAR FREE","12 OZ",,n,1,1,212,n,,"=""100""",,,,,,n,,,,,,,
"=""611269003109""","Energy Drinks",1,299,n,n,"RED BULL WILD BERRIES",,,n,1,0,0,n,,"=""100""",,,,,,n,,,,,,,
"=""611269003123""","Energy Drinks",1,449,n,n,"REDBULL PINK EDITION (WILD BERRY)","12 OZ",,n,1,1,212,n,,"=""100""",,,,,,n,,,,,,,
"=""611269003628""","Energy Drinks",1,299,n,n,"SUMMER LIME","8.4 OZ",,n,1,1,159,n,,"=""41""",,,,,,n,,,,,,,
"=""611269003642""","Energy Drinks",1,449,n,n,"SUMMER LIME","12 OZ",,n,1,1,210,n,,"=""38""",,,,,,n,,,,,,,
"=""611269003703""","Energy Drinks",1,299,n,n,"SUGER FREE SUMMER LIME","8.4 OZ",,n,1,1,159,n,,"=""26""",,,,,,n,,,,,,,
"=""611269003727""","Energy Drinks",1,449,n,n,"SUGAR FREE SUMMER LIME","12 OZ",,n,1,1,212,n,,"=""26""",,,,,,n,,,,,,,
"=""611269003789""","Energy Drinks",1,299,n,n,"RED BULL CHERRY SAKURA","8 OZ",,n,1,1,171,n,,"=""100""",,,,,,n,,,,,,,
"=""611269003802""","Energy Drinks",1,460,n,n,"RED BULL CHERRY SAKURA","12 oz",,n,1,1,212,n,,"=""100""",,,,,,n,,,,,,,
"=""611269003840""","Energy Drinks",1,299,n,n,"RED BULL  CHERRY SAKURA SUGER FREE","8 OZ",,n,1,1,160,n,,"=""100""",,,,,,n,,,,,,,
"=""611269003864""","Energy Drinks",1,460,n,n,"RED BULL CHERRY SAKURA SUGER FREE","12 OZ",,n,1,1,212,n,,"=""100""",,,,,,n,,,,,,,
"=""611269101713""","Energy Drinks",1,299,n,n,"RED BULL SUGAR FREE","8.4 OZ",,n,1,1,160,n,,"=""100""",,,,,,n,,,,,,,
"=""611269108026""","Energy Drinks",1,1199,n,n,"Red Bull Energy Drink with Taurine","4.00 EA 8.4 oz",,n,1,1,0,n,,"=""100""",,,,,,n,,,,,,,
"=""611269113570""","Energy Drinks",1,449,n,n,"REDBULL YELLOW TROPICAL","12 OZ",,n,1,1,212,n,,"=""100""",,,,,,n,,,,,,,
"=""611269133448""","Energy Drinks",1,742,n,n,"Red Bull 20","20 OZ",,n,1,1,400,n,,"=""100""",,,,,,n,,,,,,,
"=""611269133455""","Energy Drinks",1,699,n,n,"Red Bull Sugar Free Energy Drink","20 Oz",,n,1,1,0,n,,"=""100""",,,,,,n,,,,,,,
"=""611269163452""","Energy Drinks",1,299,n,n,"RED BULL YELLOW","8.4 OZ",,n,1,1,171,n,,"=""100""",,,,,,n,,,,,,,
"=""611269182460""","Energy Drinks",1,449,n,n,"REDBULL BLUEBERRY","12 OZ",,n,1,1,0,n,,"=""100""",,,,,,n,,,,,,,
"=""611269235685""","Energy Drinks",1,299,n,n,"RED BULL BLUEBERRY","8.4 OZ",,n,1,1,0,n,,"=""100""",,,,,,n,,,,,,,
"=""611269281361""","Energy Drinks",1,299,n,n,"RED BULL COCONUT","=""84""",,n,1,1,159,n,,"=""100""",,,,,,n,,,,,,,
"=""611269283105""","Drinks & Mixers",1,449,n,n,"Red Bull Energy Drink - Peach Can (12 oz)","=""1""",,n,1,1,0,n,,"=""100""",,,,,,n,,,,,,,
"=""611269321210""","Energy Drinks",1,449,n,n,"Redbul Coco/Bry 12oz",12oz,,n,1,1,212,n,,"=""97""",,,,,,n,,,,,,,
"=""611269331240""","Energy Drinks",1,299,n,n,"RED BULL RED EDITION","8.4 OZ",,n,1,1,0,n,,"=""100""",,,,,,n,,,,,,,
"=""611269332827""","Energy Drinks",1,449,n,n,"RED BULL RED WATERMELON","12 OZ",,n,1,1,212,n,,"=""100""",,,,,,n,,,,,,,
"=""611269333602""","Drinks & Mixers",1,999,n,n,"Red Bull Peach Edition Can (8.4 oz)",,,n,1,1,0,n,,"=""100""",,,,,,n,,,,,,,
"=""611269402186""","Drinks & Mixers",1,999,n,n,"Red Bull The Blue Edition Can (8.4 oz)","33.60 FL OZ",,n,1,1,0,n,,"=""100""",,,,,,n,,,,,,,
"=""611269426724""","Energy Drinks",1,2999,n,n,"Red Bull:Energy Drink","12.00 EA",,n,12,1,0,n,,"=""100""",,,,,,n,,,,,,,
"=""611269546019""","Energy Drinks",1,603,n,n,"Red Bull Energy","16 OZ",,n,1,1,297,n,,"=""98""",,,,,,n,,,,,,,
"=""611269546026""","Energy Drinks",1,557,n,n,"Red Bull Sugar Free 16","16 OZ",,n,1,1,297,n,,"=""100""",,,,,,n,,,,,,,
"=""611269623727""","Energy Drinks",1,299,n,n,"Red Bull Total Zero Energy Drink","8.3 oz",,n,1,1,160,n,,"=""100""",,,,,,n,,,,,,,
"=""611269623734""","Energy Drinks",1,449,n,n,"RED BULL ZERO","12 OZ",,n,1,1,212,n,,"=""100""",,,,,,n,,,,,,,
"=""611269716467""","Energy Drinks",1,449,n,n,"RED BULL SUGAR FREE","12 OZ",,n,1,1,212,n,,"=""100""",,,,,,n,,,,,,,
"=""611269818994""","Energy Drinks",1,449,n,n,"RED BULL ORIGINAL","12 OZ",,n,1,1,212,n,,"=""99""",,,,,,n,,,,,,,
"=""611269991000""","Energy Drinks",1,299,n,n,"RED BULL ORIGINAL","8.4 OZ",,n,1,1,160,n,,"=""99""",,,,,,n,,,,,,,
"=""613008718459""","Drinks & Mixers",1,99,n,n,"AriZona RX Energy Herbal Tonic (23 oz)","23.50 OZ",,n,1,1,0,n,,"=""100""",,,,,,n,,,,,,,
"=""613008719296""","Drinks & Mixers",1,99,n,n,"Arizona Grapeade Can (23 oz)","23 OZ",,n,1,1,0,n,,"=""100""",,,,,,n,,,,,,,
"=""613008720209""","Drinks & Mixers",1,99,n,n,"AriZona Fruit Juice Cocktail, Watermelon (23.5 oz)","23.00 FL OZ",,n,1,1,0,n,,"=""100""",,,,,,n,,,,,,,
"=""613008722869""","Non-Alcoholic Beer & Wine",1,139,n,n,"ARZ-NA BLACK & WHITE 22OZ 24PK CN NP","23 Oz",,n,1,1,90,n,,"=""100""",,,,,,n,,,,,,,
"=""613008724221""",Juice,1,249,n,n,"Arizona:Ginseng and Honey","16.00 FL OZ",,n,1,1,0,n,,"=""100""",,,,,,n,,,,,,,
"=""613008725778""","Drinks & Mixers",1,100,n,n,"Arizona Watermelon Bottle (20 oz)","16.00 OZ",,n,1,1,0,n,,"=""100""",,,,,,n,,,,,,,
"=""613008735302""","Drinks & Mixers",1,194,n,n,"AriZona Strawberry Arnold Palmer Can (23 oz)","23 Oz",,n,1,1,0,n,,"=""100""",,,,,,n,,,,,,,
"=""613008735432""","Drinks & Mixers",1,99,n,n,"AriZona Kiwi Strawberry Can (23 oz)","23 Oz",,n,1,1,0,n,,"=""100""",,,,,,n,,,,,,,
"=""613008751937""",Gummy,1,299,n,n,ARIZONA,,,n,1,1,133,n,,"=""100""",,,,,,n,,,,,,,
"=""613008756420""","Iced Tea",1,199,n,n,"ARZ-NA GREEN TEA NP 22OZ 24PK CN","22 OZ",,n,1,1,92,n,,"=""46""",,,,,,n,,,,,,,
"=""613008756437""","Iced Tea",1,199,n,n,"arizona sweet tea","22 OZ",,n,1,1,91,n,,"=""20""",,,,,,n,,,,,,,
"=""613008756444""","Iced Tea",1,199,n,n,"ARIZONA RX ENERGY HERBAL TONIC","22 OZ",,n,1,1,92,n,,"=""100""",,,,,,n,,,,,,,
"=""613008756451""","Iced Tea",1,199,n,n,"ARIZONA WATERMELON","22 OZ",,n,1,1,92,n,,"=""16""",,,,,,n,,,,,,,
"=""613008756468""","Iced Tea",1,199,n,n,"ARZ-NA AP ICED TEA 22OZ 24PK CN NP",,,n,1,1,92,n,,"=""9""",,,,,,n,,,,,,,
"=""613008756475""","Iced Tea",1,199,n,n,"ARIZONA FRUIT PUNCH","22 OZ",,n,1,1,90,n,,"=""100""",,,,,,n,,,,,,,
"=""613008756482""","Iced Tea",1,199,n,n,"ARIZONA MUCHO MANGO 22OZ","22 oz",,n,1,1,92,n,,"=""24""",,,,,,n,,,,,,,
"=""613008756499""","Iced Tea",1,199,n,n,"ARIZONA ICED TEA LEMONADE","22 OZ`",,n,1,1,90,n,,"=""100""",,,,,,n,,,,,,,
"=""613008756505""",Juice,1,199,n,n,"ARZ-NA RASPBERRY TEA NP 22OZ 24PK CN","22 OZ",,n,1,1,92,n,,"=""16""",,,,,,n,,,,,,,
"=""613008758912""",Gummy,1,299,n,n,"ARIZONA CANDY",,,n,1,1,115,n,,"=""100""",,,,,,n,,,,,,,
"=""613008759001""",Gummy,1,299,n,n,SNACKS,,,n,1,1,115,n,,"=""100""",,,,,,n,,,,,,,
"=""613008763442""",Gummy,1,299,n,n,SNACKS,,,n,1,1,133,n,,"=""100""",,,,,,n,,,,,,,
"=""613008763732""","Hard Seltzer",1,449,n,n,"ARZ HARD TEA LEMON","22 OZ",,n,1,1,171,n,,"=""16""",,,,,,n,,,,,,,
"=""613008763749""","Hard Seltzer",1,449,n,n,"ARZ GRNTEA 12/1 22OZ CAN","22 OZ",,n,1,1,171,n,,"=""19""",,,,,,n,,,,,,,
"=""613008763756""","Hard Seltzer",1,449,n,n,"ARZ PEACH- 12/1 22OZ CAN","22 OZ",,n,1,1,262,n,,"=""2""",,,,,,n,,,,,,,
"=""613008763824""","Hard Seltzer",1,2299,n,n,"ARIZONA HARD  GREEN TEA","12 PK",,n,12,1,0,n,,"=""100""",,,,,,n,,,,,,,
"=""613008763831""","Hard Seltzer",1,1999,n,n,"ARIZONA PARTY PACK 12 PK",,,n,12,1,0,n,,"=""100""",,,,,,n,,,,,,,
"=""613008766122""","Non-Alcoholic Beer & Wine",1,2204,n,n,"Arz Lemon- 2/12 12oz Can",,,n,1,1,1428,n,,"=""100""",,,,,,n,,,,,,,
"=""613008767372""",Juice,1,199,n,n,"ARIZONA TROPICAL CHILLZICLE","22 OZ",,n,1,1,90,n,,"=""46""",,,,,,n,,,,,,,
"=""613008768065""","Hard Seltzer",1,1999,n,n,"ARIZONA HARD TEA with peach","12 pk",,n,12,1,0,n,,"=""100""",,,,,,n,,,,,,,
"=""613008768799""","Hard Seltzer",1,449,n,n,"ARZ-HRD Sweet Tea 12/1 22oz Can","22 OZ",,n,1,1,262,n,,"=""15""",,,,,,n,,,,,,,
"=""613008769161""","Iced Tea",1,199,n,n,"ARIZONA KIWI STRAWBERRY","22 OZ",,n,1,1,0,n,,"=""100""",,,,,,n,,,,,,,
"=""613008769178""","Non-Alcoholic Beer & Wine",1,199,n,n,"ARZ-NA KIWI STRAWBERRY NP 22OZ 24PK","22 OZ",,n,1,1,90,n,,"=""24""",,,,,,n,,,,,,,
"=""613008769826""","Hard Seltzer",1,449,n,n,"ARZ  HARD LEMONADE","22 OZ",,n,1,1,0,n,,"=""13""",,,,,,n,,,,,,,
"=""613008769888""","Hard Seltzer",1,449,n,n,"ARZ HARD MANGO","22 OZ",,n,1,1,256,n,,"=""15""",,,,,,n,,,,,,,
"=""613008769918""","Hard Seltzer",1,449,n,n,"ARZ WTRMLN 12/1 22OZ CAN","22 OZ",,n,1,1,171,n,,"=""10""",,,,,,n,,,,,,,
"=""613008771713""",Juice,1,199,n,n,"ARIZONA FROST   CHILLZICLE","22 OZ",,n,1,1,90,n,,"=""46""",,,,,,n,,,,,,,
"=""613008772505""",BEER,1,2699,y,n,"JUMEX 12 PK",,,n,1,1,0,n,,"=""99""",,,,,,n,,,,,,,
"=""613008772703""",Gummy,1,299,n,n,ARIZONA,,,n,1,1,115,n,,"=""100""",,,,,,n,,,,,,,
"=""613008773014""","Iced Tea",1,199,n,n,"arizona dragonfruit mango",,,n,1,1,92,n,,"=""100""",,,,,,n,,,,,,,
"=""613008773151""","Malt Beverage",1,499,n,n,"JMX STRBRY 12/1 22OZ CAN",,,n,2,1,262,n,,"=""100""",,,,,,n,,,,,,,
"=""613008773182""","Malt Beverage",1,499,n,n,"JMX PINAPL 12/1 22OZ CAN",,,n,2,1,262,n,,"=""100""",,,,,,n,,,,,,,
"=""614590000441""","IPA Beer",1,699,y,n,"EXPLORATION IPA",,,n,1,1,0,n,,"=""100""",,,,,,n,,,,,,,
"=""615200005207""","Health & Wellness",1,999,n,n,"BEE MAGNUM",,,n,1,0,0,n,,"=""100""",,,,,,n,,,,,,,
"=""615678606562""","BEEF JERKY",1,1799,n,n,"WICKED JERKY BLAZING BLUE",,,n,1,0,0,n,,"=""100""",,,,,,n,,,,,,,
"=""615678900592""","BEEF JERKY",1,1799,n,n,"WODED JERKY",,,n,1,0,0,n,,"=""100""",,,,,,n,,,,,,,
"=""616003179928""","Drinks & Mixers",1,899,n,n,"ZING ZANG PINA COLADA MIX PET","32 oz",,n,2,1,485,n,,"=""100""",,,,,,n,,,,,,,
"=""616003616232""","Drinks & Mixers",1,899,n,n,"ZING ZASNG BLOODY MARY MIX DILL PICKLE","32 OZ",,n,2,1,485,n,,"=""100""",,,,,,n,,,,,,,
"=""616003741361""","Drinks & Mixers",1,899,n,n,"ZING ZANG BLOODY MARY MIX PET","32 OZ",,n,2,1,485,n,,"=""100""",,,,,,n,,,,,,,
"=""616003784436""","Drinks & Mixers",1,899,n,n,"ZING ZANG SWEET & SOUR MIX","32 OZ",,n,2,1,485,n,,"=""100""",,,,,,n,,,,,,,
"=""616003843393""","Drinks & Mixers",1,899,n,n,"ZING ZANG MARGARITA MIX PET 32Z","32 OZ",,n,2,1,485,n,,"=""100""",,,,,,n,,,,,,,
"=""616003895644""","Drinks & Mixers",1,899,n,n,"ZING ZANG BLOODY MARY MIX BLAZING","32 OZ",,n,2,1,485,n,,"=""100""",,,,,,n,,,,,,,
"=""616003933254""","Drinks & Mixers",1,899,n,n,"ZING ZANG","32 OZ",,n,2,1,485,n,,"=""100""",,,,,,n,,,,,,,
"=""616612922205""",BEER,1,799,y,n,"IRIE JUNGLE",,,n,1,1,0,n,,"=""100""",,,,,,n,,,,,,,
"=""616663964995""","Rolling Papers & Wraps",1,974,n,n,"Loose Leaf Natural Al Dark Leaf",,,n,1,1,487,n,,"=""100""",,,,,,n,,,,,,,
"=""616806661071""","Wine Cabernet Sauvignon",1,2299,n,n,"THE FABLEIST CABERNET SAUVIGNON",,,n,1,1,0,n,,"=""100""",,,,,,n,,,,,,,
"=""617768111178""",Vodka,1,2299,n,n,"SVEDKA VODKA","1.75 ML",,n,2,1,0,n,,"=""100""",,,,,,n,,,,,,,
"=""617768111758""",Vodka,1,1499,n,n,SVEDKA,"750 ml",,n,1,1,0,n,,"=""100""",,,,,,n,,,,,,,
"=""617768112007""",Vodka,1,699,n,n,SVEDKA,"200 ml",,n,1,1,280,n,,"=""6""",,,,,,n,,,,,,,
"=""617768113752""",Vodka,1,999,n,n,SVEDKA,"375 ml",,n,1,1,0,n,,"=""100""",,,,,,n,,,,,,,
"=""618056630852""",Gummy,1,499,n,n,"MANGOITOS LOCOS","8 ONZ",,n,1,0,0,n,,"=""100""",,,,,,n,,,,,,,
"=""618397200929""",Tequila,1,4710,n,n,"Del Maguey Vida Mezcal (750 Ml)","750 ML",,n,2,1,3050,n,,"=""100""",,,,,,n,,,,,,,
"=""618397202220""",Tequila,1,3699,n,n,"DEL MAGUEY VIDA MESCAL","750 ML",,n,2,1,2265,n,,"=""100""",,,,,,n,,,,,,,
"=""619942104037""",Grocery,1,599,n,n,"don victor honey 12oz","12 oz",,n,1,1,306,n,,"=""100""",,,,,,n,,,,,,,
"=""619947000013""",Vodka,1,2999,n,n,"Tito's Handmade Vodka (1 L)",1L,,n,1,1,0,n,,"=""36""",,,,,,n,,,,,,,
"=""619947000020""",Vodka,1,2499,n,n,"TITOS 750 ML","750 ml",,n,1,1,1500,n,,"=""27""",,,,,,n,,,,,,,
"=""619947000037""",Vodka,1,4199,n,n,"TITOS VODKA","1.75 L",,n,1,1,0,n,,"=""99""",,,,,,n,,,,,,,
"=""619947000044""",Vodka,1,999,n,n,TITOS,"200 ml",,n,1,1,459,n,,"=""99""",,,,,,n,,,,,,,
"=""619947000051""",Vodka,1,1499,n,n,TITOS,375ml,,n,1,1,849,n,,"=""100""",,,,,,n,,,,,,,
"=""619947000068""",Shots,1,349,n,n,"TITOS 50 ML VODKA","50 ML",,n,1,1,124,n,,"=""95""",,,,,,n,,,,,,,
"=""619947000082""","Spirits - Other",1,2297,n,n,"TITOS VODKA ORIGINAL B60 50ML 12P",,,n,12,12,1493,n,,"=""100""",,,,,,n,,,,,,,
"=""619947000457""",Vodka,1,1299,n,n,"TITOS 4 IN 1","4 PK",,n,4,0,0,n,,"=""99""",,,,,,n,,,,,,,
"=""619947000518""",Vodka,1,599,n,n,"TITOS DUBLE SHOT","100 ml",,n,1,0,0,n,,"=""100""",,,,,,n,,,,,,,
"=""628371148000""","Breath Refreshers",1,599,n,n,"MINTS BIG SKY PEPPERMINT",,,n,1,1,275,n,,"=""100""",,,,,,n,,,,,,,
"=""628634132517""",Pouches,1,999,n,n,"Sesh clear","6 mg",,n,1,1,438,n,,"=""100""",,,,,,n,,,,,,,
"=""628634132814""","Nicotine Pouches",1,999,n,n,"SESH # 6 clear",,,n,1,1,438,n,,"=""100""",,,,,,n,,,,,,,
"=""628634132913""",Pouches,1,999,n,n,"Sesh 4 mg",,,n,1,1,438,n,,"=""100""",,,,,,n,,,,,,,
"=""630279465325""","IPA Beer",1,1602,n,n,"VICTORY GOLDEN MONKEY 4/6 12OZ CAN","6 pk 12 oz",,n,6,1,1041,n,,"=""100""",,,,,,n,,,,,,,
"=""630279688069""","Craft / Local Beer",1,1449,y,n,"STORM KING STOUT",,,n,1,1,0,n,,"=""100""",,,,,,n,,,,,,,
"=""630279776322""","IPA Beer",1,1599,n,n,"Sour Monkey sour triple 9.5%","0.00 OZ",,n,6,1,1041,n,,"=""100""",,,,,,n,,,,,,,
"=""631470008342""","Wine Rosé",1,1699,n,n,STUDIO,"750 ML",,n,2,1,1049,n,,"=""100""",,,,,,n,,,,,,,
"=""631471001977""","White Wine",1,1799,n,n,"STUDIO MIRVAL SB",,,n,1,1,0,n,,"=""100""",,,,,,n,,,,,,,
"=""631881158025""",ACCESSORIES,1,299,n,n,ACETON,"4 oz",,n,1,1,0,n,,"=""100""",,,,,,n,,,,,,,
"=""632070100337""",Whiskey,1,2499,n,n,"HANKEY BANNISTER SCOTCH,","1.75 ML",,n,2,1,0,n,,"=""100""",,,,,,n,,,,,,,
"=""632432000046""","Iced Tea",1,394,n,n,"GUAYAKI YERBA MATE TROPICAL UPRISING 15.5 CAN",,,n,1,1,205,n,,"=""100""",,,,,,n,,,,,,,
"=""632432000176""","Iced Tea",1,394,n,n,"GUAYAKI YERBA MATE PEACH REVIVAL 12/15.5 CAN","15.5 oz",,n,1,1,200,n,,"=""3""",,,,,,n,,,,,,,
"=""632432000350""","Iced Tea",1,395,n,n,"YERBE MADRE BERRY LEMONADE","15.5 OZ",,n,1,1,200,n,,"=""100""",,,,,,n,,,,,,,
"=""632432000688""","Iced Tea",1,394,n,n,"YERBA MADRE ORGANIC BRAVO MANGO","15.5 OZ",,n,1,1,200,n,,"=""13""",,,,,,n,,,,,,,
"=""632432001012""","Iced Tea",1,395,n,n,"YERBA MADRE WATERMELODY","15.5 OZ",,n,1,1,192,n,,"=""100""",,,,,,n,,,,,,,
"=""632432001036""","Iced Tea",1,394,n,n,"Yerbe Mate strawberry kIWI",,,n,1,1,200,n,,"=""4""",,,,,,n,,,,,,,
"=""632432001111""","Iced Tea",1,395,n,n,"YERBA MADRE","16 OZ",,n,1,1,200,n,,"=""100""",,,,,,n,,,,,,,
"=""632432708775""","Iced Tea",1,394,n,n,"YERBA MADRE BLUEPHORIA","15.5 OZ",,n,1,1,200,n,,"=""2""",,,,,,n,,,,,,,
"=""632432717777""","Iced Tea",1,395,n,n,"YERBA MADRE LEMON ELATION","15.5 oz",,n,1,1,200,n,,"=""1""",,,,,,n,,,,,,,
"=""632432728773""","Iced Tea",1,394,n,n,"YERBA MADRE AWAKENING ORANGE","15.5 oz",,n,1,1,200,n,,"=""99""",,,,,,n,,,,,,,
"=""632432737775""","Iced Tea",1,395,n,n,"YERBA MADRE REVEL BERRY","15.5 OZ",,n,1,1,200,n,,"=""9""",,,,,,n,,,,,,,
"=""632432757773""","Iced Tea",1,395,n,n,"YERBA MADRE ENLIGHTEN MINT","15.5 OZ",,n,1,1,200,n,,"=""100""",,,,,,n,,,,,,,
"=""632565000012""",Water,1,250,n,n,"Fiji:Natural Artesian Water","1.05 PT",,n,1,1,104,n,,"=""100""",,,,,,n,,,,,,,
"=""632565000029""",Water,1,390,n,n,Fiji,"1 L",,n,2,1,183,n,,"=""100""",,,,,,n,,,,,,,
"=""632565000036""","Drinks & Mixers",1,490,n,n,"Fiji Bottle (1.5 L)","1.50 LT",,n,2,1,225,n,,"=""100""",,,,,,n,,,,,,,
"=""632565000104""","Drinks & Mixers",1,395,n,n,"Fiji Bottle (1 L)","6.00 PK",,n,1,1,0,n,,"=""100""",,,,,,n,,,,,,,
"=""632565000654""",Water,1,345,n,n,"FIJ WATER 1/12 700ML PET SPORT","=""1""",,n,1,1,192,n,,"=""100""",,,,,,n,,,,,,,
"=""632930328376""",ACCESSORIES,1,1599,n,n,"Super 7",,,n,1,1,0,n,,"=""100""",,,,,,n,,,,,,,
"=""632930328444""",ACCESSORIES,1,1499,n,n,"Sex bill rhino",,,n,1,0,0,n,,"=""100""",,,,,,n,,,,,,,
"=""632987200205""","White Wine",1,3299,n,n,"SANTA MARGARITA PINOT GRIGIO","750 ML",,n,2,1,2100,n,,"=""100""",,,,,,n,,,,,,,
"=""633148100013""",Grocery,1,599,n,n,"Tajin Fruit With Lime Seasoning","5 Oz",,n,1,1,0,n,,"=""100""",,,,,,n,,,,,,,
"=""633148100068""",Grocery,1,99,n,n,Tajin,"=""1""",,n,1,1,37,n,,"=""100""",,,,,,n,,,,,,,
"=""633148599305""",Grocery,1,766,n,n,"Tajín Clásico","4.23 oz",,n,1,1,379,n,,"=""100""",,,,,,n,,,,,,,
"=""634654504173""",BEER,1,699,y,n,ZUMBI,,,n,1,1,0,n,,"=""100""",,,,,,n,,,,,,,
"=""635985000389""","Ready-to-Drink (RTD)",1,1399,n,n,"MIKES HARD PINK LEMONADE","6 PK 12 OZ",,n,6,1,870,n,,"=""100""",,,,,,n,,,,,,,
"=""635985000440""","Ready-to-Drink (RTD)",1,1346,n,n,"White Claw Pineapple","6 PK 12 OZ",,n,6,1,870,n,,"=""100""",,,,,,n,,,,,,,
"=""635985000464""","Ready-to-Drink (RTD)",1,499,n,n,"Cayman jacked margarita","19.5 oz",,n,1,1,284,n,,"=""10""",,,,,,n,,,,,,,
"=""635985000624""","Hard Seltzer",1,449,n,n,"WHITE CLAW SURGE GRAPE","19.2 OZ",,n,1,1,284,n,,"=""40""",,,,,,n,,,,,,,
"=""635985000631""","Malt Beverage",1,499,n,n,"Mikes Harder Pink Lemonade","25 OZ",,n,2,1,284,n,,"=""8""",,,,,,n,,,,,,,
"=""635985000648""","Malt Beverage",1,319,n,n,"MIKES HARDER BLUE RASPBERRY","16 ONZ",,n,1,1,193,n,,"=""50""",,,,,,n,,,,,,,
"=""635985000969""","Ready-to-Drink (RTD)",1,2575,n,n,"Cayman Jacked","12 PK",,n,12,1,1677,n,,"=""100""",,,,,,n,,,,,,,
"=""635985001034""","Hard Seltzer",1,1399,n,n,"WHITE CLAW BLACK CHERRY","6 PK 12 OZ",,n,6,1,853,n,,"=""4""",,,,,,n,,,,,,,
"=""635985010128""","Malt Beverage",1,319,n,n,"Mike's Harder Black Cherry","16 OZ",,n,1,1,193,n,,"=""25""",,,,,,n,,,,,,,
"=""635985010371""","Malt Beverage",1,319,n,n,"MIKES HARDER CRANBERRY C24 16OZ","16 OZ",,n,1,1,174,n,,"=""25""",,,,,,n,,,,,,,
"=""635985025986""","Hard Seltzer",1,1349,n,n,"WHITE CLAW HARD SELTZER NATURAL LIME","6 PACK 12 OZ",,n,6,1,870,n,,"=""100""",,,,,,n,,,,,,,
"=""635985060703""","Malt Beverage",1,1399,n,n,"MIKES HARD MANGO LEMONADE B24 11.2OZ","11.2 oz 6 pk",,n,6,1,870,n,,"=""100""",,,,,,n,,,,,,,
"=""635985067443""","Malt Beverage",1,1399,n,n,"MIKES HARD BLACK CHERRY LEMONADE B24","11.2 oz 6PK",,n,6,1,870,n,,"=""100""",,,,,,n,,,,,,,
"=""635985100164""","Malt Beverage",1,319,n,n,"Mike's Harder Green Apple",16oz,,n,1,1,174,n,,"=""19""",,,,,,n,,,,,,,
"=""635985100331""","Hard Seltzer",1,2575,n,n,"Wc Hrd Mango C24 12oz 12psl","12 PK",,n,12,1,1668,n,,"=""100""",,,,,,n,,,,,,,
"=""635985100621""","Malt Beverage",1,1399,n,n,"MIKES HARD LEMONADE B24 11.2OZ 6P","11.2 oz 6PK",,n,6,1,870,n,,"=""100""",,,,,,n,,,,,,,
"=""635985129981""",Spiked,1,1599,n,n,"Mike's Hard Lemonade Bottles (12 oz x 6 ct)","12.00 EA",,n,1,1,0,n,,"=""100""",,,,,,n,,,,,,,
"=""635985132158""","Malt Beverage",1,499,n,n,"Mike's Harder BLACK CHERRY","23.5 oz",,n,1,1,285,n,,"=""17""",,,,,,n,,,,,,,
"=""635985132172""","Malt Beverage",1,499,n,n,"Mike's Harder STRAWBERRY PINEAPLE","23.5 oz",,n,1,1,273,n,,"=""17""",,,,,,n,,,,,,,
"=""635985132196""","Malt Beverage",1,319,n,n,"Mike's Harder Strawberry Lemonade","16 Oz",,n,1,1,174,n,,"=""5""",,,,,,n,,,,,,,
"=""635985190028""","Malt Beverage",1,1399,n,n,"MIKES HARD PEACH LEMONADE B24 11.2OZ","11.2 oz 6pk",,n,6,1,870,n,,"=""100""",,,,,,n,,,,,,,
"=""635985200253""","Hard Seltzer",1,1349,n,n,"WHITE CLAW BLACK CHERRY 6 PK 12 OZ","6 pk 12 oz",,n,6,1,840,n,,"=""1""",,,,,,n,,,,,,,
"=""635985200284""","Hard Seltzer",1,1349,n,n,"WHITE CLAW RUBY GRABFRUIT 6-PK","12 OZ",,n,6,1,870,n,,"=""5""",,,,,,n,,,,,,,
"=""635985224136""","Malt Beverage",1,1399,n,n,"MIKES HARD STRAWBERRY LEMONADE B24 1","67.2 oz",,n,6,1,870,n,,"=""100""",,,,,,n,,,,,,,
"=""635985245834""","Malt Beverage",1,499,n,n,"Mike's Harder LEMONADE","23.5 OZ",,n,2,1,284,n,,"=""4""",,,,,,n,,,,,,,
"=""635985245957""","Malt Beverage",1,319,n,n,"MIKES HARDER BLOOD ORANGE 16OZ","16 Oz",,n,1,1,174,n,,"=""100""",,,,,,n,,,,,,,
"=""635985249856""","Malt Beverage",1,499,n,n,"Mike's Harder Lemonade Can (23.5 oz)","23.5 OZ",,n,2,1,285,n,,"=""12""",,,,,,n,,,,,,,
"=""635985258759""","Malt Beverage",1,319,n,n,"MIKES HARDER LEMONADE","16 OZ",,n,1,1,193,n,,"=""15""",,,,,,n,,,,,,,
"=""635985258919""","Malt Beverage",1,499,n,n,"Mike's Harder Mango Can (23.5 oz)","23.5 oz",,n,5,1,285,n,,"=""13""",,,,,,n,,,,,,,
"=""635985260356""","Hard Seltzer",1,250,n,n,"WHITE CLAW - RASPBERRY",375ml,,n,1,1,0,n,,"=""100""",,,,,,n,,,,,,,
"=""635985260394""","Hard Seltzer",1,407,n,n,"White Claw Mango Hard Seltzer Can (19.2 oz)",,,n,1,1,0,n,,"=""100""",,,,,,n,,,,,,,
"=""635985260660""","Hard Seltzer",1,1349,n,n,"WHITE CLAW HARD SELTZER RASPBERRY",6PACK,,n,6,1,870,n,,"=""100""",,,,,,n,,,,,,,
"=""635985260875""","Hard Seltzer",1,1349,n,n,"WHITE CLAW MANGO 6PK 12 OZ","6 PK 12 OZ",,n,6,1,870,n,,"=""1""",,,,,,n,,,,,,,
"=""635985260899""","Hard Seltzer",1,2575,n,n,"White Claw Hard Seltzer Black Cherry Can (12 Oz)","12 PACK",,n,12,1,1668,n,,"=""100""",,,,,,n,,,,,,,
"=""635985548904""","Hard Seltzer",1,2575,n,n,"Whiteclaw - Variety Number 1 Pack 12 Oz 12 Pk","12 PK 12 OZ",,n,12,1,1667,n,,"=""100""",,,,,,n,,,,,,,
"=""635985800064""","Hard Seltzer",1,2575,n,n,"White Claw Varty Number 2 Pack 2 12 Pk 12 Oz","12 PK 12 OZ",,n,12,1,1667,n,,"=""100""",,,,,,n,,,,,,,
"=""635985800217""","Malt Beverage",1,499,n,n,"MIKES HARDER PINEAPPLE MANDARIN C12","23.5  OZ",,n,1,1,285,n,,"=""29""",,,,,,n,,,,,,,
"=""635985800262""","Hard Seltzer",1,2575,n,n,"White Claw Number 3 12 Pk 12 Oz","12 PK 12 OZ",,n,12,1,1667,n,,"=""100""",,,,,,n,,,,,,,
"=""635985800347""","Hard Seltzer",1,1349,n,n,"WHITE CLAW MANGO 6PK","4 PK 12 OZ",,n,6,1,807,n,,"=""6""",,,,,,n,,,,,,,
"=""635985800804""","Hard Seltzer",1,2575,n,n,"White Claw Surge Variety 12 Pk 12 Oz","12 PK 12 OZ",,n,12,1,1667,n,,"=""100""",,,,,,n,,,,,,,
"=""635985800828""","Malt Beverage",1,499,n,n,"MIKES HARDER HALF AND HALF C12 23.5O","23.5 OZ",,n,1,1,273,n,,"=""5""",,,,,,n,,,,,,,
"=""635985801085""","Hard Seltzer",1,2399,n,n,"White Claw Surf Variety Pack Hard Seltzer Cans (12 fl oz x 12 ct)","12 fl oz",,n,1,1,0,n,,"=""100""",,,,,,n,,,,,,,
"=""635985801573""","Hard Seltzer",1,1349,n,n,"WHITE CLAW PEACH 6 PK 12 OZ","6 PK 12 OZ",,n,6,1,870,n,,"=""100""",,,,,,n,,,,,,,
"=""635985801610""","Hard Seltzer",1,1399,n,n,"WHITE CLAW BLACKBERRY 6 PK 12 OZ","6 PK 12 OZ",,n,6,1,870,n,,"=""4""",,,,,,n,,,,,,,
"=""635985801986""","Hard Seltzer",1,438,n,n,"WHITE CLAW HARD SELTZER BLACK CHERRY","19.2 OZ",,n,1,1,285,n,,"=""6""",,,,,,n,,,,,,,
"=""635985801993""","Hard Seltzer",1,449,n,n,"WHITE CLAW HARD SELTZER BLACKBERRY C","19.2 OZ",,n,1,1,285,n,,"=""99""",,,,,,n,,,,,,,
"=""635985802013""","Hard Seltzer",1,449,n,n,"WHITE CLAW SURGE BLACKBERRY C12 19.2","=""192""",,n,1,1,285,n,,"=""9""",,,,,,n,,,,,,,
"=""635985802051""","Hard Seltzer",1,449,n,n,"WHITE CLAW WATERMELON 19.20 OZ","19.2 OZ",,n,1,1,238,n,,"=""11""",,,,,,n,,,,,,,
"=""635985802075""","Hard Seltzer",1,449,n,n,"WHITE CLAW SURGE BLOOD ORANGE C12 19",19.2oz,,n,1,1,285,n,,"=""11""",,,,,,n,,,,,,,
"=""635985802082""","Hard Seltzer",1,449,n,n,"WHITE CLAW SURGE CRANBERRY C12 19.2O","=""192""",,n,1,1,290,n,,"=""26""",,,,,,n,,,,,,,
"=""635985802099""","Hard Seltzer",1,449,n,n,"WHITE CLAW SURGE LIME C12 19.2OZ","19.2 oz",,n,1,1,285,n,,"=""24""",,,,,,n,,,,,,,
"=""635985802136""","Hard Seltzer",1,449,n,n,"WHITE CLAW HARD SELTZER MANGO C12 19","19.2 OZ",,n,1,1,285,n,,"=""100""",,,,,,n,,,,,,,
"=""635985802143""","Hard Seltzer",1,449,n,n,"WHITE CLAW RUBY GRAPEFRUIT 19.20","19.2 OZ",,n,1,1,284,n,,"=""-1""",,,,,,n,,,,,,,
"=""635985802150""","Hard Seltzer",1,449,n,n,"WHITE CLAW HARD SELTZER STRAWBERRY C",19.2oz,,n,1,1,285,n,,"=""18""",,,,,,n,,,,,,,
"=""635985802525""","Hard Seltzer",1,2575,n,n,"White Claw Surge Variety Pack #2 12 Pk 12 Oz","12 PK 12 OZ",,n,12,1,1668,n,,"=""100""",,,,,,n,,,,,,,
"=""635985802686""","Hard Seltzer",1,449,n,n,"WHITE CLAW SURGE GREEN APPLE C12 19.","19.2 oz",,n,1,1,285,n,,"=""36""",,,,,,n,,,,,,,
"=""635985802709""","Hard Seltzer",1,449,n,n,"WHITE CLAW SURGE PINEAPPLE C12 19.2O",19.2oz,,n,1,1,285,n,,"=""14""",,,,,,n,,,,,,,
"=""635985802730""","Hard Seltzer",1,1349,n,n,"WHITE CLAW HARD SELTZER GREEN APPLE","6 PK",,n,6,1,870,n,,"=""100""",,,,,,n,,,,,,,
"=""635985802877""","Malt Beverage",1,319,n,n,"MIKES HARDER PINA COLADA C24 16OZ",16oz,,n,1,1,193,n,,"=""0""",,,,,,n,,,,,,,
"=""635985802891""","Malt Beverage",1,319,n,n,"MIKES HARDER SCREWDRIVER 16OZ",16oz,,n,1,1,193,n,,"=""100""",,,,,,n,,,,,,,
"=""635985803058""","Hard Seltzer",1,1299,y,n,"WHITE CLAW MANGO",,,n,1,1,0,n,,"=""100""",,,,,,n,,,,,,,
"=""635985803096""","Malt Beverage",1,499,n,n,"MIKES HARDER HURRICANE PUNCH C12 23.","23.5 OZ",,n,2,1,284,n,,"=""13""",,,,,,n,,,,,,,
"=""635985803645""","Hard Seltzer",1,1349,n,n,"WHITE CLAW GRAPE  6PK 12 OZ","6 PK 12 OZ",,n,6,4,3480,n,,"=""100""",,,,,,n,,,,,,,
"=""635985803669""","Hard Seltzer",1,438,n,n,"WHITE CLAW HARD SELTZER PEACH C12 19","19.2 OZ",,n,1,1,285,n,,"=""9""",,,,,,n,,,,,,,
"=""635985803690""","Hard Seltzer",1,449,n,n,"WHITE CLAW SURGE BLUEBERRY C12 19.2O","19.2 OZ",,n,1,1,285,n,,"=""10""",,,,,,n,,,,,,,
"=""635985803713""","Hard Seltzer",1,2575,n,n,"White Claw Hard Seltzer Peach C24 12","12 PACK",,n,12,1,1668,n,,"=""100""",,,,,,n,,,,,,,
"=""635985804437""","Hard Seltzer",1,2575,n,n,"White Claw Clawtails Variety Pack C2",,,n,12,1,1668,n,,"=""100""",,,,,,n,,,,,,,
"=""635985804574""","Ready-to-Drink (RTD)",1,1399,n,n,"MIKES HARD LEMONADE","6 PK 12 OZ",,n,6,1,870,n,,"=""100""",,,,,,n,,,,,,,
"=""635985804598""","Hard Seltzer",1,1399,n,n,"MIKES HARD BLACK CHERRY LEMONADE","6 PK",,n,6,1,870,n,,"=""100""",,,,,,n,,,,,,,
"=""635985804635""","Hard Seltzer",1,1399,n,n,"STRWBERRY LEMONADE","12 OZ 6 PK",,n,6,1,870,n,,"=""100""",,,,,,n,,,,,,,
"=""636191207401""",Rum,1,4999,n,n,"APPLETON ESTATE RESERVE","750 ML",,n,1,0,0,n,,"=""100""",,,,,,n,,,,,,,
"=""636251740947""","IPA Beer",1,2300,n,n,"STONE C-INDPAL 2/12 12OZ CAN","12 PK 12 OZ",,n,12,1,1495,n,,"=""100""",,,,,,n,,,,,,,
"=""636251742118""","IPA Beer",1,449,n,n,"STO C-INDPAL 12/1 19.2OZ CAN","19 .2 OZ",,n,1,1,230,n,,"=""16""",,,,,,n,,,,,,,
"=""636251742149""","IPA Beer",1,1499,n,n,"Stone IPA (India Pale Ale) Can (12 oz x 6 ct)",,,n,6,1,0,n,,"=""100""",,,,,,n,,,,,,,
"=""636251743351""","IPA Beer",1,1499,n,n,"STONE C-INDPAL 4/6 12OZ CAN","6 PK 12 OZ",,n,6,1,919,n,,"=""2""",,,,,,n,,,,,,,
"=""636251743542""","IPA Beer",1,1499,n,n,"STONE C-DELIPA 4/6 12OZ CAN","6 PK 12 OZ",,n,6,1,918,n,,"=""100""",,,,,,n,,,,,,,
"=""636251743955""",BEER,1,1499,y,n,"WIZARDS GARGOYLES",,,n,1,1,0,n,,"=""100""",,,,,,n,,,,,,,
"=""636251744013""","IPA Beer",1,449,n,n,"STONE FML 19OZ",,,n,1,1,0,n,,"=""4""",,,,,,n,,,,,,,
"=""636251744068""","IPA Beer",1,2599,n,n,"STONE BUENAVEZA LAGER","12 PK 12 OZ",,n,12,1,1495,n,,"=""100""",,,,,,n,,,,,,,
"=""636251744143""","Craft / Local Beer",1,499,n,n,"Stone Buenavesa salt&lime lager","19.2 oz",,n,1,1,248,n,,"=""4""",,,,,,n,,,,,,,
"=""636251744433""","IPA Beer",1,2399,n,n,"STONE C-MIXXED 2/12 12OZ CAN","12 PK 12 OZ",,n,12,1,1495,n,,"=""100""",,,,,,n,,,,,,,
"=""636251744662""","IPA Beer",1,449,n,n,"STONE DELICIOUS IPA 12/1 19.2OZ CAN","19.5 OZ",,n,1,1,247,n,,"=""6""",,,,,,n,,,,,,,
"=""636251744693""","Craft / Local Beer",1,1413,n,n,"STO C-BUENA- 4/6 12OZ CAN","6 PK 12 OZ",,n,6,1,919,n,,"=""100""",,,,,,n,,,,,,,
"=""636251745072""","Craft / Local Beer",1,449,n,n,"STONE  HAZYIPA 12/1 19.2OZ CAN","19L.2 OZ",,n,1,1,247,n,,"=""25""",,,,,,n,,,,,,,
"=""636251746062""","IPA Beer",1,490,n,n,"STO DELICIOUS DOUBLE IPA 12/1 19.2OZ",19.2oz,,n,1,1,230,n,,"=""14""",,,,,,n,,,,,,,
"=""636251746147""","Craft / Local Beer",1,1413,n,n,"STO C-DELDBL 4/6 12OZ CAN",,,n,1,1,919,n,,"=""100""",,,,,,n,,,,,,,
"=""636251746444""","Craft / Local Beer",1,1399,y,n,"STONE FIGHT ONI",,,n,1,1,0,n,,"=""100""",,,,,,n,,,,,,,
"=""636251746529""","IPA Beer",1,449,n,n,"Stone Brewing Hazy IPA Can (19.2 oz)","19.2 oz",,n,1,1,237,n,,"=""19""",,,,,,n,,,,,,,
"=""636251746628""","Craft / Local Beer",1,1499,n,n,"STONE C-PILSNR 4/6 12OZ CAN","6 PK 12 OZ",,n,6,1,919,n,,"=""100""",,,,,,n,,,,,,,
"=""636251746994""","IPA Beer",1,1699,n,n,"STONE GREEN BUDS IPA","4* 16 OZ",,n,6,1,1050,n,,"=""100""",,,,,,n,,,,,,,
"=""636251776120""","IPA Beer",1,1499,n,n,"Stone Delicious IPA Cans 6.9% ABV (12 oz x 6 ct)","72.00 FL OZ",,n,6,1,919,n,,"=""100""",,,,,,n,,,,,,,
"=""636595216757""","Red Wine",1,8999,n,n,"NAPANOOK Red wine 750 ml",,,n,1,1,0,n,,"=""3""",,,,,,n,,,,,,,
"=""636595517755""","Wine Cabernet Sauvignon",1,19999,n,n,"ULESSES CABERNET SAUVIGNON","750 ml",,n,1,1,0,n,,"=""100""",,,,,,n,,,,,,,
"=""638170305610""",BEER,1,1699,y,n,PARADOX,,,n,1,1,0,n,,"=""100""",,,,,,n,,,,,,,
"=""638170305634""",BEER,1,1699,y,n,PARADOX,,,n,1,1,0,n,,"=""100""",,,,,,n,,,,,,,
"=""638478000149""",Tequila,1,2999,n,n,"Don ramon blanco","750 ml",,n,1,1,0,n,,"=""100""",,,,,,n,,,,,,,
"=""638489003078""","Craft / Local Beer",1,349,y,n,"Dogfish Head Sequench ale",,,n,1,1,0,n,,"=""100""",,,,,,n,,,,,,,
"=""639277136763""","General Merchandise",1,499,n,n,"SWIM BAND",,,n,1,1,0,n,,"=""100""",,,,,,n,,,,,,,
"=""639277506627""",ACCESSORIES,1,399,n,n,"COOKING TONGS",,,n,1,0,0,n,,"=""100""",,,,,,n,,,,,,,
"=""639277854988""","General Merchandise",1,499,n,n,"CAR FLAG",,,n,1,0,0,n,,"=""100""",,,,,,n,,,,,,,
"=""639277962485""",ACCESSORIES,1,399,n,n,"PARTY PICKS",,,n,1,0,0,n,,"=""100""",,,,,,n,,,,,,,
"=""640213346542""","Craft / Local Beer",1,1799,y,n,"BRAVERY SHROUD",,,n,1,1,0,n,,"=""100""",,,,,,n,,,,,,,
"=""640793578708""",ACCESSORIES,1,1599,n,n,"Rino  fx 35000",,,n,1,1,0,n,,"=""100""",,,,,,n,,,,,,,
"=""641586333658""","Champagne & Sparkling",1,999,n,n,"J.P.Chenet Rose","\750 ml",,n,1,1,856,n,,"=""12""",,,,,,n,,,,,,,
"=""643485994503""",Soju,1,699,n,n,"Charmsoju  citron","375 ML",,n,1,1,0,n,,"=""100""",,,,,,n,,,,,,,
"=""644216114122""","IPA Beer",1,1799,n,n,"BCH MELROSE IPA","4 PG",,n,4,1,1152,n,,"=""100""",,,,,,n,,,,,,,
"=""644216149230""",CIGARS,1,2099,n,n,"El Septimo","=""2""",,n,1,1,1132,n,,"=""100""",,,,,,n,,,,,,,
"=""644216836239""",ACCESSORIES,1,1999,n,n,"PAPER PLATES HEAVY DUTY 100 CT",,,n,1,1,999,n,,"=""100""",,,,,,n,,,,,,,
"=""644216837632""",SYSTEM,1,369,n,n,"AXXION CUPS",,,n,1,1,0,n,,"=""100""",,,,,,n,,,,,,,
"=""644225727108""","Protein Bars",1,299,n,n,"POWER CRUNCH MINT","1.40 OZ",,n,1,1,135,n,,"=""100""",,,,,,n,,,,,,,
"=""644225727139""","Protein Bars",1,299,n,n,"POWER CRUNCH BAR",,,n,1,1,0,n,,"=""100""",,,,,,n,,,,,,,
"=""644225727382""","Protein Bars",1,299,n,n,"POWER CRUNCH BAR","1.40 OZ",,n,1,1,135,n,,"=""100""",,,,,,n,,,,,,,
"=""644225727795""","Protein Bars",1,299,n,n,"POWER CRUNCH PBC","1.29 OZ",,n,1,1,0,n,,"=""100""",,,,,,n,,,,,,,
"=""644225727832""","Snacks & Condiments",1,299,n,n,"Power Crunch Triple Chocolate (1.4 oz)","1.40 OZ",,n,1,1,137,n,,"=""100""",,,,,,n,,,,,,,
"=""647535040745""",Gummy,1,899,n,n,"BOMBIES GUSHERS","6 OZ",,n,1,0,0,n,,"=""100""",,,,,,n,,,,,,,
"=""647535048604""",ACCESSORIES,1,1099,n,n,"LA BOMBA MICHELADA MIX","750 ML",,n,2,1,600,n,,"=""100""",,,,,,n,,,,,,,
"=""647535060132""",Gummy,1,899,n,n,"BOMBIES TWISTEFOOS WATERMELON","6 ONZ",,n,1,0,0,n,,"=""100""",,,,,,n,,,,,,,
"=""647535068909""",Gummy,1,899,n,n,"BOMBIES MANGO CON CHAMOY","6 ONZ",,n,1,1,450,n,,"=""100""",,,,,,n,,,,,,,
"=""647535073460""",Gummy,1,899,n,n,"BOMBIES NERDY NERDS CLUSTERS","5 OZ",,n,1,0,0,n,,"=""100""",,,,,,n,,,,,,,
"=""647535098029""",Gummy,1,899,n,n,"BOMBIES GUMMY TUBES","6 ONZ",,n,1,1,450,n,,"=""100""",,,,,,n,,,,,,,
"=""647535100333""",ACCESSORIES,1,1099,n,n,"RIM DIP",,,n,1,0,0,n,,"=""100""",,,,,,n,,,,,,,
"=""647535470009""",Gummy,1,899,n,n,"BOMBIES HALF POUND OF SANDIA SLICES`","8 OZ",,n,1,1,450,n,,"=""100""",,,,,,n,,,,,,,
"=""647535487274""",Gummy,1,899,n,n,"BOMBIES HALF POUND OF","6 ONZ",,n,1,1,450,n,,"=""100""",,,,,,n,,,,,,,
"=""647535487311""",Gummy,1,899,n,n,"BOMBIES HALF POUND OF WATERMELON SLICES","8 OZ",,n,1,1,450,n,,"=""100""",,,,,,n,,,,,,,
"=""649188900360""",Shots,1,499,n,n,"GRAND MARNIER 80 50ML","50 ml",,n,1,1,319,n,,"=""120""",,,,,,n,,,,,,,
"=""649188900377""",Liqueur,1,1499,n,n,"GRAND MARNIER","200 ML",,n,1,1,0,n,,"=""100""",,,,,,n,,,,,,,
"=""649188900384""",Liqueur,1,1499,n,n,"GRAND MARNIER","200 ML",,n,1,1,0,n,,"=""100""",,,,,,n,,,,,,,
"=""649188900469""","Spirits - Other",1,2799,n,n,"GRAND MARNIER 80 375ML","=""750""",,n,1,1,1824,n,,"=""100""",,,,,,n,,,,,,,
"=""649188900476""",Liqueur,1,4999,n,n,"Grand Marnier","750 ML",,n,2,1,0,n,,"=""100""",,,,,,n,,,,,,,
"=""649241861034""",Soju,1,699,n,n,"Chum Churum Peach Soju Bottle (375 ml)","12 oz",,n,1,1,0,n,,"=""100""",,,,,,n,,,,,,,
"=""652935100043""","Wine General",1,2499,n,n,Earthquake:Zinfandel,"750.00 ML",,n,2,1,1525,n,,"=""10""",,,,,,n,,,,,,,
"=""652935100067""","Wine Cabernet Sauvignon",1,2499,n,n,"Earthquake:Cabernet Sauvignon","750.00 ML",,n,2,1,1225,n,,"=""100""",,,,,,n,,,,,,,
"=""652935100210""","Red Wine",1,2199,n,n,"PETTE PETITE PETIT","750.00 ML",,n,1,1,0,n,,"=""100""",,,,,,n,,,,,,,
"=""652935100333""","Wine Cabernet Sauvignon",1,2399,n,n,"FREAKSHOW CABERNET SAUVIGNON","750 ml",,n,1,1,0,n,,"=""100""",,,,,,n,,,,,,,
"=""652935100432""","Wine General",1,2299,n,n,"Freakshow redwine 750 ml","750 ml",,n,1,1,1250,n,,"=""7""",,,,,,n,,,,,,,
"=""652935100449""","Red Wine",1,1999,n,n,"7 DEADLY RED WINE 2019","750 ml",,n,1,1,0,n,,"=""100""",,,,,,n,,,,,,,
"=""652935100500""","Red Wine",1,1999,n,n,"FREAKSHOW ZINFANDEL 750 ML",750ml,,n,1,1,0,n,,"=""100""",,,,,,n,,,,,,,
"=""652935100869""","Wine Cabernet Sauvignon",1,1499,n,n,"misfits and mavens","750 ml",,n,1,1,975,n,,"=""99""",,,,,,n,,,,,,,
"=""652935100876""","Red Wine",1,1499,n,n,"misfits and mavens",,,n,1,1,975,n,,"=""100""",,,,,,n,,,,,,,
"=""653341363442""",ACCESSORIES,1,1499,n,n,Rihno,,,n,1,0,0,n,,"=""100""",,,,,,n,,,,,,,
"=""653341363541""",ACCESSORIES,1,1599,n,n,"Rhino King 20000",,,n,1,1,0,n,,"=""100""",,,,,,n,,,,,,,
"=""653341702302""","IPA Beer",1,1599,n,n,"ALMANAC TRUE CALIFORNIA LAGER","4 PK 16 OZ",,n,4,1,979,n,,"=""6""",,,,,,n,,,,,,,
"=""655255514699""","Hanging Snacks",1,499,n,n,"SOUR TOOTH STRAWBERRY",,,n,1,0,0,n,,"=""100""",,,,,,n,,,,,,,
"=""655255527231""",Gummy,1,499,n,n,"SOUR TOOTH BLUE RASPBERRY BELT","4 OZ",,n,1,0,0,n,,"=""100""",,,,,,n,,,,,,,
"=""655255558495""",Gummy,1,499,n,n,"SOUR TOOTH RAINBOW BELT","4 OZ",,n,1,0,0,n,,"=""100""",,,,,,n,,,,,,,
"=""655255646550""",Gummy,1,499,n,n,"SOUR TOOTH PINEAPPLE BELTS","4 OZ",,n,1,0,0,n,,"=""100""",,,,,,n,,,,,,,
"=""655255648837""","Hanging Snacks",1,499,n,n,"SOUR TOOTH PINK LEMONADE BELTS","4 OZ",,n,1,1,249,n,,"=""100""",,,,,,n,,,,,,,
"=""655255714310""",Gummy,1,499,n,n,"SOUR TOOTH SOUR PEACH RINGS","4 OZ",,n,1,0,0,n,,"=""100""",,,,,,n,,,,,,,
"=""655255760669""",Gummy,1,499,n,n,"SOUR TOOTH SOUR TWIN CHERRY","4 OZ",,n,1,1,249,n,,"=""1""",,,,,,n,,,,,,,
"=""655255778695""",Gummy,1,499,n,n,"SOUR TOOTH WATERMELOM SLICES","4 OZ",,n,1,0,0,n,,"=""100""",,,,,,n,,,,,,,
"=""655257870885""",BEER,1,1699,y,n,HONEST,,,n,1,1,0,n,,"=""100""",,,,,,n,,,,,,,
"=""655498088872""","IPA Beer",1,2099,n,n,"PAPERBACK HYPER DRIVE WC IPA","4 PCK 16 OZ",,n,4,1,1329,n,,"=""100""",,,,,,n,,,,,,,
"=""655708011621""",ACCESSORIES,1,999,n,n,"Baby Select Diapers L","10 ct",,n,1,1,0,n,,"=""100""",,,,,,n,,,,,,,
"=""655708120897""",ACCESSORIES,1,399,n,n,"Colgate Mini toothpaste and tooth brush","=""1""",,n,1,1,0,n,,"=""100""",,,,,,n,,,,,,,
"=""655709000303""",Whiskey,1,3499,n,n,"JEFFERSON'S BOURBON",750ml,,n,1,1,0,n,,"=""100""",,,,,,n,,,,,,,
"=""657227000247""",Water,1,295,n,n,"ESS WATER 1/24 700ML PET SPT","23.4 oz",,n,1,1,121,n,,"=""100""",,,,,,n,,,,,,,
"=""657227000339""",Water,1,340,n,n,"ESS WATER 1 LTR PET","33.80 OZ",,n,2,1,183,n,,"=""100""",,,,,,n,,,,,,,
"=""657227000506""",Water,1,490,n,n,"Essentia Water (1.5 L)","50.7 Oz",,n,2,1,182,n,,"=""97""",,,,,,n,,,,,,,
"=""657227001206""",Water,1,245,n,n,"Essentia:Purified Drinking Water","20.00 OZ",,n,1,1,108,n,,"=""3""",,,,,,n,,,,,,,
"=""657891700108""","Wine General",1,0,n,n,"Treana:Red Table Wine","750.00 ML",,n,1,1,0,n,,"=""9""",,,,,,n,,,,,,,
"=""657891700207""","Wine Cabernet Sauvignon",1,1999,n,n,"LIBERTY SCHOOL CABERNET SAUVIGNKN  750 ml","750.00 ML",,n,5,1,0,n,,"=""100""",,,,,,n,,,,,,,
"=""657891702423""","Red Wine",1,2299,n,n,"TROUBLEMAKER RED BLEND 750 ML",,,n,1,1,1116,n,,"=""3""",,,,,,n,,,,,,,
"=""657891715591""","Wine General",1,6999,n,n,"Austin Hope Paso Robles Cabernet Sauvignon Bottle (750 ml)",,,n,1,1,0,n,,"=""100""",,,,,,n,,,,,,,
"=""657891716147""","Wine Cabernet Sauvignon",1,3549,n,n,"TREANA CABERNET SAUVIGNON","750 ml",,n,1,1,0,n,,"=""100""",,,,,,n,,,,,,,
"=""657891718806""","Wine General",1,2999,n,n,"QUEST CAB","750 ML",,n,2,0,0,n,,"=""100""",,,,,,n,,,,,,,
"=""657891720915""","Wine Cabernet Sauvignon",1,2399,n,n,"PASO ROBLES AUSTIN CABERNET SAUVIGNON","750 ml",,n,2,1,1466,n,,"=""100""",,,,,,n,,,,,,,
"=""657891722162""","White Wine",1,2299,n,n,"TREANA SAUVIGNON BLANC 2022",,,n,1,1,1275,n,,"=""100""",,,,,,n,,,,,,,
"=""657891722926""","White Wine",1,1999,n,n,"PRSO ROBLES",,,n,1,1,800,n,,"=""100""",,,,,,n,,,,,,,
"=""658238734916""","Rolling Papers & Wraps",1,599,n,n,"LOOSE LEAF MINIS NATURAL DARK LEAF",,,n,1,0,0,n,,"=""100""",,,,,,n,,,,,,,
"=""658580386962""","Wine General",1,2499,n,n,"WONDERLAND RANCH ORGANIC CHARDONNAY","750 ML",,n,2,1,1500,n,,"=""100""",,,,,,n,,,,,,,
"=""659440020422""",Gummy,1,899,n,n,"FLEORA MANGO",,,n,1,1,0,n,,"=""100""",,,,,,n,,,,,,,
"=""659440020484""",Gummy,1,799,n,n,WATERMELN,,,n,1,1,0,n,,"=""100""",,,,,,n,,,,,,,
"=""659440020491""",Gummy,1,799,n,n,"OH MY GUSHERS",,,n,1,1,0,n,,"=""100""",,,,,,n,,,,,,,
"=""659440020705""",Gummy,1,899,n,n,"MICHELADO CHILI NERDS","6 OZ",,n,1,0,0,n,,"=""100""",,,,,,n,,,,,,,
"=""659440020835""",Gummy,1,899,n,n,"CHOMS GOMS",,,n,1,1,0,n,,"=""100""",,,,,,n,,,,,,,
"=""659440020880""",Gummy,1,899,n,n,"FLEORA NERDIES",,,n,1,1,0,n,,"=""100""",,,,,,n,,,,,,,
"=""661440000014""",Grocery,1,399,n,n,"Zulka:Pure Cane Sugar","2.00 LB",,n,1,1,209,n,,"=""100""",,,,,,n,,,,,,,
"=""664804000378""",Tequila,1,1999,n,n,"ESPOLON BLANCO","375 ml",,n,1,1,1165,n,,"=""35""",,,,,,n,,,,,,,
"=""664804000385""",Tequila,1,2099,n,n,"ESPOLON REPOSADO","375 ML",,n,1,1,0,n,,"=""100""",,,,,,n,,,,,,,
"=""664804000774""",Tequila,1,7599,n,n,"ESPOLON TEQ EX ANEJO CHARD 750ML","750 ml",,n,1,1,4909,n,,"=""6""",,,,,,n,,,,,,,
"=""664804000798""",Tequila,1,1099,n,n,"ESPOLON TEQ BLANCO 80 200ML","200 ml",,n,1,1,669,n,,"=""12""",,,,,,n,,,,,,,
"=""664804000842""",Tequila,1,1199,n,n,"ESPOLON TEQ REPOSADO 80 200ML","200 ml",,n,1,1,739,n,,"=""12""",,,,,,n,,,,,,,
"=""664804001351""",Tequila,1,5999,n,n,"ESPOLONE BLANCO","1.75 ML",,n,2,1,3609,n,,"=""9""",,,,,,n,,,,,,,
"=""664804001368""",Tequila,1,7199,n,n,"ESPOLONE REPOSADO","1.75 ML",,n,2,0,0,n,,"=""100""",,,,,,n,,,,,,,
"=""665270406848""","Health & Wellness",1,799,n,n,"KAVA LEMONADE","12 OZ",,n,1,1,387,n,,"=""100""",,,,,,n,,,,,,,
"=""669576019207""","Red Wine",1,2299,n,n,"DECOY RED BLEND 750 ml","750.00 ML",,n,2,1,1450,n,,"=""9""",,,,,,n,,,,,,,
"=""669576019214""","White Wine",1,1999,n,n,"DECOY SAUVIGNON BLANC","750.00 ML",,n,1,1,1283,n,,"=""100""",,,,,,n,,,,,,,
"=""669576019221""","Protein Bars",1,2645,n,n,"Decoy:pinot Noir","750.00 ML",,n,2,1,1450,n,,"=""17""",,,,,,n,,,,,,,
"=""669576019238""","Red Wine",1,2499,n,n,"DECOY ZINFANDEL","750.00 ML",,n,1,1,0,n,,"=""6""",,,,,,n,,,,,,,
"=""669576019245""","White Wine",1,1999,n,n,"DECOY CHARDONNAY","750.00 ML",,n,1,1,1283,n,,"=""99""",,,,,,n,,,,,,,
"=""669576019252""","Red Wine",1,2299,n,n,"DECOY MERLOT 750 ml","750.00 ML",,n,2,1,1450,n,,"=""15""",,,,,,n,,,,,,,
"=""669576019269""","Wine Cabernet Sauvignon",1,2499,n,n,"DECOY CABERNET SAUVIGNON","750.00 ML",,n,1,1,100,n,,"=""100""",,,,,,n,,,,,,,
"=""669576019283""","Red Wine",1,4999,n,n,"DUCKHORN Napa Valley 1","750.00 ML",,n,1,1,0,n,,"=""10""",,,,,,n,,,,,,,
"=""669576019344""","Wine Cabernet Sauvignon",1,6172,n,n,"Duckhorn Napa Valley Cabernet Sauvignon","750.00 ML",,n,2,1,4000,n,,"=""100""",,,,,,n,,,,,,,
"=""669576019405""","White Wine",1,2999,n,n,"DUCKHORN SAUV BLANC","750.00 ML",,n,1,1,1850,n,,"=""100""",,,,,,n,,,,,,,
"=""669576020548""","White Wine",1,3499,n,n,"DUCKHORN NAPA VALLEY CHARDONAY",750ml,,n,1,1,2075,n,,"=""100""",,,,,,n,,,,,,,
"=""669576020562""","Wine Rosé",1,1999,n,n,"DECOY ROSE 750ML",,,n,1,1,0,n,,"=""100""",,,,,,n,,,,,,,
"=""669576040294""","Wine Cabernet Sauvignon",1,3299,n,n,"DECOY PASO ROBLES CABERNET SAUVIGNON","750 ml",,n,1,1,0,n,,"=""100""",,,,,,n,,,,,,,
"=""669576040430""","Red Wine",1,1699,n,n,GREENWINE,"750 ML",,n,1,0,0,n,,"=""100""",,,,,,n,,,,,,,
"=""669576050019""","Wine General",1,2699,n,n,"SONOMA - CUTRER SAUVIGNON BLANC","750 ML",,n,2,1,1600,n,,"=""12""",,,,,,n,,,,,,,
"=""669576080122""","Wine General",1,11999,n,n,"KOSTA BROWNE PINOT NOIR","750 ML",,n,2,0,0,n,,"=""100""",,,,,,n,,,,,,,
"=""670877300802""",ACCESSORIES,1,190,n,n,lighter,,,n,1,1,0,n,,"=""100""",,,,,,n,,,,,,,
"=""671891793502""","Snacks & Condiments",1,510,n,n,"Crunchy Munchies Trail Mix",,,n,1,1,279,n,,"=""100""",,,,,,n,,,,,,,
"=""671891793533""","Hanging Snacks",1,499,n,n,"Crunchy Munchies Chili & Lemon Mango",,,n,1,1,349,n,,"=""100""",,,,,,n,,,,,,,
"=""671891793564""","Hanging Snacks",1,835,n,n,"Crunchy Munchies Pistachios",,,n,1,1,416,n,,"=""100""",,,,,,n,,,,,,,
"=""673908100020""",Tequila,1,8999,n,n,"BONITA ANEJO","750 ML",,n,2,1,5800,n,,"=""100""",,,,,,n,,,,,,,
"=""674545000001""",Tequila,1,5999,n,n,"DON JULIO BLANCO","750 ML",,n,1,1,3410,n,,"=""100""",,,,,,n,,,,,,,
"=""674545000025""",Shots,1,699,n,n,"DON JULIO SILVER 50 ML","50 ML",,n,1,1,0,n,,"=""100""",,,,,,n,,,,,,,
"=""674545000063""",Tequila,1,7299,n,n,"DON JULIO ANEJO","750 ML",,n,1,1,4628,n,,"=""100""",,,,,,n,,,,,,,
"=""674545000070""",Shots,1,899,n,n,"DON JULIO ANEJO 50 ML","50 ML",,n,1,1,4395,n,,"=""100""",,,,,,n,,,,,,,
"=""674545000322""","Spirits - Other",1,21247,n,n,"DON JULIO TEQ 1942 80 YRC 750ML","750 ML",,n,1,1,13811,n,,"=""100""",,,,,,n,,,,,,,
"=""674545000414""",Tequila,1,6589,n,n,"Don Julio Reposado","750 ML",,n,2,1,4285,n,,"=""100""",,,,,,n,,,,,,,
"=""674545000421""",Shots,1,799,n,n,"DON JULIO REPOSADO 50 ML","50 ML",,n,1,1,3858,n,,"=""100""",,,,,,n,,,,,,,
"=""674545000599""",Tequila,1,2499,n,n,"DON JULIO SILVER",375ml,,n,1,1,1505,n,,"=""100""",,,,,,n,,,,,,,
"=""674545000605""",Tequila,1,3599,n,n,"DON JULIO REPOSADO",375ml,,n,1,1,1805,n,,"=""100""",,,,,,n,,,,,,,
"=""674545000612""",Tequila,1,3999,n,n,"DON JULIO ANEJO","375 ML",,n,1,1,2105,n,,"=""100""",,,,,,n,,,,,,,
"=""674545000629""",Tequila,1,13999,n,n,"Don Julio Blanco 1.75L",1.75lt,,n,1,1,0,n,,"=""100""",,,,,,n,,,,,,,
"=""674545000643""",Tequila,1,15999,n,n,"Tequila Don Julio Anejo (750 ml)",,,n,1,1,0,n,,"=""100""",,,,,,n,,,,,,,
"=""674545000827""",Tequila,1,9999,n,n,"DON JULIO ANEJO 70th ANNIVERSARY","750 ML",,n,1,1,0,n,,"=""100""",,,,,,n,,,,,,,
"=""674545001084""","Spirits - Other",1,43515,n,n,"DON JULIO TEQ 1942 80 1.75L",,,n,1,1,28285,n,,"=""100""",,,,,,n,,,,,,,
"=""674806008203""",Juice,1,399,n,n,"KUJI  COCONUT MILK ORIGINAL 9.8OZ","290 ml",,n,1,1,0,n,,"=""100""",,,,,,n,,,,,,,
"=""674806008210""",Juice,1,299,n,n,"KUIJ COCONUT MILK MANGO","290 ml",,n,1,1,0,n,,"=""100""",,,,,,n,,,,,,,
"=""674806008227""",Milk,1,295,n,n,"kuji strawberry","9.8 oz",,n,1,0,0,n,,"=""100""",,,,,,n,,,,,,,
"=""674806008241""",Juice,1,599,n,n,"KUJI COCONUT MILK ORIGINAL","485 ml",,n,1,1,0,n,,"=""100""",,,,,,n,,,,,,,
"=""674806008258""",Milk,1,490,n,n,"kuji mango coconut milk","485 ml",,n,1,0,0,n,,"=""100""",,,,,,n,,,,,,,
"=""674806008265""",Milk,1,490,n,n,"KUJI COCONUT MILK STAWBERRY","485 ml",,n,1,1,0,n,,"=""100""",,,,,,n,,,,,,,
"=""674806008272""",Milk,1,490,n,n,"KUJI COCONUT MILK MELON","485 ml",,n,1,1,0,n,,"=""100""",,,,,,n,,,,,,,
"=""674806008289""",Milk,1,299,n,n,"KUJI COCONUT MILK PINEAPPLE  9.8OZ","290 ml",,n,1,1,0,n,,"=""100""",,,,,,n,,,,,,,
"=""674806008296""",Milk,1,299,n,n,"kuji banana flavor","9.8 oz",,n,1,0,0,n,,"=""100""",,,,,,n,,,,,,,
"=""674806008302""",Milk,1,490,n,n,"KUJI COCONUT MILK PINEAPPLE","485 ml",,n,1,1,0,n,,"=""100""",,,,,,n,,,,,,,
"=""674806008371""",Milk,1,490,n,n,"KUJI COCONUT MILK SOURSOP FRUIT","485 ml",,n,1,1,0,n,,"=""100""",,,,,,n,,,,,,,
"=""674868000146""","Spirits - Other",1,5862,n,n,"GLENLIVET SMALT JAMAICA ED 12YR 80 750ML",,,n,1,1,3810,n,,"=""100""",,,,,,n,,,,,,,
"=""675747001117""","Import Beer",1,1499,n,n,"HOFBRAU MUNCHEN 6PK NR","11.2 FL OZ",,n,6,1,975,n,,"=""100""",,,,,,n,,,,,,,
"=""675747004064""","Import Beer",1,1499,n,n,"HOFBRAU HEFE WIZEN","6 PCK",,n,6,1,975,n,,"=""100""",,,,,,n,,,,,,,
"=""675747014278""","Import Beer",1,1499,n,n,"Hofbrau Munchen:Ale","6.00 EA",,n,6,1,975,n,,"=""100""",,,,,,n,,,,,,,
"=""677869818994""","Energy Drinks",1,449,n,n,Red,,,n,1,1,0,n,,"=""100""",,,,,,n,,,,,,,
"=""678112254156""","Health & Wellness",1,999,n,n,"Clear Eyes:Redness Reliever Eye Drops","0.50 FL OZ",,n,1,1,475,n,,"=""3""",,,,,,n,,,,,,,
"=""678112254187""",Grocery,1,399,n,n,"Clear Eyes Handy Pocket Pal Redness Relief Eye Drops (0.2 oz)","0.2 Oz",,n,1,1,0,n,,"=""100""",,,,,,n,,,,,,,
"=""679285306505""",ACCESSORIES,1,299,n,n,"PARTY POPPER",,,n,1,0,0,n,,"=""100""",,,,,,n,,,,,,,
"=""680058300194""","General Merchandise",1,499,n,n,"STREET HEAT POLICE",,,n,1,0,0,n,,"=""100""",,,,,,n,,,,,,,
"=""680750900821""","Wine General",1,2199,n,n,"BELLA GRACE BELLA ROSE","750 ML",,n,2,1,1333,n,,"=""100""",,,,,,n,,,,,,,
"=""681421036108""","Health & Wellness",1,974,n,n,"Zantac Maximum Strength","8 TABLETS",,n,1,1,531,n,,"=""100""",,,,,,n,,,,,,,
"=""681467003188""",Cigarettes,1,749,n,n,"Seneca Red 100",100's,,n,1,10,5600,n,,"=""100""",,,,,,n,,,,,,,
"=""681467003218""",Cigarettes,1,749,n,n,"Seneca Blue 100",100's,,n,1,10,5600,n,,"=""100""",,,,,,n,,,,,,,
"=""681467003249""",Cigarettes,1,799,n,n,"Seneca Silver 100's",,,n,1,1,0,n,,"=""100""",,,,,,n,,,,,,,
"=""682082100610""","Ice Cream",1,129,n,n,"Helados Mexico Coco-Coconut Premium Ice Cream Bars (4 oz)","4 oz",,n,1,1,0,n,,"=""100""",,,,,,n,,,,,,,
"=""682430010486""",Water,1,390,n,n,VOSS,"850 ml",,n,1,0,0,n,,"=""100""",,,,,,n,,,,,,,
"=""682430400102""",Water,1,240,n,n,"Voss of Norway:Artesian Water","16.90 FL OZ",,n,1,1,0,n,,"=""100""",,,,,,n,,,,,,,
"=""682430400119""",Water,1,499,n,n,"VOSS Water","28.74 oz",,n,1,1,0,n,,"=""100""",,,,,,n,,,,,,,
"=""682430611737""",Water,1,445,n,n,"VOSS Artesian Water","12.7 oz",,n,1,1,0,n,,"=""100""",,,,,,n,,,,,,,
"=""682430611751""",Water,1,399,n,n,"VOSS SPARKLING SPRIG WATER","12.7 OZ",,n,1,1,0,n,,"=""100""",,,,,,n,,,,,,,
"=""682430611768""",Water,1,557,n,n,"Voss:sparkling Artesian Water","27.10 OZ",,n,2,1,304,n,,"=""1""",,,,,,n,,,,,,,
"=""683203904520""",Water,1,603,n,n,"Real Coconut Water Original 16.9 oz","16.9 oz",,n,1,1,333,n,,"=""100""",,,,,,n,,,,,,,
"=""683203904551""",Water,1,603,n,n,"Real Coconut Water Pineapple 16.9 oz","16.9 OZ",,n,1,1,333,n,,"=""100""",,,,,,n,,,,,,,
"=""683203904582""",Water,1,603,n,n,"Real Coconut Water Mango 16.9 oz","16.9 oz",,n,1,1,333,n,,"=""100""",,,,,,n,,,,,,,
"=""683203904605""",Water,1,494,n,n,"REAL COCONUT WATER PASSION FRUIT 16.9 OZ","16.9 OZ",,n,1,1,0,n,,"=""100""",,,,,,n,,,,,,,
"=""683770236178""",ACCESSORIES,1,599,n,n,"GOOD GUIDE PET PADS",,,n,1,1,158,n,,"=""100""",,,,,,n,,,,,,,
"=""686014000719""","Wine General",1,15999,n,n,"Nickel Cab Quicksilver Bottle (750 ml)",,,n,1,1,0,n,,"=""100""",,,,,,n,,,,,,,
"=""686464495004""",ACCESSORIES,1,399,n,n,"Toy Candy","=""1""",,n,1,1,0,n,,"=""100""",,,,,,n,,,,,,,
"=""686464607001""",ACCESSORIES,1,399,n,n,"monkey swing",,,n,1,1,0,n,,"=""100""",,,,,,n,,,,,,,
"=""686700000061""",Grocery,1,399,n,n,"CREMAX WAFER",,,n,1,1,0,n,,"=""100""",,,,,,n,,,,,,,
"=""686700101249""",Grocery,1,299,n,n,"MARIAS COOKIES 4.9 OZ","4.9 OZ",,n,1,1,0,n,,"=""100""",,,,,,n,,,,,,,
"=""686700670097""","Hanging Snacks",1,499,n,n,"Sabritas Peanuts Mexican Style Mix","7.0 ounces",,n,1,1,240,n,,"=""100""",,,,,,n,,,,,,,
"=""688083004339""",SYSTEM,1,599,n,n,CBD,,,n,1,1,0,n,,"=""100""",,,,,,n,,,,,,,
"=""689352009611""","White Wine",1,2199,n,n,"KIM CRAWFORD  SAUVIGNON BLANC","750.00 ML",,n,2,1,1320,n,,"=""99""",,,,,,n,,,,,,,
"=""689352009925""","Wine Small Sizes",1,1323,n,n,"Kim Crw Sauvignon Blanc 375ml","375 ml",,n,1,1,860,n,,"=""100""",,,,,,n,,,,,,,
"=""689352010310""","White Wine",1,2099,n,n,"KIM CRAWFORD PINOT GRIGIO",,,n,1,1,1270,n,,"=""100""",,,,,,n,,,,,,,
"=""689521993680""","General Merchandise",1,399,n,n,HANDCUFFS,,,n,1,0,0,n,,"=""100""",,,,,,n,,,,,,,
"=""689674013297""",CIGARS,1,5199,n,n,"Rocky Patel","=""2""",,n,1,1,2813,n,,"=""100""",,,,,,n,,,,,,,
"=""689674013334""",CIGARS,1,3399,n,n,Macanudo,"8 MINIATURES",,n,1,1,1816,n,,"=""100""",,,,,,n,,,,,,,
"=""689674014744""",CIGARS,1,2099,n,n,"Macanudo Hampton Court CafÃ©","1.00 ST",,n,1,0,1151,n,,"=""100""",,,,,,n,,,,,,,
"=""689674014751""",CIGARS,1,2299,n,n,"Macanudo Portofino CafÃ©","1.00 ST",,n,1,0,1233,n,,"=""100""",,,,,,n,,,,,,,
"=""689674015185""",CIGARS,1,4999,n,n,Macanudo,"=""2""",,n,1,1,2730,n,,"=""100""",,,,,,n,,,,,,,
"=""689674020868""",CIGARS,1,2399,n,n,"Macanudo Crystal CafÃ©","=""1""",,n,1,1,1306,n,,"=""100""",,,,,,n,,,,,,,
"=""689674023456""",CIGARS,1,4499,n,n,Cohiba,"1 pk",,n,1,1,2466,n,,"=""100""",,,,,,n,,,,,,,
"=""689674023678""",CIGARS,1,1299,n,n,Punch,"=""2""",,n,1,0,685,n,,"=""100""",,,,,,n,,,,,,,
"=""689674025214""",CIGARS,1,2599,n,n,"Partagas Maximo",,,n,1,1,1419,n,,"=""100""",,,,,,n,,,,,,,
"=""689674026020""",CIGARS,1,1099,n,n,Macanudo,"=""2""",,n,1,1,596,n,,"=""100""",,,,,,n,,,,,,,
"=""689674026129""",CIGARS,1,1699,n,n,"Gurkha Cellar Reserve","1.00 ST",,n,1,1,914,n,,"=""100""",,,,,,n,,,,,,,
"=""689674026211""",CIGARS,1,1799,n,n,"Don Tomas","=""2""",,n,1,1,937,n,,"=""100""",,,,,,n,,,,,,,
"=""689674026297""",CIGARS,1,1699,n,n,"Don Tomas Allegro",,,n,1,1,895,n,,"=""100""",,,,,,n,,,,,,,
"=""689674026549""",CIGARS,1,2799,n,n,Acid,"=""2""",,n,1,1,1521,n,,"=""100""",,,,,,n,,,,,,,
"=""689674026921""",CIGARS,1,2099,n,n,"Rocky Patel",,,n,1,1,1150,n,,"=""100""",,,,,,n,,,,,,,
"=""689674028086""",CIGARS,1,2699,n,n,"Partagas Crystal",,,n,1,0,1440,n,,"=""100""",,,,,,n,,,,,,,
"=""689674028130""",CIGARS,1,1699,n,n,Cohiba,"=""2""",,n,1,1,895,n,,"=""100""",,,,,,n,,,,,,,
"=""689674028147""",CIGARS,1,5199,n,n,Cohiba,"=""2""",,n,1,1,2834,n,,"=""100""",,,,,,n,,,,,,,
"=""689674028857""",CIGARS,1,2199,n,n,Cohiba,,,n,1,1,1183,n,,"=""100""",,,,,,n,,,,,,,
"=""689674029212""",CIGARS,1,1799,n,n,Macanudo,"=""2""",,n,1,1,942,n,,"=""100""",,,,,,n,,,,,,,
"=""689674029243""",CIGARS,1,1399,n,n,"Punch CafÃ© Royal Natural",EACH,,n,1,1,750,n,,"=""100""",,,,,,n,,,,,,,
"=""689674029342""",CIGARS,1,1299,n,n,Punch,"=""2""",,n,1,1,685,n,,"=""100""",,,,,,n,,,,,,,
"=""689674029403""",CIGARS,1,1199,n,n,Partagas,10'S,,n,1,1,640,n,,"=""100""",,,,,,n,,,,,,,
"=""689674029410""",CIGARS,1,1199,n,n,Punch,"=""1""",,n,1,0,640,n,,"=""100""",,,,,,n,,,,,,,
"=""689674029441""",CIGARS,1,1499,n,n,Punch,"=""2""",,n,1,1,779,n,,"=""100""",,,,,,n,,,,,,,
"=""689674030171""",CIGARS,1,4499,n,n,Cohiba,,,n,1,1,2466,n,,"=""100""",,,,,,n,,,,,,,
"=""689674030591""",CIGARS,1,2399,n,n,"Macanudo Crystal CafÃ© Maduro","1 pk",,n,1,1,1306,n,,"=""100""",,,,,,n,,,,,,,
"=""689674030874""",CIGARS,1,5099,n,n,Punch,"=""2""",,n,1,1,2798,n,,"=""100""",,,,,,n,,,,,,,
"=""689674062875""",CIGARS,1,2299,n,n,"Oliva Serie V","=""2""",,n,1,1,1231,n,,"=""100""",,,,,,n,,,,,,,
"=""689674064848""",CIGARS,1,2099,n,n,"Hoyo De Monterrey Excalibur Short Crystal",EACH,,n,1,1,1108,n,,"=""100""",,,,,,n,,,,,,,
"=""689674072140""",CIGARS,1,1299,n,n,"Rocky Patel","=""2""",,n,1,1,691,n,,"=""100""",,,,,,n,,,,,,,
"=""689674092322""",CIGARS,1,1499,n,n,Macanudo,"=""2""",,n,1,1,797,n,,"=""100""",,,,,,n,,,,,,,
"=""689674092520""",CIGARS,1,1599,n,n,Macanudo,"=""2""",,n,1,1,873,n,,"=""100""",,,,,,n,,,,,,,
"=""689674094685""",CIGARS,1,1299,n,n,Macanudo,"=""2""",,n,1,1,691,n,,"=""100""",,,,,,n,,,,,,,
"=""689674096016""",CIGARS,1,1699,n,n,"Macanudo Robusto Inspirado White","=""1""",,n,1,1,914,n,,"=""100""",,,,,,n,,,,,,,
"=""689674096023""",CIGARS,1,1699,n,n,"Macanudo Robusto Inspirado Black",,,n,1,1,922,n,,"=""100""",,,,,,n,,,,,,,
"=""689674099796""",CIGARS,1,2699,n,n,"Habanos Del Campo",,,n,1,1,1462,n,,"=""100""",,,,,,n,,,,,,,
"=""689674103813""",CIGARS,1,1099,n,n,Cohiba,"=""2""",,n,1,1,587,n,,"=""100""",,,,,,n,,,,,,,
"=""689674110262""",CIGARS,1,1599,n,n,Cohiba,"=""2""",,n,1,1,876,n,,"=""100""",,,,,,n,,,,,,,
"=""689674113782""",CIGARS,1,1699,n,n,"Romeo Y Julieta","=""2""",,n,1,1,914,n,,"=""100""",,,,,,n,,,,,,,
"=""689674114420""",CIGARS,1,1299,n,n,Cao,"=""2""",,n,1,1,676,n,,"=""100""",,,,,,n,,,,,,,
"=""689674120346""",CIGARS,1,1499,n,n,Cohiba,"=""2""",,n,1,1,781,n,,"=""100""",,,,,,n,,,,,,,
"=""689674137535""",CIGARS,1,1499,n,n,Macanudo,"=""2""",,n,1,1,820,n,,"=""100""",,,,,,n,,,,,,,
"=""689674162582""",CIGARS,1,1399,n,n,Macanudo,"=""2""",,n,1,1,749,n,,"=""100""",,,,,,n,,,,,,,
"=""689926000006""","IPA Beer",1,1731,n,n,"PZA Summer Visit IPA 4/6 16oz Can",,,n,1,1,1125,n,,"=""100""",,,,,,n,,,,,,,
"=""689926006107""","Craft / Local Beer",1,1899,y,n,"LOST ABBEY #10 375ML",,,n,1,1,0,n,,"=""100""",,,,,,n,,,,,,,
"=""689926100010""",BEER,1,1499,n,n,"CHRONIC ALE","6 PACK",,n,6,1,910,n,,"=""100""",,,,,,n,,,,,,,
"=""689926100027""","Craft / Local Beer",1,1799,n,n,"PZA SWAMIS 4/6 16OZ CAN","6 PACK 16 OZ",,n,6,1,1125,n,,"=""100""",,,,,,n,,,,,,,
"=""689926100072""","IPA Beer",1,1699,n,n,"PZA CAHONY 6 16OZ CAN","6 PK 16 OZ",,n,6,1,940,n,,"=""3""",,,,,,n,,,,,,,
"=""689926100096""","IPA Beer",1,1731,n,n,"PZA MONGO- 4/6 16OZ CAN","6 PK 16 OZ",,n,6,1,1125,n,,"=""3""",,,,,,n,,,,,,,
"=""689926100102""","IPA Beer",1,1899,n,n,"PZA COASTIN' TROPICAL IPA 4/6 16OZ C",,,n,6,1,1125,n,,"=""100""",,,,,,n,,,,,,,
"=""689926100119""","Craft / Local Beer",1,1499,n,n,"PIZZA PORT AMIGO LAGER","4 * 16 OZ",,n,6,1,910,n,,"=""100""",,,,,,n,,,,,,,
"=""689926100195""","IPA Beer",1,449,n,n,"PZA SWAMIS 12/1 19.2OZ CAN","19.2 OZ",,n,1,1,269,n,,"=""8""",,,,,,n,,,,,,,
"=""689926100201""","IPA Beer",1,499,n,n,"PZA MONGO WC DOUBLE IPA","19.5 OZ",,n,1,1,279,n,,"=""10""",,,,,,n,,,,,,,
"=""689926102021""","Craft / Local Beer",1,1799,n,n,"PZA BEACHSIDE RESET 4/6 16OZ CAN","4 PK 16 OZ",,n,6,1,1125,n,,"=""1""",,,,,,n,,,,,,,
"=""689926105817""",BEER,1,1699,n,n,"LOST ABBEY AVANT",,,n,1,1,0,n,,"=""100""",,,,,,n,,,,,,,
"=""689926110040""","IPA Beer",1,2499,n,n,"Pizza Port Swami's IPA Cans (16 oz x 6 ct)","12 PK",,n,12,1,1600,n,,"=""1""",,,,,,n,,,,,,,
"=""690522200660""",ACCESSORIES,1,1990,n,n,Needo,,,n,1,0,0,n,,"=""100""",,,,,,n,,,,,,,
"=""691835340555""","IPA Beer",1,1799,n,n,"ALMANAC ADVENTURE LAND IPA","4 PK 16 OZ",,n,4,1,1120,n,,"=""5""",,,,,,n,,,,,,,
"=""693507131218""",ACCESSORIES,1,499,n,n,"SUPER X",,,n,1,1,0,n,,"=""100""",,,,,,n,,,,,,,
"=""696859066399""",CIGARS,1,699,n,n,"Arturo Fuente","=""2""",,n,1,1,354,n,,"=""100""",,,,,,n,,,,,,,
"=""696859066757""",CIGARS,1,599,n,n,"Romeo Y Julieta",,,n,1,1,329,n,,"=""100""",,,,,,n,,,,,,,
"=""697175845309""","General Merchandise",1,999,n,n,HEADPHONE,,,n,1,0,0,n,,"=""100""",,,,,,n,,,,,,,
"=""697175845361""","General Merchandise",1,999,n,n,"CAR CHARGER",,,n,1,1,0,n,,"=""100""",,,,,,n,,,,,,,
"=""697175845378""","General Merchandise",1,999,n,n,"USB TO OLD IPHON",,,n,1,0,0,n,,"=""99""",,,,,,n,,,,,,,
"=""697175845385""","General Merchandise",1,999,n,n,"USB TO USB C",,,n,1,0,0,n,,"=""100""",,,,,,n,,,,,,,
"=""697175845392""","General Merchandise",1,999,n,n,"USB C TO USB OLD IPHONE",,,n,1,0,0,n,,"=""100""",,,,,,n,,,,,,,
"=""697175845408""","General Merchandise",1,999,n,n,"USP C TO USP C CHARGER",,,n,1,1,400,n,,"=""100""",,,,,,n,,,,,,,
"=""697175845507""",ACCESSORIES,1,999,n,n,charger,,,n,1,0,0,n,,"=""100""",,,,,,n,,,,,,,
"=""697175845606""",ACCESSORIES,1,999,n,n,"Stereo headset",,,n,1,0,0,n,,"=""100""",,,,,,n,,,,,,,
"=""697175845613""",ACCESSORIES,1,1499,n,n,"JUR HEADSET",,,n,1,0,0,n,,"=""99""",,,,,,n,,,,,,,
"=""697175845644""","General Merchandise",1,999,n,n,"WALL CHARGER",,,n,1,0,0,n,,"=""100""",,,,,,n,,,,,,,
"=""697175845798""",ACCESSORIES,1,999,n,n,Charger,,,n,1,0,0,n,,"=""100""",,,,,,n,,,,,,,
"=""697201987577""",ACCESSORIES,1,699,n,n,"STAINLESS STEEL WINE OPENER",,,n,1,1,104,n,,"=""100""",,,,,,n,,,,,,,
"=""697587242000""","General Merchandise",1,499,n,n,"JUMP ROPE",,,n,1,0,0,n,,"=""100""",,,,,,n,,,,,,,
"=""698523200658""","General Merchandise",1,399,n,n,"RAINBOW PLASTIC",,,n,1,0,0,n,,"=""100""",,,,,,n,,,,,,,
"=""698743167502""","Wine Cabernet Sauvignon",1,11999,n,n,"LANCASTER ESTATE CABERNET SAUVIGNON","750 ml",,n,1,1,0,n,,"=""100""",,,,,,n,,,,,,,
"=""698743907504""","Wine Cabernet Sauvignon",1,2999,n,n,"ROTH CABERNET SAUVIGNON","750.00 ML",,n,1,1,0,n,,"=""100""",,,,,,n,,,,,,,
"=""699013000550""",Rum,1,6195,n,n,"Ron Zacapa Sistema #23",750ml,,n,2,1,4025,n,,"=""6""",,,,,,n,,,,,,,
"=""699013000567""",Rum,1,15999,n,n,"RON ZACAPA XO","750 ML",,n,2,1,10033,n,,"=""6""",,,,,,n,,,,,,,
"=""699013000956""",Liqueur,1,8499,n,n,"ZACAPA NEGRA",,,n,1,1,0,n,,"=""100""",,,,,,n,,,,,,,
"=""699838622265""","Energy Drinks",1,199,n,n,"UNDO HANGOVER PERVENTION","=""2""",,n,1,0,0,n,,"=""100""",,,,,,n,,,,,,,
"=""701192010036""",Wine,1,2999,n,n,"TEXTBOOK MERLOT 750ML","750 ml",,n,1,1,2010,n,,"=""12""",,,,,,n,,,,,,,
"=""701192020035""",Tequila,1,5599,n,n,"TAPATIO BLANCO TEQUILA 1L","1 L",,n,1,1,3579,n,,"=""12""",,,,,,n,,,,,,,
"=""701192030034""",Tequila,1,7799,n,n,"TAPATIO REPOSADO TEQUILA 1L","1 L",,n,1,1,5039,n,,"=""12""",,,,,,n,,,,,,,
"=""701254726394""",Tequila,1,12999,n,n,"SCORE REPOSADO MEXICO 80","750 ML",,n,2,1,6500,n,,"=""1""",,,,,,n,,,,,,,
"=""701254728725""",Tequila,1,11999,n,n,"SCORE TEQUILA REPOSADO","750 ML",,n,2,1,6500,n,,"=""2""",,,,,,n,,,,,,,
"=""703669055724""",ACCESSORIES,1,399,n,n,"SUPER X",,,n,1,1,0,n,,"=""100""",,,,,,n,,,,,,,
"=""703669055762""",ACCESSORIES,1,499,n,n,SUPER7X,,,n,1,1,0,n,,"=""100""",,,,,,n,,,,,,,
"=""703669055861""","General Merchandise",1,499,n,n,"TORCH SMALL",,,n,1,0,0,n,,"=""99""",,,,,,n,,,,,,,
"=""703856899162""",BEER,1,649,y,n,"SPOOK HOUSE",,,n,1,1,0,n,,"=""100""",,,,,,n,,,,,,,
"=""703885005220""",Gummy,1,99,n,n,"zumbA goma mango",,,n,1,1,29,n,,"=""100""",,,,,,n,,,,,,,
"=""703885005251""",Gummy,1,100,n,n,"Zumba Goma sandia",22g,,n,1,1,29,n,,"=""100""",,,,,,n,,,,,,,
"=""703885035258""",Candy,1,99,n,n,"ZUMBA PICA GOMA SANDIA",,,n,1,1,33,n,,"=""100""",,,,,,n,,,,,,,
"=""705105994475""",ACCESSORIES,1,299,n,n,"Axxion 5 pk","=""5""",,n,1,1,95,n,,"=""100""",,,,,,n,,,,,,,
"=""706084627804""",ACCESSORIES,1,1499,n,n,"SUPER 7 RHINO 3500",,,n,1,1,0,n,,"=""99""",,,,,,n,,,,,,,
"=""706460240467""",Candy,1,249,n,n,"Skwinkles Rellenos Watermelon","2.47 oz",,n,1,1,92,n,,"=""100""",,,,,,n,,,,,,,
"=""706460751406""",Gummy,1,199,n,n,"Salsagheti Mango Hot & Tamarind Sauce Candy","=""085""",,n,1,12,499,n,,"=""100""",,,,,,n,,,,,,,
"=""707670403376""",ACCESSORIES,1,1299,n,n,"TECHNO LIGHTER TORCH",,,n,1,1,175,n,,"=""19""",,,,,,n,,,,,,,
"=""709192460646""","Wine General",1,2599,n,n,"Talbott Pinot Noir Kali Hart (750 ml)","=""750""",,n,1,1,0,n,,"=""100""",,,,,,n,,,,,,,
"=""709586514856""",Soda,1,299,n,n,"POPPI STRAWBERRY LEMON","12 OZ",,n,1,12,1950,n,,"=""100""",,,,,,n,,,,,,,
"=""710909750103""","White Wine",1,1999,n,n,"SEASUN CHAR",720ml,,n,1,1,0,n,,"=""100""",,,,,,n,,,,,,,
"=""710909760102""","Red Wine",1,2199,n,n,"SEA SUN PINOT NOIR 750 ML","750 ML",,n,1,1,1300,n,,"=""100""",,,,,,n,,,,,,,
"=""711556241020""","Import Beer",1,1399,n,n,"erdinger brauhaus lager","pk 16 oz",,n,4,1,0,n,,"=""100""",,,,,,n,,,,,,,
"=""711747011128""","Hanging Snacks",1,499,n,n,"BROWNIE BRITTLE CHOC CHP","2.75 OZ",,n,1,1,177,n,,"=""99""",,,,,,n,,,,,,,
"=""711747011135""",Grocery,1,499,n,n,"BROWNIE BRITTLE SLT CRML","2.75 OZ",,n,1,1,177,n,,"=""100""",,,,,,n,,,,,,,
"=""711747011142""","Hanging Snacks",1,499,n,n,"BROWNIE BRITTLE TOF CRCH","2.75 OZ",,n,1,1,177,n,,"=""100""",,,,,,n,,,,,,,
"=""712131510081""",BEER,1,399,y,n,101,,,n,1,1,0,n,,"=""100""",,,,,,n,,,,,,,
"=""712166833278""",Soju,1,699,n,n,"JINRO SOJU GRAPEFRUIT 26 375ML","375 ML",,n,1,1,350,n,,"=""100""",,,,,,n,,,,,,,
"=""712199079810""",Gummy,1,75,n,n,"Mexican candy",,,n,1,0,0,n,,"=""100""",,,,,,n,,,,,,,
"=""712199087440""",Gummy,1,399,n,n,CHAMOY,,,n,1,1,0,n,,"=""100""",,,,,,n,,,,,,,
"=""712199087792""",Gummy,1,399,n,n,CHAMOY,,,n,1,1,0,n,,"=""100""",,,,,,n,,,,,,,
"=""712199087808""",Gummy,1,399,n,n,CHAMOY,,,n,1,1,0,n,,"=""100""",,,,,,n,,,,,,,
"=""713382533690""","White Wine",1,1899,n,n,"THE FABLEIST 053 SAVIGNON BLANC",,,n,1,1,0,n,,"=""100""",,,,,,n,,,,,,,
"=""713757509114""",CIGARS,1,599,n,n,Nub,,,n,1,1,329,n,,"=""100""",,,,,,n,,,,,,,
"=""713757509411""",CIGARS,1,899,n,n,"JM Tobacco",,,n,1,1,455,n,,"=""100""",,,,,,n,,,,,,,
"=""713757510516""",CIGARS,1,599,n,n,"JM Tobacco","6 PACK",,n,1,1,329,n,,"=""100""",,,,,,n,,,,,,,
"=""713757510813""",CIGARS,1,899,n,n,"JM Tobacco",,,n,1,1,455,n,,"=""100""",,,,,,n,,,,,,,
"=""715006020111""",Liqueur,1,1499,n,n,"DUET ASMOOTH AMBER 500ML",,,n,1,1,0,n,,"=""100""",,,,,,n,,,,,,,
"=""716165174011""","Rolling Papers & Wraps",1,599,n,n,"Raw Classic Rolling Paper","=""1""",,n,1,1,0,n,,"=""100""",,,,,,n,,,,,,,
"=""716165174172""","Rolling Papers & Wraps",1,299,n,n,"RAW organic hemp",11/4,,n,1,1,0,n,,"=""100""",,,,,,n,,,,,,,
"=""716165174578""","Rolling Papers & Wraps",1,399,n,n,"RAW Natural Unrefined King Size Cones Rolling Papers 1 BOX 32/3Packs","=""1""",,n,1,1,0,n,,"=""100""",,,,,,n,,,,,,,
"=""716165176107""",ACCESSORIES,1,499,n,n,"Classic Raw Rolling Paper","=""15""",,n,1,1,0,n,,"=""100""",,,,,,n,,,,,,,
"=""716165176121""","Rolling Papers & Wraps",1,499,n,n,"Raw Organic Hemp Rolling Paper 1 1/4","=""1""",,n,1,1,0,n,,"=""100""",,,,,,n,,,,,,,
"=""716165177111""","Rolling Papers & Wraps",1,399,n,n,"Raw Cone # 6","6 cones",,n,1,32,3600,n,,"=""100""",,,,,,n,,,,,,,
"=""716165177296""","Rolling Papers & Wraps",1,199,n,n,"Elements Ultra Thin Rice Paper 1 1/4","1 pk",y,n,1,1,0,n,,"=""100""",,,,,,n,,,,,,,
"=""716165177319""","Rolling Papers & Wraps",1,299,n,n,"Classic RAW ""Natural Unrefined Rolling Papers"" 1.25 Unbleached","0.5 oz",,n,1,1,0,n,,"=""100""",,,,,,n,,,,,,,
"=""716165177357""","Rolling Papers & Wraps",1,399,n,n,"Raw Natural King Size Slim","=""24""",,n,1,1,0,n,,"=""100""",,,,,,n,,,,,,,
"=""716165179481""",ACCESSORIES,1,299,n,n,"RAW TIPS","=""1""",,n,1,1,0,n,,"=""100""",,,,,,n,,,,,,,
"=""716165201953""","Rolling Papers & Wraps",1,399,n,n,"RAW CONE 6 PACK ORGANIC HEMP",,,n,1,1,0,n,,"=""100""",,,,,,n,,,,,,,
"=""716165280965""","Rolling Papers & Wraps",1,299,n,n,"RAW BLACK","=""1""",,n,1,1,0,n,,"=""100""",,,,,,n,,,,,,,
"=""717888110225""","Wine Cabernet Sauvignon",1,7999,n,n,"THE HESS CABERNET SAUVIGNON COLLECTION","750.00 ML",,n,1,1,0,n,,"=""100""",,,,,,n,,,,,,,
"=""717888506028""","Red Wine",1,1799,n,n,"HESS SELECT PINOT NOIR","750 ML",,n,2,1,1132,n,,"=""12""",,,,,,n,,,,,,,
"=""717888510025""","Wine Cabernet Sauvignon",1,1899,n,n,"HESS SELECT CAB","750.00 ML",,n,2,1,1132,n,,"=""100""",,,,,,n,,,,,,,
"=""717888520024""","White Wine",1,1199,n,n,"Hess Select:Chardonnay","750.00 ML",,n,2,1,740,n,,"=""9""",,,,,,n,,,,,,,
"=""717888570029""","White Wine",1,1399,n,n,"HESS SELECT  SAUVIGNON BLANC",,,n,1,1,0,n,,"=""100""",,,,,,n,,,,,,,
"=""717888934128""","Red Wine",1,1699,n,n,"AMALAYA MALBEC","750 ml",,n,1,1,0,n,,"=""100""",,,,,,n,,,,,,,
"=""717888990124""","Red Wine",1,2999,n,n,"COLOME MALBEC 750 ml",,,n,1,1,0,n,,"=""8""",,,,,,n,,,,,,,
"=""718122071128""",ACCESSORIES,1,1599,n,n,"NEW RHINO 69",,,n,1,1,0,n,,"=""100""",,,,,,n,,,,,,,
"=""718122296545""",Juice,1,249,n,n,"Visvita Savila Original","16.39 oz",,n,1,1,95,n,,"=""100""",,,,,,n,,,,,,,
"=""718122296644""",Juice,1,499,n,n,"Aloe vera","1.5 L",,n,2,1,233,n,,"=""100""",,,,,,n,,,,,,,
"=""718122297146""",Juice,1,249,n,n,"Aloe 19.9 oz pineapple",,,n,1,1,95,n,,"=""100""",,,,,,n,,,,,,,
"=""718122297344""",Juice,1,249,n,n,"Savila Bebida De Savila Con Guayaba","16.9 ft oz",,n,1,1,0,n,,"=""100""",,,,,,n,,,,,,,
"=""718122297443""",Juice,1,249,n,n,"Aloe Kiwi",,,n,1,1,95,n,,"=""16""",,,,,,n,,,,,,,
"=""718122297948""",Juice,1,249,n,n,"Savila Bebida De Savila con Granada","16.9 oz",,n,1,1,95,n,,"=""100""",,,,,,n,,,,,,,
"=""718122298341""",Juice,1,249,n,n,"Savila Bebida De Savila con Mango","=""1""",,n,1,1,0,n,,"=""100""",,,,,,n,,,,,,,
"=""718122298440""",Juice,1,299,n,n,"Alo vwera","500 ml",,n,1,1,95,n,,"=""20""",,,,,,n,,,,,,,
"=""718551559914""",ACCESSORIES,1,299,n,n,"BAMBOO SKEWERS",,,n,1,0,0,n,,"=""100""",,,,,,n,,,,,,,
"=""718604971397""",Grocery,1,149,n,n,NONNIS,"1.33 Oz",,n,1,1,0,n,,"=""100""",,,,,,n,,,,,,,
"=""718783000062""",Tequila,1,5599,n,n,"CASCAHUIN TAHONA BLANCO","750 ML",,n,2,1,3590,n,,"=""100""",,,,,,n,,,,,,,
"=""718783000468""",Tequila,1,7499,n,n,"CASCAHUIN REPOSADO","750 ML",,n,2,1,4567,n,,"=""100""",,,,,,n,,,,,,,
"=""719410186005""","Energy Drinks",1,399,n,n,"5 HOUR ENERGY TRANSSFUSION",57ML,,n,1,1,0,n,,"=""100""",,,,,,n,,,,,,,
"=""719410500016""","Energy Drinks",1,399,n,n,"5HOUR ENERGY BERRY",57ML,,n,1,1,0,n,,"=""100""",,,,,,n,,,,,,,
"=""719410700010""","Energy Drinks",1,399,n,n,"5 HOUR EXTRA BERRY",57ML,,n,1,1,0,n,,"=""100""",,,,,,n,,,,,,,
"=""719410720018""","Energy Drinks",1,399,n,n,"5-Hour Extra Strength Energy Grape Flavor","1.93 oz",,n,1,1,0,n,,"=""100""",,,,,,n,,,,,,,
"=""719410739003""","Energy Drinks",1,399,n,n,"5 HOUR ENERGY HAWAIIAN BREEEZE",57ML,,n,1,1,0,n,,"=""100""",,,,,,n,,,,,,,
"=""719410760014""","Energy Drinks",1,399,n,n,"5HOUR EXTRA BLUE RAZ",57ML,,n,1,1,0,n,,"=""100""",,,,,,n,,,,,,,
"=""719410776008""","Energy Drinks",1,399,n,n,"5 HOUR ENERGY TIDAL TWIST",57ML,,n,1,1,0,n,,"=""100""",,,,,,n,,,,,,,
"=""719410785000""","Energy Drinks",1,399,n,n,"5 HOUR ENERGY TROPICAL BURST",57ML,,n,1,1,0,n,,"=""100""",,,,,,n,,,,,,,
"=""719886212130""",Gummy,1,99,n,n,"GRAYON MANGO",,,n,1,1,0,n,,"=""100""",,,,,,n,,,,,,,
"=""719886212154""",Gummy,1,99,n,n,"GRAYON STRWBERRY",,,n,1,1,0,n,,"=""100""",,,,,,n,,,,,,,
"=""719886212192""",Gummy,1,99,n,n,"CRAYON GRAP",,,n,1,0,0,n,,"=""100""",,,,,,n,,,,,,,
"=""720112004528""","Health & Wellness",1,329,n,n,"ROLAIDS 101 MINT",,,n,1,1,102,n,,"=""100""",,,,,,n,,,,,,,
"=""720112004672""","Breath Refreshers",1,349,n,n,"ROLAIDS CHEWY STRAWBERRY",,,n,1,1,0,n,,"=""100""",,,,,,n,,,,,,,
"=""720495902350""","Chips - Other",1,399,n,n,"T.G.I. Friday's:Cheddar & Bacon","3.00 OZ",,n,1,1,170,n,,"=""100""",,,,,,n,,,,,,,
"=""720495904354""","Chips - Other",1,399,n,n,"T.G.I. Friday's:Sour Cream & Onion","3.00 OZ",,n,1,1,170,n,,"=""100""",,,,,,n,,,,,,,
"=""720495929074""","Chips - Other",1,399,n,n,"TGI Fridays Potato Skins Bacon Ranch","3 oz",,n,1,1,170,n,,"=""100""",,,,,,n,,,,,,,
"=""720815270039""",GIN,1,2499,n,n,"SIPSMITH LONDON  GIN",750ml,,n,1,1,0,n,,"=""100""",,,,,,n,,,,,,,
"=""720815920101""",Whiskey,1,3499,n,n,"TEMPLETON  RYE 4 YEARS",750ml,,n,1,1,0,n,,"=""100""",,,,,,n,,,,,,,
"=""720815930131""",Tequila,1,3499,n,n,"CORRALEJO REPOSADO",750ml,,n,1,1,0,n,,"=""100""",,,,,,n,,,,,,,
"=""720815930339""",Tequila,1,4499,n,n,"CORRALEJO ANEJO",750ml,,n,1,1,0,n,,"=""100""",,,,,,n,,,,,,,
"=""720815930636""",Tequila,1,3499,n,n,"CORRALEJO BLANCO",750ml,,n,1,1,0,n,,"=""100""",,,,,,n,,,,,,,
"=""720815980136""","Vodka - Flavored",1,999,n,n,"SEAGRAMS GRABEFRUIT","750 ml",,n,1,1,0,n,,"=""100""",,,,,,n,,,,,,,
"=""720815982734""","Vodka - Flavored",1,699,n,n,"SEAGRAMS APPLE 750ML","750 ml",,n,1,1,0,n,,"=""100""",,,,,,n,,,,,,,
"=""720815985575""",Vodka,1,499,n,n,"SEAGRAMS VODKA","200 ML",,n,1,1,0,n,,"=""100""",,,,,,n,,,,,,,
"=""720815985629""",Vodka,1,799,n,n,SEAGRAMS,"375 ML",,n,1,1,0,n,,"=""100""",,,,,,n,,,,,,,
"=""720815985735""",Vodka,1,1299,n,n,"SEAGRAM VODKA","750 ml",,n,1,1,0,n,,"=""100""",,,,,,n,,,,,,,
"=""720815987135""","Vodka - Flavored",1,699,n,n,"SEAGRAM SWT TEA 750",750ML,,n,1,1,0,n,,"=""100""",,,,,,n,,,,,,,
"=""720815988347""",Vodka,1,1999,n,n,"Seagrams Vodka",1.75L,,n,2,1,0,n,,"=""100""",,,,,,n,,,,,,,
"=""720815988835""","Vodka - Flavored",1,699,n,n,"PEACH SEAGRAMS VDK75","750 ml",,n,1,1,0,n,,"=""100""",,,,,,n,,,,,,,
"=""720926022473""","Red Wine",1,2299,n,n,"AMERICAN RIVER RED WINE 750 ml","750 ml",,n,1,1,0,n,,"=""100""",,,,,,n,,,,,,,
"=""721059000000""",Whiskey,1,7799,n,n,"RUSSELLS RSV BBN SGL BRL 110 750ML","750 ml",,n,1,1,5060,n,,"=""6""",,,,,,n,,,,,,,
"=""721059000505""",Shots,1,249,n,n,"SKYY VODKA 50 ML","50 ML",,n,1,1,1146,n,,"=""100""",,,,,,n,,,,,,,
"=""721059000611""",Shots,1,199,n,n,"WRAY-NEPHEW RUM WHITE 126 50ML","50 ml",,n,1,1,144,n,,"=""120""",,,,,,n,,,,,,,
"=""721059000635""",Rum,1,2999,n,n,"WRAY-NEPHEW RUM WHITE 126 750ML","750 ml",,n,1,1,2004,n,,"=""12""",,,,,,n,,,,,,,
"=""721059000642""",Rum,1,999,n,n,"WRAY-NEPHEW RUM WHITE 126 200ML","200 ml",,n,1,1,620,n,,"=""24""",,,,,,n,,,,,,,
"=""721059000659""",Rum,1,4999,n,n,"WRAY-NEPHEW RUM WHITE 126 1.75L","1.75 L",,n,1,1,3229,n,,"=""6""",,,,,,n,,,,,,,
"=""721059001298""","Spirits - Other",1,4377,n,n,"ESPOLON TEQ ANEJO BOURBON BRL 80 750ML",,,n,1,1,2845,n,,"=""100""",,,,,,n,,,,,,,
"=""721059001311""",Liqueur,1,3499,n,n,APEROL,"750 ML",,n,2,1,2244,n,,"=""100""",,,,,,n,,,,,,,
"=""721059001502""",Rum,1,2699,n,n,"APPLETON ESTATE SIGNATURE","750 ml",,n,1,1,0,n,,"=""100""",,,,,,n,,,,,,,
"=""721059001779""","Vodka - Flavored",1,1799,n,n,"SKY CRANBERRY",750ml,,n,1,1,0,n,,"=""100""",,,,,,n,,,,,,,
"=""721059002004""",Vodka,1,799,n,n,"SKYY VODKA","200 ML",,n,1,1,320,n,,"=""99""",,,,,,n,,,,,,,
"=""721059002097""",Whiskey,1,8499,n,n,"RUSSELLS RSV RYE SB 104 750ML","750 ml",,n,1,1,5510,n,,"=""6""",,,,,,n,,,,,,,
"=""721059002219""","Vodka - Flavored",1,1799,n,n,"SKYY VODKA MANGO","750 ML",,n,1,1,0,n,,"=""100""",,,,,,n,,,,,,,
"=""721059003438""","Ready-to-Drink (RTD)",1,399,n,n,"SKY VODKA LEMON","355 ml",,n,1,1,0,n,,"=""100""",,,,,,n,,,,,,,
"=""721059003445""","Ready-to-Drink (RTD)",1,1649,n,n,"SKY LEMON 4 PACK *335ML",,,n,4,0,0,n,,"=""100""",,,,,,n,,,,,,,
"=""721059003469""","Ready-to-Drink (RTD)",1,499,n,n,"Skyy lime",,,n,1,0,0,n,,"=""100""",,,,,,n,,,,,,,
"=""721059003476""","Ready-to-Drink (RTD)",1,1649,n,n,"SKY LIME 4PACK 12 OZ",,,n,4,0,0,n,,"=""100""",,,,,,n,,,,,,,
"=""721059003759""",Vodka,1,1199,n,n,"SKYY VODKA","375 ML",,n,1,1,478,n,,"=""100""",,,,,,n,,,,,,,
"=""721059003773""",Liqueur,1,1099,n,n,"SKYY ESPRESSO","375 ml",,n,1,1,0,n,,"=""100""",,,,,,n,,,,,,,
"=""721059003780""",Liqueur,1,1099,n,n,"SKYY COSMO",750ml,,n,1,1,0,n,,"=""100""",,,,,,n,,,,,,,
"=""721059003919""",Whiskey,1,34099,n,n,"RUSSELLS RSV BBN RICKHOUSE 128 750ML","750 ml",,n,1,1,22160,n,,"=""6""",,,,,,n,,,,,,,
"=""721059007504""",Vodka,1,1599,n,n,"SKYY VODKA","750 ml`",,n,1,1,855,n,,"=""99""",,,,,,n,,,,,,,
"=""721059017503""",Tequila,1,2999,n,n,"SKYY VODKA","1.75 ML",,n,2,1,1916,n,,"=""99""",,,,,,n,,,,,,,
"=""721059047500""",Liqueur,1,3689,n,n,Campari,"750.00 ML",,n,1,1,2389,n,,"=""100""",,,,,,n,,,,,,,
"=""721059627504""",Vodka,1,1499,n,n,"Skyy Vodka (375 ml)","750 ml",,n,1,1,0,n,,"=""100""",,,,,,n,,,,,,,
"=""721059647502""","Vodka - Flavored",1,1799,n,n,"SKYY PASSION FRUIT 750ML",,,n,1,1,0,n,,"=""100""",,,,,,n,,,,,,,
"=""721059707503""",Tequila,1,2999,n,n,"ESPOLON BLANCO","750 ML",,n,1,1,0,n,,"=""100""",,,,,,n,,,,,,,
"=""721059707510""",Tequila,1,3499,n,n,"ESPOLON REPOSADO","750 ML",,n,1,1,0,n,,"=""100""",,,,,,n,,,,,,,
"=""721059847506""","Spirits - Other",1,1952,n,n,"WILD TURKEY BBN 81 750ML","750 ml",,n,1,1,1269,n,,"=""100""",,,,,,n,,,,,,,
"=""721059892001""",Whiskey,1,999,n,n,"WILD TURKEY BBN 101 PET FLASK 200ML","200 ML",,n,1,1,676,n,,"=""100""",,,,,,n,,,,,,,
"=""721059893756""",Whiskey,1,1799,n,n,"WILD TURKEY BBN 101 375ML","375 ml",,n,1,1,1154,n,,"=""24""",,,,,,n,,,,,,,
"=""721059893763""",Whiskey,1,1499,n,n,"WILD TURKEY","375 ML",,n,1,1,0,n,,"=""100""",,,,,,n,,,,,,,
"=""721059895002""",Shots,1,299,n,n,"WILD TURKEY 101 50ML","50 ML",,n,1,1,0,n,,"=""100""",,,,,,n,,,,,,,
"=""721059897501""",Whiskey,1,3225,n,n,"Wild Turkey 101","750 ml",,n,2,1,2099,n,,"=""100""",,,,,,n,,,,,,,
"=""721059957502""",Whiskey,1,5499,n,n,"RUSSELLS RSV BBN 10YR 90 750ML","750 ml",,n,1,1,3580,n,,"=""6""",,,,,,n,,,,,,,
"=""721059967501""",Whiskey,1,6499,n,n,"RUSSELLS RSV RYE 6YR 90 750ML","750 ml",,n,1,1,4280,n,,"=""6""",,,,,,n,,,,,,,
"=""721059983754""",Liqueur,1,1995,n,n,"Frangelico 375ml","375 ml",,n,1,1,1299,n,,"=""100""",,,,,,n,,,,,,,
"=""721059987509""",Liqueur,1,3799,n,n,FRANGELICO,750ml,,n,1,1,0,n,,"=""100""",,,,,,n,,,,,,,
"=""721094199707""","Spirits - Other",1,205,n,n,"Gosling Ginger Beer","12 oz",,n,1,1,0,n,,"=""100""",,,,,,n,,,,,,,
"=""721733000012""",Tequila,1,6999,n,n,"PATRON ANEJO","750 ML",,n,1,1,3759,n,,"=""100""",,,,,,n,,,,,,,
"=""721733000029""",Tequila,1,5499,n,n,"PATRON SILVER","750 ML",,n,1,1,3010,n,,"=""100""",,,,,,n,,,,,,,
"=""721733000159""","Spirits - Other",1,5091,n,n,"PATRON TEQ REPOSADO 80 750ML",750ml,,n,1,1,3309,n,,"=""100""",,,,,,n,,,,,,,
"=""721733000210""",Shots,1,899,n,n,"PATRON ANEJO 50 ML.","50 ML",,n,1,1,0,n,,"=""100""",,,,,,n,,,,,,,
"=""721733000227""",Shots,1,899,n,n,"PATRON REPOSADO 50ML","50 ML",,n,1,1,0,n,,"=""100""",,,,,,n,,,,,,,
"=""721733000234""",Shots,1,799,n,n,"PATRON SILVER 50 ML.","50 ML",,n,1,1,0,n,,"=""100""",,,,,,n,,,,,,,
"=""721733000883""","Spirits - Other",1,12400,n,n,"PATRON TEQ SILVER 80 1.75L","1.75 L",,n,1,1,8060,n,,"=""100""",,,,,,n,,,,,,,
"=""721733000913""",Tequila,1,24999,n,n,"GRAN PATRON PLATINUM","750 ML",,n,1,1,0,n,,"=""100""",,,,,,n,,,,,,,
"=""721733000944""",Tequila,1,2499,n,n,"PATRON SILVER","375 ml",,n,1,1,1275,n,,"=""100""",,,,,,n,,,,,,,
"=""721733000951""",Tequila,1,2999,n,n,"PATRON REPOSADO",375ml,,n,1,1,1614,n,,"=""100""",,,,,,n,,,,,,,
"=""721733000968""",Tequila,1,3299,n,n,"PATRON ANEJO",375ml,,n,1,1,0,n,,"=""100""",,,,,,n,,,,,,,
"=""721733001088""",Tequila,1,2199,n,n,"PATRON ANEJO",200ml,,n,1,1,0,n,,"=""100""",,,,,,n,,,,,,,
"=""721733001095""",Tequila,1,1999,n,n,"PATRON REPOSADO",200ml,,n,1,1,0,n,,"=""100""",,,,,,n,,,,,,,
"=""721733001101""",Tequila,1,1799,n,n,"PATRON BLANCO",200ml,,n,1,1,908,n,,"=""100""",,,,,,n,,,,,,,
"=""721733001996""",Tequila,1,6999,n,n,"ROCA PATRON SILVER","750 ML",,n,1,1,0,n,,"=""100""",,,,,,n,,,,,,,
"=""721733002016""",Tequila,1,9999,n,n,"ROCA PATRON ANEJO","750 ML",,n,1,1,0,n,,"=""100""",,,,,,n,,,,,,,
"=""721733005413""",Shots,1,1199,n,n,"PATRON BLANCO","100 ML",,n,1,1,629,n,,"=""100""",,,,,,n,,,,,,,
"=""721733005420""",Shots,1,1299,n,n,"PATRON REPOSADO","100 ML",,n,1,1,704,n,,"=""100""",,,,,,n,,,,,,,
"=""721733005437""",Shots,1,1399,n,n,"PATRON ANEJO","100 ML",,n,1,1,774,n,,"=""100""",,,,,,n,,,,,,,
"=""721733506217""","Spirits - Other",1,3877,n,n,"PATRON TEQ ASST(REP/SIL/ANE)8PK 50ML",,,n,1,1,2520,n,,"=""100""",,,,,,n,,,,,,,
"=""721874003941""",Gummy,1,150,n,n,"POP ROCKS STRAWBERRY","0.33 oz",,n,1,1,79,n,,"=""100""",,,,,,n,,,,,,,
"=""721874003972""",Gummy,1,150,n,n,"POP ROCKS WATERMELON","0.33 oz",,n,1,1,79,n,,"=""100""",,,,,,n,,,,,,,
"=""721874005778""",Gummy,1,150,n,n,"POP ROCKS BUBBLE GUM","0.33 oz",,n,1,1,79,n,,"=""100""",,,,,,n,,,,,,,
"=""721874011083""",Gummy,1,150,n,n,"POP ROCKS BLUE RAZZ","0.33 oz",,n,1,1,79,n,,"=""100""",,,,,,n,,,,,,,
"=""721874012189""",Gummy,1,150,n,n,"POP ROCKS GRAPE","0.33 oz",,n,1,1,79,n,,"=""100""",,,,,,n,,,,,,,
"=""722130058033""","Craft / Local Beer",1,1599,y,n,"BEAR REPUBLIC",,,n,1,1,0,n,,"=""100""",,,,,,n,,,,,,,
"=""722252100900""","Protein Bars",1,299,n,n,"CLIF CHOCLTE CHIP 68","2.40 OZ",,n,1,1,0,n,,"=""100""",,,,,,n,,,,,,,
"=""722252101204""","Protein Bars",1,299,n,n,"CLIF PEANT BUTTER 68","2.40 OZ",,n,1,1,167,n,,"=""100""",,,,,,n,,,,,,,
"=""722252101808""","Protein Bars",1,299,n,n,"CLIF CHOCLTE BRWN 68","2.40 OZ",,n,1,1,0,n,,"=""100""",,,,,,n,,,,,,,
"=""722252102607""","Protein Bars",1,299,n,n,"CLIF BLUEBERRY 68G","2.40 OZ",,n,1,1,0,n,,"=""100""",,,,,,n,,,,,,,
"=""722252161093""","Protein Bars",1,299,n,n,"CLIF MACADAMIA 68 G","2.40 OZ",,n,1,1,0,n,,"=""100""",,,,,,n,,,,,,,
"=""722252601414""","Protein Bars",1,299,n,n,"CLIF BUILDER CPB","2.40 OZ",,n,1,1,0,n,,"=""99""",,,,,,n,,,,,,,
"=""722252601445""","Snacks & Condiments",1,299,n,n,"Clif Builder's Chocolate Mint (2.4 oz)","2.40 OZ",,n,1,1,0,n,,"=""100""",,,,,,n,,,,,,,
"=""722429320100""",Grocery,1,499,n,n,"LA's Totally Awesome All Purpose Concentrated Cleaner (32 oz)","32 oz",,n,1,1,0,n,,"=""100""",,,,,,n,,,,,,,
"=""722429320506""",ACCESSORIES,1,699,n,n,"AWSOME WINDOW CLEAN 32 oz","32 oz",,n,1,1,75,n,,"=""100""",,,,,,n,,,,,,,
"=""722429321718""",ACCESSORIES,1,599,n,n,"RUBBING ALCOHOL 32  OZ","32 oz",,n,1,1,0,n,,"=""100""",,,,,,n,,,,,,,
"=""722429322371""",ACCESSORIES,1,599,n,n,"HYDROGEN PEROXIDE 32 OZ",,,n,1,1,0,n,,"=""100""",,,,,,n,,,,,,,
"=""722429960047""",ACCESSORIES,1,799,n,n,"AWESOME LA'S TOTALLY BLEACH 96OZ","96 oz",,n,1,1,125,n,,"=""6""",,,,,,n,,,,,,,
"=""723175029613""",BEER,1,699,y,n,CUVEE,,,n,1,1,0,n,,"=""100""",,,,,,n,,,,,,,
"=""723830000094""","Craft / Local Beer",1,1399,n,n,"IPA LAGUNITAS 6PK 12OZ  BOTTLES","6 PK 12 OZ",,n,6,1,906,n,,"=""100""",,,,,,n,,,,,,,
"=""723830000148""","Craft / Local Beer",1,1499,n,n,"Lagunita's Lucky 13 - 6 pk","12 OZ 6PK",,n,6,1,0,n,,"=""100""",,,,,,n,,,,,,,
"=""723830000179""","IPA Beer",1,1299,n,n,"Lagunitas Maximus Bottles (12 oz x 6 ct)",6pk,,n,6,1,0,n,,"=""100""",,,,,,n,,,,,,,
"=""723830000209""","Craft / Local Beer",1,1499,n,n,"LAGUNITAS A LITTLE SUMPIN SUMPIN  6PK 12OZ BOTTLES","6 PK 12 OZ",,n,6,1,906,n,,"=""100""",,,,,,n,,,,,,,
"=""723830011922""","IPA Beer",1,449,n,n,"Lagunitas IPA Cans 6.2% ABV (12 oz x 12 ct)","19.2 OZ",,n,1,1,243,n,,"=""13""",,,,,,n,,,,,,,
"=""723830014060""","IPA Beer",1,1499,n,n,"LAGUNITAS A LITTLE SUMOIN SUMPIN 6 PK 12 OZ","6 PK 12 OZ",,n,6,1,906,n,,"=""7""",,,,,,n,,,,,,,
"=""723830014190""","IPA Beer",1,449,n,n,"Lagunitas Little Sumpin' Sumpin' Ale Can (19.2 oz)",19.2oz,,n,1,1,242,n,,"=""33""",,,,,,n,,,,,,,
"=""723830046122""","IPA Beer",1,1499,n,n,"LAGUNITAS IPA C24 12OZ 6P","6pk 12oz",,n,6,1,906,n,,"=""3""",,,,,,n,,,,,,,
"=""723830051928""","IPA Beer",1,449,n,n,"LAGUNITAS MAXIMUS C12 19.2OZ","19. 2OZ",,n,1,1,235,n,,"=""22""",,,,,,n,,,,,,,
"=""723830054127""","IPA Beer",1,1399,n,n,"LAGUNITAS MAXIMUS C24 12OZ 6P","6 PK 12 OZ",,n,6,1,906,n,,"=""100""",,,,,,n,,,,,,,
"=""723830095670""","Craft / Local Beer",1,1499,y,n,"LAGUNITAS 6 PACK",,,n,1,1,0,n,,"=""100""",,,,,,n,,,,,,,
"=""723830143067""","IPA Beer",1,1499,n,n,"lagunitas island beats","6 pk 12 oz",,n,6,0,0,n,,"=""100""",,,,,,n,,,,,,,
"=""723830165618""","IPA Beer",1,1499,n,n,"LAGUNITAS THE BEAST OF BOTH WORLDS C","6 PK 12 OZ",,n,6,1,906,n,,"=""100""",,,,,,n,,,,,,,
"=""723830200043""","IPA Beer",1,1399,n,n,"LAGUNITAS HAZICUS MAXIMS","6 PK 12 OZ",,n,6,1,906,n,,"=""4""",,,,,,n,,,,,,,
"=""723830200067""","IPA Beer",1,449,n,n,"LAGUNITAS HAZICUS MAXIMUS C12 19.2OZ","19.2 OZ",,n,1,1,235,n,,"=""100""",,,,,,n,,,,,,,
"=""723830200180""","IPA Beer",1,449,n,n,"LAGUNITAS UNCENSORED C12 19.2OZ",,,n,1,1,235,n,,"=""10""",,,,,,n,,,,,,,
"=""723830212121""","IPA Beer",1,2599,n,n,"LAGUNITAS IPA C24 12OZ 12P","12 PK 12 OZ",,n,12,1,1675,n,,"=""100""",,,,,,n,,,,,,,
"=""723830300026""","IPA Beer",1,1499,n,n,"LAGUNITAS HAZY IPA","6 PK 12 OZ",,n,6,1,906,n,,"=""100""",,,,,,n,,,,,,,
"=""723830370111""","IPA Beer",1,1399,n,n,"LAGUNITAS DAYTIME IPA C24 12OZ 6P","6 PK 12 OZ",,n,6,1,906,n,,"=""100""",,,,,,n,,,,,,,
"=""724087538262""","Craft / Local Beer",1,1992,n,n,"NOBLE NAUGHTY SAUCE 24/16 CAN 6/4",,,n,1,1,1295,n,,"=""100""",,,,,,n,,,,,,,
"=""724190812877""",Soda,1,299,n,n,"POPPI ORANGE","12 OZ",,n,1,1,145,n,,"=""99""",,,,,,n,,,,,,,
"=""724624001006""","Red Wine",1,2499,n,n,"J PINOT NOIR 2015","750 ML",,n,2,1,1485,n,,"=""100""",,,,,,n,,,,,,,
"=""724624001020""","Wine General",1,2099,n,n,"J CUVEE 750ML","750 ML",,n,2,1,1344,n,,"=""3""",,,,,,n,,,,,,,
"=""724624001075""","White Wine",1,2499,n,n,"J CHRDONAY 750 ml","=""750""",,n,2,1,1409,n,,"=""100""",,,,,,n,,,,,,,
"=""724624116090""","White Wine",1,1999,n,n,"J PINOT GRIGIO","750.00 ML",,n,2,1,1269,n,,"=""100""",,,,,,n,,,,,,,
"=""724803017132""",Rum,1,3299,n,n,"PROBITAS WHITE BLENDED RUM COFFEY STILL AND POT STILLL","750 ML",,n,2,1,2100,n,,"=""100""",,,,,,n,,,,,,,
"=""724836088161""","Snacks & Condiments",1,399,n,n,"AMOR CHAMOY MILD SAUCE","33.8 OZ",,n,1,1,0,n,,"=""100""",,,,,,n,,,,,,,
"=""724869006040""",Candy,1,99,n,n,"DE LA ROSA GIANT",,,n,1,1,37,n,,"=""100""",,,,,,n,,,,,,,
"=""724869007023""",Gummy,1,399,n,n,"DE LA ROSA MARSHMALLOWS","12 oz",,n,1,1,190,n,,"=""100""",,,,,,n,,,,,,,
"=""725181021018""",Candy,1,75,n,n,"Lucas Sweet'n Sour Mango Flavored Powder (0.71 oz)",1pc,,n,1,1,35,n,,"=""100""",,,,,,n,,,,,,,
"=""725181035015""",Candy,1,99,n,n,"Lucas Gusano Hot Liquid Candy","1.27 oz",,n,1,1,43,n,,"=""100""",,,,,,n,,,,,,,
"=""725181068013""",Gummy,1,99,n,n,"Lucas Muecas:Flavored with Chili Powder","0.88 OZ",,n,1,1,0,n,,"=""99""",,,,,,n,,,,,,,
"=""725181203018""",Gummy,1,99,n,n,"Lucas Muecas Mango","0.88 Oz",,n,1,1,0,n,,"=""100""",,,,,,n,,,,,,,
"=""725181249016""",Gummy,1,199,n,n,"Skwinkles:Salsagheti Watermelon Flavor Hot Strips & Tamarind Flavor Sauce","0.85 OZ",,n,1,1,50,n,,"=""100""",,,,,,n,,,,,,,
"=""725181363019""",Candy,1,129,n,n,"Lucas Muecas Cherry1","0.88 oz",,n,1,1,0,n,,"=""100""",,,,,,n,,,,,,,
"=""725226000787""",Gummy,1,49,n,n,"PULPARINDO 14G",,,n,1,1,12,n,,"=""100""",,,,,,n,,,,,,,
"=""725226001005""",Candy,1,49,n,n,"DE LA ROSA PULPARINDOTS EXTRA",,,n,1,1,17,n,,"=""100""",,,,,,n,,,,,,,
"=""725226001180""",Candy,1,49,n,n,"DE LA ROSA",,,n,1,1,17,n,,"=""100""",,,,,,n,,,,,,,
"=""725226001210""",Gummy,1,49,n,n,"PULPARINDO 14G",,,n,1,1,17,n,,"=""100""",,,,,,n,,,,,,,
"=""725226001685""",Gummy,1,99,n,n,"PUIPARINDOTS YELLOW",,,n,1,1,32,n,,"=""100""",,,,,,n,,,,,,,
"=""725226001715""",Candy,1,99,n,n,pulparindots,,,n,1,1,32,n,,"=""100""",,,,,,n,,,,,,,
"=""725226001821""",Candy,1,99,n,n,"DE LA ROSA","1.8 onz",,n,1,1,32,n,,"=""100""",,,,,,n,,,,,,,
"=""725226001906""",Gummy,1,99,n,n,"PULPARINDOTS GREEN",,,n,1,1,32,n,,"=""100""",,,,,,n,,,,,,,
"=""725226005010""",Gummy,1,399,n,n,"PULPARINDO EXTRA SPICY TAMARIND","5 OZ",,n,1,24,3499,n,,"=""100""",,,,,,n,,,,,,,
"=""725226006116""",Grocery,1,499,n,n,"PULPARINDO TAMARINDO SQUEEZE","=""1058""",,n,1,0,0,n,,"=""100""",,,,,,n,,,,,,,
"=""725226006123""",Grocery,1,499,n,n,"PULPARINDO SQUEEZE MANGO","10.58 OZ",,n,1,0,0,n,,"=""100""",,,,,,n,,,,,,,
"=""725272630730""",ACCESSORIES,1,999,n,n,"Bangher srx bills",,,n,1,0,0,n,,"=""100""",,,,,,n,,,,,,,
"=""725272730706""","Energy Drinks",1,999,n,n,"Pollo Campero/ Salsa/ Ketchup","12 OZ",,n,1,1,350,n,,"=""100""",,,,,,n,,,,,,,
"=""725792832959""","Health & Wellness",1,799,n,n,"KAVA PARADISE LYCHEE","12 OZ",,n,1,1,387,n,,"=""100""",,,,,,n,,,,,,,
"=""727344000052""","Craft / Local Beer",1,1499,n,n,"Red Seal Ale 6-Pack 12 FL OZ Bottle","72.00 FL OZ",,n,6,1,840,n,,"=""100""",,,,,,n,,,,,,,
"=""727344000076""","Craft / Local Beer",1,1499,n,n,"Scrimshaw Pilsner 6-Pack 12 FL OZ Bottle","72.00 FL OZ",,n,6,1,0,n,,"=""100""",,,,,,n,,,,,,,
"=""727344000137""","Craft / Local Beer",1,1499,n,n,"Blue Star Wheat 6-Pack 12 FL OZ Bottle","6 pk",,n,6,1,0,n,,"=""100""",,,,,,n,,,,,,,
"=""727344000236""","Craft / Local Beer",1,1299,n,n,"Old Rasputin Russian Stout 4-Pack 12 FL OZ Bottle","48.00 FL OZ",,n,4,1,770,n,,"=""100""",,,,,,n,,,,,,,
"=""727344000380""","Craft / Local Beer",1,1299,n,n,"Pranqster Golden Ale 4-Pack 12 FL OZ Bottle","48.00 FL OZ",,n,4,1,0,n,,"=""100""",,,,,,n,,,,,,,
"=""727344000656""","Craft / Local Beer",1,3399,n,n,"north coast skrimshaw","12 pk",,n,12,0,0,n,,"=""100""",,,,,,n,,,,,,,
"=""727344001059""","Craft / Local Beer",1,1299,n,n,"NORTH COAST BROTHER THEL 4 PK","12 FL OZ 4 pk",,n,4,1,0,n,,"=""100""",,,,,,n,,,,,,,
"=""727344002063""","Craft / Local Beer",1,1299,n,n,"Nort Coast Brewing Co",,,n,4,1,0,n,,"=""100""",,,,,,n,,,,,,,
"=""727344002209""",BEER,1,2399,y,n,"OLD STOCK ALE",,,n,1,1,0,n,,"=""100""",,,,,,n,,,,,,,
"=""727344002704""","Craft / Local Beer",1,1199,n,n,"NORTH COAST TART CHERRY BEER","4 PK",,n,4,1,770,n,,"=""100""",,,,,,n,,,,,,,
"=""727344002766""","IPA Beer",1,1599,n,n,"north coast steller IPA","6 pk 12 oz",,n,6,1,980,n,,"=""100""",,,,,,n,,,,,,,
"=""727344002834""","IPA Beer",1,1599,n,n,"North Coast Foggy Day Ipa","6 pk 12 oz",,n,6,1,980,n,,"=""100""",,,,,,n,,,,,,,
"=""727344002872""","Craft / Local Beer",1,1599,n,n,"north coast laguna baja","6 pk",,n,6,0,0,n,,"=""100""",,,,,,n,,,,,,,
"=""727344003879""","Craft / Local Beer",1,1599,n,n,"north coast pacific magic","6 pk",,n,6,0,0,n,,"=""100""",,,,,,n,,,,,,,
"=""727344003954""","Craft / Local Beer",1,1999,y,n,"NORRTH COAST BRWING",,,n,1,1,0,n,,"=""100""",,,,,,n,,,,,,,
"=""727344004081""","IPA Beer",1,499,n,n,"NORTH  COAST SCRIMSHAW","19.2 OZ",,n,1,1,245,n,,"=""9""",,,,,,n,,,,,,,
"=""727344004104""","Craft / Local Beer",1,549,n,n,"NORTH COST OLD RASPUTIN","19.5 OZ",,n,1,1,350,n,,"=""100""",,,,,,n,,,,,,,
"=""728817199129""",Liqueur,1,899,n,n,"GEKKEIKAN SAKE","750.00 ML",,n,1,1,0,n,,"=""100""",,,,,,n,,,,,,,
"=""728817199600""",Liqueur,1,1999,n,n,"BLACK & GOLD SAKE","750.00 ML",,n,1,1,0,n,,"=""100""",,,,,,n,,,,,,,
"=""728817199617""",Liqueur,1,1299,n,n,"SILVER GEKKEIKAN SAKE 750 ML","750.00 ML",,n,1,1,0,n,,"=""100""",,,,,,n,,,,,,,
"=""729105875206""",BEER,1,1499,y,n,"IMMER ERFORSCHEN",,,n,1,1,0,n,,"=""100""",,,,,,n,,,,,,,
"=""729105876722""","Hard Seltzer",1,1599,n,n,"STELLAR MASS HAZY IPA","4 OZ",,n,4,1,0,n,,"=""100""",,,,,,n,,,,,,,
"=""729105877231""",ACCESSORIES,1,1399,n,n,"STELLAR MASS","4 PK",,n,4,1,883,n,,"=""100""",,,,,,n,,,,,,,
"=""729105877965""","IPA Beer",1,599,n,n,"DOUBLE ACTUATOR","19.2 OZ",,n,1,0,0,n,,"=""100""",,,,,,n,,,,,,,
"=""729105878313""","IPA Beer",1,1599,y,n,"STELLAR MASS HAZY IPA",,,n,1,1,0,n,,"=""100""",,,,,,n,,,,,,,
"=""729722700103""","Wine General",1,1499,n,n,"Angeline:Cabernet Sauvignon","750.00 ML",,n,2,1,800,n,,"=""11""",,,,,,n,,,,,,,
"=""729722700127""","Wine General",1,1399,n,n,"Angeline:Pinot Noir","750.00 ML",,n,2,1,800,n,,"=""24""",,,,,,n,,,,,,,
"=""729722700271""","Wine General",1,1299,n,n,"ANGELINE CHARDONNAY, 750 ml","=""0""",,n,1,1,800,n,,"=""100""",,,,,,n,,,,,,,
"=""729747802714""","General Merchandise",1,1699,n,n,"MINI LIQUIDATOR",,,n,1,0,0,n,,"=""100""",,,,,,n,,,,,,,
"=""729747804510""","General Merchandise",1,1999,n,n,"HYDRO BLASTER",,,n,1,0,0,n,,"=""100""",,,,,,n,,,,,,,
"=""730742104789""",Grocery,1,999,n,n,"Chamoy pickle",,,n,1,1,0,n,,"=""100""",,,,,,n,,,,,,,
"=""732388140176""","IPA Beer",1,1773,n,n,"BCH WESTSIDE-BEACHSIDE IPA 6/4 16OZ",,,n,1,1,1153,n,,"=""100""",,,,,,n,,,,,,,
"=""732388140770""","IPA Beer",1,1799,n,n,"infinte glow",,,n,4,1,0,n,,"=""100""",,,,,,n,,,,,,,
"=""732388161546""","IPA Beer",1,1799,n,n,"BCH ELECTRIC LIMBS HAZY IPA","4 PK 16 OZ",,n,4,1,1139,n,,"=""4""",,,,,,n,,,,,,,
"=""732388161942""","Spirits - Other",1,1799,n,n,"BCH ELEMENTAL EXISTENCE IPA W/ THER",,,n,1,1,192,n,,"=""100""",,,,,,n,,,,,,,
"=""732388221035""",CIGARS,1,1599,n,n,Oliva,"=""2""",,n,1,1,845,n,,"=""100""",,,,,,n,,,,,,,
"=""733428486841""",Gummy,1,999,n,n,"CHILI BOMBA SOUR BUDDIES","8 OZ",,n,1,0,0,n,,"=""100""",,,,,,n,,,,,,,
"=""733952007048""","Wine Rosé",1,2499,n,n,"JUSTIN ROSE 750ML",,,n,1,1,0,n,,"=""100""",,,,,,n,,,,,,,
"=""733952097025""","White Wine",1,2299,n,n,"JUSTIN SAUVIGNON BLANC","=""1""",,n,1,1,1180,n,,"=""100""",,,,,,n,,,,,,,
"=""733952123069""","Wine General",1,1399,n,n,"JUSTIN SAUVIGNON BLANC","375 ML",,n,1,1,850,n,,"=""11""",,,,,,n,,,,,,,
"=""733952123144""","White Wine",1,2499,n,n,"JUSTIN CHARDONNAY",,,n,1,1,1510,n,,"=""100""",,,,,,n,,,,,,,
"=""733952987500""","Wine Cabernet Sauvignon",1,9327,n,n,"Justin Caernet Sauvignon","750.00 ML",,n,1,1,6060,n,,"=""100""",,,,,,n,,,,,,,
"=""733952997103""","Wine Cabernet Sauvignon",1,3999,n,n,"JUSTIN CABERNET SAUVIGNON","750.00 ML",,n,2,1,2400,n,,"=""100""",,,,,,n,,,,,,,
"=""733952997110""","Wine Cabernet Sauvignon",1,8299,n,n,"JUSTIN RESERVE CABERNET SAUCIGNON","750 ml",,n,1,1,3945,n,,"=""100""",,,,,,n,,,,,,,
"=""733952997554""","Wine Cabernet Sauvignon",1,6999,n,n,"JUSTIN JUSTIFICATION CABERNET SAUVIGNON","750.00 ML",,n,1,1,0,n,,"=""100""",,,,,,n,,,,,,,
"=""734599020056""","Wine Rosé",1,5999,n,n,"DOM ROSE",,,n,1,1,0,n,,"=""100""",,,,,,n,,,,,,,
"=""734599400056""","Wine General",1,8999,n,n,"LOUIS ROEDERER COLLECTION 242",,,n,1,1,5500,n,,"=""100""",,,,,,n,,,,,,,
"=""735975116592""","Lottery & Gift Cards",1,1000,n,n,"MYSTERY CROSSWORD","$10 50ct 10.00",,n,1,0,0,n,,"=""100""",,,,,,n,,,,,,,
"=""735975116813""","Lottery & Gift Cards",1,1000,n,n,"$50 or $100",,,n,1,0,0,n,,"=""100""",,,,,,n,,,,,,,
"=""735975116868""","Lottery & Gift Cards",1,1000,n,n,"POWER 10 S",,,n,1,0,0,n,,"=""98""",,,,,,n,,,,,,,
"=""735975116899""","Lottery & Gift Cards",1,1000,n,n,"S F",,,n,1,0,0,n,,"=""100""",,,,,,n,,,,,,,
"=""735975116905""","Lottery & Gift Cards",1,1000,n,n,LA,,,n,1,0,0,n,,"=""100""",,,,,,n,,,,,,,
"=""735975116912""","Lottery & Gift Cards",1,1000,n,n,"LOS ANGELES CHARGERS",,,n,1,0,0,n,,"=""100""",,,,,,n,,,,,,,
"=""735975116950""","Lottery & Gift Cards",1,1000,n,n,"CALIFORNIA JACKPOT",,,n,1,0,0,n,,"=""100""",,,,,,n,,,,,,,
"=""735975116998""","Lottery & Gift Cards",1,1000,n,n,"MERRYB MULTIPLIER","=""1699""",,n,1,0,0,n,,"=""100""",,,,,,n,,,,,,,
"=""735975117049""","Lottery & Gift Cards",1,1000,n,n,"LOTERIA DON CLEMENTE  GRANDE",50pk,,n,1,0,0,n,,"=""99""",,,,,,n,,,,,,,
"=""735975117087""","Lottery & Gift Cards",1,1000,n,n,"MYSTERY CROSSWORD",,,n,1,0,0,n,,"=""100""",,,,,,n,,,,,,,
"=""735975117131""","SCRATCHER 1",1,1000,n,n,"$ 1,000.000 MONEY MANIA",,y,n,1,0,0,n,,"=""94""",,,,,,n,,,,,,,
"=""735975117216""","Lottery & Gift Cards",1,1000,n,n,"CALIFORNIA COLOR POP",,,n,1,1,1000,n,,"=""100""",,,,,,n,,,,,,,
"=""735975117254""","Lottery & Gift Cards",1,1000,n,n,"POKER $ 1,000,000",,,n,1,1,1000,n,,"=""99""",,,,,,n,,,,,,,
"=""735975217060""","Lottery & Gift Cards",1,100,n,n,"YEAR OF THE HORSE 2026",,,n,1,0,0,n,,"=""100""",,,,,,n,,,,,,,
"=""735975217152""","Lottery & Gift Cards",1,100,n,n,"FOUR LEAF FRENZY",,,n,1,0,0,n,,"=""100""",,,,,,n,,,,,,,
"=""735975217275""","Lottery & Gift Cards",1,100,n,n,"ROCKIN RICHES","=""240""",,n,1,1,100,n,,"=""98""",,,,,,n,,,,,,,
"=""735975316640""","Lottery & Gift Cards",1,2000,n,n,"CASH KING",,,n,1,0,0,n,,"=""100""",,,,,,n,,,,,,,
"=""735975316695""","Lottery & Gift Cards",1,2000,n,n,MONOPOLY,"1 ct",,n,1,0,0,n,,"=""100""",,,,,,n,,,,,,,
"=""735975316787""","Lottery & Gift Cards",1,2000,n,n,"SHOW ME $ 5000,000",,,n,1,0,0,n,,"=""100""",,,,,,n,,,,,,,
"=""735975316824""","Lottery & Gift Cards",1,2000,n,n,"INSTANT PRIZE CROSSWORD",,,n,1,0,0,n,,"=""100""",,,,,,n,,,,,,,
"=""735975316879""","Lottery & Gift Cards",1,2000,n,n,"$ 100 or  $ 200",,,n,1,0,0,n,,"=""100""",,,,,,n,,,,,,,
"=""735975316961""","Lottery & Gift Cards",1,2000,n,n,"100 X",,,n,1,1,2000,n,,"=""100""",,,,,,n,,,,,,,
"=""735975317050""","Lottery & Gift Cards",1,2000,n,n,"SET FOR LIFE","=""20""",,n,1,0,0,n,,"=""100""",,,,,,n,,,,,,,
"=""735975317098""","Lottery & Gift Cards",1,2000,n,n,"$ 5000,000 SUPERSTAR",,,n,1,0,0,n,,"=""100""",,,,,,n,,,,,,,
"=""735975317142""","Lottery & Gift Cards",1,2000,n,n,"RED CARPET RICHES",,,n,1,0,0,n,,"=""99""",,,,,,n,,,,,,,
"=""735975317227""","Lottery & Gift Cards",1,2000,n,n,"100 X THE CASH",,,n,1,1,2000,n,,"=""100""",,,,,,n,,,,,,,
"=""735975317319""","SCRATCHER 1",1,2000,n,n,"$100 OR $ 200 FRENZY",,,n,1,1,2000,n,,"=""99""",,,,,,n,,,,,,,
"=""735975417019""","Lottery & Gift Cards",1,200,n,n,"WINTER DOUBLE MATCH","=""2""",,n,1,0,0,n,,"=""100""",,,,,,n,,,,,,,
"=""735975417071""","Lottery & Gift Cards",1,200,n,n,"TIC TAC TOE CRAZE",,,n,1,0,0,n,,"=""100""",,,,,,n,,,,,,,
"=""735975417101""","Lottery & Gift Cards",1,200,n,n,"SPRING GREEN",,,n,1,0,0,n,,"=""100""",,,,,,n,,,,,,,
"=""735975417163""","Lottery & Gift Cards",1,200,n,n,"YOUR LUCKY STARS",,,n,1,0,0,n,,"=""100""",,,,,,n,,,,,,,
"=""735975417194""","Lottery & Gift Cards",1,200,n,n,"10 X THE CASH",,,n,1,1,200,n,,"=""96""",,,,,,n,,,,,,,
"=""735975417231""","Lottery & Gift Cards",1,200,n,n,"DOMINOES  WIN UP TO $30,000",,,n,1,1,200,n,,"=""100""",,,,,,n,,,,,,,
"=""735975417286""","Lottery & Gift Cards",1,200,n,n,GOOOAAAL,"=""100""",,n,1,1,200,n,,"=""99""",,,,,,n,,,,,,,
"=""735975516736""","Lottery & Gift Cards",1,3000,n,n,"CROSSWORD XTREME",,,n,1,1,3000,n,,"=""100""",,,,,,n,,,,,,,
"=""735975516927""","Lottery & Gift Cards",1,3000,n,n,"7 S","30ct $10",,n,1,0,0,n,,"=""100""",,,,,,n,,,,,,,
"=""735975517269""","Lottery & Gift Cards",1,3000,n,n,"CROSSWORD XTREME  WIN UP TO $7,000,000",,,n,1,1,3000,n,,"=""100""",,,,,,n,,,,,,,
"=""735975616573""","Lottery & Gift Cards",1,300,n,n,"BINGP EXTRA",,,n,1,0,0,n,,"=""100""",,,,,,n,,,,,,,
"=""735975616665""","Lottery & Gift Cards",1,300,n,n,"LOTERIA $3",,,n,1,1,0,n,,"=""100""",,,,,,n,,,,,,,
"=""735975616764""","Lottery & Gift Cards",1,300,n,n,"CALIFORNIA CROSSWORD",,,n,1,0,0,n,,"=""100""",,,,,,n,,,,,,,
"=""735975616849""","Lottery & Gift Cards",1,300,n,n,"15 x",,,n,1,1,0,n,,"=""97""",,,,,,n,,,,,,,
"=""735975617020""","Lottery & Gift Cards",1,300,n,n,"COZY CROSSWORD",,,n,1,0,0,n,,"=""100""",,,,,,n,,,,,,,
"=""735975617112""","Lottery & Gift Cards",1,300,n,n,"FIRE BALL BINGO",,,n,1,0,0,n,,"=""100""",,,,,,n,,,,,,,
"=""735975617204""","Lottery & Gift Cards",1,300,n,n,"TRIPLING BONUS CROSSWORD",,,n,1,1,300,n,,"=""100""",,,,,,n,,,,,,,
"=""735975617297""","Lottery & Gift Cards",1,300,n,n,"LOTERIA DON VLEMENTE","=""100""",,n,1,1,300,n,,"=""93""",,,,,,n,,,,,,,
"=""735975717003""","Lottery & Gift Cards",1,2500,n,n,"CELEBRATE 2025","=""1700""",,n,1,0,0,n,,"=""100""",,,,,,n,,,,,,,
"=""735975816287""","Lottery & Gift Cards",1,500,n,n,"MEGA CROSSWORD",,,n,1,0,0,n,,"=""100""",,,,,,n,,,,,,,
"=""735975816676""","Lottery & Gift Cards",1,500,n,n,MONOPOLY,,,n,1,0,0,n,,"=""100""",,,,,,n,,,,,,,
"=""735975816805""","Lottery & Gift Cards",1,500,n,n,"CALIFORNIA DREAMIN",,,n,1,0,0,n,,"=""100""",,,,,,n,,,,,,,
"=""735975816850""","Lottery & Gift Cards",1,500,n,n,"FEELING LUCKY",,,n,1,0,0,n,,"=""100""",,,,,,n,,,,,,,
"=""735975816881""","Lottery & Gift Cards",1,500,n,n,"LOTERIA DON CLEMENTE EXTRA",,,n,1,0,0,n,,"=""100""",,,,,,n,,,,,,,
"=""735975816942""","SCRATCHER 1",1,500,n,n,"POKER NIGHTS",,,n,1,0,0,n,,"=""98""",,,,,,n,,,,,,,
"=""735975816980""","Lottery & Gift Cards",1,500,n,n,"HAPPY HOLIDAYS",,,n,1,0,0,n,,"=""100""",,,,,,n,,,,,,,
"=""735975817031""","SCRATCHER 1",1,500,n,n,"FULL OF $ 500 S",,,n,1,0,0,n,,"=""98""",,,,,,n,,,,,,,
"=""735975817123""","SCRATCHER 1",1,500,n,n,"CASH CRUSH",,,n,1,0,0,n,,"=""99""",,,,,,n,,,,,,,
"=""735975817178""","Lottery & Gift Cards",1,500,n,n,"MEGA CROSSWORD",,,n,1,0,0,n,,"=""100""",,,,,,n,,,,,,,
"=""735975817246""","Lottery & Gift Cards",1,500,n,n,"JAWS WIN UP TO $5000,000",,,n,1,1,500,n,,"=""96""",,,,,,n,,,,,,,
"=""735975817307""","Lottery & Gift Cards",1,500,n,n,"RED WHITE & BLUE 7'",,,n,1,1,500,n,,"=""100""",,,,,,n,,,,,,,
"=""735975916604""","Lottery & Gift Cards",1,4000,n,n,"CALOTTERY 40  YEARS OF PLAY",,,n,1,0,0,n,,"=""100""",,,,,,n,,,,,,,
"=""735975917182""","Lottery & Gift Cards",1,4000,n,n,"ROYAL JACKPOT",,,n,1,1,0,n,,"=""100""",,,,,,n,,,,,,,
"=""736040003984""",Tequila,1,3999,n,n,"EL CRISTIANO SILVER",,,n,1,1,0,n,,"=""100""",,,,,,n,,,,,,,
"=""736040003991""",Tequila,1,4499,n,n,"EL CRISTIANO REPOSADO","750 ML",,n,1,1,0,n,,"=""100""",,,,,,n,,,,,,,
"=""736040004004""",Tequila,1,10999,n,n,"El Cristiano Reposado",,,n,1,1,0,n,,"=""100""",,,,,,n,,,,,,,
"=""736040004011""",Tequila,1,12499,n,n,"EL CRISTIANO EXTRA ANEJO","750 ML",,n,1,1,0,n,,"=""100""",,,,,,n,,,,,,,
"=""736040011064""",Liqueur,1,3099,n,n,HPNOTIQ,750ml,,n,1,1,0,n,,"=""100""",,,,,,n,,,,,,,
"=""736040012856""",Liqueur,1,1499,n,n,"HPNOTIQ 375ML","375 ml",,n,1,1,0,n,,"=""100""",,,,,,n,,,,,,,
"=""736040012870""",Shots,1,399,n,n,HPNOTIQ,"50 ML",,n,1,1,0,n,,"=""100""",,,,,,n,,,,,,,
"=""736040501381""",Liqueur,1,3999,n,n,"Pallini Roma:Liqueur, Limoncello","750.00 ML",,n,1,1,2341,n,,"=""100""",,,,,,n,,,,,,,
"=""736040502371""",Liqueur,1,3999,n,n,"Pallini Roma RASPBERRY","=""750""",,n,1,1,2400,n,,"=""100""",,,,,,n,,,,,,,
"=""736040519324""",Tequila,1,5777,n,n,"Avion Reposado","750 ML",,n,2,1,3747,n,,"=""100""",,,,,,n,,,,,,,
"=""736040519348""",Tequila,1,3999,n,n,"AVION SILVER","750 ML",,n,1,1,0,n,,"=""100""",,,,,,n,,,,,,,
"=""736040521884""",Tequila,1,1999,n,n,"AVION SILVER",375ml,,n,1,1,0,n,,"=""100""",,,,,,n,,,,,,,
"=""736040532736""",Tequila,1,9095,n,n,"Casa Dragones Blanco","750 ML",,n,1,1,5910,n,,"=""100""",,,,,,n,,,,,,,
"=""736040537113""",Tequila,1,4199,n,n,A,,,n,1,0,0,n,,"=""100""",,,,,,n,,,,,,,
"=""736920213939""","IPA Beer",1,549,n,n,"big mango beer hug","19. oz",,n,1,0,0,n,,"=""11""",,,,,,n,,,,,,,
"=""737488028621""",ACCESSORIES,1,1499,n,n,"LIGHTER GUN  DOUBLE TORCH",,,n,1,1,300,n,,"=""100""",,,,,,n,,,,,,,
"=""737488029062""",ACCESSORIES,1,699,n,n,"LIGHTER BULET",,,n,1,1,300,n,,"=""100""",,,,,,n,,,,,,,
"=""737488029109""",ACCESSORIES,1,699,n,n,LIGHTER,,,n,1,0,0,n,,"=""100""",,,,,,n,,,,,,,
"=""737488029161""",ACCESSORIES,1,699,n,n,LIGHTER,,,n,1,1,0,n,,"=""100""",,,,,,n,,,,,,,
"=""737488029253""",ACCESSORIES,1,699,n,n,LIGHTER,,,n,1,1,0,n,,"=""100""",,,,,,n,,,,,,,
"=""737488029291""",ACCESSORIES,1,1499,n,n,"CLICKIT GUITAR LIGHTER",,,n,1,1,500,n,,"=""100""",,,,,,n,,,,,,,
"=""737488029369""",ACCESSORIES,1,699,n,n,LIGHTER,,,n,1,0,0,n,,"=""100""",,,,,,n,,,,,,,
"=""737488029390""",ACCESSORIES,1,799,n,n,LIGHTER,,,n,1,0,0,n,,"=""100""",,,,,,n,,,,,,,
"=""737488029420""",ACCESSORIES,1,699,n,n,"LIGHTER SPINNER",,,n,1,1,300,n,,"=""100""",,,,,,n,,,,,,,
"=""737488029475""",ACCESSORIES,1,699,n,n,LIGHTER,,,n,1,1,0,n,,"=""100""",,,,,,n,,,,,,,
"=""737488029604""",ACCESSORIES,1,1299,n,n,"CLICKIT LIGHTER",,,n,1,1,300,n,,"=""100""",,,,,,n,,,,,,,
"=""737488029666""",ACCESSORIES,1,699,n,n,LIGHTER,,,n,1,0,0,n,,"=""100""",,,,,,n,,,,,,,
"=""737488029819""",ACCESSORIES,1,1499,n,n,"FISH LIGHTER TORCH",,,n,1,1,400,n,,"=""100""",,,,,,n,,,,,,,
"=""737488029895""",ACCESSORIES,1,699,n,n,LIGHTER,,,n,1,0,0,n,,"=""100""",,,,,,n,,,,,,,
"=""737488030303""",ACCESSORIES,1,1999,n,n,"CLOCKIT CANNON  LIGHTER CAMOUFLAGE",,,n,1,1,575,n,,"=""100""",,,,,,n,,,,,,,
"=""737488032307""",ACCESSORIES,1,1999,n,n,"LIGHTER AK-47",,,n,1,1,450,n,,"=""100""",,,,,,n,,,,,,,
"=""737534449172""","Craft / Local Beer",1,2699,n,n,"BOTTLE LOGIC BREWING","500 ML",,n,2,1,1750,n,,"=""100""",,,,,,n,,,,,,,
"=""738435459390""","Lottery & Gift Cards",1,399,n,n,"ASTRIK CARDS",,,n,1,1,0,n,,"=""100""",,,,,,n,,,,,,,
"=""739601815651""",BEER,1,1799,y,n,"SUPER FUNI",,,n,1,1,0,n,,"=""100""",,,,,,n,,,,,,,
"=""739835009000""",ACCESSORIES,1,349,n,n,"DALAN COVEX BAR SOAP",,,n,1,1,149,n,,"=""100""",,,,,,n,,,,,,,
"=""739949600018""",Liqueur,1,2999,n,n,"RAMAZZOTTI SAMBUCA","=""750""",,n,1,1,1750,n,,"=""100""",,,,,,n,,,,,,,
"=""739958014509""","Wine General",1,1999,n,n,"Francis Coppola Diamond Collection Silver Label:Pinot Noir","750.00 ML",,n,1,1,1235,n,,"=""100""",,,,,,n,,,,,,,
"=""739958023105""","Wine General",1,1099,n,n,"Coppola Diamond Pinot Noir (750 ml)","750.00 ML",,n,1,1,0,n,,"=""100""",,,,,,n,,,,,,,
"=""739958064801""","Wine Cabernet Sauvignon",1,1999,n,n,"COPPOLA CABERNET SAUVIGNON","750.00 ML",,n,1,1,0,n,,"=""100""",,,,,,n,,,,,,,
"=""739958075005""","White Wine",1,1299,n,n,"COPPOLA DM PINOT GRIGIO","750.00 ML",,n,1,1,0,n,,"=""100""",,,,,,n,,,,,,,
"=""739958105405""","Wine General",1,1999,n,n,"FRANCIS COPPOLA RED BLEND","750 ML",,n,1,1,1235,n,,"=""100""",,,,,,n,,,,,,,
"=""739958974001""","Wine Cabernet Sauvignon",1,2299,n,n,"COPPOLA DMND CLARET CABERNET SAUVIGNON","750.00 ML",,n,1,1,0,n,,"=""100""",,,,,,n,,,,,,,
"=""739958974100""","Red Wine",1,1799,n,n,"COPPOLA MERLOT","750.00 ML",,n,1,1,0,n,,"=""100""",,,,,,n,,,,,,,
"=""740522110886""","IPA Beer",1,1399,n,n,"BELLS TWO HEARTED ALE C24 12OZ 6P","6 pk",,n,6,1,906,n,,"=""100""",,,,,,n,,,,,,,
"=""740522120861""","Craft / Local Beer",1,449,n,n,"BELLS TWO HEARTED ALE C15 19.2OZ","19.2 OZ",,n,1,1,238,n,,"=""9""",,,,,,n,,,,,,,
"=""741728738928""","Craft / Local Beer",1,2108,n,n,"NOBLE WATCH ME WHIP PINEAPPLE SELTZER 24/16 CAN 6/4",,,n,1,1,1370,n,,"=""100""",,,,,,n,,,,,,,
"=""742651107195""","White Wine",1,2799,n,n,"FERRARI CARANO CHARDONAY","750.00 ML",,n,1,1,1497,n,,"=""100""",,,,,,n,,,,,,,
"=""742651123102""","White Wine",1,1999,n,n,"FERRARI SAUVIGNON BLANCO","750.00 ML",,n,1,1,0,n,,"=""100""",,,,,,n,,,,,,,
"=""742651135198""","Wine Cabernet Sauvignon",1,3899,n,n,"FERRAR CARANO CABERNET SAUVIGNON","750.00 ML",,n,1,1,0,n,,"=""100""",,,,,,n,,,,,,,
"=""742651138298""","Wine General",1,5399,n,n,"FERRARI CARANO TRESOR 21 750ML",,,n,1,1,3509,n,,"=""6""",,,,,,n,,,,,,,
"=""742651152102""","Wine General",1,1738,n,n,"FERRARI CARANO PINOT GRIGIO(SC)24 750ML",,,n,1,1,1130,n,,"=""100""",,,,,,n,,,,,,,
"=""742651667101""","Wine Cabernet Sauvignon",1,9999,n,n,"FERRARI CARNO CABERNET SAUVIGNON",,,n,1,1,0,n,,"=""100""",,,,,,n,,,,,,,
"=""742880883891""",ACCESSORIES,1,999,n,n,"BONER BEARS",,,n,1,0,0,n,,"=""100""",,,,,,n,,,,,,,
"=""742978846302""","Rolling Papers & Wraps",1,899,n,n,"LOOSE LEAF",,,n,1,0,0,n,,"=""100""",,,,,,n,,,,,,,
"=""743305000053""","General Merchandise",1,299,n,n,"WATER BAKLLOONS 100 PACK",,,n,1,0,0,n,,"=""100""",,,,,,n,,,,,,,
"=""743305000091""","General Merchandise",1,799,n,n,"BEACH BAGS",,,n,1,0,0,n,,"=""100""",,,,,,n,,,,,,,
"=""743305000107""",ACCESSORIES,1,1999,n,n,"ORIGINAL SOL FISH",,,n,1,0,0,n,,"=""100""",,,,,,n,,,,,,,
"=""743305000138""",ACCESSORIES,1,1999,n,n,"LIFEGUARD HAT RUSH STRAW",,,n,1,1,295,n,,"=""100""",,,,,,n,,,,,,,
"=""743305000251""",ACCESSORIES,1,1999,n,n,"WET PRODUCTS",,,n,1,0,0,n,,"=""100""",,,,,,n,,,,,,,
"=""743305000701""",ACCESSORIES,1,699,n,n,"BEACH MATS",,,n,1,0,0,n,,"=""100""",,,,,,n,,,,,,,
"=""743305012025""",ACCESSORIES,1,1299,n,n,"SANDALS SOLFISH",,,n,1,0,0,n,,"=""100""",,,,,,n,,,,,,,
"=""743305014241""",ACCESSORIES,1,1999,n,n,"BEACH TOWELS",,,n,1,1,1095,n,,"=""100""",,,,,,n,,,,,,,
"=""743305014258""",ACCESSORIES,1,1999,n,n,"BEACH TOWELS",,,n,1,1,875,n,,"=""100""",,,,,,n,,,,,,,
"=""743305090023""","General Merchandise",1,1299,n,n,SMASHBALL,,,n,1,0,0,n,,"=""100""",,,,,,n,,,,,,,
"=""743305090030""","General Merchandise",1,499,n,n,"PACIFIC SPORTS 3 IN 1",,,n,1,1,145,n,,"=""100""",,,,,,n,,,,,,,
"=""743305090047""","General Merchandise",1,499,n,n,"WET PRODUCTS",,,n,1,1,205,n,,"=""100""",,,,,,n,,,,,,,
"=""743305090054""","General Merchandise",1,399,n,n,"wooden handle shovel",,,n,1,1,95,n,,"=""100""",,,,,,n,,,,,,,
"=""743305322452""","General Merchandise",1,799,n,n,"A BOAT TOY",,,n,1,0,0,n,,"=""100""",,,,,,n,,,,,,,
"=""743305388021""","General Merchandise",1,999,n,n,"BEACH BAG",,,n,1,0,0,n,,"=""100""",,,,,,n,,,,,,,
"=""743305388106""",ACCESSORIES,1,1599,n,n,"Wet tawel",,,n,1,0,0,n,,"=""100""",,,,,,n,,,,,,,
"=""743305388366""","General Merchandise",1,3499,n,n,"UMBRELLA BEACH",,,n,1,0,0,n,,"=""100""",,,,,,n,,,,,,,
"=""743305388380""",ACCESSORIES,1,3499,n,n,"ISLAND SHADE UMBRELLA",,,n,1,0,0,n,,"=""100""",,,,,,n,,,,,,,
"=""743305388427""",ACCESSORIES,1,2699,n,n,"LAZY LOUNGER SHEAR",,,n,1,0,0,n,,"=""100""",,,,,,n,,,,,,,
"=""743305388434""","General Merchandise",1,499,n,n,"SEA SHOVEL BIG",,,n,1,0,0,n,,"=""100""",,,,,,n,,,,,,,
"=""743305388441""","General Merchandise",1,1199,n,n,"CONSTRUCTION VEHICLES",,,n,1,0,0,n,,"=""100""",,,,,,n,,,,,,,
"=""743305388458""","General Merchandise",1,599,n,n,"SEA BOAT",,,n,1,1,225,n,,"=""100""",,,,,,n,,,,,,,
"=""743305388472""","General Merchandise",1,899,n,n,"SEA BUCKET BIG",,,n,1,1,295,n,,"=""100""",,,,,,n,,,,,,,
"=""743305388489""","General Merchandise",1,399,n,n,"PLASTIC CASSALL",,,n,1,0,0,n,,"=""100""",,,,,,n,,,,,,,
"=""743305388519""","General Merchandise",1,499,n,n,"SEA BUCKET",,,n,1,0,0,n,,"=""100""",,,,,,n,,,,,,,
"=""743305388526""","General Merchandise",1,699,n,n,"WET PRODUCTS",,,n,1,1,145,n,,"=""100""",,,,,,n,,,,,,,
"=""743305388557""","General Merchandise",1,299,n,n,"SHOVEL SEA",,,n,1,0,0,n,,"=""100""",,,,,,n,,,,,,,
"=""743305388571""","General Merchandise",1,999,n,n,"SAND & BEACH WATER CAN SET 12",,,n,1,1,345,n,,"=""100""",,,,,,n,,,,,,,
"=""743305389363""",ACCESSORIES,1,1999,n,n,"SOL FISH FOR WOMAN",,,n,1,0,0,n,,"=""100""",,,,,,n,,,,,,,
"=""743305389738""",ACCESSORIES,1,1999,n,n,"HOODY PONCHOS BAJA BILLYS",,,n,1,0,0,n,,"=""100""",,,,,,n,,,,,,,
"=""743305389929""",ACCESSORIES,1,1299,n,n,"SANDALS SOLFISH",,,n,1,0,0,n,,"=""100""",,,,,,n,,,,,,,
"=""743305390451""",ACCESSORIES,1,1999,n,n,"HOODY PONCHOS BAJA BILLYS",,,n,1,0,0,n,,"=""100""",,,,,,n,,,,,,,
"=""743305390468""","General Merchandise",1,2999,n,n,"beach chair",,,n,1,0,0,n,,"=""100""",,,,,,n,,,,,,,
"=""743305390482""","General Merchandise",1,1299,n,n,"SAND WHEEL BEACH SET",,,n,1,0,0,n,,"=""100""",,,,,,n,,,,,,,
"=""743305390529""","General Merchandise",1,599,n,n,"WET PRODUCTS",,,n,1,0,0,n,,"=""100""",,,,,,n,,,,,,,
"=""743305390710""",ACCESSORIES,1,4499,n,n,"CABANA BEACH",,,n,1,0,0,n,,"=""100""",,,,,,n,,,,,,,
"=""743305390895""","General Merchandise",1,3499,n,n,"Beach umbrekla",,,n,1,0,0,n,,"=""100""",,,,,,n,,,,,,,
"=""743305391199""","General Merchandise",1,899,n,n,"SAND & BEACH HEART SET 12",,,n,1,1,325,n,,"=""100""",,,,,,n,,,,,,,
"=""743305391250""",ACCESSORIES,1,1999,n,n,"BEACH SANDALS TOWEL",,,n,1,1,795,n,,"=""100""",,,,,,n,,,,,,,
"=""743305391342""","General Merchandise",1,999,n,n,"REACH VOLLEY",,,n,1,0,0,n,,"=""100""",,,,,,n,,,,,,,
"=""743305391366""","General Merchandise",1,1299,n,n,"ACTION GAME SMASHVOLLEY",,,n,1,0,0,n,,"=""100""",,,,,,n,,,,,,,
"=""743305391373""","General Merchandise",1,1499,n,n,"TOSS N' CATCH",,,n,1,1,545,n,,"=""100""",,,,,,n,,,,,,,
"=""743305391397""",ACCESSORIES,1,1499,n,n,pacific,,,n,1,0,0,n,,"=""100""",,,,,,n,,,,,,,
"=""743305391618""",ACCESSORIES,1,1299,n,n,"SOL FISH HEAD WEAR",,,n,1,0,0,n,,"=""100""",,,,,,n,,,,,,,
"=""743305391724""","General Merchandise",1,1999,n,n,"VOLLEY BALL",,,n,1,0,0,n,,"=""100""",,,,,,n,,,,,,,
"=""743305391762""","General Merchandise",1,1999,n,n,"LUET SPLOSH",,,n,1,1,875,n,,"=""100""",,,,,,n,,,,,,,
"=""743305394206""",ACCESSORIES,1,1699,n,n,"BEACH TOWELS",,,n,1,0,0,n,,"=""100""",,,,,,n,,,,,,,
"=""743305394305""","General Merchandise",1,1299,n,n,SMASHBALL,,,n,1,0,0,n,,"=""100""",,,,,,n,,,,,,,
"=""743305394343""","General Merchandise",1,1999,n,n,"SOCCER SIZE 5 FOOT BOLL",,,n,1,0,0,n,,"=""100""",,,,,,n,,,,,,,
"=""743305394800""",ACCESSORIES,1,1999,n,n,"CALIFORNIA LAG TOWEL",,,n,1,1,795,n,,"=""100""",,,,,,n,,,,,,,
"=""743305394985""",ACCESSORIES,1,1999,n,n,"HOODY PONCHOS BAJA BILKLYS",,,n,1,0,0,n,,"=""100""",,,,,,n,,,,,,,
"=""743305395104""","General Merchandise",1,999,n,n,"PACIFIC EAGLE",,,n,1,0,0,n,,"=""100""",,,,,,n,,,,,,,
"=""743305395340""","General Merchandise",1,1999,n,n,"beach Towel",,,n,1,0,0,n,,"=""100""",,,,,,n,,,,,,,
"=""743305395739""",BEER,1,999,y,n,"FOOTBALL BALL",,,n,1,1,0,n,,"=""100""",,,,,,n,,,,,,,
"=""743305395890""",ACCESSORIES,1,1299,n,n,"SANDALS SOLFISH",,,n,1,0,0,n,,"=""100""",,,,,,n,,,,,,,
"=""743305396040""",ACCESSORIES,1,3599,n,n,"UMBRELLA ISLAND SHADE",,,n,1,1,1495,n,,"=""100""",,,,,,n,,,,,,,
"=""743305396057""","General Merchandise",1,999,n,n,"PACIFIC SPORTS",,,n,1,0,0,n,,"=""100""",,,,,,n,,,,,,,
"=""743305396088""",ACCESSORIES,1,1699,n,n,"BEACH TOWELS",,,n,1,0,0,n,,"=""100""",,,,,,n,,,,,,,
"=""743305396118""","General Merchandise",1,1999,n,n,"beach toys",,,n,1,0,0,n,,"=""100""",,,,,,n,,,,,,,
"=""743305396132""","General Merchandise",1,1299,n,n,"SMASH BALL",,,n,1,0,0,n,,"=""100""",,,,,,n,,,,,,,
"=""743305396149""","General Merchandise",1,1499,n,n,"SMASH BALL",,,n,1,1,545,n,,"=""100""",,,,,,n,,,,,,,
"=""743305396156""","General Merchandise",1,1599,n,n,"PACIFIC SPORTS AMERICAN HAND BOLL",,,n,1,0,0,n,,"=""100""",,,,,,n,,,,,,,
"=""743305396279""",ACCESSORIES,1,999,n,n,"CALIFORNIA FLIP FLAP",,,n,1,1,165,n,,"=""100""",,,,,,n,,,,,,,
"=""743305396682""",ACCESSORIES,1,1899,n,n,"SOL FISH",,,n,1,1,545,n,,"=""100""",,,,,,n,,,,,,,
"=""743305396705""",ACCESSORIES,1,1999,n,n,"ISLAND SUNSET TOWEL",,,n,1,1,795,n,,"=""100""",,,,,,n,,,,,,,
"=""743305396712""",ACCESSORIES,1,1999,n,n,"RASTA LOVE TOWEL",,,n,1,1,795,n,,"=""100""",,,,,,n,,,,,,,
"=""743305396729""","General Merchandise",1,2499,n,n,"PICKLE PRO PICKLE BALL",,,n,1,0,0,n,,"=""100""",,,,,,n,,,,,,,
"=""743305396828""","General Merchandise",1,499,n,n,"TABLE TENNIS BALLS","6 PK",,n,1,0,0,n,,"=""100""",,,,,,n,,,,,,,
"=""743305396835""","General Merchandise",1,999,n,n,"PICKLE POR 3 BALLS",,,n,1,0,0,n,,"=""100""",,,,,,n,,,,,,,
"=""743305396897""",ACCESSORIES,1,1999,n,n,"SOL FISH",,,n,1,0,0,n,,"=""100""",,,,,,n,,,,,,,
"=""743305396927""",ACCESSORIES,1,1599,n,n,"BEACH TOWEL",,,n,1,1,775,n,,"=""100""",,,,,,n,,,,,,,
"=""743305396934""",ACCESSORIES,1,1699,n,n,"BEACH TOWELS",,,n,1,0,0,n,,"=""100""",,,,,,n,,,,,,,
"=""743305397214""","General Merchandise",1,1599,n,n,"REACH VOLLEY",,,n,1,0,0,n,,"=""100""",,,,,,n,,,,,,,
"=""743305397221""",ACCESSORIES,1,1999,n,n,"VLASSIC STITCHED FOOTBALL",,,n,1,1,775,n,,"=""100""",,,,,,n,,,,,,,
"=""743305397238""","General Merchandise",1,1999,n,n,"CLASSIC VOLLEY BALL",,,n,1,1,745,n,,"=""100""",,,,,,n,,,,,,,
"=""743305397252""",ACCESSORIES,1,1999,n,n,"CLASSIC SOCCER BALL",,,n,1,1,745,n,,"=""100""",,,,,,n,,,,,,,
"=""743407939121""",ACCESSORIES,1,599,n,n,"BEBE BABYWIPES",,,n,1,1,151,n,,"=""100""",,,,,,n,,,,,,,
"=""743809208511""",ACCESSORIES,1,1299,n,n,cutter,,,n,1,1,0,n,,"=""100""",,,,,,n,,,,,,,
"=""744607000109""","Spirits - Other",1,4852,n,n,"HERRADURA BLANCO B12 700ML",,,n,1,1,3154,n,,"=""100""",,,,,,n,,,,,,,
"=""744607000345""","Spirits - Other",1,300,n,n,"EL JIMADOR SILVER B60 50ML 12P",,,n,1,1,1740,n,,"=""100""",,,,,,n,,,,,,,
"=""744607002691""","Ready-to-Drink (RTD)",1,699,n,n,"EL JIMADOR NEW MIX PALOMA",16oz,,n,1,0,0,n,,"=""100""",,,,,,n,,,,,,,
"=""744607002707""","Ready-to-Drink (RTD)",1,699,n,n,"EL JIMADOR NEW MIX VAMPIRO",16oz,,n,1,0,0,n,,"=""100""",,,,,,n,,,,,,,
"=""744607003728""",Tequila,1,6999,n,n,"HERRADURA BLANCO TEQUILA",,,n,1,1,3863,n,,"=""100""",,,,,,n,,,,,,,
"=""744607007108""",Tequila,1,17999,n,n,"HERRADURA LEGEND AÔøΩÔøΩÔøΩÔøΩÔøΩÔøΩÔøΩÔøΩÔøΩÔøΩÔøΩÔøΩEJO BARRIL ACANALADO",,,n,1,1,0,n,,"=""100""",,,,,,n,,,,,,,
"=""744607008914""","Ready-to-Drink (RTD)",1,699,n,n,"EL JIMADOR NEW MIX CANTARITO","16 OZ",,n,1,0,0,n,,"=""100""",,,,,,n,,,,,,,
"=""744607009409""","Ready-to-Drink (RTD)",1,699,n,n,"EL JIMADOR NEW MIX TAMARINDO","16 OZ",,n,1,0,0,n,,"=""100""",,,,,,n,,,,,,,
"=""744607010030""",BEER,1,449,n,n,"New mix cantarito","12 OZ",,n,1,1,0,n,,"=""100""",,,,,,n,,,,,,,
"=""744607010047""","Ready-to-Drink (RTD)",1,449,n,n,"NW MIX PALOMA","12 OZ",,n,1,1,0,n,,"=""100""",,,,,,n,,,,,,,
"=""744607010153""",BEER,1,399,n,n,"New mix vampiro",,,n,1,0,0,n,,"=""100""",,,,,,n,,,,,,,
"=""744607010405""",Tequila,1,699,n,n,"HERRADURA SILVER TEQ 50ML","50 ML",,n,1,1,0,n,,"=""100""",,,,,,n,,,,,,,
"=""744607049801""",Tequila,1,4999,n,n,"El Jimador Tequila Repasado",1.75L,,n,1,1,0,n,,"=""100""",,,,,,n,,,,,,,
"=""744607063203""",Tequila,1,3099,n,n,"EL JIMADOR ANEJO","750 ML",,n,1,1,1969,n,,"=""100""",,,,,,n,,,,,,,
"=""744607068208""",Tequila,1,2499,n,n,"EL JIMADOR BLANCO","750 ML",,n,1,1,1479,n,,"=""100""",,,,,,n,,,,,,,
"=""744607068406""",Tequila,1,4499,n,n,"EL JEMADOR SILVER","1.75 L",,n,2,1,0,n,,"=""100""",,,,,,n,,,,,,,
"=""744607068604""",Tequila,1,1299,n,n,"ELJIMADOR SILVER","375 ML",,n,1,1,844,n,,"=""100""",,,,,,n,,,,,,,
"=""744607068703""",Tequila,1,799,n,n,"EL JIMADOR SILVER","200 ML",,n,1,1,485,n,,"=""100""",,,,,,n,,,,,,,
"=""744607069205""",Tequila,1,2499,n,n,"EL JIMADOR REPSADO","750 ML",,n,1,1,1479,n,,"=""100""",,,,,,n,,,,,,,
"=""744607069403""",Shots,1,399,n,n,"EL JIMADOR REPOSADO","50 ML",,n,1,1,0,n,,"=""100""",,,,,,n,,,,,,,
"=""744607069601""",Tequila,1,1299,n,n,"EL JIMADOR REPOSADO","375 ml",,n,1,1,0,n,,"=""6""",,,,,,n,,,,,,,
"=""744607069700""",Tequila,1,899,n,n,"EL JIMADOR REPOSADO","200 ML",,n,1,1,0,n,,"=""100""",,,,,,n,,,,,,,
"=""744607111317""",Tequila,1,4999,n,n,"HERRADURA SILVER 750",750ml,,n,1,1,2956,n,,"=""100""",,,,,,n,,,,,,,
"=""744607111324""",Tequila,1,5499,n,n,"HERRADURA REPO 750ML",750ml,,n,1,1,3235,n,,"=""100""",,,,,,n,,,,,,,
"=""744607111331""",Tequila,1,5999,n,n,"HERRADURA ANEJO 750M",750M,,n,1,1,0,n,,"=""100""",,,,,,n,,,,,,,
"=""744607210034""",BEER,1,1299,n,n,"Nwe mix cantarito","4  pk",,n,4,1,0,n,,"=""100""",,,,,,n,,,,,,,
"=""744607210041""","Ready-to-Drink (RTD)",1,1299,n,n,"new mixpaloma 4 pk",,,n,4,1,789,n,,"=""100""",,,,,,n,,,,,,,
"=""744607210157""","Ready-to-Drink (RTD)",1,1299,n,n,"EL JEMADOR NEW MIX","4 PCK",,n,4,1,789,n,,"=""100""",,,,,,n,,,,,,,
"=""745178891011""",Sake,1,3999,n,n,"HEAVEN SAKE JUNMAI 12","750 ML",,n,2,1,2475,n,,"=""6""",,,,,,n,,,,,,,
"=""746626258172""",ACCESSORIES,1,1499,n,n,"Bliss bears",,,n,1,1,0,n,,"=""100""",,,,,,n,,,,,,,
"=""747846010014""",Liqueur,1,2299,n,n,"HAKUTSURU SUPERIOR SAKE","750 ml",,n,2,1,1260,n,,"=""100""",,,,,,n,,,,,,,
"=""747846010021""",Sake,1,1099,n,n,HAKUTSURLI,"300 ML",,n,1,1,638,n,,"=""100""",,,,,,n,,,,,,,
"=""747846010069""",Sake,1,2199,n,n,"HAKUTSURU 720ML","720 ML",,n,2,1,1380,n,,"=""100""",,,,,,n,,,,,,,
"=""747846020013""",Liqueur,1,1099,n,n,"SAYURI SAKE IMPORTED","300 ML",,n,1,1,630,n,,"=""100""",,,,,,n,,,,,,,
"=""747846020020""",Liqueur,1,1999,n,n,SAYURI,"750 ml",,n,2,1,1260,n,,"=""100""",,,,,,n,,,,,,,
"=""747846040011""",Sake,1,999,n,n,"AWA YUKI SPARKLING SAKE","300 ML",,n,1,1,630,n,,"=""36""",,,,,,n,,,,,,,
"=""747846082004""",Sake,1,499,n,n,"CHIKA SAKE CUP","500 ML",,n,1,1,315,n,,"=""100""",,,,,,n,,,,,,,
"=""747846640020""",Sake,1,699,n,n,"YUKI TORA","200 ML",,n,1,1,425,n,,"=""100""",,,,,,n,,,,,,,
"=""748284002838""","Red Wine",1,1999,n,n,"CARMEL ROAD NOIR 750 ml","750.00 ML",,n,1,1,0,n,,"=""100""",,,,,,n,,,,,,,
"=""750046465690""",CIGARS,1,1699,n,n,"My Father","=""2""",,n,1,1,914,n,,"=""100""",,,,,,n,,,,,,,
"=""751249116129""",BEER,1,1399,n,n,"DOWNTOWN BROWN","6 PACK",,n,6,1,0,n,,"=""100""",,,,,,n,,,,,,,
"=""751249127040""","Import Beer",1,2099,n,n,"LC Great White 12pk","12 pk",,n,12,1,0,n,,"=""100""",,,,,,n,,,,,,,
"=""751249127064""","Import Beer",1,1299,n,n,"GREAT WHITE 6 PACK","6 PACK",,n,6,1,805,n,,"=""99""",,,,,,n,,,,,,,
"=""751249129068""","IPA Beer",1,1299,n,n,"Indica IPA 6pk","012 is 6 pk",,n,6,1,805,n,,"=""100""",,,,,,n,,,,,,,
"=""751249130484""",BEER,1,1399,n,n,"LC PBT STOUT","12 oz 6 pk",,n,6,1,850,n,,"=""100""",,,,,,n,,,,,,,
"=""751249241067""","Craft / Local Beer",1,1399,n,n,"8 BALL STOUT","6 PACK 12 o",,n,6,1,0,n,,"=""100""",,,,,,n,,,,,,,
"=""751249252063""","Craft / Local Beer",1,1399,n,n,"LOST CST TANGER WT 6PK","6 pk",,n,6,1,0,n,,"=""100""",,,,,,n,,,,,,,
"=""751249252285""","IPA Beer",1,1399,n,n,"FUGCUTTER DOUBLE IPA","6 PACK 12 oz",,n,6,1,0,n,,"=""100""",,,,,,n,,,,,,,
"=""751249252858""","IPA Beer",1,1899,n,n,"IPA lost coast  12pck",12pck,,n,12,1,0,n,,"=""100""",,,,,,n,,,,,,,
"=""751249600093""","Craft / Local Beer",1,1699,n,n,"Lost coast imperail stout","12 oz 6 pk",,n,6,1,0,n,,"=""100""",,,,,,n,,,,,,,
"=""751249600123""","Craft / Local Beer",1,1199,y,n,"LOST COAST STARGAZE WIT",,,n,1,1,0,n,,"=""100""",,,,,,n,,,,,,,
"=""751667046954""",Cigarettes,1,799,n,n,"Djarum Black","12 Cigars",,n,1,1,0,n,,"=""100""",,,,,,n,,,,,,,
"=""751667067591""",Cigarettes,1,899,n,n,"Djarum Special Clove Filtered Cigar","12.00 CT",,n,1,1,0,n,,"=""100""",,,,,,n,,,,,,,
"=""751667074278""",Cigarettes,1,899,n,n,"DJARUM - DJARUM MILD","12 Cigars",,n,1,1,0,n,,"=""100""",,,,,,n,,,,,,,
"=""752245121506""",BEER,1,299,n,n,"WEIHENSTEPHAN ORIGINAL 11.2OZ","11.2 oz",,n,1,1,192,n,,"=""24""",,,,,,n,,,,,,,
"=""752245141504""","Import Beer",1,1499,n,n,"weihenstephan hefe weissbier bavarian style","6 pk 11.2 oz each",,n,6,1,806,n,,"=""100""",,,,,,n,,,,,,,
"=""752245143508""","Import Beer",1,1499,n,n,"Weinenstephan 6pk Original premium lager","6 pk",,n,6,1,0,n,,"=""100""",,,,,,n,,,,,,,
"=""752830059290""",Whiskey,1,4499,n,n,"BLACK CECD","750.00 ML",,n,1,0,0,n,,"=""100""",,,,,,n,,,,,,,
"=""752830895324""","Craft / Local Beer",1,1665,n,n,"BCH AMALGA 6/4 16OZ CAN","4 PK 16 OZ",,n,4,1,1083,n,,"=""6""",,,,,,n,,,,,,,
"=""752830895423""","IPA Beer",1,1799,n,n,"BCH CITRA- 6/4 16OZ CAN","4 PK 16 OZ",,n,4,1,1083,n,,"=""100""",,,,,,n,,,,,,,
"=""753519900353""",Grocery,1,399,n,n,"Stuffed Green Olives","5 ounces",,n,1,1,165,n,,"=""100""",,,,,,n,,,,,,,
"=""753604062225""","Wine Cabernet Sauvignon",1,52784,n,n,"Opus One 22","750 ML",,n,1,1,34300,n,,"=""100""",,,,,,n,,,,,,,
"=""753625103570""",ACCESSORIES,1,1599,n,n,"SUN GLASSES",,,n,1,0,0,n,,"=""100""",,,,,,n,,,,,,,
"=""753625204864""",ACCESSORIES,1,1599,n,n,"SUN GLASSES",,,n,1,0,0,n,,"=""100""",,,,,,n,,,,,,,
"=""754136100713""",ACCESSORIES,1,399,n,n,"Virtue Bath Tissue","4 rolls",,n,1,1,0,n,,"=""100""",,,,,,n,,,,,,,
"=""754136300311""",ACCESSORIES,1,299,n,n,"BIG QUALITY TOWEL","1 roll",,n,1,1,0,n,,"=""100""",,,,,,n,,,,,,,
"=""754136300366""",ACCESSORIES,1,299,n,n,"Virtue Kitchen Towels","1 roll",,n,1,1,99,n,,"=""100""",,,,,,n,,,,,,,
"=""754194056243""","IPA Beer",1,1799,n,n,"THIS IS THE WAY IPA IPA","4 PK",,n,4,1,1100,n,,"=""100""",,,,,,n,,,,,,,
"=""754194056267""",BEER,1,1999,y,n,"LONG BEACH LAB",,,n,1,1,0,n,,"=""100""",,,,,,n,,,,,,,
"=""754527000226""","IPA Beer",1,1399,n,n,"Fat Tire Amber Ale 6-Pack","6 PK 12 OZ",,n,6,1,906,n,,"=""4""",,,,,,n,,,,,,,
"=""754527000660""","IPA Beer",1,1499,n,n,"New Belgium Voodoo Ranger Imperial IPA Can (19.2 oz)","6 pk",,n,6,1,0,n,,"=""100""",,,,,,n,,,,,,,
"=""754527004217""","Craft / Local Beer",1,1399,n,n,"new  belgium Rampant","6 pk",,n,6,1,906,n,,"=""100""",,,,,,n,,,,,,,
"=""754527006525""","IPA Beer",1,1499,n,n,"VOODOO RANGER TROPIC FORCE IPA","12 ON 6 PCK",,n,6,1,906,n,,"=""100""",,,,,,n,,,,,,,
"=""754527008857""","IPA Beer",1,1399,n,n,"VOODOO RANGER JUICE HAZE IPA","6 PACK",,n,6,1,0,n,,"=""100""",,,,,,n,,,,,,,
"=""754527010218""","IPA Beer",1,449,n,n,"New Belgium Voodoo Ranger Imperial IPA Bottles (12 oz x 6 ct)",19.2OZ,,n,1,1,249,n,,"=""11""",,,,,,n,,,,,,,
"=""754527010706""","Craft / Local Beer",1,2399,y,n,"NEW BELGIUM HOPPY PACK","12 PK 12 OZ",,n,12,1,1675,n,,"=""100""",,,,,,n,,,,,,,
"=""754527011055""","IPA Beer",1,449,n,n,"NEW BELGIUM VOODOO RANGER JUICY HAZE","19.2 OZ",,n,1,1,243,n,,"=""14""",,,,,,n,,,,,,,
"=""754527011710""","IPA Beer",1,449,n,n,"New Belgium Voodoo Ranger Juice Force IPA Cans (12 oz x 6 ct)","19.2 OZ",,n,1,1,234,n,,"=""13""",,,,,,n,,,,,,,
"=""754527011727""","IPA Beer",1,1399,n,n,"NEW BELGIUM VOODOO RANGER JUICE FORC","6 cans",,n,6,1,906,n,,"=""100""",,,,,,n,,,,,,,
"=""754527012076""","IPA Beer",1,449,n,n,"Voodoo Ranger Fruit Force Ale Cans (12 oz x 6 ct)",19.2oz,,n,1,1,249,n,,"=""11""",,,,,,n,,,,,,,
"=""754527012205""","IPA Beer",1,1394,n,n,"NEW BELGIUM VOODOO RANGER FRUIT FORCE","6 PK 12 OZ",,n,6,1,906,n,,"=""4""",,,,,,n,,,,,,,
"=""754527012274""","Craft / Local Beer",1,449,n,n,"NEW BELGIUM VOODOO RANGER TROPIC FOR",19.2oz,,n,1,1,234,n,,"=""18""",,,,,,n,,,,,,,
"=""754527012595""","Craft / Local Beer",1,1151,n,n,"NEW BELGIUM VOODOO RANGER JUICE FORC",,,n,1,1,748,n,,"=""100""",,,,,,n,,,,,,,
"=""754527012779""","IPA Beer",1,449,n,n,"VODO RANGER  g FORCE","19 OZ",,n,1,1,240,n,,"=""1""",,,,,,n,,,,,,,
"=""754527012878""","IPA Beer",1,1499,n,n,"VOODOO RANGER SWEET RIDE JUCY IPA","6 CAN",,n,6,1,906,n,,"=""100""",,,,,,n,,,,,,,
"=""755545018088""","General Merchandise",1,299,n,n,NILLMPLDONGGUAN,,,n,1,0,0,n,,"=""100""",,,,,,n,,,,,,,
"=""757528008581""","Chips - Other",1,699,n,n,"Barcel Snack Sticks Churritos, Fuego, Hot Chili Pepper & Lime","9.90 Oz",,n,1,1,336,n,,"=""100""",,,,,,n,,,,,,,
"=""757528008680""","Chips - Other",1,699,n,n,"TAKIS FUEGO 9.9 OZ","9.9 oz",,n,1,1,336,n,,"=""99""",,,,,,n,,,,,,,
"=""757528008697""","Chips - Other",1,699,n,n,"TAKIS NITRO",9.9oz,,n,1,1,0,n,,"=""100""",,,,,,n,,,,,,,
"=""757528008932""","Hanging Snacks",1,399,n,n,"Barcel Hot Nuts:Chili Pepper & Lime - Hot","3.20 OZ",,n,1,1,0,n,,"=""100""",,,,,,n,,,,,,,
"=""757528008949""","Snacks & Condiments",1,299,n,n,"TAKIS HOT NUTS","3.2 oz",,n,1,1,0,n,,"=""100""",,,,,,n,,,,,,,
"=""757528010607""","Chips - Other",1,299,n,n,"Barcel Churritos:Fuego - Hot Chili Pepper & Lime","4.00 OZ",,n,1,1,160,n,,"=""100""",,,,,,n,,,,,,,
"=""757528027964""","Chips - Other",1,699,n,n,"BARC ARTS FUEGO",8OZ,,n,1,1,0,n,,"=""100""",,,,,,n,,,,,,,
"=""757528028077""","Chips - Other",1,699,n,n,"TAKIS ZOMBIE","9.9 oz",,n,1,1,0,n,,"=""100""",,,,,,n,,,,,,,
"=""757528037475""","Chips - Other",1,699,n,n,"TASKIS BLUE HEAT 9.9OZ",9.9oz,,n,1,1,0,n,,"=""100""",,,,,,n,,,,,,,
"=""757528045272""","Chips - Other",1,699,n,n,"TAKIS INTENSE NACHO",9.9oz,,n,1,1,336,n,,"=""100""",,,,,,n,,,,,,,
"=""757528045739""",Candy,1,99,n,n,"VERA MANGO","=""1""",,n,1,1,0,n,,"=""100""",,,,,,n,,,,,,,
"=""757528046361""","Chips - Other",1,299,n,n,"TAKIS CHPPS","2.5 oz",,n,1,1,0,n,,"=""100""",,,,,,n,,,,,,,
"=""757528048075""","Chips - Other",1,299,n,n,"TAKIS FUEGO",3.25oz,,n,1,1,0,n,,"=""100""",,,,,,n,,,,,,,
"=""757528048112""","Chips - Frito-Lay",1,299,n,n,"TAKIS BLUE HEAT",3.25oz,,n,1,1,161,n,,"=""99""",,,,,,n,,,,,,,
"=""757528049102""","Chips - Other",1,299,n,n,TAKIS,92.3g,,n,1,1,0,n,,"=""100""",,,,,,n,,,,,,,
"=""757528049119""","Chips - Other",1,299,n,n,"TAKIS CRUNCHY FAJITAS",,,n,1,1,0,n,,"=""100""",,,,,,n,,,,,,,
"=""757528049126""","Chips - Other",1,299,n,n,"takis guacamole",3.25oz,,n,1,0,0,n,,"=""100""",,,,,,n,,,,,,,
"=""757528049621""","Chips - Other",1,299,n,n,"TAKIS ZOMBIE","=""325""",,n,1,1,0,n,,"=""100""",,,,,,n,,,,,,,
"=""757528050306""","Snacks & Condiments",1,299,n,n,"TAKIS HOT NUTS NACHO EXPLOSION","3.2 oz",,n,1,0,0,n,,"=""100""",,,,,,n,,,,,,,
"=""757528051266""","Chips - Other",1,299,n,n,"takis mix fuego hot chili pepper & lime","2.5 oz",,n,1,0,0,n,,"=""100""",,,,,,n,,,,,,,
"=""757528051334""","Hanging Snacks",1,299,n,n,RUNNERS,1oz,,n,1,1,0,n,,"=""100""",,,,,,n,,,,,,,
"=""757528051518""","Chips - Other",1,600,n,n,"TAKIS CHILE LIMON",9.9oz,,n,1,0,0,n,,"=""100""",,,,,,n,,,,,,,
"=""757528051525""","Chips - Other",1,299,n,n,"TAKIS CHILE LIMON","3.25 OZ",,n,1,0,0,n,,"=""100""",,,,,,n,,,,,,,
"=""757528051846""","Chips - Other",1,699,n,n,"runners chile &lime",,,n,1,0,0,n,,"=""100""",,,,,,n,,,,,,,
"=""757528053253""","Chips - Other",1,299,n,n,"TAKIS SMOKIN BBQ","3 OZ",,n,1,1,161,n,,"=""100""",,,,,,n,,,,,,,
"=""757528053475""","Chips - Other",1,299,n,n,"takis churro charge","3 oz",,n,1,0,0,n,,"=""100""",,,,,,n,,,,,,,
"=""757528053567""","Chips - Other",1,699,n,n,"TAKIS SMOINBBQ",,,n,1,0,0,n,,"=""100""",,,,,,n,,,,,,,
"=""757528054106""","Chips - Other",1,299,n,n,"TAKIS JALAPENO","3.25 OZ",,n,1,1,160,n,,"=""100""",,,,,,n,,,,,,,
"=""757528054113""","Chips - Other",1,399,n,n,"TAKIS XTREME LIME","3.25 OZ",,n,1,1,160,n,,"=""100""",,,,,,n,,,,,,,
"=""757528054151""","Chips - Other",1,699,n,n,"TAKIS JALAPENO","9.9 OZ",,n,1,1,336,n,,"=""100""",,,,,,n,,,,,,,
"=""757528054168""","Chips - Other",1,699,n,n,"TAKIS XTREM LIME","9.9 OZ",,n,1,1,336,n,,"=""100""",,,,,,n,,,,,,,
"=""757725564613""","Wine Cabernet Sauvignon",1,1999,n,n,"BROADSIDE CABERNET SAUVIGNON PASO ROBLES","750 ML",,n,2,1,1066,n,,"=""100""",,,,,,n,,,,,,,
"=""759380119559""",Tequila,1,19999,n,n,"THE BAD STUFF EXTRA ANEJO","750 ML",,n,2,1,13000,n,,"=""100""",,,,,,n,,,,,,,
"=""759686001183""",Candy,1,49,n,n,"Vero Rellerindos",,,n,1,65,399,n,,"=""100""",,,,,,n,,,,,,,
"=""759686001596""",Candy,1,25,n,n,"Pica Goma","5.15 oz",,n,1,100,399,n,,"=""100""",,,,,,n,,,,,,,
"=""759686001619""",Candy,1,25,n,n,"Pica Fresa",1lb,,n,1,100,399,n,,"=""100""",,,,,,n,,,,,,,
"=""759686001824""",Candy,1,25,n,n,"Pica gomas","=""1""",,n,1,100,4,n,,"=""100""",,,,,,n,,,,,,,
"=""761073425908""",Rum,1,799,n,n,"BUGLER  ORIGINAL",,,n,1,0,0,n,,"=""100""",,,,,,n,,,,,,,
"=""761180802005""","Wine General",1,2199,n,n,"Four Vines Zinfandel Lodi (750 ml)","750.00 ML",,n,1,1,0,n,,"=""100""",,,,,,n,,,,,,,
"=""762350025460""",CIGARS,1,1399,n,n,Camacho,"=""2""",,n,1,1,760,n,,"=""100""",,,,,,n,,,,,,,
"=""762350025491""",CIGARS,1,1399,n,n,Camacho,"=""1""",,n,1,1,760,n,,"=""100""",,,,,,n,,,,,,,
"=""762350033670""",CIGARS,1,1499,n,n,"Avo Classic","=""2""",,n,1,1,824,n,,"=""100""",,,,,,n,,,,,,,
"=""762350033687""",CIGARS,1,1599,n,n,Camacho,"=""2""",,n,1,1,839,n,,"=""100""",,,,,,n,,,,,,,
"=""762350033694""",CIGARS,1,1699,n,n,Camacho,"=""2""",,n,1,1,919,n,,"=""100""",,,,,,n,,,,,,,
"=""762357042118""",Juice,1,499,n,n,"EVOLUTION ORGANIC SUPER FRUIT GREENS","11 OZ",,n,1,1,250,n,,"=""100""",,,,,,n,,,,,,,
"=""762357044112""",Juice,1,499,n,n,"EVOLUTION ORGANIC  GREEN DEVOTION","11 OZ",,n,1,1,250,n,,"=""100""",,,,,,n,,,,,,,
"=""762357101990""",Juice,1,557,n,n,"Evolution Mighty Watermelon","11 OZ",,n,1,1,299,n,,"=""100""",,,,,,n,,,,,,,
"=""762357565112""",Juice,1,499,n,n,"EVOLUTION ORGANIC VITAL BERRY","11 OZ",,n,1,1,250,n,,"=""100""",,,,,,n,,,,,,,
"=""762446410002""","Chewing Tobacco",1,799,n,n,"Longhorn Chew Tob Fine Natural","1.20 OZ",,n,1,1,277,n,,"=""100""",,,,,,n,,,,,,,
"=""764608009550""",ACCESSORIES,1,299,n,n,"Masking Tape",,,n,1,1,104,n,,"=""100""",,,,,,n,,,,,,,
"=""765857335926""",GIN,1,2999,n,n,"WILDER GIN","750 ml",,n,1,1,0,n,,"=""100""",,,,,,n,,,,,,,
"=""766150126488""",ACCESSORIES,1,899,n,n,"CAN AND BOTTLE OPENER",,,n,1,0,0,n,,"=""100""",,,,,,n,,,,,,,
"=""766150127010""",ACCESSORIES,1,299,n,n,"FASHION BANDANA",,,n,1,0,0,n,,"=""100""",,,,,,n,,,,,,,
"=""766871416714""","Health & Wellness",1,499,n,n,"MAD TASTY GRAPEFRUIT",,,n,1,0,0,n,,"=""100""",,,,,,n,,,,,,,
"=""766871416738""","Health & Wellness",1,499,n,n,"MAD TASTY UNICORN TEARS","12 OZ",,n,1,1,0,n,,"=""100""",,,,,,n,,,,,,,
"=""766871416752""","Health & Wellness",1,499,n,n,"MAD TASTY WATERMELON KIWI",,,n,1,0,0,n,,"=""100""",,,,,,n,,,,,,,
"=""767000724274""","Hanging Snacks",1,399,n,n,"premium orcxhard",,,n,1,0,0,n,,"=""100""",,,,,,n,,,,,,,
"=""767461610352""",Gummy,1,899,n,n,"CHOMS GOMS",,,n,1,1,0,n,,"=""100""",,,,,,n,,,,,,,
"=""767665663628""",Tequila,1,6999,n,n,"SIEMPRE TEQUILA",,,n,1,1,0,n,,"=""100""",,,,,,n,,,,,,,
"=""768154231540""","Red Wine",1,2299,n,n,"Duck Pond Pinot Noir 750","=""750""",,n,2,1,0,n,,"=""100""",,,,,,n,,,,,,,
"=""768675085929""","Red Wine",1,1999,n,n,"Acrobat:Pinot Noir","750.00 ML",,n,2,1,1275,n,,"=""3""",,,,,,n,,,,,,,
"=""768675180921""","Wine General",1,2699,n,n,"INSCRIPTION PINOT NOIR","750 ML",,n,2,1,1609,n,,"=""12""",,,,,,n,,,,,,,
"=""768675960127""","White Wine",1,2299,n,n,"KING ESTATE PINOT GRIS","750.00 ML",,n,1,1,0,n,,"=""100""",,,,,,n,,,,,,,
"=""769611454441""","White Wine",1,3199,n,n,"SONOMA-CUTRER CHARDONAY 750","750.00 ML",,n,2,1,1890,n,,"=""31""",,,,,,n,,,,,,,
"=""769692000100""","Red Wine",1,2199,n,n,"RAMOS PINTO PORTO TAWNY 750 ml",750Ml,,n,1,1,0,n,,"=""6""",,,,,,n,,,,,,,
"=""769692000209""","White Wine",1,2099,n,n,"RAMOS PINTO",,,n,1,1,0,n,,"=""100""",,,,,,n,,,,,,,
"=""769692000308""","Red Wine",1,2099,n,n,"RAMOS PINTO PORTO RUBY  750 ml",,,n,1,1,0,n,,"=""3""",,,,,,n,,,,,,,
"=""769828942076""","Ice Cream",1,599,n,n,"SAMANGO RED BEAN JAM",,,n,1,1,270,n,,"=""100""",,,,,,n,,,,,,,
"=""769828942106""","Ice Cream",1,599,n,n,"SAMANGO STRAWBERRY",,,n,1,1,270,n,,"=""100""",,,,,,n,,,,,,,
"=""769828942144""","Ice Cream",1,599,n,n,"SAMANGO MATCHA",,,n,1,1,270,n,,"=""100""",,,,,,n,,,,,,,
"=""769828952525""","Ice Cream",1,599,n,n,"SAMANGP CORN",,,n,1,1,270,n,,"=""100""",,,,,,n,,,,,,,
"=""780707102343""",Grocery,1,499,n,n,"TAPATIO RAMEN NOODLE SOUP Chicken  3.88 OZ","3.8 oz",,n,1,1,189,n,,"=""100""",,,,,,n,,,,,,,
"=""780707105498""",Grocery,1,499,n,n,"TAPATIO BIRRIA",,,n,1,1,189,n,,"=""100""",,,,,,n,,,,,,,
"=""780707105771""",Grocery,1,399,n,n,"TAPATIO RAMEN NOODLE SOUP 3.88 OZ","3.88 OZ",,n,1,1,0,n,,"=""100""",,,,,,n,,,,,,,
"=""780707105788""",Grocery,1,399,n,n,"TAPATIO RAMEN NOODLE SOUP chili lime shrimp  3.88 OZ","3.88 oz",,n,1,0,0,n,,"=""100""",,,,,,n,,,,,,,
"=""780999002710""","Ready-to-Drink (RTD)",1,699,n,n,"STIRRINGS SIMPLE COCKTAIL MIX","750 ML",,n,2,1,450,n,,"=""100""",,,,,,n,,,,,,,
"=""780999002918""",Liqueur,1,899,n,n,"strrings blood orange mix",,,n,2,0,0,n,,"=""100""",,,,,,n,,,,,,,
"=""780999003410""","Non-Alcoholic Beer & Wine",1,699,n,n,"STIRRINGS BLOODY MARY MIX B6 750ML",,,n,2,1,450,n,,"=""100""",,,,,,n,,,,,,,
"=""780999003519""","Ready-to-Drink (RTD)",1,699,n,n,"Stirrings mojito 750ml",750ml,,n,2,1,450,n,,"=""100""",,,,,,n,,,,,,,
"=""780999003915""","Ready-to-Drink (RTD)",1,699,n,n,"STIRRINGS SIMPLE POMEGRANATE COCKTAIL MIX","750 ML",,n,2,1,450,n,,"=""100""",,,,,,n,,,,,,,
"=""780999004530""","Non-Alcoholic Beer & Wine",1,696,n,n,"Stirrings Cocktail Mixer 5 Calorie M",,,n,1,1,450,n,,"=""100""",,,,,,n,,,,,,,
"=""783495433668""",Tequila,1,4899,n,n,"LO SIENTO CALIENTE CINNAMON","750 ML",,n,1,1,0,n,,"=""100""",,,,,,n,,,,,,,
"=""783757102332""","Pantry & Grocery Extras",1,1799,n,n,"INO ESPITUKO",,,n,1,1,0,n,,"=""100""",,,,,,n,,,,,,,
"=""783757103391""","Pantry & Grocery Extras",1,2199,n,n,"WILD PET CHAR",,,n,1,1,0,n,,"=""100""",,,,,,n,,,,,,,
"=""783757200335""","Pantry & Grocery Extras",1,1799,n,n,"INO ESPITUKO",,,n,1,1,0,n,,"=""100""",,,,,,n,,,,,,,
"=""783757201332""","Pantry & Grocery Extras",1,1799,n,n,"INO ESPITUKO","750.00 ML",,n,2,1,0,n,,"=""16""",,,,,,n,,,,,,,
"=""785214190753""","Wine Cabernet Sauvignon",1,9999,n,n,"SILVER OAK ALEXANDER VALLEY CABERNET SAUVIGNON","750.00 ML",,n,1,1,0,n,,"=""100""",,,,,,n,,,,,,,
"=""785214290750""","Wine Cabernet Sauvignon",1,13499,n,n,"SILVER OAK NAPA CABERNET SAUVIGNON","750.00 ML",,n,1,1,0,n,,"=""100""",,,,,,n,,,,,,,
"=""785774000394""","Wine Cabernet Sauvignon",1,1999,n,n,"BENZIGER CABERNET SAUVIGNON","750.00 ML",,n,1,1,0,n,,"=""100""",,,,,,n,,,,,,,
"=""785886005010""",Gummy,1,299,n,n,"PULPARINDO EXTRA SPICY TAMARIND","5 OZ",,n,1,24,3499,n,,"=""100""",,,,,,n,,,,,,,
"=""786150000014""","Import Beer",1,1199,n,n,"STELLA ARTOIS 6PK 12OZ","6 PK 12 OZ",,n,6,1,792,n,,"=""4""",,,,,,n,,,,,,,
"=""786150000144""","Import Beer",1,2199,n,n,"Stella Artois Bottles (11 oz x 12 ct)","12 pk",,n,12,1,1488,n,,"=""4""",,,,,,n,,,,,,,
"=""786150000304""","Import Beer",1,1299,n,n,"LEFFE BLONDE 24/11.2 NRLN 4/6","6 pk",,n,6,1,814,n,,"=""100""",,,,,,n,,,,,,,
"=""786150000571""","Import Beer",1,399,n,n,"STELLA ARTOIS","22.40 FL OZ",,n,1,1,233,n,,"=""5""",,,,,,n,,,,,,,
"=""786150001462""","Import Beer",1,1299,n,n,"Hoegaarden Original Belgian Bottle (11.2 oz x 6 ct)","11.2 oz 6 pk",,n,6,1,793,n,,"=""100""",,,,,,n,,,,,,,
"=""786162001511""",Water,1,290,n,n,"Glaceau Smart Water:and Electrolytes for taste","23.70 FL OZ",,n,2,1,133,n,,"=""100""",,,,,,n,,,,,,,
"=""786162002969""","Drinks & Mixers",1,294,n,n,"Glaceau Vitamin Water Zero XXX - Acai-Blueberry-Pomegranate Bottle (20 oz)","20.00 FL OZ",,n,1,1,154,n,,"=""100""",,,,,,n,,,,,,,
"=""786162002976""","Drinks & Mixers",1,294,n,n,"Glaceau Vitamin Water Zero Squeezed - Lemonade Bottle (20 oz)","20.00 FL OZ",,n,1,1,0,n,,"=""100""",,,,,,n,,,,,,,
"=""786162002983""","Drinks & Mixers",1,294,n,n,"Glaceau Vitamin Water Zero Rise - Orange Bottle (20 oz)","20.00 FL OZ",,n,1,1,0,n,,"=""100""",,,,,,n,,,,,,,
"=""786162003737""","Drinks & Mixers",1,194,n,n,"Glaceau Vitamin Water Dragonfruit Bottle (32 oz)","20 Oz",,n,1,1,0,n,,"=""100""",,,,,,n,,,,,,,
"=""786162004857""","Drinks & Mixers",1,295,n,n,"Vitaminwater Refresh Tropical Mango","20 oz",,n,1,1,0,n,,"=""100""",,,,,,n,,,,,,,
"=""786162006127""",Water,1,245,n,n,"Glaceau Smartwater Cucumber Lime Bottle (23.7 oz)",,,n,1,1,0,n,,"=""100""",,,,,,n,,,,,,,
"=""786162010001""","Drinks & Mixers",1,294,n,n,"VITAMIN WATER DRAGONFRUIT","20 Oz",,n,1,1,154,n,,"=""99""",,,,,,n,,,,,,,
"=""786162023124""",Water,1,299,n,n,"SMART WATER","1 LITER",,n,2,1,158,n,,"=""100""",,,,,,n,,,,,,,
"=""786162040008""","Drinks & Mixers",1,295,n,n,"Glaceau Vitamin Water Essential - Orange-Orange Bottle (20 oz)","20.00 FL OZ",,n,1,1,0,n,,"=""100""",,,,,,n,,,,,,,
"=""786162070005""","Drinks & Mixers",1,294,n,n,"VITAMINWATER KIWI-STRAWBERRY","20 OZ",,n,1,1,0,n,,"=""100""",,,,,,n,,,,,,,
"=""786162080004""","Drinks & Mixers",1,294,n,n,"VITAMIN WATER  TROPICAL CITRUS ENERGY","20 OZ",,n,1,1,154,n,,"=""100""",,,,,,n,,,,,,,
"=""786162150004""","Drinks & Mixers",1,294,n,n,"VITAMINWATER XXX ACAI 20OZ","20 OZ",,n,1,1,154,n,,"=""11""",,,,,,n,,,,,,,
"=""786162200433""",Water,1,265,n,n,"SMARTWATER VAPOR DISTILLED 20OZ","20.00 FL OZ",,n,1,1,133,n,,"=""24""",,,,,,n,,,,,,,
"=""786162338006""",Water,1,290,n,n,"Glaceau Smart Water:Vapor Distilled Water","33.80 FL OZ",,n,2,1,158,n,,"=""100""",,,,,,n,,,,,,,
"=""786162410153""",Water,1,441,n,n,"Smart Water Aluminum","18 OZ",,n,1,1,242,n,,"=""100""",,,,,,n,,,,,,,
"=""786162411150""",Water,1,540,n,n,"smart water alkaline","1.5 leter",,n,2,1,258,n,,"=""99""",,,,,,n,,,,,,,
"=""786162411167""",Water,1,350,n,n,"SMART WATER","1 L",,n,1,1,167,n,,"=""98""",,,,,,n,,,,,,,
"=""786162411211""",Water,1,345,n,n,"SMART WATER ALKALINE  SPORT CUP","23.7 FL",,n,1,1,131,n,,"=""100""",,,,,,n,,,,,,,
"=""786162411860""","SPORT & HYDERATION DRINKS",1,294,n,n,"VITAMIN WATER BLUE RASPBERRY",,,n,1,1,154,n,,"=""100""",,,,,,n,,,,,,,
"=""786162507006""",Water,1,495,n,n,"Smartwater:Electrolyte Enhanced Water","1.50 LT",,n,2,1,250,n,,"=""97""",,,,,,n,,,,,,,
"=""786243119906""","IPA Beer",1,1699,n,n,"Racing Bitch IPA",6pk,,n,6,1,0,n,,"=""100""",,,,,,n,,,,,,,
"=""786243550242""",BEER,1,1599,n,n,BLOODLINE,"6PK 12 oz",,n,6,1,0,n,,"=""100""",,,,,,n,,,,,,,
"=""786560000864""","Protein Bars",1,499,n,n,"MET RX",,,n,1,1,0,n,,"=""100""",,,,,,n,,,,,,,
"=""786560153126""","Protein Bars",1,499,n,n,"MET-Rx:Meal Replacement Bar, Super Cookie Crunch","3.52 OZ",,n,1,1,255,n,,"=""100""",,,,,,n,,,,,,,
"=""787269005006""",Tequila,1,4499,n,n,"LO SIENTO BLANCO","750 ML",,n,1,1,0,n,,"=""100""",,,,,,n,,,,,,,
"=""787269005013""",Tequila,1,4999,n,n,"LO SIENTO REPOSADO","750 ML",,n,1,1,0,n,,"=""100""",,,,,,n,,,,,,,
"=""787269005020""",Tequila,1,6999,n,n,"LO SIENTO ANEJO","750 ML",,n,1,1,0,n,,"=""100""",,,,,,n,,,,,,,
"=""787692360024""","Protein Bars",1,399,n,n,"LENNY LARRY",,,n,1,1,0,n,,"=""100""",,,,,,n,,,,,,,
"=""787692724062""","Protein Bars",1,349,n,n,"COMPLETE CREMES",,,n,1,1,149,n,,"=""100""",,,,,,n,,,,,,,
"=""787692725069""","Protein Bars",1,349,n,n,"COMPLETE CREMES","2.86 oz",,n,1,1,149,n,,"=""100""",,,,,,n,,,,,,,
"=""787692834617""","Protein Bars",1,399,n,n,"LENNY&LARRY CHOCCHIP","4 Oz",,n,1,1,189,n,,"=""100""",,,,,,n,,,,,,,
"=""787692834624""","Protein Bars",1,399,n,n,"LENNY&LARRY OATMEAL",4oz,,n,1,1,0,n,,"=""100""",,,,,,n,,,,,,,
"=""787692834631""","Protein Bars",1,399,n,n,"LENNY&LARRY PEANUT","4 Oz",,n,1,1,0,n,,"=""100""",,,,,,n,,,,,,,
"=""787692834648""","Protein Bars",1,399,n,n,"LENNY&LARRY LEMON","4 Oz",,n,1,1,183,n,,"=""100""",,,,,,n,,,,,,,
"=""787692835331""","Protein Bars",1,399,n,n,"LENNY&LARRY D-CHOCLT","4 oz",,n,1,1,189,n,,"=""100""",,,,,,n,,,,,,,
"=""787692835355""","Protein Bars",1,399,n,n,"LENNY&LARRY SNICKRDO","4 Oz",,n,1,1,0,n,,"=""100""",,,,,,n,,,,,,,
"=""787692835362""","Protein Bars",1,399,n,n,"LENNY&LARRY BIRTHDAY",,,n,1,1,0,n,,"=""100""",,,,,,n,,,,,,,
"=""787692835416""","Snacks & Condiments",1,349,n,n,"Lenny & Larry's The Complete Cookie Baked Nutrition - Chocolate Chip (4 oz)",,,n,1,1,0,n,,"=""100""",,,,,,n,,,,,,,
"=""787692835423""","Protein Bars",1,399,n,n,"L&L CHOC-O-MINT",,,n,1,1,183,n,,"=""100""",,,,,,n,,,,,,,
"=""787692838349""","Protein Bars",1,399,n,n,"LENNT&LARRY MACADAMI","4 oz",,n,1,12,2200,n,,"=""100""",,,,,,n,,,,,,,
"=""787790965367""","IPA Beer",1,1899,y,n,"RADIANT IPA",,,n,1,1,0,n,,"=""100""",,,,,,n,,,,,,,
"=""790203019113""",Candy,1,49,n,n,"Indy Dedos","=""1""",,n,1,1,17,n,,"=""100""",,,,,,n,,,,,,,
"=""790203020010""",Gummy,1,99,n,n,Candy,"=""1""",,n,1,1,17,n,,"=""100""",,,,,,n,,,,,,,
"=""790203030057""",Gummy,1,99,n,n,Hormigas,"=""12""",,n,1,1,17,n,,"=""100""",,,,,,n,,,,,,,
"=""790203039111""",Candy,1,129,n,n,Marimbas,1.2oz,,n,1,1,25,n,,"=""100""",,,,,,n,,,,,,,
"=""790979170872""","Lottery & Gift Cards",1,199,n,n,"GIFT BAGS",,,n,1,1,0,n,,"=""100""",,,,,,n,,,,,,,
"=""790979171039""","Lottery & Gift Cards",1,299,n,n,"GIFT BAGS",,,n,1,1,0,n,,"=""100""",,,,,,n,,,,,,,
"=""790979172883""","Lottery & Gift Cards",1,199,n,n,"GIFT BAGS",,,n,1,1,0,n,,"=""100""",,,,,,n,,,,,,,
"=""790979174320""","Lottery & Gift Cards",1,199,n,n,"GIFT BAG",,,n,1,1,0,n,,"=""100""",,,,,,n,,,,,,,
"=""790979179813""","Lottery & Gift Cards",1,199,n,n,"GIFT BAG",,,n,1,1,0,n,,"=""100""",,,,,,n,,,,,,,
"=""791689021010""",Tequila,1,5999,n,n,"LAGRITONA TEQUILA REPOSADO","750 ML",,n,1,1,0,n,,"=""100""",,,,,,n,,,,,,,
"=""792554102001""",ACCESSORIES,1,199,n,n,"pocket COMB",*EACH,,n,1,1,0,n,,"=""100""",,,,,,n,,,,,,,
"=""792554620017""",ACCESSORIES,1,399,n,n,"Carmex Soothing Lib Balm",,,n,1,1,180,n,,"=""100""",,,,,,n,,,,,,,
"=""792554640046""",ACCESSORIES,1,999,n,n,"BABY-DRY PAMPERS","4 LB",,n,1,1,379,n,,"=""100""",,,,,,n,,,,,,,
"=""792554700702""",ACCESSORIES,1,299,n,n,"SCOPE MOUTH WASH",BX4,,n,1,1,0,n,,"=""100""",,,,,,n,,,,,,,
"=""792554701150""",ACCESSORIES,1,399,n,n,"TOOTHPASTE PLUS TOOTHBRUSH",,,n,1,4,626,n,,"=""99""",,,,,,n,,,,,,,
"=""792850140998""",ACCESSORIES,1,599,n,n,"BURT,S BEES LIP BALM","1 pc",,n,1,1,252,n,,"=""100""",,,,,,n,,,,,,,
"=""793573117267""","Wine General",1,2199,n,n,"ALC HEADY- 6/4 16OZ CAN","0.00 OZ",,n,1,1,1416,n,,"=""100""",,,,,,n,,,,,,,
"=""793573132758""",Water,1,195,n,n,M>POWER,"23.70 FL OZ",,n,1,0,0,n,,"=""100""",,,,,,n,,,,,,,
"=""793573797940""",Whiskey,1,9722,n,n,"Whistlepig Rye Wsky 10YR","750 ML",,n,2,1,6310,n,,"=""100""",,,,,,n,,,,,,,
"=""793573938060""",BEER,1,1099,y,n,ROCKMULL,,,n,1,1,0,n,,"=""100""",,,,,,n,,,,,,,
"=""793888048010""","IPA Beer",1,2199,n,n,"almanac big love hazy double ipa","4 pk 16 oz",,n,4,0,0,n,,"=""100""",,,,,,n,,,,,,,
"=""793888644731""",Vodka,1,1999,n,n,"Alb Vodka","750 ml",,n,1,1,0,n,,"=""100""",,,,,,n,,,,,,,
"=""794356085339""",Gummy,1,599,n,n,"MUNCH MALLOWS","6 ONZ",,n,1,0,0,n,,"=""100""",,,,,,n,,,,,,,
"=""794356085346""",Gummy,1,599,n,n,"MUNCH MALLOWS TOOTY FROOTY",,,n,1,0,0,n,,"=""100""",,,,,,n,,,,,,,
"=""794356085353""",Gummy,1,599,n,n,"MUNCH MALLOWS MIXED",,,n,1,0,0,n,,"=""100""",,,,,,n,,,,,,,
"=""794356085377""",Gummy,1,599,n,n,MARSHMELLOW,,,n,1,1,0,n,,"=""100""",,,,,,n,,,,,,,
"=""794522004416""",Grocery,1,835,n,n,"Lipton 50 Bags Of Tea",,,n,1,1,416,n,,"=""100""",,,,,,n,,,,,,,
"=""794711014660""",Grocery,1,1299,n,n,"DUBAI CHOCOLATE CONES",,,n,1,0,0,n,,"=""100""",,,,,,n,,,,,,,
"=""795652200501""",Soju,1,699,n,n,"JINRO Chamisul Classic","375 ML",,n,1,1,0,n,,"=""100""",,,,,,n,,,,,,,
"=""795861500096""","General Merchandise",1,1499,n,n,"AEROBIE PRBITER",,,n,1,0,0,n,,"=""100""",,,,,,n,,,,,,,
"=""795861500102""","General Merchandise",1,1599,n,n,Toys,,,n,1,1,0,n,,"=""100""",,,,,,n,,,,,,,
"=""795861500515""",ACCESSORIES,1,1499,n,n,toys,,,n,1,0,0,n,,"=""100""",,,,,,n,,,,,,,
"=""795861520025""","General Merchandise",1,1599,n,n,"AEROBIE PRO RIN",,,n,1,1,745,n,,"=""100""",,,,,,n,,,,,,,
"=""796030114809""","Craft / Local Beer",1,1100,n,n,"KONA LIGHT 24/12 NR 4/6","=""750""",,n,1,1,715,n,,"=""100""",,,,,,n,,,,,,,
"=""796030114946""","Craft / Local Beer",1,1199,n,n,"Kona Longboard Island Lager Bottles (12 oz x 6 ct)","72.00 FL OZ",,n,6,1,715,n,,"=""100""",,,,,,n,,,,,,,
"=""796030114960""","Craft / Local Beer",1,1199,n,n,"KONA BIG WAVE BOTTLES 6PK 12OZ","6 PK 12 OZ",,n,6,1,715,n,,"=""4""",,,,,,n,,,,,,,
"=""796030214967""",BEER,1,149,n,n,"Big Wave Golden Ale",12oz,,n,1,1,0,n,,"=""100""",,,,,,n,,,,,,,
"=""796030250965""","Craft / Local Beer",1,449,n,n,"KONA BIG WAVE 25OZ","25 OZ",,n,2,1,261,n,,"=""100""",,,,,,n,,,,,,,
"=""796030424960""","IPA Beer",1,1199,n,n,"BIG WAVE 6 PK 12 OZ","6 PK 12 OZ",,n,6,1,715,n,,"=""4""",,,,,,n,,,,,,,
"=""796030614927""","Craft / Local Beer",1,2199,n,n,"KONA WAVE RIDER VARIETY PK 24/12 CAN 2/12",,,n,12,1,1438,n,,"=""100""",,,,,,n,,,,,,,
"=""796030614934""","Craft / Local Beer",1,2212,n,n,"KONA ISLAND HOPPER VARIETY PK 24/12 NR 2/12","144.00 FL OZ",,n,1,1,1438,n,,"=""100""",,,,,,n,,,,,,,
"=""796030614965""","IPA Beer",1,2299,n,n,"Kona Big Wave Golden Ale Cans (12 oz x 12x ct)",,,n,12,1,1438,n,,"=""100""",,,,,,n,,,,,,,
"=""796030814914""","IPA Beer",1,1100,n,n,"KONA HANALEI ISLAND STYLE IPA 24/12 NRLN 4/6",,,n,1,1,715,n,,"=""100""",,,,,,n,,,,,,,
"=""796030824319""",BEER,1,1999,y,n,KONA,,,n,1,1,0,n,,"=""100""",,,,,,n,,,,,,,
"=""796030824968""","Craft / Local Beer",1,2199,n,n,"KONA BIG WAVE 24/12 CAN 2/12","12 pk",,n,12,1,1438,n,,"=""100""",,,,,,n,,,,,,,
"=""796363001241""","Craft / Local Beer",1,999,y,n,AVERY,,,n,1,1,0,n,,"=""100""",,,,,,n,,,,,,,
"=""796535130939""","IPA Beer",1,1499,n,n,"KARL STRAUSS BOAT SHOES HAZY IPA 24/12 CAN 4/6","6 PKM 12 OZ",,n,6,1,940,n,,"=""100""",,,,,,n,,,,,,,
"=""798068822435""",Gum,1,399,n,n,sandia,,,n,1,0,0,n,,"=""100""",,,,,,n,,,,,,,
"=""798068822442""",ACCESSORIES,1,499,n,n,"mechelada cup",,,n,1,0,0,n,,"=""100""",,,,,,n,,,,,,,
"=""798068822459""",ACCESSORIES,1,399,n,n,"el salchichon mangon",,,n,1,0,0,n,,"=""100""",,,,,,n,,,,,,,
"=""798304195521""",Wine,1,2999,n,n,"TEXTBOOK PASO ROBLES CAB SAUV 750ML","750 ml",,n,1,1,1910,n,,"=""12""",,,,,,n,,,,,,,
"=""798304413922""",BEER,1,1399,y,n,"SPONTANE W",,,n,1,1,0,n,,"=""100""",,,,,,n,,,,,,,
"=""798449008243""",Cider,1,1553,n,n,"ACE CIDER PINEAPPLE 24/12 CAN 4/6",,,n,6,1,1009,n,,"=""100""",,,,,,n,,,,,,,
"=""798449080034""",Cider,1,1660,n,n,"ACE CIDER HIGH PINEAPPLE 24/12 CAN 4/6",,,n,1,1,1079,n,,"=""100""",,,,,,n,,,,,,,
"=""801243117100""",ACCESSORIES,1,299,n,n,"PREMIUM  SCOURING PADS","3 ct",,n,1,1,0,n,,"=""100""",,,,,,n,,,,,,,
"=""801243200130""",ACCESSORIES,1,399,n,n,"Extra Strong Tall Kitchen Bags","15 ct",,n,1,1,82,n,,"=""100""",,,,,,n,,,,,,,
"=""801243204138""",ACCESSORIES,1,599,n,n,"Ri-pac Tall Kitchen Bags","15 bags",,n,1,1,93,n,,"=""100""",,,,,,n,,,,,,,
"=""801243270805""",ACCESSORIES,1,299,n,n,"Ri-pac sandwich bags",,,n,1,1,0,n,,"=""100""",,,,,,n,,,,,,,
"=""801243642411""",ACCESSORIES,1,299,n,n,"PLASTIC FORKS","=""1""",,n,1,1,96,n,,"=""100""",,,,,,n,,,,,,,
"=""801243642428""",ACCESSORIES,1,299,n,n,"RI-PAC 24 SPOONS","=""1""",,n,1,1,0,n,,"=""100""",,,,,,n,,,,,,,
"=""801243642435""",ACCESSORIES,1,299,n,n,"PLASTIC KNIFES 24 COUNT",,,n,1,1,96,n,,"=""100""",,,,,,n,,,,,,,
"=""801243642459""",ACCESSORIES,1,399,n,n,"fork\knives","24 Count",,n,1,1,96,n,,"=""100""",,,,,,n,,,,,,,
"=""803954303575""",ACCESSORIES,1,299,n,n,"REACH MINT WAXED FLOSS 55 YD","36 pack",,n,1,1,92,n,,"=""100""",,,,,,n,,,,,,,
"=""803954303858""",ACCESSORIES,1,399,n,n,"Reach waxed",,,n,1,1,142,n,,"=""100""",,,,,,n,,,,,,,
"=""804879039365""",Rum,1,1499,n,n,"ECOISTE BATISTE","750  ML",,n,1,0,0,n,,"=""100""",,,,,,n,,,,,,,
"=""804879609537""","Pantry & Grocery Extras",1,1899,n,n,"GULP HULP RED WINE 750 ml",,,n,1,1,0,n,,"=""2""",,,,,,n,,,,,,,
"=""804879609544""","Pantry & Grocery Extras",1,2199,n,n,"GULP HULP",,,n,1,1,0,n,,"=""100""",,,,,,n,,,,,,,
"=""806600188816""","Spirits - Other",1,605,n,n,"CHI CHIS MARGARITA PET 20 FLASK 750ML",,,n,1,1,393,n,,"=""100""",,,,,,n,,,,,,,
"=""807239110018""","Champagne & Sparkling",1,1699,n,n,"WILSON CREEK ALMOND 750 ml","750 ML",,n,1,1,0,n,,"=""100""",,,,,,n,,,,,,,
"=""808829106879""",ACCESSORIES,1,699,n,n,"Whitening Anti-cavity Fluoride Toothpaste","6.4 oz",,n,1,1,142,n,,"=""100""",,,,,,n,,,,,,,
"=""808829122718""",ACCESSORIES,1,499,n,n,"lucky tissues 8 pk","8 pk",,n,1,1,99,n,,"=""100""",,,,,,n,,,,,,,
"=""808829126174""",ACCESSORIES,1,499,n,n,"LUCKY TOOTHPASTE",,,n,1,1,133,n,,"=""100""",,,,,,n,,,,,,,
"=""809219600021""",ACCESSORIES,1,499,n,n,"White Rain:Sensations Hydrating Ocean Mist","18.00 OZ",,n,1,1,123,n,,"=""100""",,,,,,n,,,,,,,
"=""809219600045""",ACCESSORIES,1,499,n,n,"White Rain:Sensations Hydrating Tropical Coconut","15 0Z",,n,1,1,0,n,,"=""100""",,,,,,n,,,,,,,
"=""810008800003""",Gummy,1,499,n,n,lucas,,,n,1,1,0,n,,"=""100""",,,,,,n,,,,,,,
"=""810008801017""",Gummy,1,499,n,n,"LUCAS GUMMIES",,,n,1,1,0,n,,"=""100""",,,,,,n,,,,,,,
"=""810019263224""",Coffee,1,436,n,n,"BLACK RIFLE ESPRESSO MOCHA 11 OZ","352 ML",,n,1,1,5,n,,"=""100""",,,,,,n,,,,,,,
"=""810019263231""",Coffee,1,463,n,n,"BLACK RIFLE ESPRESSO WITH CREAM","325 ml",,n,1,1,230,n,,"=""100""",,,,,,n,,,,,,,
"=""810020890020""",Whiskey,1,8499,n,n,"CHICKEN COCK BOURBON","750 ML",,n,2,0,0,n,,"=""100""",,,,,,n,,,,,,,
"=""810020890037""",Whiskey,1,8499,n,n,"CHICKEN COCK RYE","750 ML",,n,2,0,0,n,,"=""100""",,,,,,n,,,,,,,
"=""810028293298""","Energy Drinks",1,365,n,n,"GHOST ENERGY SOUR PATCH RED BERRY 16OZ","16 OZ",,n,1,1,175,n,,"=""12""",,,,,,n,,,,,,,
"=""810028293304""","Non-Alcoholic Beer & Wine",1,365,n,n,"GHOST ENERGY WARHEADS SOUR WATERMELON 16 CAN","16 oz",,n,1,1,176,n,,"=""100""",,,,,,n,,,,,,,
"=""810028295988""","Energy Drinks",1,365,n,n,"GHOST ENERGY SOUR PATCH BLUE RASPBERRY","16 OZ",,n,1,1,175,n,,"=""12""",,,,,,n,,,,,,,
"=""810028296015""","Energy Drinks",1,399,n,n,"ghost sour patch blue raspberry","16 oz",,n,1,1,200,n,,"=""100""",,,,,,n,,,,,,,
"=""810028297739""","Energy Drinks",1,365,n,n,"ghost swedish fish","16 oz",,n,1,1,176,n,,"=""100""",,,,,,n,,,,,,,
"=""810028298941""","Energy Drinks",1,365,n,n,"GHOST ENERGY CHERRY LIMEADE","16 OZ",,n,1,1,200,n,,"=""100""",,,,,,n,,,,,,,
"=""810030510024""","Energy Drinks",1,399,n,n,"ALA COSMIC STARDUST 12 OZ 1/24 CAN",,,n,1,1,185,n,,"=""100""",,,,,,n,,,,,,,
"=""810030510154""","Energy Drinks",1,399,n,n,ALMIN,"12 OZ",,n,1,1,185,n,,"=""100""",,,,,,n,,,,,,,
"=""810030510482""","Energy Drinks",1,399,n,n,"ALANI NU WATERMLNWV","12 OZ",,n,1,1,154,n,,"=""13""",,,,,,n,,,,,,,
"=""810030511052""","Energy Drinks",1,399,n,n,"Alani breezberry",,,n,1,1,185,n,,"=""100""",,,,,,n,,,,,,,
"=""810030512257""","Energy Drinks",1,399,n,n,"ALA CHERRY SLUSH 12 OZ 1/24 CAN",,,n,1,1,185,n,,"=""100""",,,,,,n,,,,,,,
"=""810030513827""","Energy Drinks",1,399,n,n,"ALA JUICY PEACH","12 OZ",,n,1,1,185,n,,"=""100""",,,,,,n,,,,,,,
"=""810030514077""","Energy Drinks",1,399,n,n,"ALA DREAM FLOAT 12 OZ 1/24 CAN",,,n,1,12,2025,n,,"=""100""",,,,,,n,,,,,,,
"=""810030518082""",BEER,1,399,n,n,"ALA CHERRY TWIST 12 OZ 1/24 CAN",,,n,1,1,233,n,,"=""100""",,,,,,n,,,,,,,
"=""810030518501""","Energy Drinks",1,399,n,n,"ALA PINK SLUSH 12 OZ  CAN","12 OZ",,n,1,1,233,n,,"=""100""",,,,,,n,,,,,,,
"=""810030519119""","Energy Drinks",1,399,n,n,"ALANI NU EINTER WONDERLAND","12 OZ",,n,1,1,197,n,,"=""100""",,,,,,n,,,,,,,
"=""810030519133""","Energy Drinks",1,399,n,n,"ALANI NU STRWBSUN","12 OZ",,n,1,1,154,n,,"=""99""",,,,,,n,,,,,,,
"=""810030519157""","Energy Drinks",1,399,n,n,"ALANI SHERBET SWIRL","12 OZ",,n,1,1,154,n,,"=""100""",,,,,,n,,,,,,,
"=""810030519171""","Energy Drinks",1,399,n,n,"ALANI COTTON CANDY","12 OZ",,n,1,1,185,n,,"=""100""",,,,,,n,,,,,,,
"=""810031200092""",Water,1,790,n,n,"PH 1 gallon","1 Gal",,n,2,1,415,n,,"=""12""",,,,,,n,,,,,,,
"=""810032471903""","Energy Drinks",1,499,n,n,"GYM WEED ATHLETIC FOCUS DRINK PEAR PINEAPPLE","12 OZ",,n,1,1,179,n,,"=""7""",,,,,,n,,,,,,,
"=""810032472108""","Energy Drinks",1,499,n,n,"GYM WEED ATHLETIC FOCUS DRINK ORANGE GUAVA","12 OZ",,n,1,1,179,n,,"=""5""",,,,,,n,,,,,,,
"=""810035970229""","Protein Bars",1,499,n,n,"LEGENDARY PROTEIN PASTRY",,,n,1,1,204,n,,"=""100""",,,,,,n,,,,,,,
"=""810035970557""","Protein Bars",1,499,n,n,"LEGENDARY 20G",,,n,1,1,204,n,,"=""100""",,,,,,n,,,,,,,
"=""810035970601""","Protein Bars",1,499,n,n,"LEGENDARY 20G",,,n,1,1,254,n,,"=""100""",,,,,,n,,,,,,,
"=""810035970700""","Protein Bars",1,499,n,n,"LEGENDARY 20G",,,n,1,1,204,n,,"=""100""",,,,,,n,,,,,,,
"=""810035970809""","Protein Bars",1,499,n,n,"LEGENDARY 20G",,,n,1,1,204,n,,"=""100""",,,,,,n,,,,,,,
"=""810035970861""","Protein & Hydration",1,499,n,n,"LF PROTEIN PASTRY HOT FUDGE","2.2 OZ",,n,1,1,254,n,,"=""100""",,,,,,n,,,,,,,
"=""810035971622""","Protein Bars",1,399,n,n,"LEGENDARY CINNAMON",,,n,1,0,0,n,,"=""100""",,,,,,n,,,,,,,
"=""810035971981""","Chips - Other",1,499,n,n,"LEGENDRY PROTIN CHIPS",1.2OZ,,n,1,1,242,n,,"=""100""",,,,,,n,,,,,,,
"=""810035972049""","Chips - Other",1,499,n,n,"LEGENDARY NACHO CHEESE CHIPS","1.2 OZ",,n,1,1,242,n,,"=""100""",,,,,,n,,,,,,,
"=""810035972063""","Chips - Other",1,499,n,n,"LIFE PROTEIN CHIPS BBQ  1.2 OZ","1.2 OZ",,n,1,1,0,n,,"=""100""",,,,,,n,,,,,,,
"=""810035972216""","Chips - Other",1,499,n,n,"LEGENDRY PROTIN CHIPS",1.2OZ,,n,1,1,2469,n,,"=""6""",,,,,,n,,,,,,,
"=""810035972254""","Chips - Other",1,499,n,n,"LIFE PROTEIN CHIPS PIZZA  1.2 OZ","1.2 OZ",,n,1,1,242,n,,"=""7""",,,,,,n,,,,,,,
"=""810035972445""","Chips - Other",1,499,n,n,"LEGENDARY PROTIEN CHIPS JALAPENO CHEDDAR 1.2 OZ","1.2 OZ",,n,1,1,242,n,,"=""100""",,,,,,n,,,,,,,
"=""810035972490""","Protein Bars",1,499,n,n,"LEGENDARY CHERRY CRUMBLE",,,n,1,1,254,n,,"=""100""",,,,,,n,,,,,,,
"=""810035972834""","Chips - Other",1,499,n,n,"LF PROTEIN CHIPS RANCH","1.2 OZ",,n,1,1,242,n,,"=""6""",,,,,,n,,,,,,,
"=""810035972858""","Chips - Other",1,499,n,n,"LEGENDARY BARBECUE",,,n,1,0,0,n,,"=""100""",,,,,,n,,,,,,,
"=""810041880079""",BEER,1,1899,y,n,DIAMOND,,,n,1,1,0,n,,"=""100""",,,,,,n,,,,,,,
"=""810041880253""",BEER,1,1899,y,n,MIK,,,n,1,1,0,n,,"=""100""",,,,,,n,,,,,,,
"=""810043495684""","General Merchandise",1,499,n,n,"table tennis balls","6 pk",,n,1,1,65,n,,"=""100""",,,,,,n,,,,,,,
"=""810051082272""",ACCESSORIES,1,499,n,n,"tooth brush",,,n,1,1,76,n,,"=""100""",,,,,,n,,,,,,,
"=""810051085761""",ACCESSORIES,1,599,n,n,"GURU NANDA BASICS TOOTHPASTE WITH HYDROXYAPATITE",,,n,1,1,94,n,,"=""100""",,,,,,n,,,,,,,
"=""810051804591""",Gummy,1,499,n,n,"4D GUMMY BLOCKS",,,n,1,1,0,n,,"=""100""",,,,,,n,,,,,,,
"=""810051804782""",Gummy,1,499,n,n,"4D FRUIT GUMMIES","6 OZ",,n,1,1,0,n,,"=""100""",,,,,,n,,,,,,,
"=""810051806809""",Gummy,1,499,n,n,"PEELERZ LYCHEE","6 OZ",,n,1,1,225,n,,"=""5""",,,,,,n,,,,,,,
"=""810051807257""",Gummy,1,499,n,n,"PEELERS GRAPE","6 ONZ",,n,1,1,242,n,,"=""100""",,,,,,n,,,,,,,
"=""810051807356""",Gummy,1,499,n,n,"PEELERZ ORANGE","6 OZ",,n,1,1,225,n,,"=""100""",,,,,,n,,,,,,,
"=""810051807530""",Gummy,1,499,n,n,"PEELERS PEACH",,,n,1,1,225,n,,"=""100""",,,,,,n,,,,,,,
"=""810051807974""",Gummy,1,499,n,n,"PEELERZ MANGO",,,n,1,1,237,n,,"=""100""",,,,,,n,,,,,,,
"=""810051807981""",Gummy,1,499,n,n,"PEELERS GUMMY MANGO","6 OZ",,n,1,1,225,n,,"=""100""",,,,,,n,,,,,,,
"=""810051808278""",Gummy,1,499,n,n,"4D FRUIT GUMMY",,,n,1,1,0,n,,"=""100""",,,,,,n,,,,,,,
"=""810051809015""",Gummy,1,499,n,n,"PEELERS GUMMY LEMON",,,n,1,1,225,n,,"=""100""",,,,,,n,,,,,,,
"=""810051809602""",Gummy,1,499,n,n,"4D MERMAID GUMMIES","6 OZ",,n,1,1,0,n,,"=""100""",,,,,,n,,,,,,,
"=""810051809633""",Gummy,1,499,n,n,"4D FRUIT GUMMY",,,n,1,1,0,n,,"=""100""",,,,,,n,,,,,,,
"=""810059392229""",BEER,1,699,y,n,"CHOMP CHOMP",,,n,1,1,0,n,,"=""100""",,,,,,n,,,,,,,
"=""810063710392""",Soda,1,299,n,n,"POPPI GRAPE","12 OZ",,n,1,1,145,n,,"=""100""",,,,,,n,,,,,,,
"=""810063711078""",Juice,1,299,n,n,"POPPI WIL BERRY","12 OZ",,n,1,1,145,n,,"=""98""",,,,,,n,,,,,,,
"=""810068900361""",Water,1,766,n,n,"Harnless H Coco Watr with Pulp 16 oz","16 OZ",,n,1,1,416,n,,"=""100""",,,,,,n,,,,,,,
"=""810068900439""",Water,1,599,n,n,"HARMLES HARVET 10 OZ","10 OZ",,n,1,1,296,n,,"=""100""",,,,,,n,,,,,,,
"=""810068900811""",Water,1,766,n,n,"Harmless Organic Sparkling Coconut Water","16 OZ",,n,1,1,416,n,,"=""100""",,,,,,n,,,,,,,
"=""810068900903""",Water,1,745,n,n,"HARMLESS ORGANIC COCONUT WATER WITH WTAERMELON","46 OZ",,n,1,0,0,n,,"=""100""",,,,,,n,,,,,,,
"=""810078780021""","Hard Seltzer",1,2599,n,n,"TOPO CHICO RANCH WATER C24 12OZ 12P","12 PK",,n,12,1,1665,n,,"=""100""",,,,,,n,,,,,,,
"=""810078780045""","Hard Seltzer",1,499,n,n,"Topo Chico Ranch Water 24 Oz","24 OZ",,n,1,1,429,n,,"=""1""",,,,,,n,,,,,,,
"=""810078780076""","Hard Seltzer",1,2575,n,n,"Topo Chico Strawberry Guava B24 12oz","12 pack",,n,12,1,1665,n,,"=""100""",,,,,,n,,,,,,,
"=""810078780205""","Hard Seltzer",1,2599,n,n,"Simply Vari 12pk","12 o 12 pk",,n,12,1,0,n,,"=""100""",,,,,,n,,,,,,,
"=""810078780380""",BEER,1,1399,n,n,"TOPO CHICO MARGARITA VARIETY C24 12O",,,n,1,1,903,n,,"=""100""",,,,,,n,,,,,,,
"=""810078781356""","Hard Seltzer",1,445,n,n,"TOPO CHICO OASIS CHERRY 24 OZ","24 OZ",,n,2,12,3475,n,,"=""100""",,,,,,n,,,,,,,
"=""810078781806""","Hard Seltzer",1,427,n,n,"SIMPLY SPIKED BOLD SIGNATURE LEMONAD","24 oz",,n,1,1,278,n,,"=""9""",,,,,,n,,,,,,,
"=""810078781820""","Hard Seltzer",1,449,n,n,"SIMPLY SPIKED  bumpin blue razz C1","24 oz",,n,1,1,278,n,,"=""4""",,,,,,n,,,,,,,
"=""810078781912""","Hard Seltzer",1,2599,n,n,"TOPO CHICO TROPICAL MANGO B24 12OZ 1",,,n,12,1,1665,n,,"=""100""",,,,,,n,,,,,,,
"=""810078782131""","Hard Seltzer",1,2599,n,n,"SIMPLY SPIKED TROPICAL VARIETY PACK 12 PK 12 OZ","12 PK 12 OZ",,n,12,2,3210,n,,"=""100""",,,,,,n,,,,,,,
"=""810078782216""","Hard Seltzer",1,2599,n,n,"TOPO CHICO FMB HARD MARGARITA VARIET",,,n,12,1,1665,n,,"=""100""",,,,,,n,,,,,,,
"=""810078782223""","Hard Seltzer",1,449,n,n,"TOPO CHICO  oasis cherry","24 OZ",,n,1,12,3355,n,,"=""6""",,,,,,n,,,,,,,
"=""810078782513""",BEER,1,449,n,n,"TOPO CHICO MARGARITA MAX STR HIBISCUS","24 OZ",,n,2,1,289,n,,"=""9""",,,,,,n,,,,,,,
"=""810078782636""","Hard Seltzer",1,2575,n,n,"Simply Spiked Bold Variety","12 OZ 12 PK",,n,12,1,1665,n,,"=""2""",,,,,,n,,,,,,,
"=""810078782674""","Hard Seltzer",1,1299,n,n,"TOPO CHICO 6 PK","6 PK 12 OZ",,n,6,1,870,n,,"=""100""",,,,,,n,,,,,,,
"=""810080550032""",Whiskey,1,6999,n,n,"WHISTLEPIG BBN PIGGYBACK 6YR","750 ML",,n,2,1,3633,n,,"=""6""",,,,,,n,,,,,,,
"=""810080550667""",Whiskey,1,6999,n,n,"WHISTLE PIG REY 6 YEAR","750 ML",,n,1,1,3669,n,,"=""6""",,,,,,n,,,,,,,
"=""810080550735""",Whiskey,1,99999,n,n,"WHISLE PIG YHE BOSS HOG","750 ML",,n,2,1,45000,n,,"=""100""",,,,,,n,,,,,,,
"=""810080552029""",Whiskey,1,8999,n,n,"WHISTLE PIG LIQUID DEATH PROOFED LMTD ED","750 ML",,n,2,0,0,n,,"=""100""",,,,,,n,,,,,,,
"=""810080552067""",Whiskey,1,99999,n,n,"WHISTLEPIG RYE BOSS HOG XLL","750 ML",,n,2,1,45250,n,,"=""1""",,,,,,n,,,,,,,
"=""810080552128""",Whiskey,1,27999,n,n,"WHISTLEPIG RYE WHISKY","1 LITER",,n,2,1,17749,n,,"=""1""",,,,,,n,,,,,,,
"=""810083070759""",Coffee,1,445,n,n,"SUPER COFFEE DOUBLE SHOT ESPRESSO","11 OZ",,n,1,1,221,n,,"=""100""",,,,,,n,,,,,,,
"=""810083070773""",Coffee,1,445,n,n,"SUPER COFFEE TRIPLE SHOT ESPRESSO BLACK","11 oz",,n,1,1,221,n,,"=""100""",,,,,,n,,,,,,,
"=""810085812180""","Non-Alcoholic Beer & Wine",1,365,n,n,"GHOST ENERGY ORANGE CREAM 16 CAN","16 oz",,n,1,1,176,n,,"=""100""",,,,,,n,,,,,,,
"=""810085812203""","Non-Alcoholic Beer & Wine",1,365,n,n,"GHOST ENERGY WARHEADS SOUR GREEN APPLE 16 CAN","16 oz",,n,1,1,176,n,,"=""100""",,,,,,n,,,,,,,
"=""810085816898""","Energy Drinks",1,399,n,n,"GHOST ENERGY WARHEADS BLACK CHERRY 16 oz CAN","16 oz",,n,1,1,200,n,,"=""100""",,,,,,n,,,,,,,
"=""810085819097""","Energy Drinks",1,365,n,n,"GHOST AMERICA POP","16 OZ",,n,1,1,204,n,,"=""100""",,,,,,n,,,,,,,
"=""810088370120""",Shots,1,399,n,n,"MOON SHINE SOUR WATERMELON","50 ML",,n,1,1,0,n,,"=""100""",,,,,,n,,,,,,,
"=""810088370168""",Shots,1,399,n,n,"OLE SMOKY 50MLSTRAWBERRY CREAM","50 ML",,n,1,1,0,n,,"=""100""",,,,,,n,,,,,,,
"=""810088370175""","Spirits - Other",1,299,n,n,"OLE SMOKY CREAM WC STRAWBRY35 8/6P 50ML",,,n,1,1,1155,n,,"=""100""",,,,,,n,,,,,,,
"=""810088370182""",Shots,1,399,n,n,"OLE SMOKY BANANA PUDDING","50 ML",,n,1,1,0,n,,"=""100""",,,,,,n,,,,,,,
"=""810088370267""",Liqueur,1,2499,n,n,"SMOKY MOONSHINE PINEAPPLES","=""750""",,n,2,1,1609,n,,"=""6""",,,,,,n,,,,,,,
"=""810088370434""",Liqueur,1,2499,n,n,"SMOKY MOONSHINE JEY LIME CREAM",750ml,,n,1,1,1609,n,,"=""4""",,,,,,n,,,,,,,
"=""810088370847""",Shots,1,399,n,n,"MOON SHINE ORANGE SHINEASICLE","50 ML",,n,1,1,0,n,,"=""100""",,,,,,n,,,,,,,
"=""810088370908""","Vodka - Flavored",1,399,n,n,"OLE SMOKY MOONSHINE","50 ML",,n,1,1,0,n,,"=""100""",,,,,,n,,,,,,,
"=""810089490964""",Liqueur,1,2499,n,n,"OLE SMOKY MOONSHINE BEANUT BUTTER",,,n,2,1,1609,n,,"=""3""",,,,,,n,,,,,,,
"=""810089491497""",Liqueur,1,1999,n,n,CANE,,,n,1,1,0,n,,"=""100""",,,,,,n,,,,,,,
"=""810093292158""","General Merchandise",1,799,n,n,"MAVEN TORCH MD",,,n,1,1,0,n,,"=""100""",,,,,,n,,,,,,,
"=""810093292332""","General Merchandise",1,799,n,n,"Maven tourch",,,n,1,1,170,n,,"=""100""",,,,,,n,,,,,,,
"=""810103252868""",Whiskey,1,6466,n,n,"Hoag worth",,,n,2,1,0,n,,"=""100""",,,,,,n,,,,,,,
"=""810105773767""",Vape,1,1999,n,n,"Flum Tobacco 6000 puff","6000 Puffs",,n,1,1,1117,n,,"=""100""",,,,,,n,,,,,,,
"=""810105779288""",ACCESSORIES,1,2999,n,n,"Clear Float 2000 puffs","2000 Puffs",,n,1,1,0,n,,"=""100""",,,,,,n,,,,,,,
"=""810105779776""",Water,1,2499,n,n,"FROZEN WATERMELON",,,n,1,0,0,n,,"=""100""",,,,,,n,,,,,,,
"=""810117130015""","Malt Beverage",1,319,n,n,"MONSTER BREW MEAN GREEN  16OZ",16oz,,n,1,1,174,n,,"=""13""",,,,,,n,,,,,,,
"=""810117130077""","Malt Beverage",1,319,n,n,"MONSTER BREW PEACH PERFECT  16OZ",16oz,,n,1,1,174,n,,"=""25""",,,,,,n,,,,,,,
"=""810118070068""","Brandy & Cognac",1,3499,n,n,"COURVOISIER VS COGNAC","750 ML",,n,2,1,0,n,,"=""100""",,,,,,n,,,,,,,
"=""810125971167""","Protein & Hydration",1,199,n,n,"LIQUID I.V. HYDRATION + ENERGY BLACKBERRY PEACH","0.56 OZ",,n,1,0,0,n,,"=""100""",,,,,,n,,,,,,,
"=""810125971822""","Protein & Hydration",1,199,n,n,"LIQUID IV RASPERRY LEMONADE","=""045""",,n,1,0,0,n,,"=""100""",,,,,,n,,,,,,,
"=""810125972133""","Protein & Hydration",1,199,n,n,"LIQUID IV STRAWKIWI","0.49 0Z",,n,1,0,0,n,,"=""100""",,,,,,n,,,,,,,
"=""810125973314""","Protein & Hydration",1,199,n,n,"LIQUID IV BLACKBERRY LEMONADE","0.49 0Z",,n,1,0,0,n,,"=""100""",,,,,,n,,,,,,,
"=""810128520065""","Energy Drinks",1,365,n,n,"GHOST ENERGY SOUR PINK LEMONADE","16 oz",,n,1,1,176,n,,"=""100""",,,,,,n,,,,,,,
"=""810128528191""","Energy Drinks",1,365,n,n,"GHOST WELCHES GRAPES","16 OZ",,n,1,1,204,n,,"=""100""",,,,,,n,,,,,,,
"=""810128529853""","Energy Drinks",1,365,n,n,"GHOST PEACHES","16 OZ",,n,1,1,200,n,,"=""100""",,,,,,n,,,,,,,
"=""810131350222""","Iced Tea",1,649,n,n,"sol-ti organic",,,n,1,1,324,n,,"=""100""",,,,,,n,,,,,,,
"=""810131350260""",Juice,1,499,n,n,"SOL IT GINGER BEER SUPER SHOT","2 OZ",,n,1,1,270,n,,"=""12""",,,,,,n,,,,,,,
"=""810131350284""",Juice,1,649,n,n,"SOL-TI LEMON- LIME","14.9 OZ",,n,1,1,324,n,,"=""100""",,,,,,n,,,,,,,
"=""810133440068""",Water,1,349,n,n,"LIQUID DEATH TEA BLUEBERRY BUZZSAW 12/19.2 CAN",,,n,1,1,0,n,,"=""100""",,,,,,n,,,,,,,
"=""810136293128""",CIGARS,1,1499,n,n,Gurkha,"=""2""",,n,1,1,800,n,,"=""100""",,,,,,n,,,,,,,
"=""810138033784""",CIGARS,1,1399,n,n,"Gran Habano Gran Robusto #1 Connecticut",,,n,1,1,753,n,,"=""100""",,,,,,n,,,,,,,
"=""810138033814""",CIGARS,1,1299,n,n,"GRAN HABANO GRAN ROBUSTO",,,n,1,1,0,n,,"=""100""",,,,,,n,,,,,,,
"=""810138033876""",CIGARS,1,1399,n,n,"Gran Habano Gran Robusto No.5 Maduro",,,n,1,1,749,n,,"=""100""",,,,,,n,,,,,,,
"=""810139030003""",BEER,1,5799,y,n,"BLACK TUESDAY",,,n,1,1,0,n,,"=""100""",,,,,,n,,,,,,,
"=""810139030171""","IPA Beer",1,1799,n,n,"OFFSHOOT RELAX HAZY 4/16 CN","4 PK 16 OZ",,n,4,1,1141,n,,"=""100""",,,,,,n,,,,,,,
"=""810139031079""","Craft / Local Beer",1,1799,y,n,OFFSHOOT,,,n,1,1,0,n,,"=""100""",,,,,,n,,,,,,,
"=""810139031093""","Craft / Local Beer",1,1499,y,n,"OFFSHOOT BEER",,,n,1,1,0,n,,"=""100""",,,,,,n,,,,,,,
"=""810139031109""","IPA Beer",1,1799,n,n,"OFFSHOOT RELAX MANGO HAZY IPA","4 PK 16 OZ",,n,4,1,1091,n,,"=""6""",,,,,,n,,,,,,,
"=""810140157621""","Energy Drinks",1,399,n,n,"BLACK RIFLE energy zero sugar","16 oz",,n,1,1,0,n,,"=""100""",,,,,,n,,,,,,,
"=""810141020856""",CIGARS,1,1399,n,n,"Gran Habano Gran Robusto #3 Habano",,,n,1,1,744,n,,"=""100""",,,,,,n,,,,,,,
"=""810141020924""",CIGARS,1,1399,n,n,"Gran Habano Gran Robusto #5 Corojo",,,n,1,1,744,n,,"=""100""",,,,,,n,,,,,,,
"=""810147310005""","Wine General",1,4399,n,n,"IL BRUCIATO","750 ML",,n,2,1,2549,n,,"=""5""",,,,,,n,,,,,,,
"=""810147310203""","Red Wine",1,2499,n,n,"PEPPOLI ITALIAN WINE",,,n,1,1,1510,n,,"=""100""",,,,,,n,,,,,,,
"=""810147310449""","Red Wine",1,4999,n,n,"MARCHESE ANTINORI Riserva Italian wine 750 ml",,,n,1,1,0,n,,"=""2""",,,,,,n,,,,,,,
"=""810149700422""","Energy Drinks",1,999,n,n,"KAVAA TROPICAL CHILL",60ML,,n,1,0,0,n,,"=""100""",,,,,,n,,,,,,,
"=""810155750015""",Vodka,1,2999,n,n,"HIGH GROUND",,,n,1,1,0,n,,"=""100""",,,,,,n,,,,,,,
"=""810155750053""",Liqueur,1,3199,n,n,"EVIL BEAN","750 ml",,n,1,1,0,n,,"=""100""",,,,,,n,,,,,,,
"=""810169600023""","Energy Drinks",1,365,n,n,"ghost straebango","16 oz",,n,1,1,204,n,,"=""99""",,,,,,n,,,,,,,
"=""810169603369""",Water,1,365,n,n,"GHOST BLUE RASPBERRY","16 OZ",,n,1,1,200,n,,"=""100""",,,,,,n,,,,,,,
"=""810169603383""","Energy Drinks",1,365,n,n,"CHOST WELCHS GRAPE - CRAN","16 OZ",,n,1,1,163,n,,"=""100""",,,,,,n,,,,,,,
"=""810169603703""","Energy Drinks",1,365,n,n,GHSTE,"16 OZ",,n,1,1,200,n,,"=""100""",,,,,,n,,,,,,,
"=""810171360144""","Hard Iced Tea",1,2299,n,n,"SURFSIDE GREEN TEA VARIETY 8 PK 12 OZ","8 PK 12 OZ",,n,8,1,1440,n,,"=""100""",,,,,,n,,,,,,,
"=""810171360182""","Ready-to-Drink (RTD)",1,3399,n,n,Surfside,"12 PK",,n,12,1,2160,n,,"=""19""",,,,,,n,,,,,,,
"=""810171360564""","Ready-to-Drink (RTD)",1,3341,n,n,"Surfside Iced Tea Pack","12 PK",,n,12,1,2160,n,,"=""100""",,,,,,n,,,,,,,
"=""810171361141""","Ready-to-Drink (RTD)",1,449,n,n,"SUN FSIDE  STRAWBERRY LEMO","19.5 OZ",,n,1,1,284,n,,"=""100""",,,,,,n,,,,,,,
"=""810171361868""","Hard Iced Tea",1,2299,n,n,"SURFSIDE HALF AND HALF","8 PK 12 OZ",,n,8,1,1440,n,,"=""100""",,,,,,n,,,,,,,
"=""810175041650""","Energy Drinks",1,399,n,n,"ALANI LIME SLUSH","12 oz",,n,1,1,185,n,,"=""100""",,,,,,n,,,,,,,
"=""810175041698""","Energy Drinks",1,399,n,n,"ALANI CHERRY BOMB","12 OZ",,n,1,1,197,n,,"=""100""",,,,,,n,,,,,,,
"=""810178380022""","Drinks & Mixers",1,2899,n,n,"Jose cuervo double strength","1.75 L",,n,2,1,1750,n,,"=""100""",,,,,,n,,,,,,,
"=""810179080013""",Gummy,1,499,n,n,"4D GUMMY LUCKY FISH",,,n,1,1,0,n,,"=""100""",,,,,,n,,,,,,,
"=""810179080440""",Gummy,1,499,n,n,"PEELERZ GUMMY PEACH",,,n,1,12,2910,n,,"=""100""",,,,,,n,,,,,,,
"=""810179080501""",Gummy,1,499,n,n,"PEELERZ GUMMY PEACH","6 OZ",,n,1,1,225,n,,"=""100""",,,,,,n,,,,,,,
"=""810179081027""",Gummy,1,499,n,n,"PEELERZ GUMMY MUMMY",,,n,1,0,0,n,,"=""100""",,,,,,n,,,,,,,
"=""810179082413""",Gummy,1,499,n,n,"PEELERZ GUMMY PUMPKIN",,,n,1,0,0,n,,"=""100""",,,,,,n,,,,,,,
"=""810179082512""",Gummy,1,699,n,n,"STRAWBERRY DREAM",,,n,1,0,0,n,,"=""100""",,,,,,n,,,,,,,
"=""810179082987""",Gummy,1,499,n,n,"PEELERS LIPS","6 OZ",,n,1,0,0,n,,"=""100""",,,,,,n,,,,,,,
"=""810179083281""",Gummy,1,499,n,n,"PEELERS KIWI","6 OZ",,n,1,1,225,n,,"=""7""",,,,,,n,,,,,,,
"=""810179084257""",Gummy,1,499,n,n,"PEELERZ  RGGS BERRY BLAST",,,n,1,1,199,n,,"=""100""",,,,,,n,,,,,,,
"=""810179084691""",Gummy,1,499,n,n,"peelerz passion fruit","6 oz",,n,1,1,225,n,,"=""100""",,,,,,n,,,,,,,
"=""810179085063""",GUMMIES,1,499,n,n,"AMOS PEELERZ RASPBERRY GUMMY 6OZ",,,n,1,0,225,n,,"=""12""",,,,,,n,,,,,,,
"=""810179085070""",Gummy,1,499,n,n,"PELLERS WATERMELON","0.6 OZ",,n,1,12,225,n,,"=""100""",,,,,,n,,,,,,,
"=""810179085865""",GUMMIES,1,499,n,n,"AMOS PEELERZ STRAWBERRY GUMMY 6OZ",,,n,1,0,225,n,,"=""12""",,,,,,n,,,,,,,
"=""810179085919""",Gummy,1,499,n,n,PILEAR,,,n,1,0,0,n,,"=""100""",,,,,,n,,,,,,,
"=""810179085926""",Gummy,1,499,n,n,"AMOS PEELERZ RED WHITE &BLUE STARS","6 OZ",,n,1,1,225,n,,"=""8""",,,,,,n,,,,,,,
"=""810179086053""",Gummy,1,499,n,n,"AMOS PEELERZ BLUE RASPBERRY GUMMY","6 OZ",,n,1,1,225,n,,"=""2""",,,,,,n,,,,,,,
"=""810273030051""","IPA Beer",1,1399,n,n,"Modern Times Orderville IPA Cans (16 oz x 4x ct)","4 PACK",,n,4,1,0,n,,"=""100""",,,,,,n,,,,,,,
"=""810326015172""",ACCESSORIES,1,399,n,n,"MELODY - TOILET PAPER",,,n,1,1,0,n,,"=""100""",,,,,,n,,,,,,,
"=""810458031187""",BEER,1,1699,y,n,NUGMO,,,n,1,1,0,n,,"=""100""",,,,,,n,,,,,,,
"=""810607023094""","Chips - Frito-Lay",1,299,n,n,"POPCORNERS WHITE CHEDDAR","3.0 OZ",,n,1,1,198,n,,"=""100""",,,,,,n,,,,,,,
"=""810607023100""","Chips - Frito-Lay",1,299,n,n,"POP CORNERS SEA SALT","3.0 OZ",,n,1,1,0,n,,"=""100""",,,,,,n,,,,,,,
"=""810607023117""","Chips - Frito-Lay",1,299,n,n,"Popcorners Gluten Free Popped Corn Chips Kettle (3 oz)",3oz,,n,1,1,198,n,,"=""100""",,,,,,n,,,,,,,
"=""810607024879""","Chips - Frito-Lay",1,299,n,n,"POP CORNERS CINNAMON CRUNCH","3.0 OZ",,n,1,0,0,n,,"=""100""",,,,,,n,,,,,,,
"=""810628030088""","IPA Beer",1,449,n,n,"GOLDEN ROAD MANGO CART 15/25 CAN","25 OZ",,n,2,1,268,n,,"=""12""",,,,,,n,,,,,,,
"=""810628031559""","IPA Beer",1,1299,n,n,"Golden Road Brewing Passion Wolf IPA Cans (12 oz x 6x ct)",,,n,6,1,820,n,,"=""100""",,,,,,n,,,,,,,
"=""810628031801""","IPA Beer",1,1262,n,n,"GOLDEN ROAD RIDE ON TROPICAL IPA 24/12 CAN 4/6",,,n,1,1,820,n,,"=""100""",,,,,,n,,,,,,,
"=""810628032303""","Craft / Local Beer",1,1262,n,n,"GOLDEN ROAD STREET CART 24/12 CAN 4/6",,,n,1,1,820,n,,"=""100""",,,,,,n,,,,,,,
"=""810628032624""","Craft / Local Beer",1,1299,y,n,"GOLDEN ROAD",,,n,1,1,0,n,,"=""100""",,,,,,n,,,,,,,
"=""810845030045""","Spirits - Other",1,2499,n,n,"CAROLANS IRISH CREAM 34 750ML","=""1""",,n,1,1,1549,n,,"=""100""",,,,,,n,,,,,,,
"=""810852037136""",Rum,1,4699,n,n,"SHAKARA 12 YEARS THAILAND RUM","750 ML",,n,2,1,3000,n,,"=""100""",,,,,,n,,,,,,,
"=""810936030015""",Tequila,1,7999,n,n,"MALA VIDA REPOSADO","750 ML",,n,2,1,0,n,,"=""100""",,,,,,n,,,,,,,
"=""810960025445""","Wine General",1,384,n,n,"Belching Beaver Passionfruit Guava Seltzer 1/12 19.2oz Cans",,,n,1,1,250,n,,"=""100""",,,,,,n,,,,,,,
"=""810960027845""","Craft / Local Beer",1,1699,n,n,"BEL PHANTOM BRIDE 12 OZ 4/6 CAN",,,n,1,1,0,n,,"=""100""",,,,,,n,,,,,,,
"=""810960028705""","Wine General",1,1577,n,n,"Belching Beaver Tropical Terps Hazy IPA 4/6 16oz Cans",,,n,1,1,1025,n,,"=""100""",,,,,,n,,,,,,,
"=""811041030013""",Tequila,1,5290,n,n,"Lalo Blanco","750 ML",,n,1,1,3433,n,,"=""22""",,,,,,n,,,,,,,
"=""811041030044""",Tequila,1,2999,n,n,"LALO BLANCO TEQUILA","375 ML",,n,1,1,1754,n,,"=""22""",,,,,,n,,,,,,,
"=""811041030068""",Tequila,1,6999,n,n,"LALO TEQUILA SILVER","1 LITER",,n,2,1,4314,n,,"=""5""",,,,,,n,,,,,,,
"=""811041030082""",Tequila,1,8299,n,n,"LALO BLANCO HIGH PROOF","750 ML",,n,1,1,5258,n,,"=""100""",,,,,,n,,,,,,,
"=""811130033727""","Protein & Hydration",1,399,n,n,"NURRI CHOCOLATE MILK SHAKE","11. OZ",,n,1,1,167,n,,"=""100""",,,,,,n,,,,,,,
"=""811130034083""","Protein & Hydration",1,399,n,n,"NURRI VAMILLA 30 PROTEIN G","11. OZ",,n,1,1,167,n,,"=""100""",,,,,,n,,,,,,,
"=""811184030154""",Juice,1,599,n,n,"glow-up health ade   kamboucha ginger pineapple",16oz,,n,1,1,280,n,,"=""100""",,,,,,n,,,,,,,
"=""811184030208""",Juice,1,595,n,n,"healthade mint limaede 16 oz","16 oz",,n,1,1,280,n,,"=""100""",,,,,,n,,,,,,,
"=""811184031861""",Juice,1,595,n,n,"KOMBUCHA HEALTH ADE GUAVA DRAGON FRYIT  16OZ","16 OZ",,n,1,1,280,n,,"=""100""",,,,,,n,,,,,,,
"=""811184032240""",Juice,1,599,n,n,"HEALTH ADE KOMBUCHA MANGO LEMONADE","16 OZ",,n,1,1,280,n,,"=""7""",,,,,,n,,,,,,,
"=""811374035587""","Energy Drinks",1,349,n,n,"BUCKED UP BLOOD RAZ","16 OZ",,n,1,1,184,n,,"=""100""",,,,,,n,,,,,,,
"=""811374035631""","Energy Drinks",1,349,n,n,"BUCKED UP MANGO TANGO","16 OZ",,n,1,1,184,n,,"=""100""",,,,,,n,,,,,,,
"=""811374035655""","Energy Drinks",1,349,n,n,"BUCKED UP ROCKET POP","16 OZ",,n,1,1,184,n,,"=""100""",,,,,,n,,,,,,,
"=""811374037369""","Energy Drinks",1,349,n,n,"BUCKED UP MIAMI","16 OZ",,n,1,1,184,n,,"=""100""",,,,,,n,,,,,,,
"=""811374037468""","Energy Drinks",1,399,n,n,"BUCK SHOT",59ML,,n,1,0,0,n,,"=""100""",,,,,,n,,,,,,,
"=""811374039691""","Energy Drinks",1,349,n,n,"BUCKED UP SOUR BUCKS","16 OZ",,n,1,1,184,n,,"=""99""",,,,,,n,,,,,,,
"=""811374039707""","Energy Drinks",1,349,n,n,"BUCKED UP WHITE GUMMY DEER","16 OZ",,n,1,1,183,n,,"=""100""",,,,,,n,,,,,,,
"=""811438024786""",CIGARS,1,1799,n,n,"Monte Cristo",,,n,1,1,973,n,,"=""100""",,,,,,n,,,,,,,
"=""811538010108""",Tequila,1,1199,n,n,"1800 REPOSADO",200ml,,n,1,1,0,n,,"=""100""",,,,,,n,,,,,,,
"=""811538010115""",Shots,1,499,n,n,"1800 SILVER 50 ML","50 ML",,n,1,1,0,n,,"=""100""",,,,,,n,,,,,,,
"=""811538010122""",Tequila,1,1699,n,n,"1800 SILVER",375ml,,n,1,1,1049,n,,"=""100""",,,,,,n,,,,,,,
"=""811538010139""",Tequila,1,2999,n,n,"1800 SILVER","750 ML",,n,1,1,0,n,,"=""100""",,,,,,n,,,,,,,
"=""811538010191""",Tequila,1,1199,n,n,"1800 SILVER",200ml,,n,1,1,0,n,,"=""100""",,,,,,n,,,,,,,
"=""811538010214""",Shots,1,499,n,n,"1800 REPOSADO 50ML","50 ML",,n,1,1,0,n,,"=""100""",,,,,,n,,,,,,,
"=""811538010221""",Tequila,1,1799,n,n,"1800 REPOSADO",375ml,,n,1,1,1119,n,,"=""100""",,,,,,n,,,,,,,
"=""811538010238""",Tequila,1,3299,n,n,"1800 REPOSADO","750 ML",,n,1,1,0,n,,"=""100""",,,,,,n,,,,,,,
"=""811538010290""",Shots,1,499,n,n,"1800 COCONUT 50 ML","50 ML",,n,1,1,0,n,,"=""100""",,,,,,n,,,,,,,
"=""811538010764""",Tequila,1,3299,n,n,"Jose Cuervo GOLD","1.75 L",,n,2,1,1889,n,,"=""100""",,,,,,n,,,,,,,
"=""811538010771""",Tequila,1,2999,n,n,"JOSE CUERVO SILVER",1.75L,,n,2,1,0,n,,"=""100""",,,,,,n,,,,,,,
"=""811538010832""",Tequila,1,1799,n,n,"JOSE CUERVO ESPECIAL GOLD","750 ML",,n,2,1,1119,n,,"=""100""",,,,,,n,,,,,,,
"=""811538010856""",Tequila,1,1799,n,n,"JOSE CUERVO ESPECIAL SILVER","750 ML",,n,2,1,1119,n,,"=""100""",,,,,,n,,,,,,,
"=""811538010870""",Tequila,1,1299,n,n,"JOSE CUERVO ESPECIAL SILVER","375 ML",,n,1,1,0,n,,"=""100""",,,,,,n,,,,,,,
"=""811538010887""",Tequila,1,1399,n,n,"JOSE CUERVO ESPECIAL GOLD","375 ML",,n,1,1,0,n,,"=""100""",,,,,,n,,,,,,,
"=""811538010924""",Tequila,1,799,n,n,"JOSE CUERVO ESPECIAL GOLD","200 ML",,n,1,1,0,n,,"=""100""",,,,,,n,,,,,,,
"=""811538010931""",Tequila,1,699,n,n,"JOSE CUERVO ESPECIAL SILVER","200 ML",,n,1,1,426,n,,"=""100""",,,,,,n,,,,,,,
"=""811538010948""",Shots,1,249,n,n,"JOSE CUERVO REPOSADO","50 ML",,n,1,1,0,n,,"=""98""",,,,,,n,,,,,,,
"=""811538010955""",Shots,1,249,n,n,"JOSE CUERVO SILVER","50 ML",,n,1,1,0,n,,"=""100""",,,,,,n,,,,,,,
"=""811538010993""","Ready-to-Drink (RTD)",1,1999,n,n,"Jose Cuervo Margaritas","1.5  ml",,n,2,1,0,n,,"=""100""",,,,,,n,,,,,,,
"=""811538011006""",Spiked,1,1899,n,n,"Jose Cuervo Auth Lime Marg Bottles (1.75 L)","1.7 l",,n,1,1,0,n,,"=""100""",,,,,,n,,,,,,,
"=""811538011037""","Drinks & Mixers",1,1999,n,n,"JOSECUERVO MARGARITA STRAWBERRY","1.75 ML",,n,1,1,1183,n,,"=""100""",,,,,,n,,,,,,,
"=""811538011204""","Drinks & Mixers",1,899,n,n,"JOSE CUERVO MIX STRAWBERRY LIME","750 ML",,n,2,1,0,n,,"=""100""",,,,,,n,,,,,,,
"=""811538011211""","Health & Wellness",1,499,n,n,"Jose Cuervo The Original Margaritas Mix","33.8 Oz",,n,2,1,0,n,,"=""100""",,,,,,n,,,,,,,
"=""811538011457""",Tequila,1,19999,n,n,"JOSE CURVO RESERV DE LA FAMILI","750 ML",,n,2,1,0,n,,"=""100""",,,,,,n,,,,,,,
"=""811538012034""",Tequila,1,4999,n,n,"Maestro Dobel Diamante Tequila Reposado","750 ml",,n,1,1,0,n,,"=""100""",,,,,,n,,,,,,,
"=""811538012300""",Tequila,1,4999,n,n,"Maestro Dobel Silver Tequila","750 ml",,n,2,1,3080,n,,"=""3""",,,,,,n,,,,,,,
"=""811538013024""",Rum,1,2499,n,n,"Kraken Black Spiced Rum (750 ml)","750 ML",,n,2,1,0,n,,"=""100""",,,,,,n,,,,,,,
"=""811538014038""",Tequila,1,4999,n,n,"Centenario aÔøΩÔøΩÔøΩÔøΩÔøΩÔøΩÔøΩÔøΩÔøΩÔøΩÔøΩÔøΩejo",750ml,,n,1,1,0,n,,"=""100""",,,,,,n,,,,,,,
"=""811538014137""",Tequila,1,3999,n,n,"GRAN CENTENARIO PLATA",750ml,,n,1,1,0,n,,"=""100""",,,,,,n,,,,,,,
"=""811538014236""",Tequila,1,4299,n,n,"GRAN CENTENARIO REPOSADO",750ml,,n,1,1,0,n,,"=""100""",,,,,,n,,,,,,,
"=""811538016230""",Whiskey,1,1999,n,n,"BUSHMILLS BLACK BUSH","375 ML",,n,1,0,0,n,,"=""100""",,,,,,n,,,,,,,
"=""811538016469""",Tequila,1,6499,n,n,"1800 CRISTALINO ANEJO","750 ML",,n,1,1,0,n,,"=""100""",,,,,,n,,,,,,,
"=""811538018715""",Whiskey,1,1999,n,n,"BUSHMILLS RED BUSH","375 ML",,n,1,0,0,n,,"=""100""",,,,,,n,,,,,,,
"=""811538019569""",Whiskey,1,3099,n,n,"Proper Twelve","750 ML",,n,2,1,0,n,,"=""100""",,,,,,n,,,,,,,
"=""811538019675""",Whiskey,1,4999,n,n,"PROPER TWELVE",1.75L,,n,2,1,0,n,,"=""100""",,,,,,n,,,,,,,
"=""811620020633""",Milk,1,699,n,n,"Core Power Chocolate Protein Shake","14 oz",,n,1,1,375,n,,"=""100""",,,,,,n,,,,,,,
"=""811620020657""",Milk,1,699,n,n,"Core Power Elite Protein Shake - Vanilla","14 oz",,n,1,1,375,n,,"=""100""",,,,,,n,,,,,,,
"=""811620021425""",Milk,1,696,n,n,"Core Power 42g Strawberry",14oz,,n,1,1,375,n,,"=""100""",,,,,,n,,,,,,,
"=""811620021951""","Protein & Hydration",1,649,n,n,"Core power",,,n,1,1,0,n,,"=""100""",,,,,,n,,,,,,,
"=""811620021968""",Milk,1,603,n,n,"Core Power Vanilla",14oz,,n,1,1,329,n,,"=""100""",,,,,,n,,,,,,,
"=""811620021982""",Milk,1,603,n,n,"Core Power Strawberry Banana","14 OZ",,n,1,1,329,n,,"=""100""",,,,,,n,,,,,,,
"=""811620022118""","Protein & Hydration",1,464,n,n,"Fairlife Protein Shake",,,n,1,1,256,n,,"=""100""",,,,,,n,,,,,,,
"=""811751020007""",Vodka,1,2699,n,n,STOLICHNAYA,"750 ml",,n,2,1,0,n,,"=""21""",,,,,,n,,,,,,,
"=""811751020038""",Vodka,1,1499,n,n,STOLI,"375 ml",,n,1,1,0,n,,"=""12""",,,,,,n,,,,,,,
"=""811751020045""",Vodka,1,3999,n,n,"STOLI VODKA","1.75 ml",,n,2,1,0,n,,"=""100""",,,,,,n,,,,,,,
"=""811751020052""",Vodka,1,899,n,n,STOLI,"200 ml",,n,1,1,0,n,,"=""100""",,,,,,n,,,,,,,
"=""811751020076""","Vodka - Flavored",1,1799,n,n,"STOLI BLUEBERI 750ML","750 ml",,n,1,1,0,n,,"=""100""",,,,,,n,,,,,,,
"=""811751020601""",Vodka,1,5499,n,n,"Stolichnaya Elit Vodka (750 ml)","750 ml",,n,1,1,0,n,,"=""100""",,,,,,n,,,,,,,
"=""812066020034""",Whiskey,1,39999,n,n,"MACALLAN RAPE CASK",750M,,n,2,1,0,n,,"=""100""",,,,,,n,,,,,,,
"=""812066020300""","Scotch Whisky",1,5699,n,n,"Highland Park 12 Years Age","750 ml",,n,1,1,0,n,,"=""100""",,,,,,n,,,,,,,
"=""812066020355""","Scotch Whisky",1,59999,n,n,"MACALLAN 18YR SNG MALT SCOTCH","750 ML",,n,2,1,31494,n,,"=""100""",,,,,,n,,,,,,,
"=""812066020553""",Whiskey,1,11899,n,n,"MACALLAN 12 YEARS SHERRY OAK CASK",750ml,,n,2,1,0,n,,"=""100""",,,,,,n,,,,,,,
"=""812066020690""",Whiskey,1,24999,n,n,"The Macallan Fine Oak 15 Years Age",750ml,,n,2,1,0,n,,"=""100""",,,,,,n,,,,,,,
"=""812066021598""",Whiskey,1,9999,n,n,"Macallan Double Cask","750 ml",,n,2,1,0,n,,"=""100""",,,,,,n,,,,,,,
"=""812066023066""",Whiskey,1,21599,n,n,"MACALLAN 15 DOUBLE CASK","750 ML",,n,2,0,0,n,,"=""100""",,,,,,n,,,,,,,
"=""812066024131""",Whiskey,1,39999,n,n,"MACALLAN THE HERMONY COLLECTION RICH CACAO","750 ML",,n,2,0,0,n,,"=""100""",,,,,,n,,,,,,,
"=""812066024865""",Whiskey,1,19999,n,n,"MACALLAN CLASSIC CUT","750 ML",,n,2,0,0,n,,"=""100""",,,,,,n,,,,,,,
"=""812066024957""",Whiskey,1,14999,n,n,"MACALLAN EARTH JEREZ",,,n,1,0,0,n,,"=""100""",,,,,,n,,,,,,,
"=""812136030208""",Water,1,1090,n,n,"Fever Tree Premium Ginger Ale","8 P",,n,8,1,590,n,,"=""100""",,,,,,n,,,,,,,
"=""812136030215""",Water,1,1090,n,n,"Fever Tree Premium Club Soda","8 p",,n,8,1,590,n,,"=""100""",,,,,,n,,,,,,,
"=""812136030598""",Soda,1,999,n,n,"FEVER TREE PREMIUM GINGER BEER","150 ML 8 PK",,n,8,8,590,n,,"=""100""",,,,,,n,,,,,,,
"=""812136031021""",Water,1,499,n,n,"Fivertree pink grabfruit",,,n,2,0,0,n,,"=""100""",,,,,,n,,,,,,,
"=""812136031229""",Water,1,1090,n,n,"Fever Tree Pink Grapefruit",,,n,8,1,590,n,,"=""100""",,,,,,n,,,,,,,
"=""812136033131""",Water,1,1090,n,n,"Fever Tree","8 PK",,n,8,1,590,n,,"=""100""",,,,,,n,,,,,,,
"=""812147020083""","Wine Rosé",1,2065,n,n,"Gt Rose","750 ML",,n,2,1,1343,n,,"=""100""",,,,,,n,,,,,,,
"=""812147020984""","Wine Rosé",1,1099,n,n,"COTE 375",,,n,1,1,0,n,,"=""100""",,,,,,n,,,,,,,
"=""812147021004""","Wine Rosé",1,2499,n,n,"HAMPTN WATER ROSE 750ML",,,n,1,1,1264,n,,"=""100""",,,,,,n,,,,,,,
"=""812147021233""","Pantry & Grocery Extras",1,2923,n,n,"Bertrand Orange Gold",,,n,1,1,1610,n,,"=""100""",,,,,,n,,,,,,,
"=""812147022209""","Champagne & Sparkling",1,3063,n,n,"Hampton Water Bubbly 750 ml",,,n,1,1,1979,n,,"=""100""",,,,,,n,,,,,,,
"=""812465001740""","Craft / Local Beer",1,1499,y,n,ALESMITH,,,n,1,1,0,n,,"=""100""",,,,,,n,,,,,,,
"=""812465001788""","Craft / Local Beer",1,1599,n,n,"ALESMITH BREW","6PK  16 OZ",,n,6,1,1000,n,,"=""2""",,,,,,n,,,,,,,
"=""812465001955""","Craft / Local Beer",1,1599,n,n,"ALESMOTH BREW","4 PK 16 OZ",,n,4,1,1000,n,,"=""6""",,,,,,n,,,,,,,
"=""812465002167""",BEER,1,1599,n,n,"ALESMITH BREW","16 OZ 6 PK",,n,6,1,1025,n,,"=""1""",,,,,,n,,,,,,,
"=""812465002389""","IPA Beer",1,399,y,n,"ALESMITH PARTY IPA",,,n,1,1,0,n,,"=""100""",,,,,,n,,,,,,,
"=""812465002921""","Craft / Local Beer",1,1599,n,n,"ALESMITH BREW","6 16 OZ",,n,6,1,1025,n,,"=""4""",,,,,,n,,,,,,,
"=""812524909017""","Hanging Snacks",1,359,n,n,"SOUR MIX BELT",28g,,n,1,1,0,n,,"=""100""",,,,,,n,,,,,,,
"=""812524909024""","Hanging Snacks",1,359,n,n,"STRAWBERRY BELT",28g,,n,1,1,0,n,,"=""100""",,,,,,n,,,,,,,
"=""812643020006""","Red Wine",1,2799,n,n,"PALAZZO DELLA TORRE Italian wine 750 ml",750ml,,n,1,1,0,n,,"=""12""",,,,,,n,,,,,,,
"=""813121020167""",Juice,1,595,n,n,"PRESSED DAILY GEENS + CUCUMBER LEMON 15.2 OZ","15.2 OZ",,n,1,1,285,n,,"=""99""",,,,,,n,,,,,,,
"=""813121020198""",Juice,1,645,n,n,"Pressed Cold Pressed Ginger","15.2 oz",,n,1,1,380,n,,"=""100""",,,,,,n,,,,,,,
"=""813121020235""",Juice,1,645,n,n,"Pressed Daily Roots Ginger","15.2 oz",,n,1,1,380,n,,"=""100""",,,,,,n,,,,,,,
"=""813121020242""",Juice,1,645,n,n,"Pressed Pineapple Mint","15.2 OZ",,n,1,1,380,n,,"=""100""",,,,,,n,,,,,,,
"=""813121020396""",Juice,1,645,n,n,"Pressed Daily Citrus + Organic Turmeric 15.2oz","15.2 OZ",,n,1,1,380,n,,"=""100""",,,,,,n,,,,,,,
"=""813121020464""",Juice,1,645,n,n,"Pressed Lemon Ginger","15.2 OZ",,n,1,1,380,n,,"=""100""",,,,,,n,,,,,,,
"=""813121020631""",Juice,1,499,n,n,"PRESSED WELLNESS","2 OZ",,n,1,1,233,n,,"=""2""",,,,,,n,,,,,,,
"=""813121020648""",Juice,1,499,n,n,"PRESSED VITALITY","2 OZ",,n,1,1,233,n,,"=""6""",,,,,,n,,,,,,,
"=""813121021195""",Juice,1,499,n,n,"PRESSED PROBIOTIC","2 OZ",,n,1,1,233,n,,"=""4""",,,,,,n,,,,,,,
"=""813121021614""",Juice,1,499,n,n,"PRESSED ANTIOXIDANT","2 OZ",,n,1,1,233,n,,"=""8""",,,,,,n,,,,,,,
"=""813121023137""",Juice,1,645,n,n,"Pressed Chocolate Banana","15.2 OZ",,n,1,1,380,n,,"=""100""",,,,,,n,,,,,,,
"=""813121023144""",Juice,1,645,n,n,"Pressed Wellness Smoothie","15.2 OZ",,n,1,1,380,n,,"=""100""",,,,,,n,,,,,,,
"=""813121023151""",Juice,1,645,n,n,"Pressed Daily Citrus + Organic Turmeric 15.2oz","15.2 OZ",,n,1,1,380,n,,"=""100""",,,,,,n,,,,,,,
"=""813121023458""",Juice,1,418,n,n,"Pressed Shots Recovery Coconut Water Cherry","2 OZ",,n,1,1,230,n,,"=""12""",,,,,,n,,,,,,,
"=""813121023472""",Juice,1,510,n,n,"Pressed Recovery","2 OZ",,n,1,1,280,n,,"=""11""",,,,,,n,,,,,,,
"=""813121023700""",Juice,1,499,n,n,"PRESSDE RESET PIN APPL CID VIN GI","2 OZ",,n,1,1,233,n,,"=""10""",,,,,,n,,,,,,,
"=""813121024103""",Juice,1,645,n,n,"Pressed 100% Cold Pressed Orange","15.2 OZ",,n,1,1,380,n,,"=""100""",,,,,,n,,,,,,,
"=""813121024158""","Protein & Hydration",1,699,n,n,"PRESSED PROTEIN SMOOTHIE DARK CHOCOLATE",,,n,1,1,380,n,,"=""100""",,,,,,n,,,,,,,
"=""813121024165""","Protein & Hydration",1,699,n,n,"PRESSED PROTEN SMOOTHIE VANILLA",,,n,1,1,380,n,,"=""100""",,,,,,n,,,,,,,
"=""813121024226""",Juice,1,645,n,n,"Pressed Probiotic Lemonade Elderberry","15.2 oz",,n,1,1,380,n,,"=""100""",,,,,,n,,,,,,,
"=""813121024240""",Juice,1,645,n,n,"Pressed Mango Turmeric","15.2 OZ",,n,1,1,380,n,,"=""100""",,,,,,n,,,,,,,
"=""813121024264""",Juice,1,645,n,n,"Pressed Probiotic Lemonade Strawberry Basil","15.2 oz",,n,1,1,380,n,,"=""100""",,,,,,n,,,,,,,
"=""813121024318""",Juice,1,645,n,n,"Pressed Blackberry","15.2 OZ",,n,1,1,380,n,,"=""100""",,,,,,n,,,,,,,
"=""813121024400""",Juice,1,499,n,n,"PRESSED MULTIVITAMIN + GUT HEALTH","2 OZ",,n,1,1,233,n,,"=""2""",,,,,,n,,,,,,,
"=""813121024455""",Juice,1,645,n,n,"Pressed Cold Pressed Strawberry Orange Mango","15.2 oz",,n,1,1,380,n,,"=""100""",,,,,,n,,,,,,,
"=""813121024509""",Juice,1,645,n,n,"Pressed Blue Pineapple","15.2 OZ",,n,1,1,380,n,,"=""100""",,,,,,n,,,,,,,
"=""813121024523""",Juice,1,645,n,n,"Pressed Acai Berry","15.2 OZ",,n,1,1,380,n,,"=""100""",,,,,,n,,,,,,,
"=""813121024561""",Juice,1,499,n,n,"PRESSED SHOTS","2 OZ",,n,1,1,233,n,,"=""100""",,,,,,n,,,,,,,
"=""813497005010""","Wine General",1,3499,n,n,"Belair luxe","750 ML",,n,1,1,0,n,,"=""100""",,,,,,n,,,,,,,
"=""813497005904""","Wine General",1,2799,n,n,"Luc Belaire Rare Rose Blend (750 ml)",750ml,,n,1,1,0,n,,"=""100""",,,,,,n,,,,,,,
"=""813497006109""","Brandy & Cognac",1,4899,n,n,"BUMBU THE ORIGINAL","750 ML",,n,1,1,0,n,,"=""100""",,,,,,n,,,,,,,
"=""813497007168""",GIN,1,3999,n,n,"MCQUEEN AND THE VIOLET FOG",750ml,,n,1,1,0,n,,"=""100""",,,,,,n,,,,,,,
"=""813497007809""","Wine General",1,3599,n,n,"Luc Belaire Bleu Addition Limited (750 ml)",,,n,1,1,0,n,,"=""100""",,,,,,n,,,,,,,
"=""813636021611""","Protein & Hydration",1,699,n,n,"CSLIFIA FARMS","32 OZ",,n,5,1,356,n,,"=""8""",,,,,,n,,,,,,,
"=""813805000331""","Hanging Snacks",1,499,n,n,"EFRUTTI BUNCH OF BANANAS 3.5OZ",,,n,1,0,108,n,,"=""12""",,,,,,n,,,,,,,
"=""813805000348""",Gummy,1,299,n,n,"EFRUTTI CREAMY DREAMY STRAWBERRY 3.5OZ","3.5 oz",,n,1,1,108,n,,"=""12""",,,,,,n,,,,,,,
"=""813805000355""",Gummy,1,499,n,n,"EFRUTTI WATERMELON WEDGES 3.5OZ","3.5 oz",,n,1,1,108,n,,"=""12""",,,,,,n,,,,,,,
"=""813805000393""",Gummy,1,499,n,n,"EFRUTTI APPLE TRIO 3.5OZ","3.5 oz",,n,1,1,108,n,,"=""12""",,,,,,n,,,,,,,
"=""813805002328""",Gummy,1,499,n,n,efrutti,"2.7 oz",,n,1,1,179,n,,"=""100""",,,,,,n,,,,,,,
"=""814521011632""",ACCESSORIES,1,999,n,n,"PAMBER CHANGING KIT",,,n,1,1,0,n,,"=""100""",,,,,,n,,,,,,,
"=""814521012059""",ACCESSORIES,1,599,n,n,"TIDE TO GO","0.33 OZ",,n,1,1,288,n,,"=""100""",,,,,,n,,,,,,,
"=""814539011419""",CIGARS,1,2899,n,n,Cohiba,"=""2""",,n,1,1,1560,n,,"=""100""",,,,,,n,,,,,,,
"=""814539011464""",CIGARS,1,1899,n,n,Oliva,"=""2""",,n,1,1,996,n,,"=""100""",,,,,,n,,,,,,,
"=""814539011549""",CIGARS,1,1199,n,n,Oliva,"=""2""",,n,1,1,634,n,,"=""100""",,,,,,n,,,,,,,
"=""814539011655""",CIGARS,1,1099,n,n,"Oliva Serie G Toro",,,n,1,1,587,n,,"=""100""",,,,,,n,,,,,,,
"=""814539011679""",CIGARS,1,1199,n,n,"Rocky Patel","=""2""",,n,1,1,643,n,,"=""100""",,,,,,n,,,,,,,
"=""814539011792""",CIGARS,1,1199,n,n,"Oliva Serie O Robusto",,,n,1,1,643,n,,"=""100""",,,,,,n,,,,,,,
"=""814539011846""",CIGARS,1,1299,n,n,"Oliva Serie O Toro",,,n,1,1,672,n,,"=""100""",,,,,,n,,,,,,,
"=""814539012393""",CIGARS,1,1599,n,n,Oliva,,,n,1,1,848,n,,"=""100""",,,,,,n,,,,,,,
"=""814539012416""",CIGARS,1,1499,n,n,Cain,"=""1""",,n,1,1,775,n,,"=""100""",,,,,,n,,,,,,,
"=""814539012430""",CIGARS,1,1499,n,n,Cain,"1.00 ST",,n,1,1,791,n,,"=""100""",,,,,,n,,,,,,,
"=""814539012454""",CIGARS,1,1299,n,n,Cain,,,n,1,1,662,n,,"=""100""",,,,,,n,,,,,,,
"=""814539012478""",CIGARS,1,1199,n,n,Nub,"1.00 ST",,n,1,1,608,n,,"=""100""",,,,,,n,,,,,,,
"=""814539012492""",CIGARS,1,1299,n,n,Nub,"1.00 ST",,n,1,1,678,n,,"=""100""",,,,,,n,,,,,,,
"=""814539012515""",CIGARS,1,1399,n,n,Nub,"1.00 ST",,n,1,1,727,n,,"=""100""",,,,,,n,,,,,,,
"=""814539012539""",CIGARS,1,1399,n,n,"Oliva Connecticu",EACH,,n,1,1,728,n,,"=""100""",,,,,,n,,,,,,,
"=""814539012546""",CIGARS,1,1599,n,n,Oliva,EACH,,n,1,1,831,n,,"=""100""",,,,,,n,,,,,,,
"=""814539013239""",CIGARS,1,1799,n,n,"Avo Syncro","=""2""",,n,1,1,938,n,,"=""100""",,,,,,n,,,,,,,
"=""814539013253""",CIGARS,1,2299,n,n,"Oliva Serie V","=""2""",,n,1,1,1262,n,,"=""100""",,,,,,n,,,,,,,
"=""814539014571""",CIGARS,1,2399,n,n,"Oliva Serie V","=""2""",,n,1,1,1286,n,,"=""100""",,,,,,n,,,,,,,
"=""814539015011""",CIGARS,1,1299,n,n,"Gilberto Blanco","=""2""",,n,1,1,681,n,,"=""100""",,,,,,n,,,,,,,
"=""814539015066""",CIGARS,1,1399,n,n,Helix,"=""2""",,n,1,1,723,n,,"=""100""",,,,,,n,,,,,,,
"=""814539015295""",CIGARS,1,2099,n,n,Oliva,"=""2""",,n,1,1,1134,n,,"=""100""",,,,,,n,,,,,,,
"=""814794011957""",Whiskey,1,3499,n,n,"JEFFERSOM'S RYE","750 ML",,n,1,0,0,n,,"=""100""",,,,,,n,,,,,,,
"=""815154020008""","Energy Drinks",1,399,n,n,"NOS ENERGY DRINK 16OZ","16 oz",,n,1,1,171,n,,"=""24""",,,,,,n,,,,,,,
"=""815154020077""","Energy Drinks",1,599,n,n,"NOS High Performance Energy Drink","24 OZ",,n,1,1,308,n,,"=""9""",,,,,,n,,,,,,,
"=""815154021418""","Energy Drinks",1,399,n,n,"reign reinbow","16 oz",,n,1,1,208,n,,"=""100""",,,,,,n,,,,,,,
"=""815154021661""","Energy Drinks",1,399,n,n,"reign razzle berry",,,n,1,1,0,n,,"=""100""",,,,,,n,,,,,,,
"=""815154021906""","Energy Drinks",1,399,n,n,"Reign total body fuel orange dreamcicle","16 oz",,n,1,1,208,n,,"=""100""",,,,,,n,,,,,,,
"=""815154023269""","Energy Drinks",1,399,n,n,"REIGN WHITE GUMMY BEAR 16OZ","16 OZ",,n,1,1,208,n,,"=""100""",,,,,,n,,,,,,,
"=""815154023405""","Energy Drinks",1,399,n,n,"Reign Cherry Limeade 16oz Can","16 OZ",,n,1,1,208,n,,"=""100""",,,,,,n,,,,,,,
"=""815154024822""","Energy Drinks",1,399,n,n,"Reign tropical storem",,,n,1,0,0,n,,"=""100""",,,,,,n,,,,,,,
"=""815154025973""","Energy Drinks",1,399,n,n,"REIGN SOUR GUMMY","16 OZ",,n,1,1,208,n,,"=""100""",,,,,,n,,,,,,,
"=""815154026772""","Energy Drinks",1,399,n,n,"REIGN WHITE HAZE",,,n,1,1,208,n,,"=""100""",,,,,,n,,,,,,,
"=""815154027014""","Energy Drinks",1,499,n,n,"REIGN ENERGY WATERMELON SOUR GUMMY 16OZ","16 oz",,n,1,1,208,n,,"=""12""",,,,,,n,,,,,,,
"=""815184010178""","IPA Beer",1,2499,n,n,"delirium 4 pk","16 oz 4 pk",,n,4,1,1633,n,,"=""100""",,,,,,n,,,,,,,
"=""815184010215""","IPA Beer",1,1499,n,n,"DELIRIUM TERMENS 23.4 ML",,,n,2,1,0,n,,"=""100""",,,,,,n,,,,,,,
"=""815184010239""","IPA Beer",1,1399,n,n,"BELIRIUM NOCTURNUM 23.5 OZ",,,n,1,1,0,n,,"=""100""",,,,,,n,,,,,,,
"=""815184010413""","Import Beer",1,8999,n,n,"DELIRIUM 1.32 GAL","1.32 GAL",,n,2,2,11500,n,,"=""100""",,,,,,n,,,,,,,
"=""815197000128""",Vodka,1,2399,n,n,"Blue Ice Potato Vodka (750 ml)","750.00 ML",,n,1,1,0,n,,"=""100""",,,,,,n,,,,,,,
"=""815337015487""",CIGARS,1,1599,n,n,"Gilberto Reserve","=""2""",,n,1,1,856,n,,"=""100""",,,,,,n,,,,,,,
"=""815337015494""",CIGARS,1,1699,n,n,"Alec Bradley","=""2""",,n,1,1,910,n,,"=""100""",,,,,,n,,,,,,,
"=""815337015500""",CIGARS,1,1699,n,n,"Alec Bradley","=""2""",,n,1,1,921,n,,"=""100""",,,,,,n,,,,,,,
"=""815829010044""","Malt Beverage",1,2599,n,n,"CAYMAN JACK VARIETY PACK C24 12OZ 12","12 oz 12 pk",,n,12,1,1668,n,,"=""100""",,,,,,n,,,,,,,
"=""815829010068""","Malt Beverage",1,1399,n,n,"CAYMAN JACK MARGARITA B24 11.2OZ 6P","11.2 o 6PK",,n,6,1,870,n,,"=""100""",,,,,,n,,,,,,,
"=""815829010853""","Malt Beverage",1,499,n,n,"CAYMAN JACK MARGARITA C12 24OZ","23.5  OZ",,n,1,1,278,n,,"=""1""",,,,,,n,,,,,,,
"=""815829011119""","Malt Beverage",1,2599,n,n,"CAYMAN JACK MARGARITA C24 12OZ 12PSL","12 oz 12 pk",,n,12,1,1668,n,,"=""100""",,,,,,n,,,,,,,
"=""815829011539""","Malt Beverage",1,2499,n,n,"CAYMAN JACK MARGARITA VARIETY C24 12","12 pck",,n,1,1,1668,n,,"=""100""",,,,,,n,,,,,,,
"=""815829011751""","Malt Beverage",1,1399,n,n,"CAYMAN JACK MARGARITA ZERO SUGAR B24","11.2 oz 6 pk",,n,6,1,870,n,,"=""99""",,,,,,n,,,,,,,
"=""815829011829""","Malt Beverage",1,499,n,n,"CAYMES JACK MARGARITA","25 OZ",,n,2,0,0,n,,"=""100""",,,,,,n,,,,,,,
"=""815829011898""","Malt Beverage",1,1399,n,n,"CAYMAN JACK STRAWBERRY MARGARITA B24","6 pk 11.2 oz",,n,6,1,870,n,,"=""100""",,,,,,n,,,,,,,
"=""815829011911""","Malt Beverage",1,1399,n,n,"CAYMAN JACK PALOMA B24 11.2OZ 6P","6pk Bottles 11.2 oz",,n,6,1,870,n,,"=""100""",,,,,,n,,,,,,,
"=""815829011966""","Malt Beverage",1,2599,n,n,"CAYMAN JACK SWEET HEAT C24 12OZ 12P","12 OZ 12 pk",,n,12,1,1668,n,,"=""100""",,,,,,n,,,,,,,
"=""816130020005""",BEER,1,1199,y,n,"BEER GEEK BREAKFAST",,,n,1,1,0,n,,"=""100""",,,,,,n,,,,,,,
"=""816136021556""","Ready-to-Drink (RTD)",1,4499,n,n,"ITALICUS ROSOLIO DI BERGAMOTTO","750 ML",,n,2,0,0,n,,"=""100""",,,,,,n,,,,,,,
"=""816136023413""",Whiskey,1,3999,n,n,"DUKE BOURBON",750.ML,,n,1,1,0,n,,"=""100""",,,,,,n,,,,,,,
"=""816136023826""",Rum,1,1999,n,n,"COPALLI WHITE ORGANIC RUM","750 ML",,n,1,0,0,n,,"=""100""",,,,,,n,,,,,,,
"=""816136025349""","Pantry & Grocery Extras",1,2199,n,n,"AVALINE ROSE",,,n,1,1,0,n,,"=""100""",,,,,,n,,,,,,,
"=""816136025370""","Wine General",1,2199,n,n,"AVALINE RED WINE 750ML","750 ml",,n,1,1,1410,n,,"=""12""",,,,,,n,,,,,,,
"=""816136025806""",Rum,1,2999,n,n,"COPALLI BARREL RESTED","750 ML",,n,1,0,0,n,,"=""100""",,,,,,n,,,,,,,
"=""816493010019""","Pantry & Grocery Extras",1,300,n,n,"El Yucateco Red Chile Habanero Hot Sauce (4 oz)","4 Oz",,n,1,1,0,n,,"=""100""",,,,,,n,,,,,,,
"=""816559010991""",ACCESSORIES,1,399,n,n,"VO5 SHAMPO","15 Oz",,n,1,1,0,n,,"=""100""",,,,,,n,,,,,,,
"=""816559012872""",ACCESSORIES,1,399,n,n,"VO5 Shampoo - Herbal Escapes Free Me Freesia","12.50 Oz",,n,1,1,0,n,,"=""100""",,,,,,n,,,,,,,
"=""816559012926""",ACCESSORIES,1,399,n,n,"SHAMPOO VO5","12 oz",,n,1,1,0,n,,"=""100""",,,,,,n,,,,,,,
"=""816559017914""",ACCESSORIES,1,399,n,n,"VO5 SHAMPO",,,n,1,1,0,n,,"=""100""",,,,,,n,,,,,,,
"=""816685010339""","Red Wine",1,2999,n,n,"CHATEAU MAGNOL PORTO WINE 750 ml",750ML,,n,1,1,1941,n,,"=""1""",,,,,,n,,,,,,,
"=""816685011244""","Wine General",1,2699,n,n,"B-G M DE MAGNOL HAUT MEDOC 750ML","750 ml",,n,1,1,1750,n,,"=""12""",,,,,,n,,,,,,,
"=""816685011725""","Wine Rosé",1,1299,n,n,"LISTEL ROSE 750ML","750 ML",,n,2,1,777,n,,"=""11""",,,,,,n,,,,,,,
"=""816751020088""",Spiked,1,447,n,n,"Cutwater Spirits Spicy Bloody Mary Cans (12 oz x 4 ct)","=""1""",,n,1,1,243,n,,"=""100""",,,,,,n,,,,,,,
"=""816751020477""","Ready-to-Drink (RTD)",1,1599,n,n,"CUTWATER CKTL BL MARY SPICY20CAN4P 12Z","=""4""",,n,1,1,970,n,,"=""100""",,,,,,n,,,,,,,
"=""816751020590""","Ready-to-Drink (RTD)",1,457,n,n,"CUTWATER VODKA MULE 12OZ",,,n,1,1,0,n,,"=""100""",,,,,,n,,,,,,,
"=""816751020606""","Ready-to-Drink (RTD)",1,1599,n,n,"CUTWATER VOD MULE 14 CAN 6/4PK 12Z",,,n,1,1,1000,n,,"=""17""",,,,,,n,,,,,,,
"=""816751021184""","Ready-to-Drink (RTD)",1,457,n,n,"Cutwater Spirits Grapefruit Tequila Paloma Cocktail Can (12 oz)","12 OZ",,n,1,1,0,n,,"=""100""",,,,,,n,,,,,,,
"=""816751021207""","Ready-to-Drink (RTD)",1,1599,n,n,"CUTWATER TEQ PALOMA 14 CAN 4P 12Z","=""4""",,n,4,1,970,n,,"=""16""",,,,,,n,,,,,,,
"=""816751021214""","Ready-to-Drink (RTD)",1,457,n,n,"CUT EATER SPIRITS LIME MARGARITA",,,n,1,1,0,n,,"=""100""",,,,,,n,,,,,,,
"=""816751021238""","Ready-to-Drink (RTD)",1,1299,n,n,"Cutwater Tequila Margarita Lime 4 pk 12 oz","4 PK 12 OZ",,n,4,1,950,n,,"=""99""",,,,,,n,,,,,,,
"=""816751021542""",Rum,1,2999,n,n,"CUTWATER BALI HAI DARK RUM","750 ML",,n,2,0,0,n,,"=""100""",,,,,,n,,,,,,,
"=""816751021665""","Ready-to-Drink (RTD)",1,457,n,n,"CUTWATEER TIKI RUM MAI TAI","=""1""",,n,1,0,0,n,,"=""100""",,,,,,n,,,,,,,
"=""816751021689""","Ready-to-Drink (RTD)",1,1599,n,n,"Cutwater Tiki Rum Mai Tai Can (12 oz)","4*12 oz",,n,4,1,970,n,,"=""100""",,,,,,n,,,,,,,
"=""816751021764""","Ready-to-Drink (RTD)",1,457,n,n,"CUT WATER RUM MOJITO","12 OZ",,n,1,0,0,n,,"=""100""",,,,,,n,,,,,,,
"=""816751021788""","Ready-to-Drink (RTD)",1,1599,n,n,"CUTWATER GIN COLLINS 4-PK","4 PK 12 OZ",,n,4,1,950,n,,"=""100""",,,,,,n,,,,,,,
"=""816751021924""","Drinks & Mixers",1,899,n,n,"Cutwater Spicy Bloody Mary Bottles",,,n,1,1,0,n,,"=""100""",,,,,,n,,,,,,,
"=""816751021948""","Drinks & Mixers",1,899,n,n,"CUTWATER MILD BLOODY MARY MIX 1.0L",,,n,1,1,478,n,,"=""100""",,,,,,n,,,,,,,
"=""816751021986""","Ready-to-Drink (RTD)",1,457,n,n,"Cutwater mia tai",,,n,1,0,0,n,,"=""100""",,,,,,n,,,,,,,
"=""816751021993""",BEER,1,1538,n,n,"CUTWATER LONG ISLAND 26 CAN 6/4PK 12Z",,,n,1,1,1000,n,,"=""100""",,,,,,n,,,,,,,
"=""816751022051""","Ready-to-Drink (RTD)",1,547,n,n,"SKIMMERS ICED TEA ORIGINAL CAN 12P 720ML",,,n,1,1,341,n,,"=""100""",,,,,,n,,,,,,,
"=""816751022068""","Ready-to-Drink (RTD)",1,1599,n,n,"CUTWATER WHITE RUSSIAN 4 OK 12 OZ","4 OK 12 OZ",,n,4,1,950,n,,"=""100""",,,,,,n,,,,,,,
"=""816751022099""","Ready-to-Drink (RTD)",1,457,n,n,"CUTWATER MANGO MARGARITA","12 OZ",,n,1,0,0,n,,"=""99""",,,,,,n,,,,,,,
"=""816751022105""",Spiked,1,1599,n,n,"Cutwater Mango Margarita Cans (12 oz x 4 ct)",,,n,1,1,1000,n,,"=""100""",,,,,,n,,,,,,,
"=""816751022389""","Ready-to-Drink (RTD)",1,1492,n,n,"CUTWATER MARG PEACH 20 CAN 6/4PK 12Z",,,n,1,1,970,n,,"=""100""",,,,,,n,,,,,,,
"=""816751022440""","Ready-to-Drink (RTD)",1,459,n,n,"CUTWATER STRAWBERRY MARGARITA","12 OZ",,n,1,0,0,n,,"=""100""",,,,,,n,,,,,,,
"=""816751022457""","Ready-to-Drink (RTD)",1,1599,n,n,"CUTWATER MARG STRAWBERRY 20 6/4P 12Z",,,n,1,1,970,n,,"=""100""",,,,,,n,,,,,,,
"=""816751022471""","Ready-to-Drink (RTD)",1,457,n,n,Cutwater,,,n,1,0,0,n,,"=""100""",,,,,,n,,,,,,,
"=""816751022488""","Ready-to-Drink (RTD)",1,1599,n,n,"CUTWATER PINA COLADA 26 CAN 6/4P 12Z",,,n,4,1,970,n,,"=""100""",,,,,,n,,,,,,,
"=""816751022556""","Ready-to-Drink (RTD)",1,449,n,n,"CUTWATER VODKA TRANSFUSIAN","12 OZ",,n,1,0,0,n,,"=""100""",,,,,,n,,,,,,,
"=""816751022563""","Ready-to-Drink (RTD)",1,1555,n,n,"Cutwater Vod Transfusion14can6/4p 12Z",,,n,4,1,1000,n,,"=""16""",,,,,,n,,,,,,,
"=""816751022785""","Ready-to-Drink (RTD)",1,457,n,n,"CUTWATER PINEAPP;E MARGARITA","12 OZ",,n,1,0,0,n,,"=""99""",,,,,,n,,,,,,,
"=""816751022792""","Ready-to-Drink (RTD)",1,1599,n,n,"CUTWATER MARGARITA PINEAPPLE 4-PK 12 OZ","4 PK 12 OZ",,n,4,1,950,n,,"=""8""",,,,,,n,,,,,,,
"=""816751023539""","Ready-to-Drink (RTD)",1,3109,n,n,"Cutwater Margarita Vp","12 PK 6.8 OZ",,n,12,1,2010,n,,"=""14""",,,,,,n,,,,,,,
"=""816751023720""","Ready-to-Drink (RTD)",1,457,n,n,"CUTWATER ESPRESSO MARTINI",,,n,1,0,0,n,,"=""100""",,,,,,n,,,,,,,
"=""816751023737""","Ready-to-Drink (RTD)",1,1599,n,n,"CUTWATER ESPRESSO MARTINI 4 PK 12 OZ","4 PK 12 OZ",,n,4,1,950,n,,"=""3""",,,,,,n,,,,,,,
"=""816751023782""","Ready-to-Drink (RTD)",1,457,n,n,"CUT EATER SPIRITS LIME MARGARITA","12 oz",,n,1,1,0,n,,"=""99""",,,,,,n,,,,,,,
"=""816751023799""","Ready-to-Drink (RTD)",1,1699,n,n,"CUTWATER LEMON DROP MARTINI 4 PK 12 OZ","4 PK 12 OZ",,n,4,1,950,n,,"=""100""",,,,,,n,,,,,,,
"=""816751023874""","Ready-to-Drink (RTD)",1,457,n,n,"CUT WATER TIKI RUM HARRICANE",,,n,1,0,0,n,,"=""100""",,,,,,n,,,,,,,
"=""816751023881""","Ready-to-Drink (RTD)",1,1599,n,n,"CUTWATER TIKI RUM  HURRICANE 4-PK","4 PK 12 OZ",,n,4,1,950,n,,"=""100""",,,,,,n,,,,,,,
"=""816751023911""","Ready-to-Drink (RTD)",1,457,n,n,"cutwater whiskey sour","12 OZ",,n,1,0,0,n,,"=""100""",,,,,,n,,,,,,,
"=""816751023928""","Ready-to-Drink (RTD)",1,1599,n,n,"CUTWATER sbicy blood mary 16 CAN 6/4P 12Z",,,n,4,1,970,n,,"=""100""",,,,,,n,,,,,,,
"=""816751023959""","Ready-to-Drink (RTD)",1,457,n,n,"CUTWATER PEPPERMINT WHITE RUSSIAN",,,n,1,0,0,n,,"=""100""",,,,,,n,,,,,,,
"=""816751023966""","Ready-to-Drink (RTD)",1,1599,n,n,"CUTWATER WHITE RUSSIAN  PEPPERMINT 4PK 12 OZ","4 PK 12 OZ",,n,1,1,950,n,,"=""100""",,,,,,n,,,,,,,
"=""816751024161""","Ready-to-Drink (RTD)",1,2799,n,n,"CUT WATER","12 PL",,n,12,1,0,n,,"=""100""",,,,,,n,,,,,,,
"=""816751024215""","Ready-to-Drink (RTD)",1,457,n,n,"CUTWATER GIN COLLINS","12 OZ",,n,1,0,0,n,,"=""100""",,,,,,n,,,,,,,
"=""816751024239""","Ready-to-Drink (RTD)",1,1599,n,n,"CUTWATER GIN COLLINS 4 PK 12 OZ","4 PK 12 OZ",,n,4,1,950,n,,"=""100""",,,,,,n,,,,,,,
"=""816751024277""","Ready-to-Drink (RTD)",1,457,n,n,"CUTWATER SPICY MANGO MARGARITA","12 OZ",,n,1,0,0,n,,"=""100""",,,,,,n,,,,,,,
"=""816751024284""","Ready-to-Drink (RTD)",1,1599,n,n,"CUTWATER MARGARITA MANGO SPICY 4 PK 12 OZ","4 PK 12 OZ",,n,4,1,950,n,,"=""100""",,,,,,n,,,,,,,
"=""816751024420""","Ready-to-Drink (RTD)",1,399,n,n,"CUTWATER LONG ISLAND ICED TEA",,,n,1,1,180,n,,"=""100""",,,,,,n,,,,,,,
"=""816751024512""","Ready-to-Drink (RTD)",1,457,n,n,"CUTWATER  CHOCOLATE ESPRESSO MARTINI",,,n,1,0,0,n,,"=""99""",,,,,,n,,,,,,,
"=""816751024529""","Ready-to-Drink (RTD)",1,1499,n,n,Cutwater,,,n,4,1,0,n,,"=""18""",,,,,,n,,,,,,,
"=""816751024543""","Ready-to-Drink (RTD)",1,457,n,n,"CUTWATER  BANANA","12 OZ",,n,1,0,0,n,,"=""100""",,,,,,n,,,,,,,
"=""816751024550""","Ready-to-Drink (RTD)",1,1699,n,n,"CUT WATER BANANA MUSDSLD","4 PK 12 OZ",,n,4,1,980,n,,"=""143""",,,,,,n,,,,,,,
"=""817625010006""","Wine Rosé",1,1699,n,n,"JOEL GOTT ROSE",,,n,1,1,0,n,,"=""100""",,,,,,n,,,,,,,
"=""817625010143""","Wine General",1,1999,n,n,"JOEL GOTT PINOT NOIR",750.ML,,n,2,1,0,n,,"=""100""",,,,,,n,,,,,,,
"=""817625010181""","Red Wine",1,1499,n,n,"PALISADES RED WINE 750 ml","=""750""",,n,1,1,0,n,,"=""100""",,,,,,n,,,,,,,
"=""817673010041""",CIGARS,1,1699,n,n,Camacho,"=""2""",,n,1,1,899,n,,"=""100""",,,,,,n,,,,,,,
"=""817673010676""",CIGARS,1,2299,n,n,"My Father","=""2""",,n,1,1,1260,n,,"=""100""",,,,,,n,,,,,,,
"=""817673010737""",CIGARS,1,1799,n,n,"My Father","=""2""",,n,1,1,960,n,,"=""100""",,,,,,n,,,,,,,
"=""817673011383""",CIGARS,1,1599,n,n,"My Father","=""2""",,n,1,1,843,n,,"=""100""",,,,,,n,,,,,,,
"=""817673011628""",CIGARS,1,1599,n,n,"My Father","=""2""",,n,1,1,830,n,,"=""100""",,,,,,n,,,,,,,
"=""817673011789""",CIGARS,1,1599,n,n,"My Father","=""2""",,n,1,1,841,n,,"=""100""",,,,,,n,,,,,,,
"=""817673012021""",CIGARS,1,2299,n,n,"My Father","=""2""",,n,1,1,1260,n,,"=""100""",,,,,,n,,,,,,,
"=""817673012106""",CIGARS,1,1499,n,n,"Rocky Patel","=""2""",,n,1,1,802,n,,"=""100""",,,,,,n,,,,,,,
"=""817904000834""","IPA Beer",1,1699,n,n,"Elysian Space Dust IPA Can (19.2 oz)","6 pk",,n,6,1,1075,n,,"=""100""",,,,,,n,,,,,,,
"=""817904000865""","IPA Beer",1,2799,n,n,"ELYSIAN SPACE DUST IPA",,,n,12,1,1760,n,,"=""100""",,,,,,n,,,,,,,
"=""817904005013""","IPA Beer",1,1499,n,n,"ELYSIAN JAckail ipa","6 PK 12 OZ",,n,6,1,906,n,,"=""4""",,,,,,n,,,,,,,
"=""817904005099""","IPA Beer",1,499,n,n,"ELYSIAN JACKTAIL HAZY IPA","19.5 ML",,n,1,1,249,n,,"=""7""",,,,,,n,,,,,,,
"=""817904006829""","IPA Beer",1,2807,n,n,"Elysian Space Dust IPA","12 PK 12 OZ",,n,12,1,1820,n,,"=""100""",,,,,,n,,,,,,,
"=""817904006898""","IPA Beer",1,499,n,n,Elysian,"=""192""",,n,1,1,244,n,,"=""50""",,,,,,n,,,,,,,
"=""817904007918""","IPA Beer",1,1499,n,n,"Elysian Brewing Contact Haze IPA Cans (12 oz x 6 ct)",12oz,,n,6,1,0,n,,"=""100""",,,,,,n,,,,,,,
"=""817904009493""","IPA Beer",1,469,n,n,"ELYSIAN JUICE DUST JUICY IPA 15/19.2 CAN",19.2oz,,n,1,1,249,n,,"=""15""",,,,,,n,,,,,,,
"=""817904009813""","IPA Beer",1,1699,n,n,"ELYSIAN PHAZE DUST","6 PK 12 OZ",,n,6,1,1050,n,,"=""5""",,,,,,n,,,,,,,
"=""817904009899""","IPA Beer",1,499,n,n,"ELYSIAN PHAZE DUST","19.5 OZ",,n,1,1,244,n,,"=""9""",,,,,,n,,,,,,,
"=""818051020744""","Wine Cabernet Sauvignon",1,1999,n,n,"BREAD & BUTTER CAB",,,n,1,1,1000,n,,"=""100""",,,,,,n,,,,,,,
"=""818051021956""","White Wine",1,1599,n,n,"BREAD & BUTTER SAUV BLANC","750 ML",,n,2,1,850,n,,"=""100""",,,,,,n,,,,,,,
"=""818094000024""","Drinks & Mixers",1,299,n,n,"Rockstar Sugar Free Energy Drink (16 oz)","16.00 OZ",,n,1,1,0,n,,"=""100""",,,,,,n,,,,,,,
"=""818094000703""","Drinks & Mixers",1,299,n,n,"Rockstar Zero Carb Energy Drink Can (16 oz)","16.00 FL OZ",,n,1,1,0,n,,"=""100""",,,,,,n,,,,,,,
"=""818094003087""","Drinks & Mixers",1,227,n,n,"Rockstar Pure Zero Punch Can (16 oz)","16 Oz",,n,1,1,0,n,,"=""100""",,,,,,n,,,,,,,
"=""818094005319""","Drinks & Mixers",1,299,n,n,"Rockstar Recovery Fruit Punch Energy Drink Can (16 oz)","16 OZ",,n,1,1,0,n,,"=""100""",,,,,,n,,,,,,,
"=""818094005746""","Energy Drinks",1,319,n,n,"ROCKSTAR FRUIT PUNCH","16 OZ",,n,1,1,121,n,,"=""100""",,,,,,n,,,,,,,
"=""818094005753""","Energy Drinks",1,319,n,n,"ROCKSTAR SUGAR FREE 16OZ","16 OZ",,n,1,1,121,n,,"=""100""",,,,,,n,,,,,,,
"=""818094005760""","Energy Drinks",1,319,n,n,"ROCKSTAR ZERO CARB SUSTAIN 16 OZ","16 OZ",,n,1,1,0,n,,"=""100""",,,,,,n,,,,,,,
"=""818094005777""","Energy Drinks",1,319,n,n,"ROCKSTAR ORIGINAL","16 OZ",y,n,1,1,121,n,,"=""100""",,,,,,n,,,,,,,
"=""818094005784""","Energy Drinks",1,319,n,n,"ROCKSTAR LEMONADE","16 OZ",,n,1,1,121,n,,"=""100""",,,,,,n,,,,,,,
"=""818094005791""","Energy Drinks",1,319,n,n,"ROCKSTAR RECOVERY ORANGENADE","16 OZ",,n,1,1,122,n,,"=""100""",,,,,,n,,,,,,,
"=""818094005807""","Energy Drinks",1,319,n,n,"ROCKSTAR SILVER ICE","16 OZ",,n,1,1,121,n,,"=""100""",,,,,,n,,,,,,,
"=""818094005814""","Energy Drinks",1,319,n,n,"ROCKSTAR PURE ZERO FRUIT PUNCH","16 OZ",,n,1,1,121,n,,"=""100""",,,,,,n,,,,,,,
"=""818490010580""",BEER,1,1299,n,n,"MONTUCKY  C24 16OZ 6P",,,n,1,1,730,n,,"=""100""",,,,,,n,,,,,,,
"=""818490013734""",BEER,1,399,n,n,"MONTUCKY  C12 24OZ",,,n,1,1,220,n,,"=""100""",,,,,,n,,,,,,,
"=""818558011504""",CIGARS,1,1999,n,n,Deadwood,"=""2""",,n,1,1,1091,n,,"=""100""",,,,,,n,,,,,,,
"=""818578010044""",CIGARS,1,1799,n,n,Deadwood,"=""2""",,n,1,1,939,n,,"=""9""",,,,,,n,,,,,,,
"=""818578010693""",CIGARS,1,1899,n,n,"BLACKENED M 81 CA",,,n,1,1,939,n,,"=""9""",,,,,,n,,,,,,,
"=""818578012765""",CIGARS,1,1899,n,n,"BLACKENED LIGHT & BALANCED S 84 SHADE TO BLACK",,,n,1,1,939,n,,"=""9""",,,,,,n,,,,,,,
"=""818578013892""",CIGARS,1,1899,n,n,"JM Tobacco","=""2""",,n,1,1,1004,n,,"=""100""",,,,,,n,,,,,,,
"=""818578015339""",CIGARS,1,3699,n,n,Oliva,"=""2""",,n,1,1,2008,n,,"=""100""",,,,,,n,,,,,,,
"=""818578018521""",CIGARS,1,1699,n,n,"Casa 1910","=""2""",,n,1,1,924,n,,"=""100""",,,,,,n,,,,,,,
"=""818578019207""",CIGARS,1,1199,n,n,Blackened,"=""2""",,n,1,1,654,n,,"=""100""",,,,,,n,,,,,,,
"=""818844022351""",Tequila,1,7999,n,n,"CENTENARIO  REPOSADO","1.75 ML",,n,2,0,0,n,,"=""100""",,,,,,n,,,,,,,
"=""818844022986""","Drinks & Mixers",1,2899,n,n,"jose cuervo double strength","1.75 L",,n,2,1,1750,n,,"=""100""",,,,,,n,,,,,,,
"=""818844023136""",Tequila,1,9999,n,n,"GRAN CENTENARIO CRISTALINO ANEJO","750 ml",,n,1,1,0,n,,"=""100""",,,,,,n,,,,,,,
"=""818844023211""",Tequila,1,4299,n,n,"JAJA BLANCO","750 ML",,n,1,1,2679,n,,"=""100""",,,,,,n,,,,,,,
"=""818844023860""",Tequila,1,4999,n,n,"400 CONEJO MEZCAL","750 ML",,n,2,1,0,n,,"=""100""",,,,,,n,,,,,,,
"=""818844023877""","Spirits - Other",1,2329,n,n,"JAJA TEQUILA BLANCO 80 375ML",,,n,1,1,1514,n,,"=""100""",,,,,,n,,,,,,,
"=""818844024980""",Whiskey,1,199,n,n,"PROPER TWELVE",,,n,1,1,0,n,,"=""100""",,,,,,n,,,,,,,
"=""818844028650""","Drinks & Mixers",1,899,n,n,"jose cuervo double strength","375 ml",,n,1,1,490,n,,"=""99""",,,,,,n,,,,,,,
"=""818844029367""",Tequila,1,2399,n,n,"1800 REPOSADO HIGH PROOF","375 ML",,n,1,1,1400,n,,"=""100""",,,,,,n,,,,,,,
"=""818844029671""",Tequila,1,2199,n,n,"1800 SILVER HIGH PROOF","375 ML",,n,1,1,1300,n,,"=""100""",,,,,,n,,,,,,,
"=""819221012002""",ACCESSORIES,1,599,n,n,"PREGNACY TEST",,,n,1,1,72,n,,"=""100""",,,,,,n,,,,,,,
"=""819538005117""",BEER,1,899,y,n,"HOLY GRAIL - ALE",,,n,1,1,0,n,,"=""100""",,,,,,n,,,,,,,
"=""819588011755""",Tequila,1,11999,n,n,"DON ABRAHAM ORGANIC EXTRA ANEJO","750 ML",,n,2,1,7200,n,,"=""100""",,,,,,n,,,,,,,
"=""819837000011""","Chips - Other",1,399,n,n,"RUSTY'S CHIPS","3 OZ",,n,1,1,220,n,,"=""9""",,,,,,n,,,,,,,
"=""819837000110""","Chips - Other",1,449,n,n,"PUSTYS CHIPS",,,n,1,1,0,n,,"=""100""",,,,,,n,,,,,,,
"=""819837000158""","Chips - Other",1,799,n,n,"BACON UP BY RUSTY CHIPS SEA SALT FLAVORED","5 OZ",,n,1,1,416,n,,"=""100""",,,,,,n,,,,,,,
"=""819913011429""",Vape,1,2999,n,n,"JUUL PODS - JUUL VIRGINIA TOBA 5%  5 COUNT","5% 5 COUNT",,n,1,1,1450,n,,"=""100""",,,,,,n,,,,,,,
"=""819913011580""",Vape,1,1999,n,n,"JUUL DEVICE",,,n,1,1,0,n,,"=""100""",,,,,,n,,,,,,,
"=""819913011740""",Vape,1,2999,n,n,"JUUL PODS - JUUL VIRGINIA TOBA 3%","5 COUNT 3 %",,n,1,1,1450,n,,"=""100""",,,,,,n,,,,,,,
"=""819913012594""",Vape,1,2999,n,n,"JUUL PODS - JUUL CLASSIC MENTH","5% 5 count",,n,1,1,1450,n,,"=""100""",,,,,,n,,,,,,,
"=""819942002344""","Craft / Local Beer",1,1299,y,n,"OSKAR BLUES",,,n,1,1,0,n,,"=""100""",,,,,,n,,,,,,,
"=""819942002351""","Craft / Local Beer",1,299,y,n,"OSKAR BLUES",,,n,1,1,0,n,,"=""100""",,,,,,n,,,,,,,
"=""0820650104398""",ACCESSORIES,1,2999,n,n,"Pokémon TCG Sword & Shield / Rebel Clash Booster Packs",,,n,1,0,0,n,,"=""100""",,,,,,n,,,,,,,
"=""820650104398""",ACCESSORIES,1,2999,n,n,"Bokeymon cardsc",,,n,1,0,0,n,,"=""100""",,,,,,n,,,,,,,
"=""0820650413124""",ACCESSORIES,1,2999,n,n,"Scarlet & Violet - Surging Sparks Booster Pack",,,n,1,0,0,n,,"=""100""",,,,,,n,,,,,,,
"=""0820650808180""",ACCESSORIES,1,2999,n,n,"Sword and Shield Battle Styles Booster Pack",,,n,1,0,0,n,,"=""100""",,,,,,n,,,,,,,
"=""0820650853999""",ACCESSORIES,1,2999,n,n,"Paradox Rift Booster Pack",,,n,1,0,0,n,,"=""100""",,,,,,n,,,,,,,
"=""820650856396""",ACCESSORIES,1,2999,n,n,"Bokeymon cards",,,n,1,0,0,n,,"=""100""",,,,,,n,,,,,,,
"=""0820650859281""",ACCESSORIES,1,2999,n,n,"Surging Sparks Booster",,,n,1,0,0,n,,"=""100""",,,,,,n,,,,,,,
"=""821039860034""","Health & Wellness",1,1699,n,n,"OCEAN POTION SPF 30",,,n,1,1,845,n,,"=""100""",,,,,,n,,,,,,,
"=""821039860065""","Health & Wellness",1,1699,n,n,"OCEAN POTION SPF 50",,,n,1,1,845,n,,"=""100""",,,,,,n,,,,,,,
"=""821808011216""","General Merchandise",1,499,n,n,"TURTLE ARMBANDS",,,n,1,0,0,n,,"=""100""",,,,,,n,,,,,,,
"=""821808062331""",ACCESSORIES,1,499,n,n,"AQUA BURST",,,n,1,0,0,n,,"=""100""",,,,,,n,,,,,,,
"=""821808062409""",ACCESSORIES,1,499,n,n,ACCELERA,,,n,1,0,0,n,,"=""100""",,,,,,n,,,,,,,
"=""821808062911""",ACCESSORIES,1,399,n,n,HYDROVENTURE,,,n,1,0,0,n,,"=""100""",,,,,,n,,,,,,,
"=""821808210053""",ACCESSORIES,1,499,n,n,"HYDRO SWIM BESTWAY",,,n,1,1,0,n,,"=""100""",,,,,,n,,,,,,,
"=""821808240180""",ACCESSORIES,1,1099,n,n,"HYDRO SWIM",,,n,1,0,0,n,,"=""100""",,,,,,n,,,,,,,
"=""821808310210""","General Merchandise",1,499,n,n,"BEACH BALL",,,n,1,0,0,n,,"=""100""",,,,,,n,,,,,,,
"=""825290599634""","Iced Tea",1,345,n,n,"Pure Leaf Zero Sugar SweetTea",,,n,1,1,0,n,,"=""100""",,,,,,n,,,,,,,
"=""827680134869""",ACCESSORIES,1,299,n,n,STICKS,,,n,1,1,0,n,,"=""100""",,,,,,n,,,,,,,
"=""827680134951""",ACCESSORIES,1,399,n,n,"BBQ SKEWERS",,,n,1,1,122,n,,"=""100""",,,,,,n,,,,,,,
"=""827680235955""",ACCESSORIES,1,299,n,n,"DENTAL PICKS",,,n,1,0,0,n,,"=""100""",,,,,,n,,,,,,,
"=""827680302244""",ACCESSORIES,1,499,n,n,"4 PC CHAMPAGNE CUPS",,,n,1,0,0,n,,"=""100""",,,,,,n,,,,,,,
"=""827680345937""",ACCESSORIES,1,599,n,n,"FAMILY MAID PLAYING CARDS + 24 POKER CHIPS",,,n,1,1,149,n,,"=""100""",,,,,,n,,,,,,,
"=""827854007142""",ACCESSORIES,1,399,n,n,"AJAX LEMON","372 ML",,n,1,1,0,n,,"=""100""",,,,,,n,,,,,,,
"=""827854007470""",ACCESSORIES,1,399,n,n,"AJAX LIME","366 ML",,n,1,1,125,n,,"=""100""",,,,,,n,,,,,,,
"=""827854009504""",ACCESSORIES,1,599,n,n,"AJAX WITH BLEACH",,,n,1,1,0,n,,"=""100""",,,,,,n,,,,,,,
"=""827854014911""",ACCESSORIES,1,899,n,n,"Lavender Multi-Purpose Cleaner 28oz",,,n,1,1,0,n,,"=""100""",,,,,,n,,,,,,,
"=""828087000511""",Tequila,1,9999,n,n,"OCHO ANEJO","750 ML",,n,1,1,5700,n,,"=""100""",,,,,,n,,,,,,,
"=""829515322885""","Hanging Snacks",1,449,n,n,"VEGGIE STRAWS",,,n,1,1,211,n,,"=""99""",,,,,,n,,,,,,,
"=""829515322892""","Hanging Snacks",1,399,n,n,"Garden Veggie Straws Zesty Ranch",,,n,1,1,211,n,,"=""100""",,,,,,n,,,,,,,
"=""830795000509""","Wine General",1,1499,n,n,"CHATEAU DE BONHOSTE BORDEAX BLANC",,,n,1,1,900,n,,"=""11""",,,,,,n,,,,,,,
"=""831526000614""","White Wine",1,1999,n,n,"EMMOLO SAUVNLANC",,,n,1,1,0,n,,"=""100""",,,,,,n,,,,,,,
"=""833302009163""","Energy Drinks",1,299,n,n,"BAJA LIME MARGARITA",,,n,1,1,0,n,,"=""100""",,,,,,n,,,,,,,
"=""835143001047""","Drinks & Mixers",1,299,n,n,"Ito en Oi Ocha Green Tea Unsweetened Bottle (16.9 oz)","16.9 oz",,n,1,1,0,n,,"=""100""",,,,,,n,,,,,,,
"=""835229000001""",Shots,1,349,n,n,"ABSOLUT 50 ML.","50 ml",,n,1,1,105,n,,"=""100""",,,,,,n,,,,,,,
"=""835229000025""",Vodka,1,2031,n,n,"ABSOLUT VODKA 80 10/12PK (GLS) 50ML",,,n,1,1,1320,n,,"=""100""",,,,,,n,,,,,,,
"=""835229000100""",Vodka,1,899,n,n,"ABSOLUT VODKA 200ML","200 ml",,n,1,1,525,n,,"=""40""",,,,,,n,,,,,,,
"=""835229000209""",Vodka,1,1499,n,n,"ABSOLUT VODKA",375ml,,n,1,1,900,n,,"=""57""",,,,,,n,,,,,,,
"=""835229000308""",Vodka,1,2199,n,n,"ABSOLUT VODKA 750ML",750ml,,n,2,1,1279,n,,"=""31""",,,,,,n,,,,,,,
"=""835229000605""",Vodka,1,3899,n,n,"Absolut Country of Sweden Vodka","1.75 ML",,n,2,1,0,n,,"=""100""",,,,,,n,,,,,,,
"=""835229000711""",Vodka,1,2999,n,n,"Absolut Country of Sweden Mandarin Vodka (50 ml)","=""750""",,n,1,1,0,n,,"=""100""",,,,,,n,,,,,,,
"=""835229001008""",Shots,1,399,n,n,"ABSOLUT CITRUS 50 ML","50 ml",,n,1,1,0,n,,"=""100""",,,,,,n,,,,,,,
"=""835229001138""","Vodka - Flavored",1,2599,n,n,"Absolut Apeach (750 ml)",750ml,,n,2,1,1410,n,,"=""4""",,,,,,n,,,,,,,
"=""835229001305""","Vodka - Flavored",1,2599,n,n,"ABSOLUTE CITRON 750",750ml,,n,2,1,1410,n,,"=""4""",,,,,,n,,,,,,,
"=""835229002005""",Shots,1,399,n,n,"ABSOLUT MANDRIN 50 ML","50 ml",,n,1,1,0,n,,"=""100""",,,,,,n,,,,,,,
"=""835229002302""","Vodka - Flavored",1,2599,n,n,"ABSOLUT VOD MANDRIN 80 750ML","750 ML",,n,2,1,1410,n,,"=""2""",,,,,,n,,,,,,,
"=""835229006300""","Vodka - Flavored",1,2599,n,n,"ABSOLUT VOD VANILIA","750 ML",,n,2,1,1410,n,,"=""3""",,,,,,n,,,,,,,
"=""835229010109""",Vodka,1,2199,n,n,"ABSOLUT VODKA","750 ml",,n,1,1,0,n,,"=""100""",,,,,,n,,,,,,,
"=""835229010277""","Vodka - Flavored",1,2599,n,n,"ABSOLUT VOD LIME 80 750ML",750ml,,n,2,1,1410,n,,"=""2""",,,,,,n,,,,,,,
"=""835229011120""",Vodka,1,299,n,n,"ABSOLUT TABASCO","50 ML",,n,1,1,145,n,,"=""144""",,,,,,n,,,,,,,
"=""835229011144""",Vodka,1,2599,n,n,"ABSOLUT VODKA TAPASCO CHILL PEPPER","750 ML",,n,2,1,1620,n,,"=""100""",,,,,,n,,,,,,,
"=""836093911035""","Drinks & Mixers",1,429,n,n,"Kevita Master Brew Kombucha Raspberry Lemon Bottle (15.2 oz)",,,n,1,1,0,n,,"=""100""",,,,,,n,,,,,,,
"=""836950000100""","Wine Cabernet Sauvignon",1,1899,n,n,"DONA PAULA ESTATE CABERNET SAUVIGNON 750 ml","750.00 ML",,n,1,1,0,n,,"=""100""",,,,,,n,,,,,,,
"=""836950000391""","Red Wine",1,2199,n,n,"DONA PAULARED WINE 750 ml",,,n,1,1,0,n,,"=""3""",,,,,,n,,,,,,,
"=""836950000452""","Red Wine",1,2199,n,n,"DONA PAULA MALBEC","750 ml",,n,1,1,0,n,,"=""100""",,,,,,n,,,,,,,
"=""837654070222""",BEER,1,1999,y,n,"JUICED GOSE ALE",,,n,1,1,0,n,,"=""100""",,,,,,n,,,,,,,
"=""839728006939""","Wine Cabernet Sauvignon",1,4999,n,n,"Globerati:Cabernet Sauvignon","750.00 ML",,n,1,1,0,n,,"=""100""",,,,,,n,,,,,,,
"=""839743002886""","Wine General",1,1099,n,n,"YELLOW TAIL PINOT GRIGIO","1.5 ML",,n,2,1,500,n,,"=""6""",,,,,,n,,,,,,,
"=""840045207688""",Pouches,1,499,n,n,"Rogue Original 3 mg","3 mg",,n,1,0,0,n,,"=""100""",,,,,,n,,,,,,,
"=""840045207718""",Pouches,1,499,n,n,"ROGUE 6 mg Original","6  mg",,n,1,1,0,n,,"=""100""",,,,,,n,,,,,,,
"=""840045208463""",Pouches,1,499,n,n,"Rogue 3 mg Smooth","3 mg",,n,1,0,0,n,,"=""100""",,,,,,n,,,,,,,
"=""840045208487""",Pouches,1,499,n,n,"Rogue 6 mg Smooth","6 mg",,n,1,0,0,n,,"=""100""",,,,,,n,,,,,,,
"=""840045216123""",Pouches,10,499,n,n,"Rogue 3 mg Bold","3 mg",,n,1,0,0,n,,"=""100""",,,,,,n,,,,,,,
"=""840045218134""",Pouches,1,499,n,n,"Rogue 6 mg Bold","6 mg",,n,1,0,0,n,,"=""100""",,,,,,n,,,,,,,
"=""840048202963""",Vape,1,2999,n,n,"JUUL PODS - JUUL VIRGINIA TOBA 5% 5 C OUNT","5% 5 COUNT",,n,1,1,1450,n,,"=""100""",,,,,,n,,,,,,,
"=""840095710015""",Pouches,1,999,n,n,"ON PLUS 6 MG",,,n,1,1,500,n,,"=""100""",,,,,,n,,,,,,,
"=""840095710107""",Pouches,1,999,n,n,"ON PLUS 9 MG",,,n,1,1,500,n,,"=""100""",,,,,,n,,,,,,,
"=""840150513933""",ACCESSORIES,1,199,n,n,"ESSINTIAL TOWELS 4ct",,,n,1,1,0,n,,"=""100""",,,,,,n,,,,,,,
"=""840158616889""",Pouches,1,999,n,n,"ALP Pouches Classic 3 MG","3 MG",,n,1,1,500,n,,"=""100""",,,,,,n,,,,,,,
"=""840158616919""",Pouches,1,999,n,n,"ALP Pouches Classic 6 MG","6 MG",,n,1,1,500,n,,"=""100""",,,,,,n,,,,,,,
"=""840158616940""",Pouches,1,999,n,n,"ALP Pouches Classic","9 mg",,n,1,1,500,n,,"=""100""",,,,,,n,,,,,,,
"=""840158617305""",Pouches,1,999,n,n,"CAFFEINE BREAK COFFEE BREAK CLASSIC",,,n,1,1,421,n,,"=""100""",,,,,,n,,,,,,,
"=""840158619033""",Pouches,1,999,n,n,"ALP CAFFEINE Pouches BLACK CHERRY","BLACK CHERRY",,n,1,1,421,n,,"=""100""",,,,,,n,,,,,,,
"=""840158619064""",Pouches,1,999,n,n,"CAFFEINE BREAK WITER GREEN",,,n,1,1,421,n,,"=""100""",,,,,,n,,,,,,,
"=""840158619095""",ACCESSORIES,1,999,n,n,ALP,50mg,,n,1,0,0,n,,"=""100""",,,,,,n,,,,,,,
"=""840166600047""","IPA Beer",1,1499,n,n,"BALLAST POINT SCULPIN","6 pk",,n,6,1,970,n,,"=""100""",,,,,,n,,,,,,,
"=""840166600122""","IPA Beer",1,1499,n,n,"BALLAST POINT GRAPEFRUIT 6 PK 12 OZ","6 PK 12 OZ",,n,6,1,970,n,,"=""99""",,,,,,n,,,,,,,
"=""840166600184""","IPA Beer",1,1499,n,n,"BALLAST POINT SCULPIN ALOHA",,,n,6,1,906,n,,"=""100""",,,,,,n,,,,,,,
"=""840166601709""","Craft / Local Beer",1,499,n,n,"BSLLAST POINT SCULPIN","19.5 OZ",,n,1,1,263,n,,"=""100""",,,,,,n,,,,,,,
"=""840166660041""","IPA Beer",1,1499,n,n,"BALLAST POINT SCULPIN IPA PINEAPPLE",12oz,,n,1,1,800,n,,"=""100""",,,,,,n,,,,,,,
"=""840166660102""","IPA Beer",1,1499,n,n,"BALLAST POINT IMPERIAL SCULPIN C24 1","6 pk 12 oz",,n,6,1,906,n,,"=""100""",,,,,,n,,,,,,,
"=""840166660126""","Craft / Local Beer",1,499,n,n,"BALLAST POINT SCULPIN","19.5 OZ",,n,1,1,263,n,,"=""9""",,,,,,n,,,,,,,
"=""840170618380""",Pouches,1,999,n,n,"Velo Smooth 6 mg","6 mg",,n,1,1,550,n,,"=""100""",,,,,,n,,,,,,,
"=""840170618410""",Pouches,1,999,n,n,"Velo Smooth 9 mg","9 mg",,n,1,1,550,n,,"=""100""",,,,,,n,,,,,,,
"=""840170618687""",Pouches,1,999,n,n,"Velo Smooth 3 mg","e mg",,n,1,1,550,n,,"=""100""",,,,,,n,,,,,,,
"=""840204578031""",ACCESSORIES,1,399,n,n,"AIM DENTAL FLOSS","60 CT",,n,1,1,133,n,,"=""100""",,,,,,n,,,,,,,
"=""840229300372""","Protein Bars",1,399,n,n,"BUILT PUFF COCONUT",,,n,1,1,195,n,,"=""100""",,,,,,n,,,,,,,
"=""840229303335""","Protein Bars",1,399,n,n,"BUILT PUFF PROTEIN BAR CHUNKY",,,n,1,1,217,n,,"=""99""",,,,,,n,,,,,,,
"=""840229303625""","Protein Bars",1,399,n,n,"BUILT PROTEIN BARS",,,n,1,1,217,n,,"=""100""",,,,,,n,,,,,,,
"=""840229305933""","Protein Bars",1,399,n,n,"BUILT PROTEIN BARS",,,n,1,1,171,n,,"=""100""",,,,,,n,,,,,,,
"=""840245600418""","Malt Beverage",1,499,n,n,"JACK DANIELS C BOLDER BOLDER DOWNHOM","23.5 OZ",,n,1,1,273,n,,"=""100""",,,,,,n,,,,,,,
"=""840245600425""","Non-Alcoholic Beer & Wine",1,419,n,n,"JACK DANIELS C BOLDER BOLDER SOUTHER",,,n,1,1,273,n,,"=""100""",,,,,,n,,,,,,,
"=""840262400015""","Malt Beverage",1,499,n,n,"MTN DEW ZERO SUGAR","25 oz",,n,2,1,0,n,,"=""100""",,,,,,n,,,,,,,
"=""840262400077""","Malt Beverage",1,499,n,n,"MTN DEW MALT BAV",,,n,2,0,0,n,,"=""100""",,,,,,n,,,,,,,
"=""840538105170""","BEEF JERKY",1,1699,n,n,"WICKED JERKY zOMBIES 1 oz","1 oz",,n,1,0,0,n,,"=""100""",,,,,,n,,,,,,,
"=""840929015262""",ACCESSORIES,1,599,n,n,"birthday candles",,,n,1,1,65,n,,"=""100""",,,,,,n,,,,,,,
"=""840929015620""",ACCESSORIES,1,399,n,n,"birthday candles",,,n,1,1,79,n,,"=""100""",,,,,,n,,,,,,,
"=""840929016351""",ACCESSORIES,1,399,n,n,"party cups","16 oz 12 ct",,n,1,1,79,n,,"=""100""",,,,,,n,,,,,,,
"=""840929016375""",ACCESSORIES,1,399,n,n,"party cups black","16 oz 12 ct",,n,1,1,79,n,,"=""100""",,,,,,n,,,,,,,
"=""840929049229""",ACCESSORIES,1,299,n,n,"Imperial plastic cups","=""15""",,n,1,1,0,n,,"=""100""",,,,,,n,,,,,,,
"=""840929049342""",ACCESSORIES,1,499,n,n,"PARTY SHOTS 20 PC",,,n,1,1,0,n,,"=""100""",,,,,,n,,,,,,,
"=""840929054469""",ACCESSORIES,1,299,n,n,"Party Balkoons",,,n,1,1,65,n,,"=""100""",,,,,,n,,,,,,,
"=""840929054551""",ACCESSORIES,1,399,n,n,"Balloons party",,,n,1,1,65,n,,"=""100""",,,,,,n,,,,,,,
"=""840929055886""",ACCESSORIES,1,299,n,n,"MINI PARTY CUP","24 PC",,n,1,1,0,n,,"=""100""",,,,,,n,,,,,,,
"=""842595106572""","Energy Drinks",1,399,n,n,"C4 STRWBERRY",,,n,1,1,184,n,,"=""100""",,,,,,n,,,,,,,
"=""842595106596""","Energy Drinks",1,399,n,n,"C4 FROZEN BOMBSICL",,,n,1,1,184,n,,"=""100""",,,,,,n,,,,,,,
"=""842595121759""","Energy Drinks",1,399,n,n,"C4 STRABERRY BLAST","16 OZ",,n,1,1,204,n,,"=""100""",,,,,,n,,,,,,,
"=""842595121766""","Energy Drinks",1,399,n,n,"C4 COSMIC RAINBOW",,,n,1,1,184,n,,"=""100""",,,,,,n,,,,,,,
"=""842595133608""","Energy Drinks",1,399,n,n,c4,,,n,1,1,184,n,,"=""100""",,,,,,n,,,,,,,
"=""842595134964""","Energy Drinks",1,399,n,n,"C 4 PRF JR WATERMELON","16 OZ",,n,1,1,204,n,,"=""100""",,,,,,n,,,,,,,
"=""842595134971""","Energy Drinks",1,399,n,n,"C 4 GREEN APPLE",,,n,1,1,184,n,,"=""100""",,,,,,n,,,,,,,
"=""842595135077""","Energy Drinks",1,349,n,n,"Bloom peach mango",,,n,1,0,0,n,,"=""100""",,,,,,n,,,,,,,
"=""842595135084""","Energy Drinks",1,349,n,n,"BLOOM RASPBERRY LEMON","12 OZ",,n,1,1,100,n,,"=""100""",,,,,,n,,,,,,,
"=""842595135091""","Energy Drinks",1,349,n,n,BLOOM,,,n,1,1,183,n,,"=""100""",,,,,,n,,,,,,,
"=""842595135534""","Energy Drinks",1,399,n,n,"C4 ULTIMATE ENERGY",,,n,1,1,184,n,,"=""100""",,,,,,n,,,,,,,
"=""842595135558""","Energy Drinks",1,399,n,n,"ALUM CAN LS","16 OZ",,n,1,1,216,n,,"=""1""",,,,,,n,,,,,,,
"=""842595136616""","Energy Drinks",1,299,n,n,"BLOOM JUICY ORANGE","12 OZ",,n,1,1,100,n,,"=""100""",,,,,,n,,,,,,,
"=""842595139266""","Energy Drinks",1,399,n,n,C4,16oz,,n,1,1,184,n,,"=""100""",,,,,,n,,,,,,,
"=""842595139310""","Energy Drinks",1,399,n,n,"C 4 PRF MNGFGO","16 OZ",,n,1,1,184,n,,"=""100""",,,,,,n,,,,,,,
"=""843182100096""",CIGARS,1,2299,n,n,"Arturo Fuente","=""2""",,n,1,1,1265,n,,"=""100""",,,,,,n,,,,,,,
"=""843182100577""",CIGARS,1,2299,n,n,"Liga Privada","=""2""",,n,1,1,1242,n,,"=""100""",,,,,,n,,,,,,,
"=""843182100607""",CIGARS,1,2299,n,n,"Arturo Fuente","=""2""",,n,1,1,1242,n,,"=""100""",,,,,,n,,,,,,,
"=""843182100980""",CIGARS,1,2299,n,n,"A FUENTE CUBAN CORONA MD",,,n,1,1,0,n,,"=""100""",,,,,,n,,,,,,,
"=""843182101116""",CIGARS,1,1299,n,n,"Arturo Fuente","=""2""",,n,1,1,676,n,,"=""100""",,,,,,n,,,,,,,
"=""843182101130""",CIGARS,1,1299,n,n,"Arturo Fuente","=""2""",,n,1,1,676,n,,"=""100""",,,,,,n,,,,,,,
"=""843182101307""",CIGARS,1,2699,n,n,"Arturo Fuente","=""2""",,n,1,1,1457,n,,"=""100""",,,,,,n,,,,,,,
"=""843182101338""",CIGARS,1,2699,n,n,"Arturo Fuente","=""2""",,n,1,1,1457,n,,"=""100""",,,,,,n,,,,,,,
"=""843182122548""",CIGARS,1,2099,n,n,"Arturo Fuente","=""2""",,n,1,1,1132,n,,"=""100""",,,,,,n,,,,,,,
"=""843562128849""","Protein Bars",1,499,n,n,"BROWNIE CINNAMON ROLL",,,n,1,1,241,n,,"=""100""",,,,,,n,,,,,,,
"=""843562128863""","Protein Bars",1,499,n,n,"BROWNIE GLAZED DONUT",,,n,1,1,241,n,,"=""100""",,,,,,n,,,,,,,
"=""843562128955""","Protein Bars",1,499,n,n,"BROWNIE COOKIE DOUGH",,,n,1,1,250,n,,"=""99""",,,,,,n,,,,,,,
"=""843562130347""","Protein Bars",1,499,n,n,"BROWNIE COOKIE MONSTER",,,n,1,1,241,n,,"=""100""",,,,,,n,,,,,,,
"=""844483090055""","Hard Seltzer",1,1299,n,n,"SUNTORY NA","11.8 OZ 6 PK",,n,6,1,833,n,,"=""4""",,,,,,n,,,,,,,
"=""844483090109""","Hard Seltzer",1,1399,n,n,"MARUHI MALT RTD TRADITIONAL CITRUS","6 PK 12 OZ",,n,6,1,868,n,,"=""4""",,,,,,n,,,,,,,
"=""844483090123""",BEER,1,499,n,n,"Suntory maru hi","24  OZ",,n,2,1,289,n,,"=""100""",,,,,,n,,,,,,,
"=""844483090130""","Spirits - Other",1,427,n,n,"MARUHI MALT RTD TRADITIONAL CITRUS C",,,n,1,1,278,n,,"=""100""",,,,,,n,,,,,,,
"=""844483090154""","Ready-to-Drink (RTD)",1,1399,n,n,"MARUHI MALT RTD","6 PK 12 OZ",,n,6,1,868,n,,"=""4""",,,,,,n,,,,,,,
"=""844483090192""","Ready-to-Drink (RTD)",1,1399,n,n,"MARUHI MALT RTD","6 PK 12 OZ",,n,6,1,868,n,,"=""4""",,,,,,n,,,,,,,
"=""844483090208""",BEER,1,2599,n,n,"MARUHI MALT RTD VARIETY C24 12OZ 12P","12 PK 12 OZ",,n,12,1,1665,n,,"=""100""",,,,,,n,,,,,,,
"=""844504001503""",Cigarettes,1,740,n,n,"SENECA FULL FLAVOR 100's","20 ct",,n,1,1,0,n,,"=""100""",,,,,,n,,,,,,,
"=""846261000119""",CIGARS,1,1399,n,n,"Rocky Patel","=""2""",,n,1,1,743,n,,"=""100""",,,,,,n,,,,,,,
"=""846261000393""",CIGARS,1,1399,n,n,"Rocky Patel","=""2""",,n,1,1,743,n,,"=""100""",,,,,,n,,,,,,,
"=""846261000423""",CIGARS,1,1399,n,n,Gurkha,"=""2""",,n,1,1,743,n,,"=""100""",,,,,,n,,,,,,,
"=""846261000560""",CIGARS,1,1399,n,n,"La Aurora","=""2""",,n,1,1,743,n,,"=""100""",,,,,,n,,,,,,,
"=""846261000744""",CIGARS,1,1399,n,n,"Rocky Patel","=""2""",,n,1,1,743,n,,"=""100""",,,,,,n,,,,,,,
"=""846261000782""",CIGARS,1,1199,n,n,"Rocky Patel","=""2""",,n,1,1,625,n,,"=""100""",,,,,,n,,,,,,,
"=""846261000928""",CIGARS,1,1199,n,n,Macanudo,"=""2""",,n,1,1,641,n,,"=""100""",,,,,,n,,,,,,,
"=""846261002694""",CIGARS,1,1999,n,n,"La Gloria Cubana",EACH,,n,1,1,1080,n,,"=""100""",,,,,,n,,,,,,,
"=""846261002717""",CIGARS,1,1699,n,n,"Rocky Patel Vintage Toro 1990",CIGAR,,n,1,1,900,n,,"=""100""",,,,,,n,,,,,,,
"=""846261002731""",CIGARS,1,1699,n,n,"Rocky Patel Vintage Toro 1992",,,n,1,1,900,n,,"=""100""",,,,,,n,,,,,,,
"=""846261002755""",CIGARS,1,1699,n,n,"Rocky Patel Vintage Toro 1999",,,n,1,1,900,n,,"=""100""",,,,,,n,,,,,,,
"=""846261003615""",CIGARS,1,1699,n,n,"Rocky Patel Sungrown Toro",,,n,1,1,900,n,,"=""100""",,,,,,n,,,,,,,
"=""846261007484""",CIGARS,1,1999,n,n,"Rocky Patel Fifteenth Anniversary",,,n,1,1,1080,n,,"=""100""",,,,,,n,,,,,,,
"=""846261012426""",CIGARS,1,1799,n,n,"Rocky Patel Royale Toro",EACH,,n,1,1,950,n,,"=""100""",,,,,,n,,,,,,,
"=""846261014864""",CIGARS,1,2799,n,n,"Monte Cristo","=""2""",,n,1,1,1512,n,,"=""100""",,,,,,n,,,,,,,
"=""846261025600""",CIGARS,1,1399,n,n,"Rocky Patel","=""2""",,n,1,1,743,n,,"=""100""",,,,,,n,,,,,,,
"=""848375004564""","Wine Small Sizes",1,599,n,n,"HOUSE WINE CHARDONNAY","355 ml",,n,1,1,349,n,,"=""100""",,,,,,n,,,,,,,
"=""848375004649""","Wine Small Sizes",1,599,n,n,"HOUSE WINE ROSE","355 ml",,n,1,1,354,n,,"=""100""",,,,,,n,,,,,,,
"=""848375004991""","Wine Small Sizes",1,599,n,n,"HOUSE WINE ROSE BUBBLES","12 oz",,n,1,1,349,n,,"=""100""",,,,,,n,,,,,,,
"=""848375005004""","Wine Small Sizes",1,599,n,n,"HOUSE WINE SUVIGNON BLANC","355 ml",,n,1,1,349,n,,"=""20""",,,,,,n,,,,,,,
"=""848375005141""","Wine Small Sizes",1,599,n,n,"HOUSE WINE Brut Bubbles","355 ml",,n,1,1,349,n,,"=""100""",,,,,,n,,,,,,,
"=""849205032016""",Vape,1,2999,n,n,"Vuseal tocl 2 pcs",,,n,1,1,1500,n,,"=""100""",,,,,,n,,,,,,,
"=""849205032160""",ACCESSORIES,1,2999,n,n,"VUSE ALLINONE KIT","=""1""",,n,1,0,0,n,,"=""100""",,,,,,n,,,,,,,
"=""849607070821""",ACCESSORIES,1,299,n,n,"VAPOR INHALER MENTHOL",,,n,1,0,0,n,,"=""100""",,,,,,n,,,,,,,
"=""849806000957""","Malt Beverage",1,499,n,n,"Four Loko Sour Apple Beer Can (23.5 oz)","23.5 Oz",,n,1,1,285,n,,"=""15""",,,,,,n,,,,,,,
"=""849806001169""","Malt Beverage",1,499,n,n,"Four Loko Gold Can (23.5 oz)","23.5 Oz",,n,1,1,285,n,,"=""25""",,,,,,n,,,,,,,
"=""849806004726""","Malt Beverage",1,479,n,n,"FOUR LOO",,,n,1,1,285,n,,"=""19""",,,,,,n,,,,,,,
"=""849806004948""","Malt Beverage",1,449,n,n,"FOUR LOKO ABV13.9 SOUR GALACTIC PUNC","24 oz",,n,2,1,285,n,,"=""23""",,,,,,n,,,,,,,
"=""849806005457""","Malt Beverage",1,499,n,n,"FOUR LOKO ABV14 JUNGLE JUICE C12 23.","23.5 oz",,n,1,1,285,n,,"=""34""",,,,,,n,,,,,,,
"=""849806005822""","Malt Beverage",1,469,n,n,"Camo  four loko","24 oz",,n,2,1,0,n,,"=""18""",,,,,,n,,,,,,,
"=""849806006362""","Malt Beverage",1,479,n,n,"Four loko",,,n,2,1,285,n,,"=""2""",,,,,,n,,,,,,,
"=""850000000100""",Vodka,1,899,n,n,"Absolut Vodka","200 ml",,n,1,1,0,n,,"=""100""",,,,,,n,,,,,,,
"=""850000230231""","Wine General",1,469,n,n,"Recess Black Cherry NA CBD 12oz 1/12 Cans",,,n,1,1,305,n,,"=""100""",,,,,,n,,,,,,,
"=""850000406322""","Craft / Local Beer",1,1367,n,n,"COR SALTY- 4/6 12OZ CAN","6 PK 12 OZ",,n,6,1,889,n,,"=""100""",,,,,,n,,,,,,,
"=""850000406773""",BEER,1,549,n,n,"Salty Crew Blonde Ale","19.2 oz",,n,1,1,242,n,,"=""12""",,,,,,n,,,,,,,
"=""850000406803""","IPA Beer",1,449,n,n,"COR WKNDVB 12/1 19.2OZ CAN","91.2 OZ",,n,1,1,273,n,,"=""17""",,,,,,n,,,,,,,
"=""850000406827""","IPA Beer",1,2499,n,n,"COR WEEKEND BIBES WC IPA","12 PK",,n,12,1,1610,n,,"=""100""",,,,,,n,,,,,,,
"=""850000406919""","Wine General",1,1731,n,n,"COR ALOHA- 4/6 16OZ CAN",,,n,1,1,1125,n,,"=""100""",,,,,,n,,,,,,,
"=""850000406957""","IPA Beer",1,1799,n,n,"CORONADO HAZY IPA","16 OZ 6 PCK",,n,6,1,1050,n,,"=""100""",,,,,,n,,,,,,,
"=""850000406971""","IPA Beer",1,1799,n,n,"CORONADO EL SEGUNDO WEST COAST IPA","16 OZ 4 PCK",,n,4,1,1117,n,,"=""100""",,,,,,n,,,,,,,
"=""850000429086""","Protein Bars",1,449,n,n,"BAREBELLS COOKIES AND CREAM",,,n,1,1,217,n,,"=""100""",,,,,,n,,,,,,,
"=""850000429093""","Protein Bars",1,499,n,n,"BAREELLS CARAMEL CASHEW",,,n,1,1,213,n,,"=""100""",,,,,,n,,,,,,,
"=""850000429109""","Protein Bars",1,449,n,n,"Barebell white chocolate almond",,,n,1,1,212,n,,"=""100""",,,,,,n,,,,,,,
"=""850000429116""","Protein Bars",1,449,n,n,"Barebells Cookies and Cream",,,n,1,1,225,n,,"=""100""",,,,,,n,,,,,,,
"=""850000429260""","Protein Bars",1,449,n,n,"BAREBELLS CHOCOLATE DOUGH",,,n,1,1,213,n,,"=""100""",,,,,,n,,,,,,,
"=""850000429413""","Protein Bars",1,449,n,n,"BAREBELLS COOKIES AND CREAM",1.94oz,,n,1,1,217,n,,"=""100""",,,,,,n,,,,,,,
"=""850000429499""","Energy Drinks",1,399,n,n,"NOCCO BCAA BLOOD ORANGE","12 OZ",,n,1,1,160,n,,"=""1""",,,,,,n,,,,,,,
"=""850001901116""",Whiskey,1,6999,n,n,"WHISTLE PIG RYE 6 YEARS","750 ML",,n,2,0,0,n,,"=""100""",,,,,,n,,,,,,,
"=""850001901154""",Whiskey,1,49999,n,n,"WHISTLE PIG 18 YEARS","750 ML",,n,2,1,29333,n,,"=""100""",,,,,,n,,,,,,,
"=""850001901871""","Wine General",1,106169,n,n,"WHISTLEPIG WSKY SM BEHOLDEN 21Y 92 750ML",,,n,1,1,69010,n,,"=""100""",,,,,,n,,,,,,,
"=""850001974004""","Ice Cream",1,487,n,n,"Yasso Mint Chocolate Chip",,,n,1,1,270,n,,"=""100""",,,,,,n,,,,,,,
"=""850002396720""","IPA Beer",1,499,n,n,"GUAVA POINT IPA","19.2 OZ",,n,1,0,0,n,,"=""4""",,,,,,n,,,,,,,
"=""850002951561""",ACCESSORIES,1,399,n,n,"Minions tissues",,,n,1,0,0,n,,"=""100""",,,,,,n,,,,,,,
"=""850003023700""",Water,1,599,n,n,"HARMLESS SMOOTHIE","11 OZ",,n,1,1,296,n,,"=""100""",,,,,,n,,,,,,,
"=""850003023717""",Juice,1,594,n,n,"COLD PRESSED GINGER","15.2 oz",,n,1,1,296,n,,"=""100""",,,,,,n,,,,,,,
"=""850003347646""","Scotch Whisky",1,174,n,n,"HOWLER HEAD","50 ML",,n,1,1,73,n,,"=""100""",,,,,,n,,,,,,,
"=""850003347653""",Whiskey,1,2999,n,n,"HOWLER HEAD BANANA WHISKEY","750 ML",,n,2,0,0,n,,"=""100""",,,,,,n,,,,,,,
"=""850003799001""","Ready-to-Drink (RTD)",1,599,n,n,"TIP TOP OLD FASHIONED","100 ML",,n,1,1,350,n,,"=""100""",,,,,,n,,,,,,,
"=""850003799193""","Ready-to-Drink (RTD)",1,499,n,n,"BEES KNEES GIN LEMON HONEY","100 ML",,n,1,0,0,n,,"=""100""",,,,,,n,,,,,,,
"=""850003799490""","Ready-to-Drink (RTD)",1,2299,n,n,"OLD FASHIONED WHISKEY SUGAR BITTERS","4 PK",,n,4,1,1400,n,,"=""100""",,,,,,n,,,,,,,
"=""850003799711""","Ready-to-Drink (RTD)",1,599,n,n,"TIP TOP MAI LAI","100 ML",,n,1,1,350,n,,"=""100""",,,,,,n,,,,,,,
"=""850003799728""","Ready-to-Drink (RTD)",1,2299,n,n,"TIP TOP MAI TAI","4 PK",,n,1,1,1400,n,,"=""100""",,,,,,n,,,,,,,
"=""850003799865""","Ready-to-Drink (RTD)",1,599,n,n,"TIP TOP COSMOPOLITAN","100 ML",,n,1,1,350,n,,"=""100""",,,,,,n,,,,,,,
"=""850003799872""","Ready-to-Drink (RTD)",1,2299,n,n,"TIP TOP COSMOPOLITAN","4 PK",,n,1,1,1400,n,,"=""100""",,,,,,n,,,,,,,
"=""850004572122""","IPA Beer",1,1499,y,n,"CITRA EXTRA IPA",,,n,1,1,0,n,,"=""100""",,,,,,n,,,,,,,
"=""850004695005""","Health & Wellness",1,499,n,n,"WYLD CBD RASPBERRY",,,n,1,0,0,n,,"=""100""",,,,,,n,,,,,,,
"=""850004695012""","Health & Wellness",1,499,n,n,"WYLD CBD LEMON",,,n,1,1,0,n,,"=""100""",,,,,,n,,,,,,,
"=""850004695029""","Health & Wellness",1,499,n,n,"WYLD CBD BLACK BERRY",,,n,1,0,0,n,,"=""99""",,,,,,n,,,,,,,
"=""850004695036""","Health & Wellness",1,499,n,n,"WYLD CBD BLOOD ORANGE",,,n,1,0,0,n,,"=""100""",,,,,,n,,,,,,,
"=""850004695814""","Health & Wellness",1,999,n,n,"WYLD CBD BLACKBERRY",,,n,1,1,0,n,,"=""100""",,,,,,n,,,,,,,
"=""850004710548""",ACCESSORIES,1,599,n,n,"RM ORAL toothbrushers",,,n,1,1,75,n,,"=""100""",,,,,,n,,,,,,,
"=""850004884676""","Energy Drinks",1,349,n,n,"LOTUS PLANT PINK","12 oz",,n,1,0,0,n,,"=""100""",,,,,,n,,,,,,,
"=""850004884683""","Energy Drinks",1,349,n,n,"LOTUS BLUE","12 OZ",,n,1,0,0,n,,"=""100""",,,,,,n,,,,,,,
"=""850004884706""","Energy Drinks",1,349,n,n,"LOTUS  PURPLE","12 OZ",,n,1,0,0,n,,"=""100""",,,,,,n,,,,,,,
"=""850004884713""","Energy Drinks",1,349,n,n,"LOTUS PLANT  RED","12 OZ",,n,1,0,0,n,,"=""100""",,,,,,n,,,,,,,
"=""850005002123""","Spirits - Other",1,4206,n,n,"CASA DRAGONES TEQ BLANCO 80 375ML",,,n,1,1,2734,n,,"=""100""",,,,,,n,,,,,,,
"=""850005002161""",Tequila,1,19999,n,n,"CASA DRAGON ANEJO","750 ML",,n,1,1,12810,n,,"=""100""",,,,,,n,,,,,,,
"=""850005002215""",Tequila,1,18599,n,n,"CASA DRAGONES REPO","750 ML",,n,1,1,0,n,,"=""100""",,,,,,n,,,,,,,
"=""850005389002""","Ready-to-Drink (RTD)",1,1999,n,n,"RITUAL GIN ALTERNATIVE ZERO PROOF","750 ML",,n,2,0,0,n,,"=""100""",,,,,,n,,,,,,,
"=""850005389026""","Ready-to-Drink (RTD)",1,1999,n,n,"RITUAL ZERO PROOF WHISKEY ALTRNATIVE","750 ML",,n,2,0,0,n,,"=""100""",,,,,,n,,,,,,,
"=""850005389057""","Ready-to-Drink (RTD)",1,1999,n,n,"RITUAL ZERO PROOF TEQUILA ALTERNATIVE","750 ML",,n,2,0,0,n,,"=""100""",,,,,,n,,,,,,,
"=""850006399000""","Health & Wellness",1,449,n,n,"DAYTRIP CBD LEMON LIME","12 OZ",,n,1,1,0,n,,"=""100""",,,,,,n,,,,,,,
"=""850006399017""","Health & Wellness",1,449,n,n,"DAYTRIP COCONUT PINEAPPLE","12 OZ",,n,1,1,0,n,,"=""100""",,,,,,n,,,,,,,
"=""850006399024""","Health & Wellness",1,449,n,n,"DAYTRIP TANGERINE","12 OZ",,n,1,1,0,n,,"=""100""",,,,,,n,,,,,,,
"=""850006399529""","Health & Wellness",1,449,n,n,"DAYTRIP BLACKBERRY","12 OZ",,n,1,1,0,n,,"=""100""",,,,,,n,,,,,,,
"=""850006399543""","Health & Wellness",1,449,n,n,"DAYTRIP CBD GRAPEFRUIT","12 OZ",,n,1,1,0,n,,"=""100""",,,,,,n,,,,,,,
"=""850006399833""","Iced Tea",1,394,n,n,"Daytrip Pacific Peach Organic Yerba Mate","16 OZ",,n,1,1,221,n,,"=""10""",,,,,,n,,,,,,,
"=""850006399840""","Iced Tea",1,394,n,n,"Daytrip Raspberry Rush Organic Yerba Mate","16 OZ",,n,1,1,221,n,,"=""11""",,,,,,n,,,,,,,
"=""850006399857""","Iced Tea",1,394,n,n,"Daytrip Mendo Mint Organic Yerba Mate","16 Oz",,n,1,1,221,n,,"=""33""",,,,,,n,,,,,,,
"=""850006399918""","Health & Wellness",1,449,n,n,"DAYTRIP CBD WATERMELON","12 OZ",,n,1,1,0,n,,"=""100""",,,,,,n,,,,,,,
"=""850006702251""",ACCESSORIES,1,899,n,n,"TRAVEL KIT TOOTH PASTE",,,n,1,1,198,n,,"=""100""",,,,,,n,,,,,,,
"=""850006748433""",Juice,1,399,n,n,"POCASVILLE SOURSOP","16.5 OZ",,n,1,1,100,n,,"=""100""",,,,,,n,,,,,,,
"=""850006844111""",Kombucha,1,1432,n,n,"JSH PEACHY 4/6 12OZ CAN",,,n,1,1,931,n,,"=""100""",,,,,,n,,,,,,,
"=""850006844203""","Ready-to-Drink (RTD)",1,399,n,n,"JUNE SHINE TEQUILA MARGARITA","335 ml",,n,1,1,0,n,,"=""100""",,,,,,n,,,,,,,
"=""850006844289""","Ready-to-Drink (RTD)",1,2699,n,n,"Jun shine","8 PCK",,n,8,1,1270,n,,"=""100""",,,,,,n,,,,,,,
"=""850006844319""",Kombucha,1,1798,n,n,"JSH GRPSPL 4/6 12OZ CAN",,,n,1,1,1169,n,,"=""100""",,,,,,n,,,,,,,
"=""850006844371""",Kombucha,1,1470,n,n,"JSH CC-PALOMA 6/4 12OZ CAN",,,n,1,1,955,n,,"=""100""",,,,,,n,,,,,,,
"=""850006844449""",Kombucha,1,1798,n,n,"JSH MGODAY 4/6 12OZ CAN",,,n,1,1,1169,n,,"=""100""",,,,,,n,,,,,,,
"=""850006844463""","Ready-to-Drink (RTD)",1,1470,n,n,"JSH CC-MAR 6/4 12OZ CAN",,,n,4,1,955,n,,"=""100""",,,,,,n,,,,,,,
"=""850006844487""","Ready-to-Drink (RTD)",1,399,n,n,"JUNE SHINE PASSION FRUIT 12 OZ","335 ml",,n,1,1,0,n,,"=""100""",,,,,,n,,,,,,,
"=""850006844494""","Ready-to-Drink (RTD)",1,1470,n,n,"JSH CC-PAS 6/4 12OZ CAN",,,n,1,1,955,n,,"=""100""",,,,,,n,,,,,,,
"=""850006844555""","Ready-to-Drink (RTD)",1,399,n,n,"JUNE SHINE VODKA MULE","335 ml",,n,1,1,0,n,,"=""100""",,,,,,n,,,,,,,
"=""850006844562""","Ready-to-Drink (RTD)",1,1599,n,n,"June shine vodka mult",,,n,4,0,0,n,,"=""100""",,,,,,n,,,,,,,
"=""850006844685""",Kombucha,1,546,n,n,"JSH MGODAY 12/1 16OZ CAN",,,n,1,1,355,n,,"=""100""",,,,,,n,,,,,,,
"=""850006844715""",Kombucha,1,1798,n,n,"JSH POG--- 4/6 12OZ CAN",,,n,1,1,1169,n,,"=""100""",,,,,,n,,,,,,,
"=""850006844739""","Ready-to-Drink (RTD)",1,2299,n,n,"JUNE SHINE 8 PK VARIETY HARD KAMBOUCHA","8 PK 12 OZ",,n,8,1,1270,n,,"=""100""",,,,,,n,,,,,,,
"=""850006844999""",BEER,1,1870,n,n,"EASy RIDER 12pk 12OZ CAN",,,n,12,1,1216,n,,"=""100""",,,,,,n,,,,,,,
"=""850006990016""","IPA Beer",1,499,n,n,"HAR HAZY IPA 19.2 OZ 1/12 CAN","19.2 oz",,n,1,1,284,n,,"=""5""",,,,,,n,,,,,,,
"=""850006990023""","IPA Beer",1,499,n,n,"HAR JAPANESE LAGER 19.2 OZ 1/12 CAN","19.2 OZ",,n,1,1,263,n,,"=""100""",,,,,,n,,,,,,,
"=""850006990115""","IPA Beer",1,1699,n,n,"HARLAND BREWING WAINIUI WEST COAST IPA",4*12OZ,,n,4,1,1049,n,,"=""100""",,,,,,n,,,,,,,
"=""850006990122""","Craft / Local Beer",1,1430,n,n,"Harland Japanese Lager 6/4 16oz Cans",,,n,1,1,909,n,,"=""100""",,,,,,n,,,,,,,
"=""850006990153""","IPA Beer",1,1599,n,n,"HAR HAZY IPA 16 OZ 6/4 CAN","4 PK 16 OZ",,n,4,1,999,n,,"=""100""",,,,,,n,,,,,,,
"=""850006990177""","IPA Beer",1,1899,n,n,"HARLAND BREWING CITRA CITRA IPA",4*12OZ,,n,4,1,1189,n,,"=""100""",,,,,,n,,,,,,,
"=""850006990191""","IPA Beer",1,1599,n,n,"HARLAND BREWING WEST CAST IPA",4*12OZ,,n,4,1,979,n,,"=""100""",,,,,,n,,,,,,,
"=""850006990344""","Craft / Local Beer",1,499,n,n,"HAR JAPANESE LAGER","=""195""",,n,1,1,273,n,,"=""6""",,,,,,n,,,,,,,
"=""850007123031""","Health & Wellness",1,599,n,n,"BLACK BERRY HIBISCUS VYBES",,,n,1,1,0,n,,"=""100""",,,,,,n,,,,,,,
"=""850007123154""","Health & Wellness",1,599,n,n,"VYBES PASSIONFRUIT PINAPPLE 14 OZ","14 OZ",,n,1,1,308,n,,"=""100""",,,,,,n,,,,,,,
"=""850007123277""",Juice,1,599,n,n,"VYBES MOOD BLACKBERRY HIBISCUS","12 OZ",,n,1,1,308,n,,"=""100""",,,,,,n,,,,,,,
"=""850007123284""",Juice,1,599,n,n,"PRESSED DAILY GREENS + CUCUMBER LEMON","15.2 OZ",,n,1,1,308,n,,"=""11""",,,,,,n,,,,,,,
"=""850007123307""",Juice,1,599,n,n,"VYBES MOOD PASSION FRUIT PINEAPPLE",,,n,1,1,308,n,,"=""11""",,,,,,n,,,,,,,
"=""850007123321""",Juice,1,599,n,n,"VYBES MOOD STRAWBERRY LAVENDER","12 OZ",,n,1,1,308,n,,"=""10""",,,,,,n,,,,,,,
"=""850007395544""",ACCESSORIES,1,499,n,n,"WIZARDS AIR FRESHENER FRESH VANILLA",,,n,1,0,0,n,,"=""100""",,,,,,n,,,,,,,
"=""850008160066""",Gum,1,499,n,n,"NEURO MINTS CALM & CLARITY HONEY LEMON",,,n,1,1,250,n,,"=""100""",,,,,,n,,,,,,,
"=""850008160950""",Gum,1,499,n,n,"NEURO GUM SPEARMINT NORMAL",,,n,1,0,0,n,,"=""100""",,,,,,n,,,,,,,
"=""850008182020""","Wine Rosé",1,2499,n,n,"DAOU ROSE 750ML",,,n,1,1,0,n,,"=""100""",,,,,,n,,,,,,,
"=""850008182686""","White Wine",1,4349,n,n,"DAOU RESERVE CHARDONNAY 750 ml",,,n,1,1,0,n,,"=""100""",,,,,,n,,,,,,,
"=""850008182785""","Wine Cabernet Sauvignon",1,14999,n,n,"DAOU CABERNET SAUVIGNON","750 ml",,n,1,1,0,n,,"=""100""",,,,,,n,,,,,,,
"=""850011381007""","BEEF JERKY",1,999,n,n,"ARCHER FUEGO","2.5 OZ",,n,1,1,0,n,,"=""100""",,,,,,n,,,,,,,
"=""850011381342""","BEEF JERKY",1,999,n,n,"ARCHER HICKORY SMOKE","2.5 OZ",,n,1,0,0,n,,"=""100""",,,,,,n,,,,,,,
"=""850011672174""","Craft / Local Beer",1,1899,n,n,"Revision disco","16 ONZ 6 BACK",,n,4,1,1216,n,,"=""100""",,,,,,n,,,,,,,
"=""850011672204""","Craft / Local Beer",1,1999,y,n,REVISION,,,n,1,1,0,n,,"=""100""",,,,,,n,,,,,,,
"=""850011672488""","Craft / Local Beer",1,2199,y,n,"REVISON SUCKA FISH TIPA",,,n,1,1,0,n,,"=""100""",,,,,,n,,,,,,,
"=""850013491414""",Rum,1,4299,n,n,"CROSSFIRE HURRICANE","750 ML",,n,1,0,0,n,,"=""100""",,,,,,n,,,,,,,
"=""850013500109""",Water,1,590,n,n,"PATH ALKALINE","25 oz",y,n,1,1,221,n,,"=""100""",,,,,,n,,,,,,,
"=""850013500635""",Water,1,590,n,n,"PATH USA",,,n,2,12,249,n,,"=""100""",,,,,,n,,,,,,,
"=""850013524006""",Tequila,1,4999,n,n,"FLECHA AZUL BLANCO","750 ML",,n,1,1,0,n,,"=""100""",,,,,,n,,,,,,,
"=""850013524020""",Tequila,1,5999,n,n,"FLECHA AZUL REPOSADO","750 ML",,n,1,1,0,n,,"=""100""",,,,,,n,,,,,,,
"=""850013524105""",Shots,1,599,n,n,"FLECHA AZUL BLNCO","50 ML",,n,1,1,0,n,,"=""100""",,,,,,n,,,,,,,
"=""850013942213""",BEER,1,2499,n,n,"ASH VARTRP 2/12 12OZ CAN",,,n,12,1,1535,n,,"=""5""",,,,,,n,,,,,,,
"=""850013942435""","Hard Seltzer",1,2499,n,n,"ASH VARRED 2/12 12OZ CAN","12 PK",,n,12,1,1535,n,,"=""100""",,,,,,n,,,,,,,
"=""850013942763""","Hard Seltzer",1,2499,n,n,"ASHLAND HARD  SELTZER","12 PK",,n,12,1,1535,n,,"=""100""",,,,,,n,,,,,,,
"=""850013942787""","Hard Seltzer",1,2499,n,n,"ASHLAND HARDER","12 PK",,n,12,0,0,n,,"=""100""",,,,,,n,,,,,,,
"=""850013942794""","Hard Seltzer",1,2499,n,n,"ASH VARORG 2/12 12OZ CAN","12 PK",,n,12,1,1535,n,,"=""5""",,,,,,n,,,,,,,
"=""850013942800""",BEER,1,499,n,n,"ASH BLKLEM 12/1 19.2OZ CAN",,,n,1,1,243,n,,"=""6""",,,,,,n,,,,,,,
"=""850013942824""",BEER,1,499,n,n,"Ashland passion orange guava",,,n,1,0,0,n,,"=""1""",,,,,,n,,,,,,,
"=""850014275099""",Tequila,1,19999,n,n,"CLASEAZUL REPOSADO","750 ML",,n,1,1,12767,n,,"=""100""",,,,,,n,,,,,,,
"=""850014275105""",Tequila,1,16499,n,n,"Clase azul plata","750 ML",,n,1,0,0,n,,"=""100""",,,,,,n,,,,,,,
"=""850014275211""",Tequila,1,49999,n,n,"casae azul reposado","1.75 ml",,n,2,0,0,n,,"=""100""",,,,,,n,,,,,,,
"=""850014275228""",Tequila,1,12999,n,n,"CLASE AZUL REPOSADO","375 ML",,n,1,1,8167,n,,"=""100""",,,,,,n,,,,,,,
"=""850014275440""","Spirits - Other",1,28846,n,n,"CLASE AZUL TEQ BLANCO AHUMADO 90 750ML",,,n,1,1,18750,n,,"=""100""",,,,,,n,,,,,,,
"=""850014275617""",Tequila,1,249999,n,n,"CLASE AZUL ANEJO DIA MUERTOS 1 L","1 L",,n,1,1,142500,n,,"=""100""",,,,,,n,,,,,,,
"=""850014675042""",Kombucha,1,1899,n,n,"BOO C-GM-LEM 4/6 12OZ CAN","6 PK 12 OZ",,n,6,1,1169,n,,"=""100""",,,,,,n,,,,,,,
"=""850014675097""",Kombucha,1,1799,n,n,"BOO C-GINLIM 4/6 12OZ CAN","6 PK 12 OZ",,n,1,1,1169,n,,"=""100""",,,,,,n,,,,,,,
"=""850014675110""",Kombucha,1,599,n,n,"BOO C-GFRUIT 18/1 16OZ CAN",,,n,1,1,389,n,,"=""100""",,,,,,n,,,,,,,
"=""850014675141""",Kombucha,1,1798,n,n,"BOO C-GFRUIT 4/6 12OZ CAN",,,n,1,1,1169,n,,"=""100""",,,,,,n,,,,,,,
"=""850014675189""",Kombucha,1,549,n,n,"BOOCH CRAFT HIBISCUS LEMONADE","19.5 OZ",,n,1,1,319,n,,"=""7""",,,,,,n,,,,,,,
"=""850014675295""",Kombucha,1,1798,n,n,"BOO C-PINPAS 4/6 12OZ CAN",,,n,6,1,1169,n,,"=""100""",,,,,,n,,,,,,,
"=""850014675325""",Kombucha,1,599,y,n,"BOOCH CRAFT GRAPEFRUIT",,,n,1,1,0,n,,"=""100""",,,,,,n,,,,,,,
"=""850014675509""","IPA Beer",1,1799,n,n,"BOOCH CRAFT CHERRY LIMEADE","6 PK 12 OZ",,n,6,1,1168,n,,"=""3""",,,,,,n,,,,,,,
"=""850014675578""",Kombucha,1,549,n,n,"BOOCH CRAFT ORANGE TWIST","19.5 OZ",,n,1,1,319,n,,"=""6""",,,,,,n,,,,,,,
"=""850014741983""",Juice,1,499,n,n,"sol ti superboost supershot","2.01 oz",,n,1,1,270,n,,"=""10""",,,,,,n,,,,,,,
"=""850015640001""",Tequila,1,1999,n,n,"TEREMANA BLANCO","375 ML",,n,1,1,1145,n,,"=""100""",,,,,,n,,,,,,,
"=""850015640018""",Tequila,1,2199,n,n,"TEREMANA REPOSADO","375 ML",,n,1,1,1265,n,,"=""100""",,,,,,n,,,,,,,
"=""850015640025""",Tequila,1,3999,n,n,"TEREMANA BLANCO  TEQUILA","750 ML",,n,2,1,2069,n,,"=""41""",,,,,,n,,,,,,,
"=""850015640032""",Tequila,1,2999,n,n,"TEREMANA TEQUILA SMALL BATCH",,,n,1,1,0,n,,"=""100""",,,,,,n,,,,,,,
"=""850015640070""",Shots,1,399,n,n,"TEREMANA BLANCO","50 ML",,n,1,1,3170,n,,"=""100""",,,,,,n,,,,,,,
"=""850015640087""",Tequila,1,5999,n,n,"TEREMANA  BLANCO","1.75 ML",,n,2,1,3844,n,,"=""100""",,,,,,n,,,,,,,
"=""850015640100""",Tequila,1,6399,n,n,"TEREMANA  REPOSADO","1.75 ML",,n,2,1,4069,n,,"=""100""",,,,,,n,,,,,,,
"=""850015640117""","Spirits - Other",1,499,n,n,"TEREMANA TEQ REPOSADO SB 80 5/12PK 50ML",,,n,1,1,3950,n,,"=""100""",,,,,,n,,,,,,,
"=""850015640124""",Tequila,1,4999,n,n,"TEREMANA ANEJO SMALL BATCH",,,n,1,1,2779,n,,"=""100""",,,,,,n,,,,,,,
"=""850015640186""",Tequila,1,2599,n,n,"TEREMANA ANEJO","375 ML",,n,1,1,1630,n,,"=""100""",,,,,,n,,,,,,,
"=""850015676475""","Ready-to-Drink (RTD)",1,499,n,n,"MOONSHAKE CHOCOLATE  BROWNIE",,,n,1,0,0,n,,"=""100""",,,,,,n,,,,,,,
"=""850015899003""",Tequila,1,6999,n,n,"MIJENTA BLANCO","750 ML",,n,1,1,3440,n,,"=""100""",,,,,,n,,,,,,,
"=""850015899010""","Spirits - Other",1,7999,n,n,"MIJENTA TEQUILA REPOSADO B6 750ML","750 ML",,n,1,1,4770,n,,"=""100""",,,,,,n,,,,,,,
"=""850015899034""",Tequila,1,8999,n,n,"MIJENTA BLANCO","750 ML",,n,2,1,0,n,,"=""100""",,,,,,n,,,,,,,
"=""850015899072""",Tequila,1,7999,n,n,"MIJENTA BLANCO","750 ML",,n,2,0,0,n,,"=""100""",,,,,,n,,,,,,,
"=""850016521101""","Health & Wellness",1,1810,n,n,"Bull Frog SPF 50 Mosquito Coast","5.5 OZ",,n,1,1,995,n,,"=""100""",,,,,,n,,,,,,,
"=""850016521118""","Health & Wellness",1,1694,n,n,"Bull Frog SPF 50","4.7 OZ",,n,1,1,925,n,,"=""100""",,,,,,n,,,,,,,
"=""850016521217""","Health & Wellness",1,1624,n,n,"Bull Frog",,,n,1,1,895,n,,"=""100""",,,,,,n,,,,,,,
"=""850016521309""","Health & Wellness",1,1699,n,n,"ALOE GATORE GEL +40",,,n,1,1,0,n,,"=""100""",,,,,,n,,,,,,,
"=""850016521316""","Health & Wellness",1,1499,n,n,"ALO GATO LOCTION",,,n,1,1,545,n,,"=""100""",,,,,,n,,,,,,,
"=""850016521323""","Health & Wellness",1,1699,n,n,ALOGAYTOR,,,n,1,1,895,n,,"=""100""",,,,,,n,,,,,,,
"=""850016521330""","Health & Wellness",1,1699,n,n,"ALO GATORSPRAY",,,n,1,1,849,n,,"=""100""",,,,,,n,,,,,,,
"=""850016521347""",ACCESSORIES,1,499,n,n,"ALOE GATOR LIP BALM",,,n,1,1,125,n,,"=""100""",,,,,,n,,,,,,,
"=""850016521354""","Health & Wellness",1,1099,n,n,"THE ORIGINAL GREEN STUFF",,,n,1,1,375,n,,"=""100""",,,,,,n,,,,,,,
"=""850016521361""","Health & Wellness",1,1099,n,n,"ALOE GATOR",,,n,1,1,0,n,,"=""100""",,,,,,n,,,,,,,
"=""850017248007""","Ready-to-Drink (RTD)",1,499,n,n,"Salt point","12 OZ",,n,1,1,0,n,,"=""99""",,,,,,n,,,,,,,
"=""850017248014""","Ready-to-Drink (RTD)",1,499,n,n,"Salt point GREYHOUND","335 ml",,n,1,1,0,n,,"=""100""",,,,,,n,,,,,,,
"=""850017248021""",BEER,1,499,n,n,"Salt point",,,n,1,1,0,n,,"=""100""",,,,,,n,,,,,,,
"=""850017248038""","Spirits - Other",1,1899,n,n,"SALT POINT GREYHOUND C24 12OZ 4P",,,n,4,1,1070,n,,"=""100""",,,,,,n,,,,,,,
"=""850017248045""","Spirits - Other",1,1899,n,n,"SALT POINT GIN HIGHBALL C24 12OZ 4P",,,n,4,1,1070,n,,"=""100""",,,,,,n,,,,,,,
"=""850017248083""","Spirits - Other",1,1749,n,n,"SALT POINT MOSCOW MULE C24 12OZ 4P",,,n,1,1,1137,n,,"=""100""",,,,,,n,,,,,,,
"=""850017248090""","Ready-to-Drink (RTD)",1,499,n,n,"Salt point MARGARITA","335 ml",,n,1,1,0,n,,"=""100""",,,,,,n,,,,,,,
"=""850017248106""","Spirits - Other",1,1646,n,n,"SALT POINT MARGARITA C24 12OZ 4P",,,n,1,1,1070,n,,"=""100""",,,,,,n,,,,,,,
"=""850017337503""","Wine Cabernet Sauvignon",1,5999,n,n,"POST BEAM CABERNET","750 ml",,n,1,1,0,n,,"=""100""",,,,,,n,,,,,,,
"=""850017589032""",Candy,1,350,n,n,"Hi Chew Plus Fruit Sunrise Mix (2.82 oz)",,,n,1,1,0,n,,"=""100""",,,,,,n,,,,,,,
"=""850017589209""",Gummy,1,499,n,n,"HI-CHEW FANTASY MIX",,,n,1,1,182,n,,"=""100""",,,,,,n,,,,,,,
"=""850017589445""","Hanging Snacks",1,299,n,n,"HI CHEW BAG BITES ORIGINAL MIX 2.12 OZ","2.12 OZ",,n,1,1,112,n,,"=""100""",,,,,,n,,,,,,,
"=""850017589773""",Gummy,1,249,n,n,"HI CHEW blu razz  1.76 oz","1.76 oz",,n,1,1,110,n,,"=""100""",,,,,,n,,,,,,,
"=""850017944329""",Cider,1,1699,n,n,"2 TOWNS CIDERHOUSE HUCKLEBERRY","12 OZ 6   PG",,n,6,1,1050,n,,"=""100""",,,,,,n,,,,,,,
"=""850017944343""",Cider,1,1299,y,n,"2 TOWS CIDERHOUSE",,,n,1,1,0,n,,"=""100""",,,,,,n,,,,,,,
"=""850018742139""",ACCESSORIES,1,499,n,n,masks,,,n,1,0,0,n,,"=""100""",,,,,,n,,,,,,,
"=""850019741483""",CIGARS,1,1499,n,n,"Liga Privada","=""2""",,n,1,1,800,n,,"=""100""",,,,,,n,,,,,,,
"=""850021474744""","Health & Wellness",1,999,n,n,"LIQUID I.V.",,,n,1,1,452,n,,"=""100""",,,,,,n,,,,,,,
"=""850021679057""",BEER,1,1999,y,n,GUNWHALE,,,n,1,1,0,n,,"=""100""",,,,,,n,,,,,,,
"=""850021679071""",BEER,1,1799,y,n,GUNWDOMO,,,n,1,1,0,n,,"=""100""",,,,,,n,,,,,,,
"=""850022121012""",CHOCOLATE,1,499,n,n,"Dealsy peanut butter dates","2.1 oz",,n,1,1,225,n,,"=""100""",,,,,,n,,,,,,,
"=""850022121029""",CHOCOLATE,1,499,n,n,"Dealsy Almond butter dates","2.1 oz",,n,1,1,225,n,,"=""100""",,,,,,n,,,,,,,
"=""850022121036""",CHOCOLATE,1,499,n,n,"Dealsy Choclate  peanut butter dates","2.1 oz",,n,1,1,225,n,,"=""100""",,,,,,n,,,,,,,
"=""850022121197""",Gum,1,199,n,n,"REALSY PEANUT BUTTER DATE",,,n,1,1,98,n,,"=""100""",,,,,,n,,,,,,,
"=""850022121326""","Hanging Snacks",1,499,n,n,"REALSY PB&J DATES",,,n,1,1,225,n,,"=""100""",,,,,,n,,,,,,,
"=""850022760082""","BEEF JERKY",1,1999,n,n,"PAPA SAKS ORIGINAL","10 OZ",,n,1,1,0,n,,"=""100""",,,,,,n,,,,,,,
"=""850022760303""","BEEF JERKY",1,1999,n,n,"PAPA SALS SWEET & SPICY","10 OZ",,n,1,0,0,n,,"=""100""",,,,,,n,,,,,,,
"=""850022953286""",ACCESSORIES,1,699,n,n,"CHARCOAL XTREME CLEAN",,,n,1,1,93,n,,"=""100""",,,,,,n,,,,,,,
"=""850023885005""","BEEF JERKY",1,999,n,n,"GK biltong steak jerky",,,n,1,1,399,n,,"=""100""",,,,,,n,,,,,,,
"=""850023885012""","BEEF JERKY",1,999,n,n,"GK BF Pepp","2.5 oz",,n,1,1,395,n,,"=""100""",,,,,,n,,,,,,,
"=""850023885029""","BEEF JERKY",1,899,n,n,"GOURMET TERIYAKI JERKY","2.5 OZ",,n,1,1,395,n,,"=""100""",,,,,,n,,,,,,,
"=""850023885111""","Snacks & Condiments",1,399,n,n,"gk original",,,n,1,10,1790,n,,"=""100""",,,,,,n,,,,,,,
"=""850023885128""","Snacks & Condiments",1,399,n,n,gk,,,n,1,1,179,n,,"=""100""",,,,,,n,,,,,,,
"=""850023885135""","Snacks & Condiments",1,399,n,n,"gk sn",,,n,1,1,179,n,,"=""100""",,,,,,n,,,,,,,
"=""850023885142""","Snacks & Condiments",1,399,n,n,"gk bbq corn snack",,,n,1,1,179,n,,"=""100""",,,,,,n,,,,,,,
"=""850023885166""","BEEF JERKY",1,999,n,n,"GK Biltong steak jerky",,,n,1,1,515,n,,"=""100""",,,,,,n,,,,,,,
"=""850023885173""","BEEF JERKY",1,999,n,n,"GK biltong steak jerky",,,n,1,1,515,n,,"=""100""",,,,,,n,,,,,,,
"=""850023885180""","BEEF JERKY",1,999,n,n,"Gourmet Haranero Chili  2 oz Beef Jerkey","2 oz",,n,1,1,515,n,,"=""100""",,,,,,n,,,,,,,
"=""850023885227""","Protein Bars",1,299,n,n,"Gk BB sesame",,,n,1,1,140,n,,"=""100""",,,,,,n,,,,,,,
"=""850023885234""","Protein Bars",1,299,n,n,"SESAME BAR HONEY & GINGER",,,n,1,1,100,n,,"=""100""",,,,,,n,,,,,,,
"=""850023885241""","Protein Bars",1,299,n,n,"GK mixed nuts bar",,,n,1,1,140,n,,"=""100""",,,,,,n,,,,,,,
"=""850023885258""","Protein Bars",1,299,n,n,"GK BB Sesame Bar",,,n,1,1,140,n,,"=""100""",,,,,,n,,,,,,,
"=""850023885265""","Protein Bars",1,299,n,n,"GK BB Choco Cherry MX NUTS",,,n,1,1,140,n,,"=""100""",,,,,,n,,,,,,,
"=""850023885333""","Protein Bars",1,299,n,n,"GK BB staw & Raspbr Mix nuts",,,n,1,1,130,n,,"=""100""",,,,,,n,,,,,,,
"=""850024508330""",BEER,1,1799,y,n,"ESG CMORG",,,n,1,1,0,n,,"=""100""",,,,,,n,,,,,,,
"=""850025313162""",Tequila,1,5383,n,n,"Madre Mezcal Ensamble","750 ML",,n,2,1,3500,n,,"=""1""",,,,,,n,,,,,,,
"=""850025313179""",Tequila,1,4499,n,n,Madri,,,n,2,0,0,n,,"=""100""",,,,,,n,,,,,,,
"=""850025457224""","Hard Seltzer",1,449,n,n,SPINDRIFT,,,n,1,1,0,n,,"=""100""",,,,,,n,,,,,,,
"=""850025605205""",BEER,1,399,y,n,SUNDSIDE,,,n,1,1,0,n,,"=""100""",,,,,,n,,,,,,,
"=""850025605212""","Hard Iced Tea",1,1299,n,n,"SURFSIDE VODKA TEA 4 PACK","4 PK 12 OZ",,n,4,1,720,n,,"=""99""",,,,,,n,,,,,,,
"=""850025605427""",BEER,1,399,y,n,SUNDSIDE,,,n,1,1,0,n,,"=""100""",,,,,,n,,,,,,,
"=""850025605502""","Hard Iced Tea",1,1299,n,n,"SURFSIDE PEACH TEA VODKA4 PACK","4 OK 12 OZ",,n,4,1,710,n,,"=""100""",,,,,,n,,,,,,,
"=""850025605526""","Hard Seltzer",1,1299,n,n,"SURFSIDE VODKA LEMONADE C24 12OZ 4PS","6 PK 12 OZ",,n,1,1,720,n,,"=""100""",,,,,,n,,,,,,,
"=""850025605540""","Hard Iced Tea",1,1299,n,n,"SURFSIDE half and half ice tea 4 PACK","4 PK 12 OZ",,n,4,1,720,n,,"=""99""",,,,,,n,,,,,,,
"=""850025605564""","Hard Iced Tea",1,2399,n,n,"SURFSIDE 8PK 12 OZ","8 PK 12 OZ",,n,8,1,1440,n,,"=""100""",,,,,,n,,,,,,,
"=""850026948295""","Health & Wellness",1,499,n,n,"WYLD CBD GRAPEFRUIT",,,n,1,0,0,n,,"=""100""",,,,,,n,,,,,,,
"=""850026948332""","Health & Wellness",1,499,n,n,"WYLD CBD BLUEBERRY POMEGRANATE",,,n,1,0,0,n,,"=""100""",,,,,,n,,,,,,,
"=""850027410340""",Pouches,1,799,n,n,"LUCY TOBACCO # 8",,,n,1,1,420,n,,"=""100""",,,,,,n,,,,,,,
"=""850027410654""",Pouches,1,799,n,n,"LUCY TABACCO 12 MG",,,n,1,1,420,n,,"=""100""",,,,,,n,,,,,,,
"=""850027702049""",Soda,1,299,n,n,"OLIPOP TROPICAL PUNCH","12 oz",,n,1,1,0,n,,"=""100""",,,,,,n,,,,,,,
"=""850027702186""",Soda,1,299,n,n,"OLIPOP CREAM SODA","12 OZ",,n,1,1,172,n,,"=""100""",,,,,,n,,,,,,,
"=""850027702193""",Soda,1,299,n,n,"OLIPOP CRISP APPLE","12 OZ",,n,1,1,172,n,,"=""100""",,,,,,n,,,,,,,
"=""850027702209""",Soda,1,299,n,n,"OLIPOP DOCTOR GOODWILL","12 OZ",,n,1,1,0,n,,"=""100""",,,,,,n,,,,,,,
"=""850027702247""",Soda,1,299,n,n,"OLIPOP BANANA CREAM","12 OZ",,n,1,1,0,n,,"=""99""",,,,,,n,,,,,,,
"=""850027702261""",Soda,1,299,n,n,OLIPOP,,,n,1,1,172,n,,"=""100""",,,,,,n,,,,,,,
"=""850027702285""",Soda,1,299,n,n,OLIPOP,,,n,1,1,0,n,,"=""100""",,,,,,n,,,,,,,
"=""850027702360""",Soda,1,299,n,n,"OLIPOP WATERMELON LIME","12 OZ",,n,1,1,172,n,,"=""100""",,,,,,n,,,,,,,
"=""850027702469""",Soda,1,299,n,n,"OLIPOP GINGER ALE","12 OZ",,n,1,1,172,n,,"=""99""",,,,,,n,,,,,,,
"=""850027702575""",Soda,1,299,n,n,"OLIPOP PEACHES & CREAM","12 OZ",,n,1,1,172,n,,"=""99""",,,,,,n,,,,,,,
"=""850027702872""",Juice,1,299,n,n,Olipop,,,n,1,0,0,n,,"=""100""",,,,,,n,,,,,,,
"=""850027702889""",Soda,1,299,n,n,OLIPOP,,,n,1,1,0,n,,"=""100""",,,,,,n,,,,,,,
"=""850027702896""",Soda,1,299,n,n,"Olipop cream soda","12 OZ",,n,1,0,0,n,,"=""100""",,,,,,n,,,,,,,
"=""850027702919""",Soda,1,299,n,n,"OLIPOP STRAWBERRY VANILA",,,n,1,1,0,n,,"=""100""",,,,,,n,,,,,,,
"=""850027702926""","Drinks & Mixers",1,299,n,n,"Olipop vintage cola","12 OZ",,n,1,1,172,n,,"=""100""",,,,,,n,,,,,,,
"=""850027880129""",CHOCOLATE,1,399,n,n,"MR BEAST FEASTABLES MILK CHOCOLATE",,,n,1,1,140,n,,"=""100""",,,,,,n,,,,,,,
"=""850028324882""","Ready-to-Drink (RTD)",1,510,n,n,"BIG SIPZ MAERGASRITA",11.2ONZ,,n,5,0,0,n,,"=""100""",,,,,,n,,,,,,,
"=""850028324899""","Ready-to-Drink (RTD)",1,510,n,n,"BIG SIPZ STRAWBERY MARGARITA",11.2ONZ,,n,5,0,0,n,,"=""100""",,,,,,n,,,,,,,
"=""850028702000""","Ready-to-Drink (RTD)",1,499,n,n,MARGS,"12 OZ",,n,1,0,0,n,,"=""100""",,,,,,n,,,,,,,
"=""850030342188""",Gummy,1,499,n,n,"OH CHILE CHERRY BOMBS",,,n,1,1,250,n,,"=""9""",,,,,,n,,,,,,,
"=""850031385009""","Health & Wellness",1,599,n,n,"LEILO KAVA PINA COLADO","12 OZ",,n,1,1,299,n,,"=""100""",,,,,,n,,,,,,,
"=""850031385658""","Health & Wellness",1,599,n,n,"LEILO KAVA LIME MARGARITA","12 OZ",,n,1,1,299,n,,"=""100""",,,,,,n,,,,,,,
"=""850031700079""",Water,1,295,n,n,"LIQUID DEATH MOUNTAIN WATER  19.2 OZ","19.2 OZ",,n,1,1,121,n,,"=""100""",,,,,,n,,,,,,,
"=""850031700185""",Water,1,295,n,n,"LIQUID DEATH SPArkling","19.2 oz",,n,1,1,133,n,,"=""100""",,,,,,n,,,,,,,
"=""850031700215""",BEER,1,212,n,n,"LIQUID DEATH SPRKLNG BERRY IT ALIVE 24/19.2 CAN",,,n,1,1,138,n,,"=""100""",,,,,,n,,,,,,,
"=""850031700222""",Water,1,299,n,n,"LIQUID DEATH SPARKLING WATER LIME","19.2 OZ",,n,1,1,130,n,,"=""100""",,,,,,n,,,,,,,
"=""850031700260""","Non-Alcoholic Beer & Wine",1,273,n,n,"LIQUID DEATH TEA DEAD BILLIONAIRE 12/19.2 CAN",,,n,1,1,168,n,,"=""100""",,,,,,n,,,,,,,
"=""850031700277""","Iced Tea",1,294,n,n,"LIQUID DEATH REST IN PEACH","=""192""",,n,1,1,185,n,,"=""100""",,,,,,n,,,,,,,
"=""850031700888""",Water,1,295,n,n,"LIQUID DEATH SPRKLNG SQUEEZED TO DEATH",19.2oz,,n,1,1,146,n,,"=""100""",,,,,,n,,,,,,,
"=""850031700895""",Water,1,299,n,n,"LIQUID DEATH SPARKLING WATER CHERRY","19.2 OZ",,n,1,1,130,n,,"=""100""",,,,,,n,,,,,,,
"=""850032189132""","Pantry & Grocery Extras",1,2923,n,n,"Avaline Pinot Noir","750 ML",,n,1,1,1600,n,,"=""4""",,,,,,n,,,,,,,
"=""850032272025""",Tequila,1,9099,n,n,"LA ADELITA TEQUILA ANEJO",750ML,,n,1,0,0,n,,"=""100""",,,,,,n,,,,,,,
"=""850033013207""",Tequila,1,17999,n,n,"KOMOS ANEJO RESERVA","750 ML",,n,2,1,8884,n,,"=""100""",,,,,,n,,,,,,,
"=""850034488097""","Craft / Local Beer",1,1662,n,n,"BREWERY X CITRA LOVES GALAXY 24/16 CAN 4/6",,,n,1,1,1080,n,,"=""100""",,,,,,n,,,,,,,
"=""850034488479""","Craft / Local Beer",1,1662,n,n,"BREWERY X DICTIONARY ROULETTE 24/16 CAN 4/6",,,n,1,1,1005,n,,"=""1""",,,,,,n,,,,,,,
"=""850034488592""","Hard Seltzer",1,1499,n,n,"BREWERY X BLACKBERRY MOJITO","6 PK 12 OZ",,n,1,0,0,n,,"=""100""",,,,,,n,,,,,,,
"=""850034488684""","Hard Seltzer",1,1499,n,n,"BREWERY X JUNGLE JUICE HARD SELTZER 24/12 CAN 4/6","6 PK 12OZ",,n,1,1,980,n,,"=""100""",,,,,,n,,,,,,,
"=""850034488882""","Hard Seltzer",1,399,n,n,"BREWERY X SUCCULENT SIPPER HARD SELTZER 12/19.2 CAN",,,n,1,1,188,n,,"=""1""",,,,,,n,,,,,,,
"=""850034488912""","Craft / Local Beer",1,1299,n,n,"BREWERY X SUCCULENT SIPPER HARD SELTZER 24/12 CAN 4/6",,,n,6,1,780,n,,"=""2""",,,,,,n,,,,,,,
"=""850034488943""",BEER,1,2399,y,n,"SUCCULENT SIPPER 12PK",,,n,1,1,0,n,,"=""100""",,,,,,n,,,,,,,
"=""850034565125""","Wine General",1,2169,n,n,"HARVEY-HARRIET WHITE(SC)23 750ML",,,n,1,1,1410,n,,"=""100""",,,,,,n,,,,,,,
"=""850034597256""",Candy,1,399,n,n,"SLIME LICKER SOUR LIQUID CANDY","2 ONZ",,n,1,1,208,n,,"=""4""",,,,,,n,,,,,,,
"=""850034597409""",Gummy,1,399,n,n,"SLIM LACKER  DOUBLE PLAY1.4 OZ","1.4 OZ",,n,1,1,0,n,,"=""100""",,,,,,n,,,,,,,
"=""850034597591""",Gummy,1,399,n,n,"SLIM LICKER LIQUID 2 OZ","2 OZ",,n,1,0,0,n,,"=""100""",,,,,,n,,,,,,,
"=""850035602744""",Grocery,1,1999,n,n,"DUBAI CHOCOLATE",7oz,,n,1,0,0,n,,"=""100""",,,,,,n,,,,,,,
"=""850037600045""","Energy Drinks",1,599,n,n,"MORNING RECOPVERY",100ML,,n,1,1,0,n,,"=""100""",,,,,,n,,,,,,,
"=""850038229115""","Sour Beer",1,1099,n,n,"SCREWBALL CUP","16 OZ",,n,1,1,640,n,,"=""100""",,,,,,n,,,,,,,
"=""850038229351""","Sour Beer",1,899,n,n,"405 NORTH  GH BEAR TRAP LITE","16 OZ",,n,1,1,475,n,,"=""100""",,,,,,n,,,,,,,
"=""850039286247""",ACCESSORIES,1,999,n,n,"LIQUID I.V, HYDRATION MULTIPLIER","1.69 OZ",,n,1,1,452,n,,"=""100""",,,,,,n,,,,,,,
"=""850039388118""","IPA Beer",1,1899,n,n,"TAH THE FIRST RULE WC IPA 6/4 16OZ C",,,n,1,1,1164,n,,"=""100""",,,,,,n,,,,,,,
"=""850040452341""","Domestic Beer",1,422,n,n,"MCH BLULEM 12/1 24OZ CAN",,,n,1,1,274,n,,"=""100""",,,,,,n,,,,,,,
"=""850040452358""","Domestic Beer",1,422,n,n,"MCH OGLEM- 12/1 24OZ CAN",,,n,1,1,274,n,,"=""100""",,,,,,n,,,,,,,
"=""850041279411""","Energy Drinks",1,1299,n,n,KAnva,,,n,1,1,500,n,,"=""100""",,,,,,n,,,,,,,
"=""850041804156""","Hard Seltzer",1,2499,n,n,"GBV COCTALES VARIETY","8 PK",,n,8,1,1649,n,,"=""5""",,,,,,n,,,,,,,
"=""850041804163""","Hard Seltzer",1,2499,n,n,"GOOD BOY VODKA","8 PK",,n,8,1,1649,n,,"=""1""",,,,,,n,,,,,,,
"=""850041804309""","Hard Seltzer",1,2499,n,n,"GBV LEMONADE VARIETY","8 PK 12 OZ",,n,8,1,1649,n,,"=""4""",,,,,,n,,,,,,,
"=""850041804354""","Hard Seltzer",1,449,n,n,"good boyJOHN DALY ICED TEA LEMONADE","19.5 OZ",,n,1,1,0,n,,"=""7""",,,,,,n,,,,,,,
"=""850041804361""","Hard Seltzer",1,549,n,n,"GBV PINK LEMONADE","19.5 OZ",,n,1,1,342,n,,"=""11""",,,,,,n,,,,,,,
"=""850041804378""","Hard Seltzer",1,1499,n,n,"GBV PINK LEMONADE","4 PK 12 OZ",,n,4,1,929,n,,"=""6""",,,,,,n,,,,,,,
"=""850041804385""","Hard Seltzer",1,1499,n,n,"GBV HUCKLEBERRY LEMONADE","4 PK 12 OZ",,n,4,1,929,n,,"=""6""",,,,,,n,,,,,,,
"=""850042638262""","Malt Beverage",1,398,n,n,"BUZZBALLZ SPIRITS PASSIONFRUIT MARTI",,,n,1,1,259,n,,"=""100""",,,,,,n,,,,,,,
"=""850042638743""","Ready-to-Drink (RTD)",1,458,n,n,"BUZZBALLZ SPIRITS BERRY CHERRY LIMEA",,,n,1,1,272,n,,"=""100""",,,,,,n,,,,,,,
"=""850042893258""",Gum,1,499,n,n,"NEURO GUM PEPPERMINT",,,n,1,1,250,n,,"=""100""",,,,,,n,,,,,,,
"=""850042893296""",Gum,1,499,n,n,"NEURO GUM SPEARMINT",,,n,1,1,250,n,,"=""100""",,,,,,n,,,,,,,
"=""850042893685""",Gum,1,499,n,n,"NEURO ENERGY & FOCUS",,,n,1,1,200,n,,"=""100""",,,,,,n,,,,,,,
"=""850042893692""",Gum,1,499,n,n,"NEURO ENERGY & FOCUS GUM",,,n,1,1,200,n,,"=""100""",,,,,,n,,,,,,,
"=""850042893715""",Gum,1,499,n,n,"neuro energy & focus spearmint",,,n,1,0,0,n,,"=""100""",,,,,,n,,,,,,,
"=""850042893753""",Gum,1,499,n,n,"NEUROGUM SPEARMINT EXTRA STRENGTH 10CT","10 ct",,n,1,1,200,n,,"=""20""",,,,,,n,,,,,,,
"=""850043221609""","Protein Bars",1,399,n,n,VERB,,,n,1,1,0,n,,"=""100""",,,,,,n,,,,,,,
"=""850045482039""",Vodka,1,11599,n,n,BELUGA,,,n,1,1,0,n,,"=""100""",,,,,,n,,,,,,,
"=""850045482053""",Vodka,1,4199,n,n,"BELUGA TRANSATLANTIC RACING",,,n,1,1,0,n,,"=""100""",,,,,,n,,,,,,,
"=""850045482244""",GIN,1,5499,n,n,"OYSTER DRY GIN ADRIATIC 700ML","700 ml",,n,1,1,3704,n,,"=""3""",,,,,,n,,,,,,,
"=""850045501167""","Non-Alcoholic Beer & Wine",1,302,n,n,"F3- E-orignl 12/1 12oz Can",,,n,1,1,184,n,,"=""100""",,,,,,n,,,,,,,
"=""850045501181""","Non-Alcoholic Beer & Wine",1,302,n,n,"F3- E-citrus 12/1 12oz Can",,,n,1,1,184,n,,"=""100""",,,,,,n,,,,,,,
"=""850045501204""","Non-Alcoholic Beer & Wine",1,8,n,n,"F3- E-TRPCAL 12/1 12OZ CAN",,,n,1,1,5,n,,"=""100""",,,,,,n,,,,,,,
"=""850045887001""",Milk,1,595,n,n,"SPY MAX CHOCOLATE MILK WITH PROTEIN 11 OZ","11 OZ",,n,1,1,250,n,,"=""100""",,,,,,n,,,,,,,
"=""850045887063""","Energy Drinks",1,595,n,n,"SPYLT STRAWBERRY MILK 20 G P[ROTEIN",,,n,1,1,250,n,,"=""100""",,,,,,n,,,,,,,
"=""850045887124""",Coffee,1,595,n,n,"COLD COFFEE","12 OZ",,n,1,0,0,n,,"=""100""",,,,,,n,,,,,,,
"=""850045887148""",Milk,1,595,n,n,"SPY VANILLA MILK WITH PROTEIN 11 OZ","11 OZ",,n,1,1,0,n,,"=""100""",,,,,,n,,,,,,,
"=""850046522024""","Hard Iced Tea",1,499,n,n,"HAPPY DAD HARD SELTZER BP FRUIT PUNCH","24 oz",,n,2,1,255,n,,"=""100""",,,,,,n,,,,,,,
"=""850046522154""","Hard Seltzer",1,2299,n,n,"HAPPY DAD HARD SELTZER DEATH ROW GRAPE 24/12 CAN 2/12","12 pk",,n,12,1,1380,n,,"=""100""",,,,,,n,,,,,,,
"=""850046522178""","Hard Seltzer",1,2299,n,n,"HAPPY DAD MOM HARD SELTZER RASPBERRY 24/12 CAN 2/12","12 pk",,n,12,1,1409,n,,"=""100""",,,,,,n,,,,,,,
"=""850046522215""","Hard Iced Tea",1,499,n,n,"HAPPY DAD HARD SELTZER DEATH ROW BP GRAPE 12/24 CAN","25 oz",,n,2,1,255,n,,"=""13""",,,,,,n,,,,,,,
"=""850046522932""","Hard Seltzer",1,499,n,n,"HAPPY DAD TEA PEACH","24 OZ",,n,2,1,255,n,,"=""10""",,,,,,n,,,,,,,
"=""850046522963""","Hard Seltzer",1,2399,n,n,"HAPPY DAD HARD TEA PEACH 24/12 CAN 2/12","12 pk",,n,12,1,1560,n,,"=""100""",,,,,,n,,,,,,,
"=""850046522987""",BEER,1,2168,n,n,"HAPPY DAD HARD TEA HALF&HALF 24/12 CAN 2/12",,,n,1,1,1409,n,,"=""100""",,,,,,n,,,,,,,
"=""850047003003""",Whiskey,1,5699,n,n,"Angel's Envy Bourbon (750 ml)","750 ml",,n,1,1,3379,n,,"=""100""",,,,,,n,,,,,,,
"=""850047003065""",Whiskey,1,9999,n,n,"Angels Envy Finished Rye Rye Whiskey Finished in Caribbean Rum Casks (750 ml)",,,n,1,1,0,n,,"=""100""",,,,,,n,,,,,,,
"=""850047323309""",Grocery,1,1599,n,n,"SENSATIONAL DESIGNER PLATE 125 CT",,,n,1,1,699,n,,"=""100""",,,,,,n,,,,,,,
"=""850047865984""","Hanging Snacks",1,499,n,n,"CHEDDER JALAPENO","4 OZ",,n,1,1,250,n,,"=""100""",,,,,,n,,,,,,,
"=""850047873323""","Ready-to-Drink (RTD)",1,899,n,n,Yuzy,,,n,1,0,0,n,,"=""100""",,,,,,n,,,,,,,
"=""850047909138""","Ready-to-Drink (RTD)",1,3799,n,n,"BRODA  LEMON HONEY GINGER VODKA","750 ML",,n,2,1,2450,n,,"=""6""",,,,,,n,,,,,,,
"=""850047909213""","Ready-to-Drink (RTD)",1,3799,n,n,"BRODA LIME AGAVE MINT VODKA","750 ML",,n,2,1,2450,n,,"=""4""",,,,,,n,,,,,,,
"=""850048812000""",Tequila,1,5999,n,n,"CONEJO SALVAJE BLANCO","750 ML",,n,2,1,0,n,,"=""6""",,,,,,n,,,,,,,
"=""850048812017""",Tequila,1,6999,n,n,"CONEJO SALVAJE REPOSADO","750 ML",,n,2,1,0,n,,"=""7""",,,,,,n,,,,,,,
"=""850048812024""",Tequila,1,7999,n,n,"CONEJO SALVAje ANEJO","750 ML",,n,2,1,0,n,,"=""1""",,,,,,n,,,,,,,
"=""850048812031""",Tequila,1,19999,n,n,"CONEJO SALVAJE EXTRRA ANEJO","750 ML",,n,2,1,0,n,,"=""1""",,,,,,n,,,,,,,
"=""850049640060""","Hard Seltzer",1,2599,n,n,"STUDY BREAK THROWBACK","12 PK",,n,12,1,1669,n,,"=""100""",,,,,,n,,,,,,,
"=""850049640091""","Hard Seltzer",1,407,n,n,"Study Break LA Punch Hard Seltzer 1/15 19.2oz Cans",,,n,1,1,264,n,,"=""100""",,,,,,n,,,,,,,
"=""850049748032""","Snacks & Condiments",1,599,n,n,OLIVES,,,n,1,1,0,n,,"=""100""",,,,,,n,,,,,,,
"=""850049855112""",ACCESSORIES,1,1399,n,n,"SPONG BOB MEGA EGG",,,n,1,0,0,n,,"=""100""",,,,,,n,,,,,,,
"=""850049855136""",ACCESSORIES,1,399,n,n,"surprise crystal egg",,,n,1,0,0,n,,"=""100""",,,,,,n,,,,,,,
"=""850049855266""",Grocery,1,299,n,n,"DORA DIP N GO","1.94 OZ",,n,1,1,0,n,,"=""100""",,,,,,n,,,,,,,
"=""850050071051""","Hard Iced Tea",1,1299,n,n,"surfside blueberry",,,n,4,1,720,n,,"=""100""",,,,,,n,,,,,,,
"=""850050071082""","Hard Iced Tea",1,2299,n,n,"SURFSIDE  LEMONADE 8 PK 12 OZ","8 PK 12 OZ",,n,8,1,1440,n,,"=""98""",,,,,,n,,,,,,,
"=""850050071105""","Hard Iced Tea",1,699,n,n,"SURFSIDE LA DODGERS VODKA TEA C12 70","700 ml",,n,1,1,354,n,,"=""19""",,,,,,n,,,,,,,
"=""850050071129""","Hard Iced Tea",1,699,n,n,"SURFSIDE VODKA LEMONADE C","700 ml",,n,1,1,354,n,,"=""100""",,,,,,n,,,,,,,
"=""850050071167""","Hard Iced Tea",1,699,n,n,"SURFSIDE HALF AND HALF ICED TEA LEMO","700 ml",,n,1,1,354,n,,"=""1""",,,,,,n,,,,,,,
"=""850050071235""","Spirits - Other",1,1299,n,n,"SURFSIDE VODKA LEMONADE STRAWBERRY C","4 P 12 OZ",,n,4,1,720,n,,"=""100""",,,,,,n,,,,,,,
"=""850050071372""","Hard Iced Tea",1,1299,n,n,"SURFSIDE VODKA GREEN TEA C24 12OZ 4P","4 pk",,n,4,1,720,n,,"=""100""",,,,,,n,,,,,,,
"=""850050071792""","Hard Iced Tea",1,699,n,n,"SURFSIDE LA DODGERS VODKA STRAWBERRY","700 ml",,n,1,1,354,n,,"=""100""",,,,,,n,,,,,,,
"=""850050238904""",CHOCOLATE,1,499,n,n,"MR BEAST FEASTABLES 4 CUP",,,n,1,1,0,n,,"=""100""",,,,,,n,,,,,,,
"=""850051248032""","IPA Beer",1,1699,n,n,"BREWERY X TIPPITY TIPPITY TOP IPA 24/16 CAN 4/6",,,n,6,1,1080,n,,"=""100""",,,,,,n,,,,,,,
"=""850051248544""","Craft / Local Beer",1,1892,n,n,"BREWERY X SUPER SLAP 24/16 CAN 4/6",,,n,1,1,1230,n,,"=""100""",,,,,,n,,,,,,,
"=""850051996087""","Craft / Local Beer",1,1754,n,n,"RAD KO-HZY 6/4 16OZ CAN",,,n,1,1,1140,n,,"=""100""",,,,,,n,,,,,,,
"=""850052111021""","IPA Beer",1,499,n,n,"TPA CHIEF PEAK IPA 19.2OZ 1/12 CAN","19.2 oz",,n,1,1,199,n,,"=""100""",,,,,,n,,,,,,,
"=""850052711283""",Soju,1,699,n,n,"SOON HARI SOJO","12 OZ",,n,1,0,0,n,,"=""100""",,,,,,n,,,,,,,
"=""850052711306""","Ready-to-Drink (RTD)",1,699,n,n,"SOON HARI YOGUET","375 ML",,n,1,0,0,n,,"=""100""",,,,,,n,,,,,,,
"=""850052711771""",Soju,1,699,n,n,"SOON HARI SOJU PLUM","375 ML",,n,1,0,0,n,,"=""100""",,,,,,n,,,,,,,
"=""850054108548""","Protein Bars",1,449,n,n,"Barebells Cookies and Cream",,,n,1,1,225,n,,"=""100""",,,,,,n,,,,,,,
"=""850054108593""","Energy Drinks",1,399,n,n,"NOCCO BCAA CHERRY BERRT","12 OZ",,n,1,1,160,n,,"=""1""",,,,,,n,,,,,,,
"=""850054108609""","Protein Bars",1,449,n,n,"BAREBELLS PROTEIN BAR BIRTHDAY CAKE 1.94OZ",,,n,1,1,225,n,,"=""12""",,,,,,n,,,,,,,
"=""850054108944""","Protein Bars",1,449,n,n,"BAREBELLS KEY LIME PIE",,,n,1,1,213,n,,"=""100""",,,,,,n,,,,,,,
"=""850054342003""",Tequila,1,4999,n,n,"PANTALONES BLANCO","750 ML",,n,1,1,3170,n,,"=""100""",,,,,,n,,,,,,,
"=""850054342010""",Tequila,1,5499,n,n,"PANTALONES REPOSADO ORGANICO","750 ML",,n,1,1,3520,n,,"=""100""",,,,,,n,,,,,,,
"=""850054342027""",Tequila,1,5999,n,n,"PANTALONES ANEJO ORGANICO","750 ML",,n,1,1,3870,n,,"=""100""",,,,,,n,,,,,,,
"=""850054746009""","Ready-to-Drink (RTD)",1,449,n,n,"HELLA MARGARITA","335 ml",,n,1,1,0,n,,"=""100""",,,,,,n,,,,,,,
"=""850054746016""","Ready-to-Drink (RTD)",1,449,n,n,"HABANERO MARGARITA HELLA","335 ml",,n,1,1,0,n,,"=""100""",,,,,,n,,,,,,,
"=""850054746023""","Ready-to-Drink (RTD)",1,449,n,n,"HELLA PINEAPPLE","335 ml",,n,1,1,0,n,,"=""100""",,,,,,n,,,,,,,
"=""850054746030""","Malt Beverage",1,1646,n,n,"HELLA CLASSIC MARGARITA 11.8CAN4P 12Z",,,n,1,1,1070,n,,"=""100""",,,,,,n,,,,,,,
"=""850054746047""","Ready-to-Drink (RTD)",1,1647,n,n,"Hella Habanero Margarita 11.8can4p 12Z","4*12 oz",,n,4,1,1070,n,,"=""100""",,,,,,n,,,,,,,
"=""850054746054""",CHOCOLATE,1,1799,n,n,"HELLA CLASIC MARGARITA11.8CAN4P 12Z","12*12 oz",,n,4,1,1140,n,,"=""6""",,,,,,n,,,,,,,
"=""850055337244""","Ready-to-Drink (RTD)",1,349,n,n,"MONACO KNOCKOUT PUNCH C12 12OZ LSESL",,,n,1,1,180,n,,"=""99""",,,,,,n,,,,,,,
"=""850055337299""","Ready-to-Drink (RTD)",1,349,n,n,"MONACO GRAPEFRUIT CRUSH C12 12OZ LSE",,,n,1,1,180,n,,"=""100""",,,,,,n,,,,,,,
"=""850055934528""",ACCESSORIES,1,399,n,n,"GOODTIME PAPER PLATES",,,n,1,1,161,n,,"=""100""",,,,,,n,,,,,,,
"=""850055934542""",ACCESSORIES,1,499,n,n,"GOOD TIME PAPER PLATES",,,n,1,0,0,n,,"=""100""",,,,,,n,,,,,,,
"=""850056406000""","Health & Wellness",1,699,n,n,"MELTING FORRST BLACK CHERRY","12 OZ",,n,1,1,204,n,,"=""100""",,,,,,n,,,,,,,
"=""850056406017""","Health & Wellness",1,699,n,n,"MELTING FOREST MANGO GUAVA","12 OZ",,n,1,1,204,n,,"=""100""",,,,,,n,,,,,,,
"=""850056406024""","Health & Wellness",1,699,n,n,"MELTING FOREST STRAWBERRY LEMONADE","12 OZ",,n,1,1,204,n,,"=""100""",,,,,,n,,,,,,,
"=""850056406048""",Juice,1,699,n,n,"Melting forest",,,n,1,0,0,n,,"=""100""",,,,,,n,,,,,,,
"=""850056406109""","Health & Wellness",1,499,n,n,"MELTING FOREST MUSHROOM MANGO GUAVA 12OZ","12 oz",,n,1,1,240,n,,"=""12""",,,,,,n,,,,,,,
"=""850056406116""","Health & Wellness",1,499,n,n,"MELTING FOREST MUSHROOM BLACK CHERRY 12OZ","12 oz",,n,1,1,240,n,,"=""12""",,,,,,n,,,,,,,
"=""850056406130""","Health & Wellness",1,499,n,n,"MELTING FOREST MUSHROOM STRW LMND 12OZ","12 oz",,n,1,1,240,n,,"=""12""",,,,,,n,,,,,,,
"=""850056406208""","Energy Drinks",1,699,n,n,Melting,,,n,1,0,0,n,,"=""100""",,,,,,n,,,,,,,
"=""850056406246""","Energy Drinks",1,699,n,n,"MELTING FOREST WATERMELON ELDER FLOWER","12 OZ",,n,1,0,0,n,,"=""99""",,,,,,n,,,,,,,
"=""850057569223""",GIN,1,3999,n,n,"STILL GIN","750 ML",,n,2,1,2589,n,,"=""6""",,,,,,n,,,,,,,
"=""850057809725""",Vape,1,2499,n,n,"FLUM MELLO TABACCO 20000",,,n,1,0,0,n,,"=""100""",,,,,,n,,,,,,,
"=""850057809831""",ACCESSORIES,1,2999,n,n,"Flum clear",,,n,1,0,0,n,,"=""100""",,,,,,n,,,,,,,
"=""850057925210""","Hard Seltzer",1,299,n,n,"HAPPY DAD HARD SELTZER DEATH ROW GRAPE 24/16 CAN",,,n,1,1,174,n,,"=""100""",,,,,,n,,,,,,,
"=""850057925364""","Hard Seltzer",1,2299,n,n,"HAPPY DAD HARD SELTZER FRUIT PUNCH 24/12 CAN 2/12","12 pk",,n,12,1,1409,n,,"=""100""",,,,,,n,,,,,,,
"=""850057925371""","Hard Seltzer",1,2299,n,n,"HAPPY DAD HARD SELTZER VARIETY PACK 24/12 CAN 2/12","12 pk",,n,12,1,1409,n,,"=""100""",,,,,,n,,,,,,,
"=""850057925586""","Hard Iced Tea",1,479,n,n,"HAPPY DAD REAL TREE EXTRA HARD LEMONADE 12/24 CAN","24 oz",,n,2,1,255,n,,"=""2""",,,,,,n,,,,,,,
"=""850057925647""","Hard Iced Tea",1,2400,n,n,"HAPPY DAD HARD TEA VARIETY PACK 24/12 CAN 2/12","12 pk",,n,12,1,1380,n,,"=""100""",,,,,,n,,,,,,,
"=""850057925654""","Hard Seltzer",1,2299,n,n,"HAPPY DAD HARD LEMONADE","12 PK",,n,12,1,1320,n,,"=""100""",,,,,,n,,,,,,,
"=""850059041000""","Craft / Local Beer",1,1799,n,n,"MWE HZYIPA 4/6 16OZ CAN","16 OZ",,n,6,1,1125,n,,"=""100""",,,,,,n,,,,,,,
"=""850059041031""","IPA Beer",1,1499,n,n,"MED WEAST  PALE","6 PK 16 OZ",,n,6,1,940,n,,"=""4""",,,,,,n,,,,,,,
"=""850059041048""","IPA Beer",1,1799,n,n,"MWE IPA--- 4/6 16OZ CAN","16 OZ",,n,6,1,1125,n,,"=""100""",,,,,,n,,,,,,,
"=""850059195178""","Ready-to-Drink (RTD)",1,449,n,n,"BEATBOX ORANGE BLAST 12/500ML TETRA",,,n,5,1,275,n,,"=""100""",,,,,,n,,,,,,,
"=""850059195314""","Ready-to-Drink (RTD)",1,457,n,n,"BEATBOX MYSTIC GRAPE 12/500ML TETRA","500 ML",,n,5,1,285,n,,"=""10""",,,,,,n,,,,,,,
"=""850059195352""","Ready-to-Drink (RTD)",1,449,n,n,"BEATBOX BLUEBERRY LEMONADE 12/500ML TETRA",,,n,5,1,285,n,,"=""100""",,,,,,n,,,,,,,
"=""850059195376""","Spirits - Other",1,449,n,n,"BEATBOX WATERMELON LEMONADE 12/500ML TETRA","16.9 oz",,n,5,1,275,n,,"=""100""",,,,,,n,,,,,,,
"=""850059195451""","Ready-to-Drink (RTD)",1,1999,n,n,"BEATBOX BLUEBERRY LEMONADE 6/3 LITER TETRA","3 LITER",,n,1,1,1284,n,,"=""100""",,,,,,n,,,,,,,
"=""850059195512""","Ready-to-Drink (RTD)",1,1999,n,n,"BEATBOX GREEN APPLE 6/3 LITER TETRA","3 LITER",,n,1,1,1284,n,,"=""100""",,,,,,n,,,,,,,
"=""850059195529""","Ready-to-Drink (RTD)",1,457,n,n,"BEATBOX SWEET HEAT CINNAMON 12/500ML TETRA","500 ML",,n,1,1,285,n,,"=""100""",,,,,,n,,,,,,,
"=""850060777202""",Gummy,1,599,n,n,"SOUR STRIPS BITES BLUERAZZ LEMONADE","6.35 OZ",,n,1,10,3000,n,,"=""100""",,,,,,n,,,,,,,
"=""850060777219""",Gummy,1,599,n,n,"sour strips bites melonade 6.35 oz",,,n,1,10,3000,n,,"=""100""",,,,,,n,,,,,,,
"=""850060777240""",Gummy,1,549,n,n,"sour strips",,,n,1,0,0,n,,"=""100""",,,,,,n,,,,,,,
"=""850060777554""","Hanging Snacks",1,549,n,n,"sour strips",,,n,1,0,0,n,,"=""100""",,,,,,n,,,,,,,
"=""850061048592""","Health & Wellness",1,4999,n,n,Mash,,,n,1,1,0,n,,"=""100""",,,,,,n,,,,,,,
"=""850061048646""","Health & Wellness",1,2999,n,n,choclate,,,n,1,0,0,n,,"=""100""",,,,,,n,,,,,,,
"=""850061048653""","Health & Wellness",1,2999,n,n,"MUOSHROOM CHOCOLATE WHITE MAGIC",,,n,1,1,1200,n,,"=""100""",,,,,,n,,,,,,,
"=""850061048806""","Health & Wellness",1,2999,n,n,CHOCLATE,,,n,1,0,0,n,,"=""100""",,,,,,n,,,,,,,
"=""850061048875""","Health & Wellness",1,1299,n,n,"NICE GUMMIES GALAXY RAZZ",,,n,1,0,0,n,,"=""100""",,,,,,n,,,,,,,
"=""850061048882""","Health & Wellness",1,1299,n,n,"NICE  GUMMIES  COSMIC BERRY",,,n,1,1,0,n,,"=""100""",,,,,,n,,,,,,,
"=""850061048899""","Health & Wellness",1,1299,n,n,j,,,n,1,0,0,n,,"=""100""",,,,,,n,,,,,,,
"=""850062113077""","Iced Tea",1,299,n,n,"califrnia life",,,n,1,0,0,n,,"=""100""",,,,,,n,,,,,,,
"=""850062113091""","Iced Tea",1,299,n,n,"CALIFORNIA LIFE","16 OZ",,n,1,1,0,n,,"=""100""",,,,,,n,,,,,,,
"=""850062113114""","Iced Tea",1,299,n,n,"CALIFORNIA LIFE","16 OZ",,n,1,0,0,n,,"=""100""",,,,,,n,,,,,,,
"=""850062113138""","Iced Tea",1,299,n,n,"CALIFORNIA LIFE","16 OZ",,n,1,1,0,n,,"=""1""",,,,,,n,,,,,,,
"=""850062113145""","Iced Tea",1,299,n,n,"CALIFORNIA LIFE","16 OZ",,n,1,0,0,n,,"=""100""",,,,,,n,,,,,,,
"=""850062156098""",Kombucha,1,549,n,n,"JSH OCEAN- 12/1 19.2OZ CAN","19.2 OZ",,n,1,1,306,n,,"=""11""",,,,,,n,,,,,,,
"=""850062156104""",Kombucha,1,549,n,n,"JUNE SHINE STRAWBERRY KIWI CRUSH","19.2 OZ",,n,1,1,297,n,,"=""100""",,,,,,n,,,,,,,
"=""850062156111""",BEER,1,349,n,n,"easy rider can","25 oz",,n,2,1,0,n,,"=""100""",,,,,,n,,,,,,,
"=""850062156128""",Kombucha,1,549,n,n,"JUNE SHINE REAL REFRESHING","19.2 OZ",,n,1,1,297,n,,"=""3""",,,,,,n,,,,,,,
"=""850062156227""","Non-Alcoholic Beer & Wine",1,1206,n,n,"Jsh Pog--- 6/4 12oz Can","4 PK 12 OZ",,n,4,1,779,n,,"=""100""",,,,,,n,,,,,,,
"=""850062156234""",Kombucha,1,1198,n,n,"JSH MGODAY 6/4 12OZ CAN",,,n,1,1,779,n,,"=""100""",,,,,,n,,,,,,,
"=""850062156241""",Kombucha,1,1198,n,n,"JSH STRKIW 6/4 12OZ CAN",,,n,1,1,779,n,,"=""100""",,,,,,n,,,,,,,
"=""850062156258""",Kombucha,1,1198,n,n,"JSH MIDNIT 6/4 12OZ CAN",,,n,1,1,779,n,,"=""100""",,,,,,n,,,,,,,
"=""850062156319""",Kombucha,1,1198,n,n,"JSH DESERT 6/4 12OZ CAN",4*12OZ,,n,4,1,758,n,,"=""100""",,,,,,n,,,,,,,
"=""850062156326""","Ready-to-Drink (RTD)",1,549,n,n,"JUNE SHINE DESERT COOLER","19.2 OZ",,n,1,1,306,n,,"=""8""",,,,,,n,,,,,,,
"=""850062156418""",Kombucha,1,1198,n,n,"JSH GRPSPL 6/4 12OZ CAN",,,n,4,1,779,n,,"=""100""",,,,,,n,,,,,,,
"=""850062331020""",Pouches,1,1099,n,n,"ENZE PEPPERMINT ENERGY POUCHES",,,n,1,0,0,n,,"=""100""",,,,,,n,,,,,,,
"=""850062331051""",Pouches,1,1099,n,n,"ENZE ENERGY POUCHES LEMON CHERRY",,,n,1,0,0,n,,"=""100""",,,,,,n,,,,,,,
"=""850062557376""","Hanging Snacks",1,499,n,n,"SMACKIN CINNAMON CHURRO",113g,,n,1,1,200,n,,"=""100""",,,,,,n,,,,,,,
"=""850062557390""","Hanging Snacks",1,499,n,n,"SMACKIN LEMON PEPPER",113g,,n,1,1,200,n,,"=""100""",,,,,,n,,,,,,,
"=""850062557406""","Hanging Snacks",1,499,n,n,"SMACKIN MAPLE BROWN SUGAR",113g,,n,1,1,200,n,,"=""100""",,,,,,n,,,,,,,
"=""850062557734""","Hanging Snacks",1,499,n,n,"SMACKIN' SOUR CREAM & ONION",115g,,n,1,1,250,n,,"=""99""",,,,,,n,,,,,,,
"=""850062639065""",Soda,1,299,n,n,"OLIPOP GINGER ALE","12 OZ",,n,1,0,0,n,,"=""100""",,,,,,n,,,,,,,
"=""850062639300""",Soda,1,299,n,n,"OLIPOP PINEAPPLE PARADISE","12 OZ",,n,1,0,0,n,,"=""100""",,,,,,n,,,,,,,
"=""850062639317""",Soda,1,1299,n,n,"OLIPOP PINEAPPLE PARADISE 4 PK","12 OZ 4PK",,n,4,1,147,n,,"=""100""",,,,,,n,,,,,,,
"=""850062639584""",Soda,1,299,n,n,"OLIPOP SHIRLEY TEMPLE","12 OZ",,n,1,1,172,n,,"=""100""",,,,,,n,,,,,,,
"=""850062639843""",Juice,1,299,n,n,"OLIPOP STR VANILLA","12  OZ",,n,1,1,172,n,,"=""100""",,,,,,n,,,,,,,
"=""850063182140""",Pouches,1,599,n,n,"OEO 3 mg  CLEAR","3 mg",,n,1,1,340,n,,"=""100""",,,,,,n,,,,,,,
"=""850063182287""",Pouches,1,599,n,n,"OEO 6 mg SMOOTH","6 mg",,n,1,1,340,n,,"=""100""",,,,,,n,,,,,,,
"=""850063182300""",Pouches,1,599,n,n,"OEO 6 mg  CLEAR","6 mg",,n,1,1,340,n,,"=""100""",,,,,,n,,,,,,,
"=""850063407243""",Gummy,1,499,n,n,"El gordos blue berry",,,n,1,0,0,n,,"=""100""",,,,,,n,,,,,,,
"=""850063407274""",Gummy,1,499,n,n,"EL GORDO'S SOURS RAINBOW CHAMOY","4 OZ",,n,1,0,0,n,,"=""99""",,,,,,n,,,,,,,
"=""850063407281""",Gummy,1,499,n,n,"el grodos sour apple",,,n,1,0,0,n,,"=""100""",,,,,,n,,,,,,,
"=""850063407304""",Gummy,1,499,n,n,"El gorrdos watermelon",,,n,1,0,0,n,,"=""100""",,,,,,n,,,,,,,
"=""850063407564""",Gummy,1,899,n,n,"OH MY GUSHERS eLGORDO",,,n,1,1,0,n,,"=""100""",,,,,,n,,,,,,,
"=""850063407571""",Gummy,1,499,n,n,"chamoy strwabery",,,n,1,0,0,n,,"=""100""",,,,,,n,,,,,,,
"=""850063407588""",Gummy,1,499,n,n,"El gorrdos",,,n,1,0,0,n,,"=""100""",,,,,,n,,,,,,,
"=""850063407595""",Gummy,1,899,n,n,"OMG BLUEBERRY","6 OZ",,n,1,0,0,n,,"=""100""",,,,,,n,,,,,,,
"=""850063407670""",Gummy,1,899,n,n,"OMG WATERMELON","6 OZ",,n,1,0,0,n,,"=""100""",,,,,,n,,,,,,,
"=""850063407694""",Gummy,1,899,n,n,"SI PICA MANGO","6 OZ",,n,1,0,0,n,,"=""100""",,,,,,n,,,,,,,
"=""850063407755""",Gummy,1,899,n,n,"OMG MANGO","6 OZ",,n,1,0,0,n,,"=""100""",,,,,,n,,,,,,,
"=""850063407762""",Gummy,1,899,n,n,"Palito de fresa",,,n,1,0,0,n,,"=""100""",,,,,,n,,,,,,,
"=""850063407779""",Gummy,1,899,n,n,"CHOMS GOMS",,,n,1,1,0,n,,"=""100""",,,,,,n,,,,,,,
"=""850063407786""",Gummy,1,899,n,n,"Azules blueberry",,,n,1,0,0,n,,"=""100""",,,,,,n,,,,,,,
"=""850063407793""",Gummy,1,899,n,n,"OMG CUCUMBER","6 OZ",,n,1,0,0,n,,"=""100""",,,,,,n,,,,,,,
"=""850063407946""",Gummy,1,899,n,n,Candy,,,n,1,0,0,n,,"=""100""",,,,,,n,,,,,,,
"=""850063407953""",Gummy,1,899,n,n,"EL TOXI",,,n,1,0,0,n,,"=""100""",,,,,,n,,,,,,,
"=""850063407960""","Hanging Snacks",1,899,n,n,"Gumies casher",,,n,1,0,0,n,,"=""100""",,,,,,n,,,,,,,
"=""850063407977""",Gummy,1,899,n,n,"CARINSAS CHAMOY MANGO",,,n,1,0,0,n,,"=""100""",,,,,,n,,,,,,,
"=""850063407984""","Hanging Snacks",1,899,n,n,Gummy,,,n,1,0,0,n,,"=""100""",,,,,,n,,,,,,,
"=""850064265316""","Ready-to-Drink (RTD)",1,349,n,n,"MONACO PORNSTAR CRUSH","12 oz",,n,1,1,180,n,,"=""100""",,,,,,n,,,,,,,
"=""850064265323""",BEER,1,277,n,n,"MONACO PORNSTAR CRUSH C12 12OZ LSESL",,,n,1,1,180,n,,"=""100""",,,,,,n,,,,,,,
"=""850064265910""","Ready-to-Drink (RTD)",1,349,n,n,"MONACO SOUR APPLE CRUSH",,,n,1,1,180,n,,"=""100""",,,,,,n,,,,,,,
"=""850064303001""","Protein Bars",1,510,n,n,"David Chocolate Chips Cookie Dough","62 g",,n,1,1,278,n,,"=""100""",,,,,,n,,,,,,,
"=""850064303018""","Protein Bars",1,510,n,n,"David Cake Batter","2.19 OZ",,n,1,1,278,n,,"=""100""",,,,,,n,,,,,,,
"=""850064303025""","Protein Bars",1,510,n,n,"David Fudge","2.19 OZ",,n,1,1,278,n,,"=""18""",,,,,,n,,,,,,,
"=""850064303032""","Protein Bars",1,510,n,n,"David Protein Fudge Browine 2.23 oz","2.23 OZ",,n,1,1,278,n,,"=""100""",,,,,,n,,,,,,,
"=""850064303155""","Protein Bars",1,510,n,n,"David Penut Butter Choclate Chunk","28 g PROTIEN",,n,1,1,278,n,,"=""100""",,,,,,n,,,,,,,
"=""850064303179""","Protein Bars",1,510,n,n,"David Salted",,,n,1,1,278,n,,"=""99""",,,,,,n,,,,,,,
"=""850064303261""","Protein Bars",1,510,n,n,"David Red Velvet","2.19 OZ",,n,1,1,278,n,,"=""11""",,,,,,n,,,,,,,
"=""850064303285""","Protein Bars",1,510,n,n,"David Cinnamon Roll","62 g",,n,1,1,278,n,,"=""0""",,,,,,n,,,,,,,
"=""850064701036""","IPA Beer",1,1599,n,n,"BERO KINGSTON GOLDEN PILS","6 PK",,n,6,0,0,n,,"=""100""",,,,,,n,,,,,,,
"=""850064701043""","IPA Beer",1,1599,n,n,"BERO EDGE HILL IPA NON-ALCOHOLIC BREW","6 PK",,n,6,0,0,n,,"=""100""",,,,,,n,,,,,,,
"=""850064950007""","Protein Bars",1,449,n,n,"Barebells Caramel Choco","55 G",,n,1,1,247,n,,"=""7""",,,,,,n,,,,,,,
"=""850064950014""","Protein Bars",1,449,n,n,"Barebells Protein Soft Bar Caramel Choco","55 G",,n,1,1,247,n,,"=""12""",,,,,,n,,,,,,,
"=""850064950021""","Protein Bars",1,399,n,n,"BAREELLS CARAMEL CASHEW","1.94 OZ",,n,1,1,213,n,,"=""100""",,,,,,n,,,,,,,
"=""850064950045""","Protein Bars",1,449,n,n,"BAREBELLS PEANUT CARAMEL",2oz,,n,1,1,212,n,,"=""100""",,,,,,n,,,,,,,
"=""850064950373""","Protein Bars",1,449,n,n,"Barebells Penut Butter",,,n,1,1,225,n,,"=""100""",,,,,,n,,,,,,,
"=""850064950403""","Protein Bars",1,499,n,n,"BAREBELLS MARSHMALLOW",,,n,1,1,208,n,,"=""100""",,,,,,n,,,,,,,
"=""850064950472""","Protein Bars",1,449,n,n,"BAREBELLS PROTEIN BAR WILD CHERRY 1.94OZ",,,n,1,1,225,n,,"=""12""",,,,,,n,,,,,,,
"=""850064950519""","Protein Bars",1,449,n,n,"Barebells Protein Vegan Bar Fudge Brownie","55 G",,n,1,1,247,n,,"=""9""",,,,,,n,,,,,,,
"=""850064950700""","Protein Bars",1,449,n,n,"Barebells Coco Caramel Almond",,,n,1,1,247,n,,"=""100""",,,,,,n,,,,,,,
"=""850064950786""",Juice,1,399,n,n,"COCCO ELECTROLYTE BLOOD ORANGE","12 OZ",,n,1,1,188,n,,"=""100""",,,,,,n,,,,,,,
"=""850064950793""",Juice,1,399,n,n,"NOCCO ELECTROLYTE LEMON LIME","12 OZ",,n,1,1,188,n,,"=""2""",,,,,,n,,,,,,,
"=""850065617039""","Ready-to-Drink (RTD)",1,1999,n,n,"FREE SPIRITS ESPRESSO OLD FASHIONED",,,n,4,1,1200,n,,"=""100""",,,,,,n,,,,,,,
"=""850066306062""","IPA Beer",1,1799,n,n,"INFINITE EUREKAS HAZY IPA","4 PK",,n,4,1,1100,n,,"=""100""",,,,,,n,,,,,,,
"=""850066306222""",BEER,1,1499,n,n,"SUBLIME MEXICAN LAGER","6 PK",,n,6,1,910,n,,"=""100""",,,,,,n,,,,,,,
"=""850067000822""",Grocery,1,299,n,n,"MR.COFFEE FILTERS","50 PCS",,n,1,1,0,n,,"=""100""",,,,,,n,,,,,,,
"=""850067117018""","Wine Cabernet Sauvignon",1,9999,n,n,"MACHETE CAB",,,n,1,1,0,n,,"=""100""",,,,,,n,,,,,,,
"=""850067422211""","Protein & Hydration",1,626,n,n,"Koia Cockies and Cream",,,n,1,1,339,n,,"=""100""",,,,,,n,,,,,,,
"=""850068635030""","IPA Beer",1,1799,n,n,"MASON HOP DOGS WC IPA","4 PCK 16 OZ",,n,4,1,1119,n,,"=""100""",,,,,,n,,,,,,,
"=""850068635146""","IPA Beer",1,1999,n,n,"MASON DISCOUNT STUNTMAN HAZY DIPA","4 PCK 16 OZ",,n,4,1,1294,n,,"=""100""",,,,,,n,,,,,,,
"=""850068724048""","Energy Drinks",1,348,n,n,"El Jefe Energy Diablo Punch 12/16 Can","16 OZ",,n,1,1,184,n,,"=""100""",,,,,,n,,,,,,,
"=""850069071516""",Vape,1,2999,n,n,"UT CLEAR",,,n,1,1,0,n,,"=""100""",,,,,,n,,,,,,,
"=""850069071547""",Water,1,2999,n,n,"UT Naked Spring Water","50000 Puffs",,n,1,1,0,n,,"=""100""",,,,,,n,,,,,,,
"=""850069071967""",Vape,1,2999,n,n,"UT Tobacco Gold Tobacco 50K Puffs","=""50000""",,n,1,1,0,n,,"=""100""",,,,,,n,,,,,,,
"=""850069255657""",Pouches,1,799,n,n,"LUCY HEAT 4MG NICOTINE POUCHES 5PK",,,n,1,1,420,n,,"=""5""",,,,,,n,,,,,,,
"=""850069255664""",Pouches,1,799,n,n,"LUCY HEAT 8MG NICOTINE POUCHES 5PK",,,n,1,1,420,n,,"=""5""",,,,,,n,,,,,,,
"=""850070326063""","Sour Beer",1,699,n,n,"great nation","16 oz",,n,1,24,1999,n,,"=""100""",,,,,,n,,,,,,,
"=""850072608150""",Candy,1,499,n,n,"DUBAI PISTACHIO KUNAFA MILK CHOCOLATE",,,n,1,0,0,n,,"=""100""",,,,,,n,,,,,,,
"=""850073929940""",Vape,1,2999,n,n,"UT CLEAR",,,n,1,0,0,n,,"=""100""",,,,,,n,,,,,,,
"=""850073989005""",Vape,1,2299,n,n,"Clear Float 6000 puffs","6000 Puffs",,n,1,1,1117,n,,"=""100""",,,,,,n,,,,,,,
"=""850073989067""",Vape,1,1999,n,n,"FLOAT PEBBLE TABACCO",6k,,n,1,0,0,n,,"=""100""",,,,,,n,,,,,,,
"=""850073989098""",Vape,1,2199,n,n,"Float clear",10k,,n,1,0,0,n,,"=""100""",,,,,,n,,,,,,,
"=""850073989517""",Vape,1,1999,n,n,"WIHT GU",,,n,1,0,0,n,,"=""100""",,,,,,n,,,,,,,
"=""850073999080""",ACCESSORIES,1,499,n,n,"ASHELEY BELLE HAND SANITIZER","1 OZ",,n,1,1,113,n,,"=""100""",,,,,,n,,,,,,,
"=""850075059478""",Vape,1,2999,n,n,"UT CLEAR CLEAR BLACK",,,n,1,0,0,n,,"=""100""",,,,,,n,,,,,,,
"=""850075684236""",Vape,1,2999,n,n,"FLOAT MELLO CLEAR",,,n,1,0,0,n,,"=""100""",,,,,,n,,,,,,,
"=""850075684564""",Vape,1,2999,n,n,"FLUM CLEAR",,,n,1,0,0,n,,"=""100""",,,,,,n,,,,,,,
"=""850075778270""","Protein Bars",1,449,n,n,"BAREBELLS PEANUT BUTTER & JELLY",,,n,1,1,212,n,,"=""99""",,,,,,n,,,,,,,
"=""850075778447""","Protein Bars",1,449,n,n,"Barebells Protein Browine Batter",,,n,1,1,247,n,,"=""100""",,,,,,n,,,,,,,
"=""850076054021""","Health & Wellness",1,4999,n,n,"GUMMIES MOUSHROOM",,,n,1,0,0,n,,"=""100""",,,,,,n,,,,,,,
"=""850076282103""",CHOCOLATE,1,499,n,n,"DUBAI CHOCOLATE STRAWBERRY",,,n,1,1,167,n,,"=""100""",,,,,,n,,,,,,,
"=""850076282264""",CHOCOLATE,1,699,n,n,"FERITIO MATCHA CHEESECAKE CHOCOLATE",,,n,1,1,310,n,,"=""100""",,,,,,n,,,,,,,
"=""850077511509""",CHOCOLATE,1,999,n,n,"Dubai Chocolate Small 3.36","=""336""",,n,1,1,466,n,,"=""100""",,,,,,n,,,,,,,
"=""850077661006""",BEER,1,399,n,n,"OWLS BREW SPIKED POP BLACK CHERRY","19.5 OZ",,n,1,1,242,n,,"=""100""",,,,,,n,,,,,,,
"=""850077661013""",BEER,1,399,n,n,"OWLS BREW SPIKED POP LEMON LIME","19.5 OZ",,n,1,1,242,n,,"=""100""",,,,,,n,,,,,,,
"=""850079383234""",Pouches,1,1499,n,n,"ULTRA FOCUS BLUE RAZZ","15 POUCHES",,n,1,1,769,n,,"=""100""",,,,,,n,,,,,,,
"=""850162008334""",BEER,1,2299,y,n,CRUSH,,,n,1,1,0,n,,"=""100""",,,,,,n,,,,,,,
"=""850251004018""","Chips - Other",1,199,n,n,"Skinny Pop Popcorn","0.65 Oz",,n,1,1,0,n,,"=""100""",,,,,,n,,,,,,,
"=""850352005709""",Coffee,1,495,n,n,"modern time coffe",oz,,n,1,0,0,n,,"=""100""",,,,,,n,,,,,,,
"=""850352005877""",Coffee,1,499,n,n,"Mather timecoffee","12 oz",,n,1,1,0,n,,"=""100""",,,,,,n,,,,,,,
"=""850411004117""","Craft / Local Beer",1,799,y,n,"MISSION DARK SEAS",,,n,1,1,0,n,,"=""100""",,,,,,n,,,,,,,
"=""850438002547""",BEER,1,1399,y,n,BODEM,,,n,1,1,0,n,,"=""100""",,,,,,n,,,,,,,
"=""850632006747""","Energy Drinks",1,557,n,n,"Ketone-IQ Peach",59ML,,n,1,1,300,n,,"=""100""",,,,,,n,,,,,,,
"=""850632006846""","Energy Drinks",1,394,n,n,KETONE-IQ,59ML,,n,1,1,0,n,,"=""100""",,,,,,n,,,,,,,
"=""850632006907""","Energy Drinks",1,394,n,n,"KETONE-IQ RASPERRY LEMONADE",59ML,,n,1,1,0,n,,"=""100""",,,,,,n,,,,,,,
"=""850645008363""","Energy Drinks",1,399,n,n,"ALA ORANGE KISS 12 OZ 1/24 CAN",,,n,1,1,154,n,,"=""100""",,,,,,n,,,,,,,
"=""850645008387""","Energy Drinks",1,399,n,n,"ALANI HAWAIAN SHAVED ICE","12 OZ",,n,1,1,185,n,,"=""100""",,,,,,n,,,,,,,
"=""850668000832""",Grocery,1,349,n,n,"Kettle Potato Chips Sea Salt & Vinegar (5 oz)",5oz,,n,1,1,0,n,,"=""100""",,,,,,n,,,,,,,
"=""850683005362""",Water,1,399,n,n,hawaii,,,n,1,0,0,n,,"=""100""",,,,,,n,,,,,,,
"=""850832004260""","White Wine",1,1999,n,n,"BREAD & BUTTER CHARD",,,n,1,1,850,n,,"=""100""",,,,,,n,,,,,,,
"=""851091006187""","Malt Beverage",1,2390,n,n,"Buzzballz Spirits Chili Mango P3 1.7",,,n,1,1,1549,n,,"=""100""",,,,,,n,,,,,,,
"=""851091006200""",Spiked,1,2599,n,n,"BuzzBallz Biggies Tequila 'Rita (1.75LT)",,,n,1,1,1549,n,,"=""100""",,,,,,n,,,,,,,
"=""851091006217""","Malt Beverage",1,2599,n,n,"BUZZBALLZ SPIRITS STRAWBERRY RITA P3",1.75L,,n,2,1,1549,n,,"=""100""",,,,,,n,,,,,,,
"=""851091006224""","Ready-to-Drink (RTD)",1,2599,n,n,"Buzzballz Chocolate Tease Bottles (200 ml)",1.75lt,,n,2,1,1549,n,,"=""100""",,,,,,n,,,,,,,
"=""851091006231""","Spirits - Other",1,2699,n,n,"BUZZBALLZ SPIRITS SNOW GLOBE P3 1.75",,,n,1,1,1700,n,,"=""100""",,,,,,n,,,,,,,
"=""851091006347""","Ready-to-Drink (RTD)",1,2599,n,n,"BZBL SP BRYCHR P3 1.75L","1.75 ML",,n,2,1,1549,n,,"=""100""",,,,,,n,,,,,,,
"=""851091006682""","Malt Beverage",1,2390,n,n,"Buzzballz Spirits Americana Strawber",,,n,1,1,1549,n,,"=""100""",,,,,,n,,,,,,,
"=""851091006729""","Ready-to-Drink (RTD)",1,2541,n,n,"BUZZBALLZ SPIRITS GRAPES GONE WILD P","1.75 ML",,n,2,1,1010,n,,"=""100""",,,,,,n,,,,,,,
"=""851133006007""","Malt Beverage",1,0,y,n,"BEATBOX BEVERAGES",,,n,1,1,0,n,,"=""100""",,,,,,n,,,,,,,
"=""851133006076""","Ready-to-Drink (RTD)",1,1999,n,n,"BEATBOX BLUE RAZZBERRY 6/3 LITER TETRA","3 LITERS",,n,1,1,1284,n,,"=""100""",,,,,,n,,,,,,,
"=""851133006106""","Ready-to-Drink (RTD)",1,1999,n,n,"BEATBOX FRUIT PUNCH 6/3 LITER TETRA","3 LITER",,n,1,1,1284,n,,"=""100""",,,,,,n,,,,,,,
"=""851133006120""","Ready-to-Drink (RTD)",1,457,n,n,"BEATBOX FRUIT PUNCH 12/500ML TETRA","500 ML",,n,5,1,275,n,,"=""6""",,,,,,n,,,,,,,
"=""851133006137""","Ready-to-Drink (RTD)",1,449,n,n,"BEATBOX BLUE RAZZBERRY 12/500ML TETRA","187 ML",,n,5,1,285,n,,"=""9""",,,,,,n,,,,,,,
"=""851133006151""","Ready-to-Drink (RTD)",1,449,n,n,"BEATBOX PINK LEMONADE 12/500ML TETRA",16oz,,n,5,1,285,n,,"=""100""",,,,,,n,,,,,,,
"=""851133006175""","Wine General",1,414,n,n,"BEATBOX FRESH WATERMELON 12/500ML TETRA",,,n,1,1,269,n,,"=""100""",,,,,,n,,,,,,,
"=""851133006342""","Ready-to-Drink (RTD)",1,457,n,n,"BEATBOX TROPICAL PUNCH 12/500ML TETRA","500 ML",,n,1,1,285,n,,"=""100""",,,,,,n,,,,,,,
"=""851133006519""","Ready-to-Drink (RTD)",1,449,n,n,"BEATBOX JUICY MANGO 12/500ML TETRA",,,n,5,1,285,n,,"=""10""",,,,,,n,,,,,,,
"=""851133006700""","Ready-to-Drink (RTD)",1,449,n,n,"BEATBOX CRANBERRY DREAMS 12/500ML TETRA",,,n,5,1,285,n,,"=""100""",,,,,,n,,,,,,,
"=""851133006731""","Ready-to-Drink (RTD)",1,449,n,n,"BEATBOX GREEN APPLE 12/500ML TETRA","500 ML",,n,5,1,285,n,,"=""100""",,,,,,n,,,,,,,
"=""851133006755""","Ready-to-Drink (RTD)",1,457,n,n,"BEATBOX HARD TEA 12/500ML TETRA",,,n,5,1,285,n,,"=""10""",,,,,,n,,,,,,,
"=""851133006991""","Ready-to-Drink (RTD)",1,449,n,n,"BEATBOX PEACH HARD TEA 12/500ML TETRA","16.9 fl.oz",,n,5,1,285,n,,"=""100""",,,,,,n,,,,,,,
"=""851389006004""","Red Wine",1,1899,n,n,"BAROSSA VALLY SHIRAZ","750 ml",,n,1,1,0,n,,"=""100""",,,,,,n,,,,,,,
"=""851426007162""","Drinks & Mixers",1,499,n,n,"DrinkAde Boost Berry Hangover Prevention Bottle (3.4 oz)",,,n,1,1,0,n,,"=""100""",,,,,,n,,,,,,,
"=""851460002253""",Whiskey,1,12999,n,n,"WhistlePig 12 Yr Old World Rye (750 ml)","750 ML",,n,2,1,0,n,,"=""100""",,,,,,n,,,,,,,
"=""851460002369""",Whiskey,1,29999,n,n,"WHISTLEPIG 15 years  750ML","750 ml",,n,2,1,15400,n,,"=""100""",,,,,,n,,,,,,,
"=""851460002642""",Whiskey,1,1299,n,n,"WHISTLE PIG 50ML","50 ML",,n,1,1,581,n,,"=""3""",,,,,,n,,,,,,,
"=""851514002437""",BEER,1,2999,y,n,"CASCADE BREWING",,,n,1,1,0,n,,"=""100""",,,,,,n,,,,,,,
"=""851514002536""",BEER,1,3499,y,n,CASCADE,,,n,1,1,0,n,,"=""100""",,,,,,n,,,,,,,
"=""851538008132""",BEER,1,1399,y,n,"WIRETAP NAMA BIRU",,,n,1,1,0,n,,"=""100""",,,,,,n,,,,,,,
"=""851681008126""",Gummy,1,399,n,n,"Hi-Chew Sweet and Sour Mix Chewy Candy (3.17 oz)",,,n,1,1,182,n,,"=""100""",,,,,,n,,,,,,,
"=""851681008669""",Gummy,1,249,n,n,"HI-CHEW WATERMELON","1.76 OZ",,n,1,1,110,n,,"=""100""",,,,,,n,,,,,,,
"=""851697008417""",BEER,1,1999,y,n,"SOUL CAL",,,n,1,1,0,n,,"=""100""",,,,,,n,,,,,,,
"=""851718000048""","Red Wine",1,1399,n,n,"MARK WEST PINOT NOIR 750 ml","750.00 ML",,n,2,1,779,n,,"=""100""",,,,,,n,,,,,,,
"=""851718000536""","Wine Cabernet Sauvignon",1,2599,n,n,"RAEBWRN CABERNET SAUVIGNON",,,n,1,1,0,n,,"=""100""",,,,,,n,,,,,,,
"=""851718000970""","White Wine",1,2499,n,n,"RAEBURN CHARDONNAY","=""1""",,n,1,1,0,n,,"=""100""",,,,,,n,,,,,,,
"=""851718000987""","Wine General",1,2999,n,n,"Raeburn Pinot Noir (750 ml)",,,n,1,1,0,n,,"=""100""",,,,,,n,,,,,,,
"=""851741008981""","Protein & Hydration",1,199,n,n,"LIQUID I.V. ELECTROLYTE","0.56 OZ",,n,1,0,0,n,,"=""100""",,,,,,n,,,,,,,
"=""851756002141""",Whiskey,1,7999,n,n,"GARRISON BROTHERS 94 PROOF","750, ML",,n,1,0,0,n,,"=""100""",,,,,,n,,,,,,,
"=""851756002196""",Whiskey,1,9999,n,n,"GARRISON BROTHERS 750ML","750 . ML",,n,1,1,0,n,,"=""100""",,,,,,n,,,,,,,
"=""851756002455""",Whiskey,1,9999,n,n,"GARRISON BROTHERS 80 PROOF","750. ML",,n,1,0,0,n,,"=""100""",,,,,,n,,,,,,,
"=""851767001737""","Ready-to-Drink (RTD)",1,499,n,n,"MOONSHINE APPLEPIE",,,n,1,0,0,n,,"=""100""",,,,,,n,,,,,,,
"=""851767001973""","Ready-to-Drink (RTD)",1,499,n,n,"MOONSHINE WATERMELON","50 ML",,n,1,0,0,n,,"=""100""",,,,,,n,,,,,,,
"=""851802004006""",Juice,1,299,n,n,"VISVITA ALOPE VERA","16.9 oz",,n,1,1,95,n,,"=""100""",,,,,,n,,,,,,,
"=""851802004075""",Juice,1,249,n,n,Alovera,,,n,1,0,0,n,,"=""100""",,,,,,n,,,,,,,
"=""851802004365""",Juice,1,245,n,n,"Farmer's Aloe Vera Drink","16.9 oz",,n,1,1,95,n,,"=""100""",,,,,,n,,,,,,,
"=""851802004372""",Juice,1,249,n,n,"Aloe peach",,,n,1,1,95,n,,"=""100""",,,,,,n,,,,,,,
"=""851802004549""",Juice,1,499,n,n,"VISVITA ALOE VERA  KIWI","=""15""",,n,2,1,233,n,,"=""100""",,,,,,n,,,,,,,
"=""851807006005""","BEEF JERKY",1,1399,n,n,"ALIEN FRESH JERKY ROADKILL ORIGINAL 3.25 OZ","3.25 OZ",,n,1,1,0,n,,"=""100""",,,,,,n,,,,,,,
"=""851807006012""","BEEF JERKY",1,1399,n,n,"ALIEN FRESH PEPERED  JERKY 3.25 OZ","3.25 OZ",,n,1,1,0,n,,"=""99""",,,,,,n,,,,,,,
"=""851807006029""","BEEF JERKY",1,1399,n,n,"ALIEN FRESH JERKY SWEET & SPICY 3.25 OZ","3.25 OZ",,n,1,1,0,n,,"=""100""",,,,,,n,,,,,,,
"=""851807006036""","BEEF JERKY",1,1399,n,n,"ALIEN FRESH JERKY SOUTHWEST HOT 3.25 OZ","3.25 OZ",,n,1,1,0,n,,"=""100""",,,,,,n,,,,,,,
"=""851807006043""","BEEF JERKY",1,1399,n,n,"ALIEN FRESH JERKY EXTREME HOT 3.25 OZ","3.2 OZ",,n,1,1,0,n,,"=""100""",,,,,,n,,,,,,,
"=""851807006050""","BEEF JERKY",1,1399,n,n,"ALIEN FRESH JERKY LEMON PEPPER 3.25 OZ","3.25 OZ",,n,1,1,0,n,,"=""100""",,,,,,n,,,,,,,
"=""851807006067""","BEEF JERKY",1,1399,n,n,"ALIN FRESH JERKY HONEY CHIPOTLE 3.25 OZ","=""325""",,n,1,1,0,n,,"=""100""",,,,,,n,,,,,,,
"=""851807006142""","BEEF JERKY",1,1399,n,n,"ALIEN FRESH JERKY BARBECUE ON THE MOON",,,n,1,1,0,n,,"=""100""",,,,,,n,,,,,,,
"=""851861006096""",Juice,1,595,n,n,"KOMBUCHA  HEALTH ADE GINGER LEMON","16 OZ",,n,1,1,280,n,,"=""100""",,,,,,n,,,,,,,
"=""851861006119""",Juice,1,595,n,n,"Health ade kombucha pomegranatel","16 OZ",,n,1,1,280,n,,"=""100""",,,,,,n,,,,,,,
"=""851861006126""",Juice,1,595,n,n,"KOMBUCHA HEALTH ADE PINK LADY APPLY  16OZ","16 OZ",,n,1,1,0,n,,"=""100""",,,,,,n,,,,,,,
"=""851861006164""",Juice,1,595,n,n,"HEALTH ADE KOMBUCHA",,,n,1,0,0,n,,"=""100""",,,,,,n,,,,,,,
"=""851861006867""",Juice,1,599,n,n,"health-ade kombucha passion fruit tangerine","16 oz",,n,1,1,280,n,,"=""100""",,,,,,n,,,,,,,
"=""851897004042""","Energy Drinks",1,1671,n,n,"Two Pitchers Grapefruit Blood Orange Radler","6 PK 12 OZ",,n,6,1,910,n,,"=""4""",,,,,,n,,,,,,,
"=""851897004110""",BEER,1,1399,n,n,"TWO PITCHERSNORDIC JAM RADLER","6 PK 12 OZ",,n,6,1,910,n,,"=""4""",,,,,,n,,,,,,,
"=""851897004172""","Hard Seltzer",1,2599,n,n,"Two Pitchers Liquid Sunshine Variety Pack","12 PACK",,n,12,1,1680,n,,"=""2""",,,,,,n,,,,,,,
"=""851897004271""",BEER,1,1399,n,n,"YWO PITHERS FREE SWIM RADLER","6 PK 12 OZ",,n,6,1,910,n,,"=""4""",,,,,,n,,,,,,,
"=""852037006506""","IPA Beer",1,1799,y,n,"ABSULION DIPA",,,n,1,1,0,n,,"=""100""",,,,,,n,,,,,,,
"=""852176003336""",Tequila,1,4199,n,n,"XICARU SILVER MEZCAL 750 ML","750 ml",,n,2,1,0,n,,"=""100""",,,,,,n,,,,,,,
"=""852480007112""","Energy Drinks",1,399,n,n,"CELSIUS BLUE CRUSH","16 oz",,n,1,1,174,n,,"=""100""",,,,,,n,,,,,,,
"=""852480007273""","Energy Drinks",1,399,n,n,"WATERMELON ICE","16 OZ",,n,1,1,217,n,,"=""100""",,,,,,n,,,,,,,
"=""852480007280""","Energy Drinks",1,399,n,n,"WATERMELON ICE","16 OZ",,n,1,1,174,n,,"=""100""",,,,,,n,,,,,,,
"=""852480007822""","Energy Drinks",1,399,n,n,"CELCIUS CHERRY LIMEADE","16 OZ",,n,1,1,0,n,,"=""100""",,,,,,n,,,,,,,
"=""852480007860""","Energy Drinks",1,399,n,n,"BANG RAINBOW UNICORN 16 OZ","16 oz",,n,1,1,217,n,,"=""100""",,,,,,n,,,,,,,
"=""852480007884""","Energy Drinks",1,399,n,n,"BANG RAINBOW UNICORN 16 OZ","16 oz",,n,1,1,0,n,,"=""100""",,,,,,n,,,,,,,
"=""852480007907""","Energy Drinks",1,319,n,n,"CELSIUS MANGO TANGO","16 OZ",,n,1,1,0,n,,"=""100""",,,,,,n,,,,,,,
"=""852644007804""","Craft / Local Beer",1,1577,n,n,"MISSION EVERYDAY CALIFORNIA 24/16 CAN 4/6",,,n,1,1,1025,n,,"=""100""",,,,,,n,,,,,,,
"=""852662563610""",ACCESSORIES,1,1299,n,n,"RHINO 12000",,,n,1,1,0,n,,"=""100""",,,,,,n,,,,,,,
"=""852672602880""",Gummy,1,899,n,n,"OH MY GUSHERS",,,n,1,1,0,n,,"=""100""",,,,,,n,,,,,,,
"=""852672602910""",Gummy,1,899,n,n,"OH MY GUSHERS",,,n,1,1,0,n,,"=""100""",,,,,,n,,,,,,,
"=""852672603801""",Gummy,1,899,n,n,"OH MY GUSHERS",,,n,1,1,0,n,,"=""100""",,,,,,n,,,,,,,
"=""852672603948""",Gummy,1,899,n,n,"OH MY GUSHERS",,,n,1,1,0,n,,"=""100""",,,,,,n,,,,,,,
"=""852672603986""",Gummy,1,899,n,n,"CHOMS GOMS",,,n,1,1,0,n,,"=""99""",,,,,,n,,,,,,,
"=""852672603993""",Gummy,1,899,n,n,"OH MY GUSHERS",,,n,1,1,0,n,,"=""100""",,,,,,n,,,,,,,
"=""852672604006""",Gummy,1,899,n,n,"OMG CANDY","6 OZ",,n,1,0,0,n,,"=""100""",,,,,,n,,,,,,,
"=""852672604037""",Gummy,1,899,n,n,"OH MY GUSHERS",,,n,1,1,0,n,,"=""100""",,,,,,n,,,,,,,
"=""852672604044""",Gummy,1,899,n,n,"OH MY GUSHERS",,,n,1,1,0,n,,"=""100""",,,,,,n,,,,,,,
"=""852672604068""",Gummy,1,899,n,n,"OH MY GUSHERS",,,n,1,1,0,n,,"=""100""",,,,,,n,,,,,,,
"=""852672604105""",Gummy,1,899,n,n,"CHOMS GOMS",,,n,1,1,0,n,,"=""100""",,,,,,n,,,,,,,
"=""852672604129""",Gummy,1,899,n,n,"OH MY GUSHERS",,,n,1,1,0,n,,"=""100""",,,,,,n,,,,,,,
"=""852832000150""","Champagne & Sparkling",1,2499,n,n,"MUMM NAPA BRUT PRESTIGE","750.00 ML",,n,2,1,1488,n,,"=""100""",,,,,,n,,,,,,,
"=""852832000174""","Champagne & Sparkling",1,2499,n,n,"MUMM NAPA BRUT ROSE","750.00 ML",,n,1,1,1478,n,,"=""100""",,,,,,n,,,,,,,
"=""852832000310""","Champagne & Sparkling",1,2499,n,n,"MUMM NAPA CUVEE M","750.00 ML",,n,2,1,1488,n,,"=""100""",,,,,,n,,,,,,,
"=""852832104711""","White Wine",1,1299,n,n,"BRANCOTT SAUVIGNON BLANC","750.00 ML",,n,1,1,0,n,,"=""100""",,,,,,n,,,,,,,
"=""852832104896""","Champagne & Sparkling",1,5999,n,n,"GH MUMM BRUT","750.00 ML",,n,1,1,0,n,,"=""100""",,,,,,n,,,,,,,
"=""852832105220""","Champagne & Sparkling",1,15999,n,n,"PERRIER JOUET 750",,,n,1,1,0,n,,"=""100""",,,,,,n,,,,,,,
"=""852832106524""","Red Wine",1,1499,n,n,"CAMPO VIEJO RIOJA","750.00 ML",,n,2,1,879,n,,"=""100""",,,,,,n,,,,,,,
"=""852857007189""",BEER,1,1749,y,n,PF,,,n,1,1,0,n,,"=""100""",,,,,,n,,,,,,,
"=""852892003139""",Cider,1,1499,n,n,"2 TOWNS BRIGHTCIDER 6 PK","4* 16 OZ",,n,6,1,975,n,,"=""100""",,,,,,n,,,,,,,
"=""852892003412""",Cider,1,999,y,n,2TOWN,,,n,1,1,0,n,,"=""100""",,,,,,n,,,,,,,
"=""852892003825""",Cider,1,1499,n,n,"2 TOWNS CIDERHOUSE PRICKLY PEARADISE","6 PG 12 OZ",,n,6,1,975,n,,"=""100""",,,,,,n,,,,,,,
"=""852935001085""","Vodka - Flavored",1,3999,n,n,"CHOPIN RYE VODKA","750 ml",,n,1,1,0,n,,"=""100""",,,,,,n,,,,,,,
"=""852935001153""",Vodka,1,3499,n,n,"Potato Vodka",,,n,2,1,2239,n,,"=""100""",,,,,,n,,,,,,,
"=""852935001221""","Vodka - Flavored",1,2999,n,n,"CHOPIN 750ML WHEAT VODKA","750 OL",,n,1,1,0,n,,"=""100""",,,,,,n,,,,,,,
"=""853004004020""","Drinks & Mixers",1,245,n,n,"Core Hydration Purified Water (44 oz)","20.00 Oz",,n,1,1,112,n,,"=""100""",,,,,,n,,,,,,,
"=""853004004037""",Water,1,290,n,n,"Core Hydration Water","30.4 oz",,n,1,1,144,n,,"=""100""",,,,,,n,,,,,,,
"=""853004004891""",Water,1,390,n,n,"CORE WATER HYDRATION 44OZ","1.5 L",,n,2,1,192,n,,"=""12""",,,,,,n,,,,,,,
"=""853004004952""",Water,1,340,n,n,"Core Hydration Water","23.9 oz",,n,1,1,125,n,,"=""10""",,,,,,n,,,,,,,
"=""853016002014""","BEEF JERKY",1,999,n,n,"ARCHER MANGO HABANERO","2.5 OZ",,n,1,0,0,n,,"=""100""",,,,,,n,,,,,,,
"=""853016002687""","BEEF JERKY",1,999,n,n,"ARCHER TERIYAKI","2.5 OZ",,n,1,0,0,n,,"=""100""",,,,,,n,,,,,,,
"=""853086008053""","Wine General",1,1499,n,n,"FIT VINE CHARDONNAY 750ML","750 ml",,n,2,1,0,n,,"=""100""",,,,,,n,,,,,,,
"=""853195000467""","General Merchandise",1,599,n,n,"TORCH LIGHTER SMALL",,,n,1,1,0,n,,"=""100""",,,,,,n,,,,,,,
"=""853195010503""","General Merchandise",1,999,n,n,"EAGLE  torch big","=""1""",,n,1,1,0,n,,"=""100""",,,,,,n,,,,,,,
"=""853278007062""",Tequila,1,5599,n,n,"CANTERA NEGRA ANEJO","750 ML",,n,2,1,3609,n,,"=""2""",,,,,,n,,,,,,,
"=""853278007079""",Tequila,1,4699,n,n,"CANTERA NEGRA REPOSADO","750 ML",,n,2,1,3009,n,,"=""100""",,,,,,n,,,,,,,
"=""853278007086""",Tequila,1,3999,n,n,"CANTERA NEGRA SILVER","750 ML",,n,2,1,2519,n,,"=""100""",,,,,,n,,,,,,,
"=""853278007093""",Liqueur,1,2799,n,n,"CANTERA NEGRA CAFE LIQUEUR 40 750ML","750 ML",,n,2,1,1809,n,,"=""100""",,,,,,n,,,,,,,
"=""853303007005""",Water,1,394,n,n,"Proud source spring water","25.3 oz",,n,1,1,167,n,,"=""100""",,,,,,n,,,,,,,
"=""853303007029""",Water,1,295,n,n,"PROUD SOURCE SPRING WATER","16 OZ",,n,1,0,0,n,,"=""100""",,,,,,n,,,,,,,
"=""853311003587""","Drinks & Mixers",1,549,n,n,"Kevita Master Brew Kombucha Ginger Bottle (15.2 oz)","15.2 oz",,n,1,1,0,n,,"=""100""",,,,,,n,,,,,,,
"=""853311003600""","Drinks & Mixers",1,549,n,n,"Kevita Pineapple Peach Kombucha Bottle (15.2 oz)","15.2 oz",,n,1,1,0,n,,"=""100""",,,,,,n,,,,,,,
"=""853315008106""","Craft / Local Beer",1,1799,n,n,"MASON ALE W 4PKS",,,n,4,1,0,n,,"=""100""",,,,,,n,,,,,,,
"=""853315008748""","IPA Beer",1,1699,n,n,"mason ale works bride of dankenstein West Coast IPA pk","pk 16 oz",,n,4,0,0,n,,"=""100""",,,,,,n,,,,,,,
"=""853505006608""",BEER,1,1399,y,n,"SANTA MONICA",,,n,1,1,0,n,,"=""100""",,,,,,n,,,,,,,
"=""853507000291""","Scotch Whisky",1,8999,n,n,"WESTWARD WHISKEY","750 ML",,n,1,1,0,n,,"=""100""",,,,,,n,,,,,,,
"=""853546000085""","White Wine",1,3699,n,n,"Bourgogne Hautes- Cotes De Beaune 750 ml",,,n,1,1,0,n,,"=""100""",,,,,,n,,,,,,,
"=""853546000214""","White Wine",1,3699,n,n,"BOURGOGNE HAUTES COTES DE BEAUNE CHARDONNAY","750 ML",,n,2,1,2000,n,,"=""7""",,,,,,n,,,,,,,
"=""853605006027""",Water,1,603,n,n,"1709 Water 2 Liter","2 liter",,n,2,1,330,n,,"=""12""",,,,,,n,,,,,,,
"=""853706002034""","White Wine",1,1999,n,n,"BUTTER CHARDONNY 750 ML","750.00 ML",,n,2,1,1250,n,,"=""86""",,,,,,n,,,,,,,
"=""853706002195""","Wine Small Sizes",1,699,n,n,"Butter'' chardonay 8.4oz",8.4oz,,n,1,1,0,n,,"=""100""",,,,,,n,,,,,,,
"=""853706002225""","Wine Small Sizes",1,2499,n,n,"Butter Chardonay 4 pk 
250 ml","4*250 ml",,n,1,1,1520,n,,"=""100""",,,,,,n,,,,,,,
"=""853706002249""","Red Wine",1,2799,n,n,"SERIAL PASO ROBLES",750ml,,n,1,1,0,n,,"=""8""",,,,,,n,,,,,,,
"=""853706002423""","Wine Cabernet Sauvignon",1,2799,n,n,"SERIAL CABERNET SAUVIGNON","750 ml",,n,1,1,0,n,,"=""100""",,,,,,n,,,,,,,
"=""853706002522""","Wine Cabernet Sauvignon",1,1999,n,n,"BUTTER CAB",,,n,1,1,0,n,,"=""100""",,,,,,n,,,,,,,
"=""853706002577""","Red Wine",1,1999,n,n,"BUTTER pinot noir 750 ml",,,n,1,1,0,n,,"=""100""",,,,,,n,,,,,,,
"=""853736005548""",SYSTEM,1,404,n,n,"HUMM MANGO PASSION",,,n,1,1,0,n,,"=""100""",,,,,,n,,,,,,,
"=""853739000021""","Red Wine",1,2199,n,n,"KLINKERBRICK ZINFANDEL","750.00 ML",,n,1,1,0,n,,"=""100""",,,,,,n,,,,,,,
"=""853739000212""","Red Wine",1,1899,n,n,"BRICK MASON RED BLEND",,,n,1,1,0,n,,"=""100""",,,,,,n,,,,,,,
"=""853868006024""","Wine General",1,2399,n,n,"BANSHEE PINOT NOIR 23 750ML","750 ML",,n,2,1,1549,n,,"=""100""",,,,,,n,,,,,,,
"=""853868006345""","Wine Cabernet Sauvignon",1,2399,n,n,"BANSHEE CABERNET",,,n,1,1,1334,n,,"=""100""",,,,,,n,,,,,,,
"=""853868006468""","White Wine",1,1299,n,n,"RICKSHAW SAUVIGNON BLAC",,,n,1,1,749,n,,"=""100""",,,,,,n,,,,,,,
"=""853883003008""",Water,1,394,n,n,"C2O COCONUT WATER 17.5OZ","17.5 oz",,n,1,1,173,n,,"=""13""",,,,,,n,,,,,,,
"=""853883003022""",Water,1,394,n,n,"C2O COCONUT WATER WITH PULP 17.5OZ","17.5 oz",,n,1,1,173,n,,"=""15""",,,,,,n,,,,,,,
"=""853894007712""","Protein Bars",1,299,n,n,Quantum,,,n,1,1,0,n,,"=""100""",,,,,,n,,,,,,,
"=""853915008261""",Shots,1,399,n,n,"MOON SHINE MOUNTAIN JAVA","50 ML",,n,1,1,0,n,,"=""100""",,,,,,n,,,,,,,
"=""853915008285""",Shots,1,399,n,n,"OLE SMOKY 50ML BUTTER PECAN","50 ML",,n,1,1,0,n,,"=""100""",,,,,,n,,,,,,,
"=""853915008421""",Liqueur,1,2499,n,n,"SMOKY MOONSHINE SIUR RAZZIN BERRY","750 ml",,n,2,1,1609,n,,"=""2""",,,,,,n,,,,,,,
"=""853915008629""",Liqueur,1,2499,n,n,"SMOKY MOONSHINE SOUR WATERMELON","750 ml",,n,2,1,1609,n,,"=""2""",,,,,,n,,,,,,,
"=""853915008797""",Liqueur,1,2499,n,n,"SMOKY MOONSHINE STRAWBERRY CREAM",750ML,,n,2,1,1609,n,,"=""4""",,,,,,n,,,,,,,
"=""853915008995""",Liqueur,1,2499,n,n,"SMOKY MOONSHINE BANANA PUDDING",750ml,,n,1,1,1609,n,,"=""6""",,,,,,n,,,,,,,
"=""853956006042""","Craft / Local Beer",1,1508,n,n,"FOUR SONS THE GREAT ONE 24/12 CAN 4/6",,,n,1,1,980,n,,"=""100""",,,,,,n,,,,,,,
"=""853956006257""","Craft / Local Beer",1,1899,y,n,"4 SONS",,,n,1,1,0,n,,"=""100""",,,,,,n,,,,,,,
"=""853956006684""","Craft / Local Beer",1,904,n,n,"FOUR SONS HB LAGER 24/12 CAN 4/6",,,n,1,1,588,n,,"=""100""",,,,,,n,,,,,,,
"=""854004006540""",Juice,1,395,n,n,"GOLDTHREAD LEMON HYDRATE","10.5 OZ",,n,1,1,0,n,,"=""100""",,,,,,n,,,,,,,
"=""854076006011""",BEER,1,499,n,n,"VODKA RIKI A SPLASH OF LIME","710 ML",,n,1,1,289,n,,"=""11""",,,,,,n,,,,,,,
"=""854076006028""",BEER,1,499,n,n,"VODKA RIKI A SPLASH OF BLACK CHERRY","710 ML",,n,2,1,289,n,,"=""5""",,,,,,n,,,,,,,
"=""854076006035""",BEER,1,499,n,n,"TEQUILA RIKI A SPLASH OF GRAPEFRUIT","710 ML",,n,2,1,289,n,,"=""100""",,,,,,n,,,,,,,
"=""854076006165""",BEER,1,499,n,n,"TEQUILA RIKI A SPLASH OF LIME","710 ML",,n,2,1,289,n,,"=""15""",,,,,,n,,,,,,,
"=""854076006325""",BEER,1,499,n,n,"VODKA RIKI A SPLASH OF LEMON","710 ML",,n,1,1,289,n,,"=""5""",,,,,,n,,,,,,,
"=""854092006064""",Milk,1,495,n,n,"KOIA PROTEIN VANILLA BEAN 12 OZ","12 OZ",,n,1,1,0,n,,"=""100""",,,,,,n,,,,,,,
"=""854092006156""",Juice,1,529,n,n,"KOIA CINNAMON HORCHATA","12 OZ",,n,1,1,300,n,,"=""5""",,,,,,n,,,,,,,
"=""854092006163""","Protein & Hydration",1,599,n,n,"KOIA CHOCLATE BANANA","12FL OZ",,n,1,1,300,n,,"=""100""",,,,,,n,,,,,,,
"=""854092006194""",Milk,1,495,n,n,"KOIA PROTIEN CEREAL FRUITY 12 OZ","12 OZ",,n,1,1,0,n,,"=""100""",,,,,,n,,,,,,,
"=""854092006866""",Milk,1,495,n,n,"KOIA COLD MATCHA LATTE PROTEIN 12 OZ","12 OZ",,n,1,1,0,n,,"=""100""",,,,,,n,,,,,,,
"=""854092006934""",Milk,1,626,n,n,"Koia Choclate Vanila","12 OZ",,n,1,1,339,n,,"=""100""",,,,,,n,,,,,,,
"=""854092006941""","Protein & Hydration",1,626,n,n,"Koia Elite Chocolate 32 Gr 12 oz","12 OZ",,n,1,1,339,n,,"=""100""",,,,,,n,,,,,,,
"=""854125003039""","Drinks & Mixers",1,1199,n,n,"Tres Agaves Margarita Mix Organic","1 L",,n,2,1,0,n,,"=""100""",,,,,,n,,,,,,,
"=""854125003091""","Drinks & Mixers",1,1199,n,n,"TRES BLOODY","1 LITER",,n,2,1,0,n,,"=""100""",,,,,,n,,,,,,,
"=""854125003220""","Drinks & Mixers",1,1199,n,n,"TRES STR","1 LITER",,n,2,1,0,n,,"=""100""",,,,,,n,,,,,,,
"=""854152008427""",ACCESSORIES,1,499,n,n,"WIZARD AIR FRESHENER  APPLE CINNAMON",,,n,1,0,0,n,,"=""100""",,,,,,n,,,,,,,
"=""854152008441""",ACCESSORIES,1,499,n,n,"WIZARD AIR FRESHENER LINEN",,,n,1,0,0,n,,"=""100""",,,,,,n,,,,,,,
"=""854152008458""",ACCESSORIES,1,499,n,n,"WIZARD FRESHLY PICKED AIR FRESHENER","=""1""",,n,1,0,0,n,,"=""100""",,,,,,n,,,,,,,
"=""854290007153""",BEER,1,699,y,n,BARE,,,n,1,1,0,n,,"=""100""",,,,,,n,,,,,,,
"=""854396005008""",Whiskey,1,4299,n,n,"HIGH WEST RYE DOUBLE RYE 92 750ML","750 ml",,n,1,1,2600,n,,"=""100""",,,,,,n,,,,,,,
"=""854396005022""","Spirits - Other",1,14999,n,n,"HIGH WEST RYE RENDEZVOUS RYE 92 750ML",750ml,,n,1,1,5260,n,,"=""100""",,,,,,n,,,,,,,
"=""854396005220""",Whiskey,1,4299,n,n,"High West Whiskey American Prairie",750ml,,n,2,1,0,n,,"=""100""",,,,,,n,,,,,,,
"=""854420003499""","Chips - Other",1,799,n,n,"CHICAS TORTILLA CHIPS","11 OZ",,n,1,1,382,n,,"=""9""",,,,,,n,,,,,,,
"=""854420003505""","Chips - Other",1,799,n,n,"CHICAS LIME TOTILLA","10 OZ",,n,1,1,343,n,,"=""7""",,,,,,n,,,,,,,
"=""854530008568""","Ready-to-Drink (RTD)",1,458,n,n,"Buzzballz Horchata (200 ml)",200ml,,n,1,1,272,n,,"=""100""",,,,,,n,,,,,,,
"=""854533007018""",Tequila,1,4999,n,n,"LOS SUNDAYS REPOSADO","750 ML",,n,2,1,0,n,,"=""2""",,,,,,n,,,,,,,
"=""854533007346""",Tequila,1,3499,n,n,"Los Sundays Tequila BLANCO","750 ML",,n,2,1,0,n,,"=""6""",,,,,,n,,,,,,,
"=""854533007414""",Tequila,1,3499,n,n,"LOS SUNDAYS COCONUT","750 ML",,n,2,1,1954,n,,"=""3""",,,,,,n,,,,,,,
"=""854533007452""",Tequila,1,3499,n,n,"LOS SUNDAYS JALAPENO","750 ML",,n,2,1,1954,n,,"=""1""",,,,,,n,,,,,,,
"=""854537003108""","Craft / Local Beer",1,2199,n,n,"DARK STAR STOUT 22OZ",,,n,1,1,0,n,,"=""100""",,,,,,n,,,,,,,
"=""854537003597""","IPA Beer",1,1599,n,n,"FREMONT LUSH IPA","6 PACK",,n,6,1,0,n,,"=""100""",,,,,,n,,,,,,,
"=""854560005001""",Coffee,1,399,n,n,"HIB DOUBLE ESPRESSO 8OZ CAN","8 oz",,n,2,1,181,n,,"=""12""",,,,,,n,,,,,,,
"=""854560005018""",Coffee,1,399,n,n,"HIB MEXICAN VANILLA 8OZ CAN","8 OZ",,n,2,1,181,n,,"=""12""",,,,,,n,,,,,,,
"=""854560005032""",Coffee,1,399,n,n,"HIB DARK CHOC MOCHA 8OZ CAN","8 fl oz",,n,2,1,181,n,,"=""12""",,,,,,n,,,,,,,
"=""854560005766""",Coffee,1,499,n,n,"HIB NITRO SWEET CREAM 10OZ CAN","10 OZ",,n,2,1,234,n,,"=""12""",,,,,,n,,,,,,,
"=""854628006056""",Shots,1,399,n,n,"OLD SMOKY HUNCH PUNCH","50 ML",,n,1,1,0,n,,"=""100""",,,,,,n,,,,,,,
"=""854628006131""",Whiskey,1,2599,n,n,"OLE SMOKY SALTY CARAMEL WHKY 750ML",750ML,,n,2,1,1679,n,,"=""6""",,,,,,n,,,,,,,
"=""854628006322""","Spirits - Other",1,1777,n,n,"OLE SMOKY MOONSH HUNCH PUNCH 80 6P 50ML",,,n,1,1,1155,n,,"=""100""",,,,,,n,,,,,,,
"=""854628006568""","Spirits - Other",1,1777,n,n,"OLE SMOKY MOONSH BLACKBERRY 40 8/6 50ML",,,n,1,1,1155,n,,"=""100""",,,,,,n,,,,,,,
"=""854628006728""",Liqueur,1,2499,n,n,"SMOKY MOONSHINE BUTTER PECAN","750 ml",,n,2,1,1609,n,,"=""4""",,,,,,n,,,,,,,
"=""854753008192""",ACCESSORIES,1,2999,n,n,"X-M SPEAKER WIRELESS USB  X-105",,,n,1,1,1399,n,,"=""100""",,,,,,n,,,,,,,
"=""854763007055""",BEER,1,1499,y,n,"CLOWNSHOES MANGO",,,n,1,1,0,n,,"=""100""",,,,,,n,,,,,,,
"=""854837006991""","BEEF JERKY",1,999,n,n,"AECHER HATCH CHILE",,,n,1,1,0,n,,"=""100""",,,,,,n,,,,,,,
"=""855022005379""",Pouches,1,799,n,n,"ON! 2 mg Original","2 mg",,n,1,1,450,n,,"=""100""",,,,,,n,,,,,,,
"=""855022005386""",Pouches,1,799,n,n,"ON! 4 mg Original","4 mg",,n,1,1,450,n,,"=""100""",,,,,,n,,,,,,,
"=""855022005393""",Pouches,1,799,n,n,"ON! 8 mg Original","8 mg",,n,1,1,450,n,,"=""100""",,,,,,n,,,,,,,
"=""855165005076""","Wine General",1,2999,n,n,"Meiomi Pinot Noir (750 ml)","=""750""",,n,1,1,0,n,,"=""100""",,,,,,n,,,,,,,
"=""855165005779""","White Wine",1,2299,n,n,"MEIOMI CHARDONNAY 750 ml",,,n,1,1,1445,n,,"=""100""",,,,,,n,,,,,,,
"=""855186006205""",Coffee,1,699,n,n,"STMPTWN COFFEE NITRO",10.3FO,,n,1,1,421,n,,"=""10""",,,,,,n,,,,,,,
"=""855186006878""",Coffee,1,599,n,n,"STUMPTOWN COLD BREW COFFEE ORIGINAL","11 OZ",,n,1,1,349,n,,"=""12""",,,,,,n,,,,,,,
"=""855186006885""",Coffee,1,599,n,n,"STUMPTOWN COLD BREW CHOCOLATE","11 OZ",,n,1,1,349,n,,"=""11""",,,,,,n,,,,,,,
"=""855186006892""",Coffee,1,599,n,n,"STUMPTOWN COLD BRWN COFFEE HORCHATA","11 OZ",,n,5,1,349,n,,"=""12""",,,,,,n,,,,,,,
"=""855200005320""","Ready-to-Drink (RTD)",1,435,n,n,"BuzzBallz Watermelon Smash (200 ml)",,,n,1,1,259,n,,"=""100""",,,,,,n,,,,,,,
"=""855200005337""","Ready-to-Drink (RTD)",1,435,n,n,"BUZZBALLZ SPIRITS LEMON TEA P24 200M",,,n,1,1,272,n,,"=""100""",,,,,,n,,,,,,,
"=""855200005368""","Ready-to-Drink (RTD)",1,458,n,n,"BUZZBALLZ GRABE 200ML","200 ML",,n,1,1,272,n,,"=""100""",,,,,,n,,,,,,,
"=""855200005450""","Malt Beverage",1,435,n,n,"BUZZBALLZ SPIRITS PINEAPPLE JALAPENO",,,n,1,1,272,n,,"=""100""",,,,,,n,,,,,,,
"=""855352008057""","IPA Beer",1,1299,n,n,"ATHLETIC NA RUN WILD IPA C24 12OZ 6P","6 PK 12 OZ",,n,6,1,855,n,,"=""100""",,,,,,n,,,,,,,
"=""855352008491""","IPA Beer",1,1299,n,n,"ATHLETIC NA FREE WAVE HAZY IPA C24 1","6 PK 12 OZ",,n,6,1,855,n,,"=""100""",,,,,,n,,,,,,,
"=""855553008078""",ACCESSORIES,1,699,n,n,"NEON MULTI PURPOS LIGHTER","=""1""",,n,1,1,129,n,,"=""100""",,,,,,n,,,,,,,
"=""855553008139""",ACCESSORIES,1,499,n,n,"NEON 11X BUTANE GAS",CAN,,n,1,1,0,n,,"=""100""",,,,,,n,,,,,,,
"=""855553008160""",ACCESSORIES,1,399,n,n,"NEON 7X BUTANE GAS",CAN,,n,1,1,0,n,,"=""100""",,,,,,n,,,,,,,
"=""855553008221""",ACCESSORIES,1,199,n,n,"NEON LIGHTER",,,n,1,1,0,n,,"=""100""",,,,,,n,,,,,,,
"=""855596007175""","Hanging Snacks",1,499,n,n,"I love corn",,,n,1,0,0,n,,"=""100""",,,,,,n,,,,,,,
"=""855622000118""","Wine General",1,5999,n,n,"Belle Glos:Pinot Noir","750.00 ML",,n,2,1,0,n,,"=""100""",,,,,,n,,,,,,,
"=""855731000009""","IPA Beer",1,1683,n,n,"SMG SUPERCELL HAZY IPA 6/4 16OZ CAN",,,n,1,1,1094,n,,"=""100""",,,,,,n,,,,,,,
"=""855731005523""","IPA Beer",1,1699,n,n,"SMOG CITY ICE BLINK HAZY IPA","4 PCK 16 OZ",,n,4,1,1093,n,,"=""7""",,,,,,n,,,,,,,
"=""855731005592""","Craft / Local Beer",1,1399,n,n,"SMG LITTLE BO PILS","4 PK 16 OZ",,n,4,1,886,n,,"=""5""",,,,,,n,,,,,,,
"=""855731005615""","IPA Beer",1,1474,n,n,"SMG C-SMGIPA 6/4 16OZ CAN","4 PK 16 OZ",,n,4,1,958,n,,"=""6""",,,,,,n,,,,,,,
"=""855731005622""","Hard Seltzer",1,1699,n,n,"SMG COFFEE PORTER","4 PK 16 OZ",,n,4,1,1093,n,,"=""6""",,,,,,n,,,,,,,
"=""855731005691""","IPA Beer",1,1699,n,n,"SMog city bay ipa",,,n,4,0,0,n,,"=""100""",,,,,,n,,,,,,,
"=""855765001355""",ACCESSORIES,1,399,n,n,"SCENT BOMB  - SCENT BOMB BLACK","1 OZ",,n,1,1,0,n,,"=""99""",,,,,,n,,,,,,,
"=""855765001393""",ACCESSORIES,1,399,n,n,"Scent Bomb Air Fresher","30 ml",,n,1,1,0,n,,"=""100""",,,,,,n,,,,,,,
"=""855765001522""",ACCESSORIES,1,399,n,n,"scent Bomb",,,n,1,1,0,n,,"=""100""",,,,,,n,,,,,,,
"=""855880008017""","Ready-to-Drink (RTD)",1,799,n,n,"ON THE ROCK OLD FASHIONED","200 ml",,n,1,1,432,n,,"=""99""",,,,,,n,,,,,,,
"=""855880008024""","Spirits - Other",1,1399,n,n,"OTR OLD FASHIONED CKTL 70 KNOB 375ML",,,n,1,1,711,n,,"=""100""",,,,,,n,,,,,,,
"=""855880008048""",Spiked,1,1299,n,n,"On the Rocks Cocktails Hornitos Margarita (375 ml x 4 ct)",,,n,4,1,0,n,,"=""100""",,,,,,n,,,,,,,
"=""855880008079""","Ready-to-Drink (RTD)",1,799,n,n,"ON THE ROCKS JALAPENO PINEAPPLE MARGARITA","200 ml",,n,1,1,432,n,,"=""100""",,,,,,n,,,,,,,
"=""855880008086""","Spirits - Other",1,1399,n,n,"OTR MARG TRES GEN JALAP PINEAP 40 375ML",,,n,1,1,711,n,,"=""100""",,,,,,n,,,,,,,
"=""855880008109""","Ready-to-Drink (RTD)",1,799,n,n,"ONE THE ROCKE MARGARITA","200 ml",,n,1,1,432,n,,"=""97""",,,,,,n,,,,,,,
"=""855880008116""","Ready-to-Drink (RTD)",1,1399,n,n,"ON THE ROCKS MARGARITA","375 ml",,n,1,1,901,n,,"=""100""",,,,,,n,,,,,,,
"=""855880008130""","Ready-to-Drink (RTD)",1,799,n,n,"ONE THE ROCKE MAI TAI","200 ml",,n,1,1,0,n,,"=""100""",,,,,,n,,,,,,,
"=""855880008147""","Spirits - Other",1,1499,n,n,"OTR MAI TAI CRUZAN 40 375ML",,,n,1,1,771,n,,"=""100""",,,,,,n,,,,,,,
"=""855880008161""","Ready-to-Drink (RTD)",1,799,n,n,"ONE THE ROCKE AVIATION","200 ml",,n,1,1,0,n,,"=""100""",,,,,,n,,,,,,,
"=""855880008178""","Spirits - Other",1,1499,n,n,"OTR AVIATION LARIOS 40 375ML",375ml,,n,1,1,901,n,,"=""100""",,,,,,n,,,,,,,
"=""855880008369""","Ready-to-Drink (RTD)",1,1499,n,n,"OTR MANHATTAN",,,n,1,0,0,n,,"=""100""",,,,,,n,,,,,,,
"=""855880008376""",Spiked,1,1499,n,n,"On The Rocks Basil Hayden's The Manhattan Bottle (375 ml)",,,n,1,1,0,n,,"=""100""",,,,,,n,,,,,,,
"=""855880008406""","Ready-to-Drink (RTD)",1,799,n,n,"ONE THE ROCK CALSSIC DAIQUIRI","200 ml",,n,1,1,0,n,,"=""100""",,,,,,n,,,,,,,
"=""855880008420""","Ready-to-Drink (RTD)",1,1399,n,n,"ON THE ROCKS ESPRESSO MARTINI","375 ml",,n,1,1,711,n,,"=""100""",,,,,,n,,,,,,,
"=""855880008451""","Ready-to-Drink (RTD)",1,999,n,n,"OTR THE WHITE NEGRONI LTD RLS 55 375ML","375 ML",,n,1,1,100,n,,"=""100""",,,,,,n,,,,,,,
"=""855906007000""","Rolling Papers & Wraps",1,249,n,n,"grabba leaf natural red gold green",,,n,1,1,0,n,,"=""100""",,,,,,n,,,,,,,
"=""855906007024""","Rolling Papers & Wraps",1,699,n,n,"grabba leaf whole leaf",,,n,1,1,0,n,,"=""100""",,,,,,n,,,,,,,
"=""856011004014""",Liqueur,1,2499,n,n,"OLE SMOKY MOONSHINE WHT LIGHTNING","=""750""",,n,2,1,1609,n,,"=""1""",,,,,,n,,,,,,,
"=""856011004021""",Liqueur,1,2499,n,n,"SMOKY MOONSHINE CHERRIES","750 ml",,n,2,1,1609,n,,"=""7""",,,,,,n,,,,,,,
"=""856011004052""",Liqueur,1,2499,n,n,"SMOKY MOONSHINE BLCKBERRY","750 ml",,n,2,1,1609,n,,"=""3""",,,,,,n,,,,,,,
"=""856011004076""",Liqueur,1,2499,n,n,"SMOKY MOONSHINE HUNCH PUNCH","750 ml",,n,2,1,1609,n,,"=""6""",,,,,,n,,,,,,,
"=""856011004151""",Shots,1,399,n,n,"OLE SMOKY APPLE PIE","50 ML",,n,1,1,0,n,,"=""100""",,,,,,n,,,,,,,
"=""856011004175""",Shots,1,399,n,n,"Ole Smoky Blackberry","50 ML",,n,1,1,0,n,,"=""100""",,,,,,n,,,,,,,
"=""856011004182""",Shots,1,399,n,n,"OLE SMOKY WHITE LIGHTNIN","50 ML",,n,1,1,0,n,,"=""100""",,,,,,n,,,,,,,
"=""856011004861""",Liqueur,1,2499,n,n,"SMOKY MOONSHINE PEACHES","750 ml",,n,1,1,0,n,,"=""7""",,,,,,n,,,,,,,
"=""856011004885""",Liqueur,1,2499,n,n,"SMOKY MOONSHINE LEMON DROP","750 ml",,n,2,1,1609,n,,"=""4""",,,,,,n,,,,,,,
"=""856011004984""",Liqueur,1,2499,n,n,"SMOKY MOONSHINE APPLE PIE","750 ml",,n,2,1,1609,n,,"=""1""",,,,,,n,,,,,,,
"=""856023002510""",ACCESSORIES,1,399,n,n,"Alchool Prep Pads","=""1""",,n,1,1,0,n,,"=""100""",,,,,,n,,,,,,,
"=""856023008758""",ACCESSORIES,1,599,n,n,"MOIST WIPES BLUE MELO SPLASH",,,n,1,1,199,n,,"=""100""",,,,,,n,,,,,,,
"=""856247005007""",Cider,1,1599,n,n,"GOLDEN STATE CIDER MIGHTY DRY 24/16 CAN 6/4",16oz,,n,4,1,1039,n,,"=""100""",,,,,,n,,,,,,,
"=""856247005038""",Cider,1,1485,n,n,"GOLDEN STATE CIDER NON ALCOHOLIC  MIGHTY DRY 24/16 CAN 6/4",,,n,1,1,965,n,,"=""100""",,,,,,n,,,,,,,
"=""856247005052""",Cider,1,499,n,n,"GOLDEN STATE CIDER MIGHTY DRY 19.2 OZ","19.2 OZ",,n,1,1,293,n,,"=""1""",,,,,,n,,,,,,,
"=""856247005069""",Cider,1,1485,n,n,"GOLDEN STATE CIDER BRUT 24/16 CAN 6/4",,,n,1,1,965,n,,"=""100""",,,,,,n,,,,,,,
"=""856247005182""",Cider,1,1485,n,n,"GOLDEN STATE CIDER JAMAICA 24/16 CAN 6/4",16oz,,n,4,1,965,n,,"=""100""",,,,,,n,,,,,,,
"=""856247005205""",Cider,1,499,n,n,"Golden state cider apple JAMAICA  19oz","19.2 OZ",,n,1,1,293,n,,"=""9""",,,,,,n,,,,,,,
"=""856247005311""",Cider,1,1915,n,n,"GOLDEN STATE CIDER RADICAL PARADISE PINEAPPLE 24/16 CAN 6/4",,,n,1,1,1245,n,,"=""100""",,,,,,n,,,,,,,
"=""856247005441""",Cider,1,1599,n,n,"GOLDEN STATE CIDER GINGER LIME 24/16 CAN 6/4","4 PK 16 OZ",,n,4,1,1019,n,,"=""100""",,,,,,n,,,,,,,
"=""856247005458""",Cider,1,1915,n,n,"GOLDEN STATE CIDER RADICAL POG 24/16 CAN 6/4",,,n,1,1,1245,n,,"=""100""",,,,,,n,,,,,,,
"=""856282005918""",Whiskey,1,9999,n,n,"WIDOW JANE LUCKY THIRTEEN 93 PROOF 13 YRS","750. ML",,n,1,0,0,n,,"=""100""",,,,,,n,,,,,,,
"=""856365000212""",Tequila,1,6999,n,n,"ASOMBROSO BLANCO","750 ML",,n,1,1,3710,n,,"=""100""",,,,,,n,,,,,,,
"=""856365000250""",Tequila,1,12999,n,n,"ASOMBROSO REPOSADO","750 ML",,n,1,1,6910,n,,"=""100""",,,,,,n,,,,,,,
"=""856442005154""",Whiskey,1,9499,n,n,"MASTERSON'S 750.",,,n,1,1,0,n,,"=""100""",,,,,,n,,,,,,,
"=""856542004064""",ACCESSORIES,1,499,n,n,"MICHELADA CUP BAJA MIX",,,n,1,0,0,n,,"=""100""",,,,,,n,,,,,,,
"=""856542004071""",ACCESSORIES,1,399,n,n,"DELICIOUS MICGELADA BAJA CUP",,,n,1,1,135,n,,"=""100""",,,,,,n,,,,,,,
"=""856542004170""",Juice,1,650,n,n,"Delicious Michelada Baja","16 OZ",,n,1,1,350,n,,"=""100""",,,,,,n,,,,,,,
"=""856542004200""",Grocery,1,299,n,n,"BAJA 2 OZ",,,n,1,1,0,n,,"=""100""",,,,,,n,,,,,,,
"=""856542004217""",Grocery,1,249,n,n,"BAJA 2 OZ",,,n,1,1,0,n,,"=""100""",,,,,,n,,,,,,,
"=""856542004378""",ACCESSORIES,1,1399,n,n,"Rim dip strawberry watermelon",,,n,1,0,0,n,,"=""100""",,,,,,n,,,,,,,
"=""856542004422""",ACCESSORIES,1,599,n,n,"MECHELADA CUP",,,n,1,0,0,n,,"=""100""",,,,,,n,,,,,,,
"=""856542004477""",Grocery,1,499,n,n,"baja chamoy",,,n,1,0,0,n,,"=""100""",,,,,,n,,,,,,,
"=""856542004491""",CHOCOLATE,1,399,n,n,Baja,,,n,1,0,0,n,,"=""100""",,,,,,n,,,,,,,
"=""856542004583""",Gum,1,464,n,n,"Chamoy Gummies Sharks Spicy",,,n,1,1,225,n,,"=""100""",,,,,,n,,,,,,,
"=""856542004590""",Gum,1,464,n,n,"Chamoy Gummies Watermelon Spicy",,,n,1,1,225,n,,"=""100""",,,,,,n,,,,,,,
"=""856542004644""",ACCESSORIES,1,399,n,n,"DELICIOUS MICHELADA CUP",,,n,1,1,135,n,,"=""100""",,,,,,n,,,,,,,
"=""856579002170""",Water,1,199,n,n,"Spindrift GRAPEFRUIT",12oz,,n,1,1,0,n,,"=""100""",,,,,,n,,,,,,,
"=""856579002194""",Water,1,199,n,n,Spindrift,12oz,,n,1,1,0,n,,"=""100""",,,,,,n,,,,,,,
"=""856579002804""",Water,1,199,n,n,"SPINDRIFT LIME SPARKLING WATER12 OPZ","12 OZ",,n,1,0,0,n,,"=""100""",,,,,,n,,,,,,,
"=""856592006018""","Spirits - Other",1,4469,n,n,"MR PICKLES GIN 86 750ML",,,n,1,1,2905,n,,"=""100""",,,,,,n,,,,,,,
"=""856619002306""",BEER,1,1599,y,n,"CHANGE ORDER",,,n,1,1,0,n,,"=""100""",,,,,,n,,,,,,,
"=""856619002429""","IPA Beer",1,2199,n,n,"Dust Bowl Therapist 4pk: Single $5.99 16oz","4 PK 16 OZ",,n,4,1,1399,n,,"=""5""",,,,,,n,,,,,,,
"=""856619002535""","IPA Beer",1,2299,n,n,"Dump truck","4 PK 12 OZ",,n,4,1,1400,n,,"=""100""",,,,,,n,,,,,,,
"=""856652006002""",Water,1,394,n,n,"WAIAKEA WATER 1L",,,n,1,1,192,n,,"=""36""",,,,,,n,,,,,,,
"=""856695001002""",Vodka,1,2999,n,n,"OCEAN 750ML","750 ML",,n,2,1,1819,n,,"=""6""",,,,,,n,,,,,,,
"=""856724006015""",Tequila,1,6999,n,n,"CASAMIGOS ANEJO 750",,,n,1,1,0,n,,"=""100""",,,,,,n,,,,,,,
"=""856724006022""",Tequila,1,3699,n,n,"CASAMIGOS ANEJO",375ml,,n,1,1,1545,n,,"=""100""",,,,,,n,,,,,,,
"=""856724006039""",Shots,1,899,n,n,"CASAMIGOS ANEJO 50ML.","50 ML",,n,1,1,0,n,,"=""100""",,,,,,n,,,,,,,
"=""856724006114""",Tequila,1,5999,n,n,"CASAMIGOS SILVER 750","750 ML",,n,1,1,0,n,,"=""100""",,,,,,n,,,,,,,
"=""856724006121""",Tequila,1,2499,n,n,"CASAMIGOS BLANCO","375 ML",,n,1,1,1405,n,,"=""99""",,,,,,n,,,,,,,
"=""856724006138""",Shots,1,699,n,n,"CASAMIGOS BLANCO 50ML","50 ML",,n,1,1,353,n,,"=""26""",,,,,,n,,,,,,,
"=""856724006145""",Tequila,1,10785,n,n,"CASAMIGOS TEQUILA BLANCO 80 1.75L","1.5 ML",,n,2,1,6010,n,,"=""100""",,,,,,n,,,,,,,
"=""856724006213""",Tequila,1,6499,n,n,"CASAMIGOS REPO 750ML","750 ML",,n,2,1,3839,n,,"=""100""",,,,,,n,,,,,,,
"=""856724006220""",Tequila,1,3499,n,n,"CASAMIGO REPOSADO","375 ML",,n,1,1,1475,n,,"=""100""",,,,,,n,,,,,,,
"=""856724006237""",Shots,1,799,n,n,"CASAMIGOS REPOSADO 50 ML","50 ML",,n,1,1,300,n,,"=""19""",,,,,,n,,,,,,,
"=""856724006244""",Tequila,1,13999,n,n,"Casamigos Reposado (1.75 L)",1.75.ML,,n,1,1,7760,n,,"=""100""",,,,,,n,,,,,,,
"=""856724006329""",Tequila,1,7999,n,n,"CASAMIGOS JOVEN",750ml,,n,1,1,0,n,,"=""100""",,,,,,n,,,,,,,
"=""856793004165""",BEER,1,999,y,n,SCHILLING,,,n,1,1,0,n,,"=""100""",,,,,,n,,,,,,,
"=""856852007038""","Iced Tea",1,649,n,n,"sol-ti organic","14.9 OZ",,n,1,1,324,n,,"=""2""",,,,,,n,,,,,,,
"=""856852007069""",Juice,1,645,n,n,"sol ti chlorophyll aloe superade","14.9 oz",,n,1,1,324,n,,"=""3""",,,,,,n,,,,,,,
"=""856852007274""",Juice,1,649,n,n,"STOLI -  WILD BLUEBERRY","14.9 OZ",,n,1,1,325,n,,"=""100""",,,,,,n,,,,,,,
"=""856852007724""",Juice,1,499,n,n,"sol ti turmeric supershot","2.1 oz",,n,1,1,270,n,,"=""11""",,,,,,n,,,,,,,
"=""856852007731""",Juice,1,499,n,n,"SOL TI ginger supershot",2oz,y,n,1,1,270,n,,"=""100""",,,,,,n,,,,,,,
"=""856852007823""",Juice,1,499,n,n,"sol ti immune-ti supershot","2.1 oz",,n,1,1,270,n,,"=""12""",,,,,,n,,,,,,,
"=""856895003561""","IPA Beer",1,1299,n,n,"Golden Road Brewing Ride On IPA Cans (12 oz x 6x ct)","6 PK 12 OZ",,n,6,1,820,n,,"=""100""",,,,,,n,,,,,,,
"=""856895003844""","Craft / Local Beer",1,1299,n,n,"GOLDEN ROAD MANGO CART 24/12 CAN 4/6","6 PK 12 OZ",,n,6,1,790,n,,"=""100""",,,,,,n,,,,,,,
"=""856969007723""",BEER,1,1899,y,n,COWABUNGA,,,n,1,1,0,n,,"=""100""",,,,,,n,,,,,,,
"=""857062008006""",BEER,1,1699,y,n,"Purple AF",,,n,1,1,0,n,,"=""100""",,,,,,n,,,,,,,
"=""857167006013""","Protein & Hydration",1,299,n,n,"ZIPFIZZ PEACH MANGO","0.39 OZ",,n,1,1,125,n,,"=""100""",,,,,,n,,,,,,,
"=""857186006018""",Whiskey,1,3999,n,n,"YELLOW ROSE REY 90 PROOF","750. ML",,n,1,0,0,n,,"=""100""",,,,,,n,,,,,,,
"=""857186006025""",Whiskey,1,3999,n,n,"YELLOW ROSE OUTLAW BOURBON","750. ML",,n,1,0,0,n,,"=""100""",,,,,,n,,,,,,,
"=""857280000004""",Kombucha,1,456,n,n,"JSH ISLAND COOLER HARD KOMBUCHA 12/1",,,n,1,1,297,n,,"=""100""",,,,,,n,,,,,,,
"=""857280008956""",Kombucha,1,549,n,n,"JUNE SHINE ISLAND COOLER","19.2 OZ",,n,1,1,297,n,,"=""100""",,,,,,n,,,,,,,
"=""857407002256""","White Wine",1,4299,n,n,"JAYSON SAUVIGNON BLANC",,,n,1,1,0,n,,"=""100""",,,,,,n,,,,,,,
"=""857416006191""","Drinks & Mixers",1,345,n,n,"Perfect Hydration Alkaline Electrolyte Enhanced Water (1 L)",,,n,1,1,121,n,,"=""100""",,,,,,n,,,,,,,
"=""857416006245""",Water,1,245,n,n,"PERFECT HYDRATION WATER","20 OZ",,n,1,0,0,n,,"=""100""",,,,,,n,,,,,,,
"=""857578008149""","Protein Bars",1,510,n,n,"Nut Bar Pistachio + Touch of Honey","1.4 OZ",,n,1,1,276,n,,"=""100""",,,,,,n,,,,,,,
"=""857578008187""","Protein Bars",1,510,n,n,"Nut Bar Cashew + Touch of Honey","1.4 OZ",,n,1,1,276,n,,"=""100""",,,,,,n,,,,,,,
"=""857578008200""","Protein Bars",1,418,n,n,"Nut Bar Almond + Honey","1.4 OZ",,n,1,1,228,n,,"=""100""",,,,,,n,,,,,,,
"=""857578008514""","Protein Bars",1,371,n,n,"Fruit Bars Pineapple Passion Fruit","1.2 OZ",,n,1,1,204,n,,"=""100""",,,,,,n,,,,,,,
"=""857641002005""","Ready-to-Drink (RTD)",1,458,n,n,"BuzzBallz Cran Blaster (200 ml)",,,n,1,1,259,n,,"=""100""",,,,,,n,,,,,,,
"=""857641002043""",Spiked,1,458,n,n,"BuzzBallz Tequila 'Rita (200 ml)",,,n,1,1,272,n,,"=""99""",,,,,,n,,,,,,,
"=""857641002234""","Ready-to-Drink (RTD)",1,458,n,n,"BuzzBallz Forbidden Apple (200 ml)","200 ML",,n,1,1,259,n,,"=""100""",,,,,,n,,,,,,,
"=""857641002258""","Ready-to-Drink (RTD)",1,458,n,n,"BuzzBallz Lotta Colada (200 ml)",,,n,1,1,272,n,,"=""100""",,,,,,n,,,,,,,
"=""857641002609""","Ready-to-Drink (RTD)",1,458,n,n,"BUZZBALLZ SPIRITS STRAWBERRY RITA P2",,,n,1,1,272,n,,"=""100""",,,,,,n,,,,,,,
"=""857641002753""","Ready-to-Drink (RTD)",1,458,n,n,"BUZZBALLZ SPIRITS CHOC TEASE P24 200","200 ML",,n,1,1,272,n,,"=""100""",,,,,,n,,,,,,,
"=""857641002944""","Malt Beverage",1,467,n,n,"BUZZBALLZ SPIRITS ELF MAPLE SYRUP SU",,,n,1,1,0,n,,"=""100""",,,,,,n,,,,,,,
"=""857641002951""","Ready-to-Drink (RTD)",1,458,n,n,"Buzzballz Peachballz Bottles (200 ml)",,,n,1,1,272,n,,"=""100""",,,,,,n,,,,,,,
"=""857674007657""","Ready-to-Drink (RTD)",1,458,n,n,"BUZZBALLZ SPIRITS HAZELNUT LATTE P24","200 ml",,n,1,1,259,n,,"=""100""",,,,,,n,,,,,,,
"=""857674007855""","Ready-to-Drink (RTD)",1,435,n,n,"BUZZBALLZ SPIRITS CHILI MANGO P24 20",,,n,1,1,272,n,,"=""100""",,,,,,n,,,,,,,
"=""857674007923""","Ready-to-Drink (RTD)",1,458,n,n,"BUZZBALLZ SPIRITS ESPRESSO MARTINI P",,,n,1,1,272,n,,"=""100""",,,,,,n,,,,,,,
"=""857680001953""","Wine Cabernet Sauvignon",1,5999,n,n,"OVIS CABERNET SAUVIGNON","750 ml",,n,1,1,0,n,,"=""100""",,,,,,n,,,,,,,
"=""857744001318""","Wine Cabernet Sauvignon",1,1899,n,n,"JOSH CELLARS CABERNET SAUVIGNON","750.00 ML",,n,2,1,1119,n,,"=""100""",,,,,,n,,,,,,,
"=""857744001325""","White Wine",1,1699,n,n,"JOSH CELLARS CHARD","750.00 ML",,n,2,1,979,n,,"=""100""",,,,,,n,,,,,,,
"=""857744011157""","Red Wine",1,1899,n,n,"JOSH CELLARS MERLOT","=""750""",,n,2,1,1119,n,,"=""100""",,,,,,n,,,,,,,
"=""857777004201""","Protein Bars",1,399,n,n,RXBAR,,,n,1,0,0,n,,"=""100""",,,,,,n,,,,,,,
"=""857885000003""",Wine,1,4399,n,n,"PINE RIDGE TRAVELERS SERIES CAB 750ML","750 ml",,n,1,1,2810,n,,"=""12""",,,,,,n,,,,,,,
"=""857932007009""",Liqueur,1,3341,n,n,"Mr. Black Coffee Liqueur",750ml,,n,2,1,2160,n,,"=""100""",,,,,,n,,,,,,,
"=""857983004033""",Gummy,1,249,n,n,"HI_CHEW BANANA 1.67 OZ","1.67 OZ",,n,1,1,0,n,,"=""100""",,,,,,n,,,,,,,
"=""858031006535""","Red Wine",1,2499,n,n,"TOOTH NAIL XLVI PASO ROBLES  750 ml",,,n,1,1,0,n,,"=""3""",,,,,,n,,,,,,,
"=""858031006542""","Wine Cabernet Sauvignon",1,2499,n,n,"TOOTH NAIL CABERNET SAUVIGNON",,,n,1,1,0,n,,"=""100""",,,,,,n,,,,,,,
"=""858031006559""","White Wine",1,2499,n,n,"TOOTH NAIL",,,n,1,1,0,n,,"=""100""",,,,,,n,,,,,,,
"=""858031006658""","Red Wine",1,2499,n,n,"TOOTH NAIL PASO ROBLE 750 ml",,,n,1,1,0,n,,"=""100""",,,,,,n,,,,,,,
"=""858173008015""","Ready-to-Drink (RTD)",1,399,n,n,"POST MERIDIEM OLD FASHIONED","100 ML",,n,1,1,240,n,,"=""100""",,,,,,n,,,,,,,
"=""858173008114""","Ready-to-Drink (RTD)",1,399,n,n,"POST MERIDIEM MARGARITA","100 ML",,n,1,1,240,n,,"=""100""",,,,,,n,,,,,,,
"=""858173008183""","Ready-to-Drink (RTD)",1,399,n,n,"POST MERIDIEM  COSMOPOLITAN","100 ml",,n,1,1,240,n,,"=""100""",,,,,,n,,,,,,,
"=""858173008190""","Ready-to-Drink (RTD)",1,399,n,n,"POST MERIDIEM ESPRESSO MARTINI","100 ML",,n,1,1,240,n,,"=""100""",,,,,,n,,,,,,,
"=""858176002133""","Drinks & Mixers",1,345,n,n,"BODYARMOR Sports Drink Fruit Punch (28 oz)","16 oz",,n,1,1,0,n,,"=""100""",,,,,,n,,,,,,,
"=""858176002157""","Drinks & Mixers",1,289,n,n,"Bodyarmor Sport Water (1 L)","33.8 oz",,n,1,1,0,n,,"=""100""",,,,,,n,,,,,,,
"=""858176002171""","Drinks & Mixers",1,345,n,n,"Body Armor Super Drink Tropical Punch Bottle (16 oz)","16 oz",,n,1,1,0,n,,"=""100""",,,,,,n,,,,,,,
"=""858198001015""",GIN,1,3499,n,n,"Bluecoat American Gin","750 mL",,n,1,1,1959,n,,"=""100""",,,,,,n,,,,,,,
"=""858198001824""",GIN,1,3699,n,n,"Bluecoat Gin ELDERFLOWER 94","=""750""",,n,1,1,2103,n,,"=""100""",,,,,,n,,,,,,,
"=""858230003021""",GIN,1,4999,n,n,"RE FIND GIN","750 ml",,n,1,1,0,n,,"=""100""",,,,,,n,,,,,,,
"=""858232007454""","Ready-to-Drink (RTD)",1,500,n,n,"SAGAMORE HONEY PALOMA","12 oz",,n,1,1,0,n,,"=""100""",,,,,,n,,,,,,,
"=""858232007591""","Ready-to-Drink (RTD)",1,500,n,n,"SAGAMORE PINEAPPLE RYEGARITA","12 oz",,n,1,1,0,n,,"=""100""",,,,,,n,,,,,,,
"=""858232007645""","Ready-to-Drink (RTD)",1,1799,n,n,"SAGAMORE SPIRIT RYE","6 PK",,n,6,0,0,n,,"=""100""",,,,,,n,,,,,,,
"=""858349001857""",Tequila,1,13999,n,n,"DOS ARTES JOVEN","1 L",,n,1,1,0,n,,"=""100""",,,,,,n,,,,,,,
"=""858349004100""",Whiskey,1,4999,n,n,"Woodinville   bourbon Whisky 750.ml",750.ml,,n,1,1,0,n,,"=""100""",,,,,,n,,,,,,,
"=""858696006710""",BEER,1,1799,y,n,"POG CRUSH",,,n,1,1,0,n,,"=""100""",,,,,,n,,,,,,,
"=""858698002512""","Wine Cabernet Sauvignon",1,6999,n,n,"Jamieson Ranch Double Lariat:Cabernet Sauvignon","750.00 ML",,n,1,1,0,n,,"=""100""",,,,,,n,,,,,,,
"=""858799002176""","Hard Seltzer",1,399,n,n,"MAU MHPOG",,,n,1,1,0,n,,"=""100""",,,,,,n,,,,,,,
"=""859026001221""",Tequila,1,5999,n,n,"La gritona",,,n,1,1,0,n,,"=""100""",,,,,,n,,,,,,,
"=""859061006199""",Tequila,1,2499,n,n,"CODIGO 1530 BLANCO","375 ML",,n,1,1,1615,n,,"=""100""",,,,,,n,,,,,,,
"=""859061006212""",Tequila,1,2999,n,n,"CODIGO 1530 REPOSADO","375 ML",,n,1,1,1865,n,,"=""100""",,,,,,n,,,,,,,
"=""859061006632""","Spirits - Other",1,841,n,n,"CODIGO 1530 AGAVE NECTAR PET 11.6Z",,,n,1,1,547,n,,"=""100""",,,,,,n,,,,,,,
"=""859078002153""",Water,1,766,n,n,"Harnless Harvet Coco Water 16 oz","16 OZ",,n,1,1,416,n,,"=""99""",,,,,,n,,,,,,,
"=""859139001316""","Wine General",1,2699,n,n,"SEAN MINOR PINOT NOIR","750 ML",,n,2,1,1750,n,,"=""100""",,,,,,n,,,,,,,
"=""859139001415""","Wine General",1,2699,n,n,"SEAN MINOR CABERNET SAUVIGNON","750 ML",,n,2,1,1750,n,,"=""100""",,,,,,n,,,,,,,
"=""859139001903""","Wine General",1,2599,n,n,"SEAN MINOR RED BLEND","750 ML",,n,2,1,1683,n,,"=""7""",,,,,,n,,,,,,,
"=""859176000099""",ACCESSORIES,1,399,n,n,"BUTANE FUEL 8 OZ.","8 OZ",,n,1,1,0,n,,"=""100""",,,,,,n,,,,,,,
"=""859369001254""","Wine General",1,7299,n,n,"Faust:Cabernet Sauvignon","750.00 ML",,n,2,1,4250,n,,"=""100""",,,,,,n,,,,,,,
"=""859369001261""","Wine Cabernet Sauvignon",1,9999,n,n,"FAUST CABERNET SAUVIGNON","750 ML",,n,2,1,1500,n,,"=""1""",,,,,,n,,,,,,,
"=""859369001407""","Wine General",1,2499,n,n,"Saldo Zinfandel (750 ml)",,,n,1,1,0,n,,"=""100""",,,,,,n,,,,,,,
"=""859369001537""","Wine General",1,4999,n,n,"The Prisoner Red Blend (750 ml)",,,n,1,1,0,n,,"=""100""",,,,,,n,,,,,,,
"=""859369001636""","Wine General",1,6499,n,n,"Flowers Pinot Noir","750 ML",,n,2,1,4125,n,,"=""100""",,,,,,n,,,,,,,
"=""859551001581""","Wine General",1,4999,n,n,"Match book",,,n,1,1,0,n,,"=""12""",,,,,,n,,,,,,,
"=""859581006853""",ACCESSORIES,1,499,n,n,"VASELINE LIP THERAPY",,,n,1,1,110,n,,"=""100""",,,,,,n,,,,,,,
"=""859604004057""",BEER,1,699,y,n,WANDER,,,n,1,1,0,n,,"=""100""",,,,,,n,,,,,,,
"=""859718005995""","Craft / Local Beer",1,1731,n,n,"COR WKNDVB 4/6 16OZ CAN",,,n,6,1,1095,n,,"=""100""",,,,,,n,,,,,,,
"=""859809006467""",BEER,1,1999,y,n,"HOLLYWOOD HAZY",,,n,1,1,0,n,,"=""100""",,,,,,n,,,,,,,
"=""859809006498""","Hard Seltzer",1,1299,n,n,"High Noon Mango Hard Seltzer Cans (355 ml x 4x ct)",,,n,1,1,0,n,,"=""16""",,,,,,n,,,,,,,
"=""859889006005""","Wine Cabernet Sauvignon",1,6299,n,n,"QUILT CABERNET SAUVIGNON","750 ml",,n,1,1,0,n,,"=""100""",,,,,,n,,,,,,,
"=""859889006302""","Red Wine",1,3499,n,n,"QUILT NAPA VALLEY RED WINE 750 ml","750 ml",,n,1,1,0,n,,"=""100""",,,,,,n,,,,,,,
"=""859917004638""",Gummy,1,599,n,n,"MR YUYUS RETRO SOURS MANGO TIN 2.12OZ","2.12 oz",,n,1,1,349,n,,"=""16""",,,,,,n,,,,,,,
"=""859917004652""",Gummy,1,599,n,n,"MR YUYUS RETRO SOURS CITRUS TIN 2.12OZ","2.12 oz",,n,1,1,349,n,,"=""14""",,,,,,n,,,,,,,
"=""859917004867""",Gummy,1,599,n,n,"MR YUYUS RETRO SOURS PASSIONFRT TIN 2.12OZ","2.12 oz",,n,1,1,349,n,,"=""16""",,,,,,n,,,,,,,
"=""859917004928""",Gummy,1,599,n,n,"MR YUYUS RETRO SOURS WATERMELON TIN 2.12OZ","2.12 oz",,n,1,1,349,n,,"=""15""",,,,,,n,,,,,,,
"=""860000023900""",Water,1,299,n,n,"lIQUID  DEATH SPRING WATER","16 OZ",,n,1,1,116,n,,"=""100""",,,,,,n,,,,,,,
"=""860000780308""",Juice,1,445,n,n,"MELA WATERMELON WATER","16.9 OZ",,n,1,1,214,n,,"=""99""",,,,,,n,,,,,,,
"=""860000780322""",Juice,1,445,n,n,"MEL PINAPL 12/1 16.9OZ CAN","16.9 OZ",,n,1,1,214,n,,"=""100""",,,,,,n,,,,,,,
"=""860000780339""","Non-Alcoholic Beer & Wine",1,399,n,n,"MEL HICO-- 12/1 16.9OZ CAN","16 OZ",,n,1,1,245,n,,"=""100""",,,,,,n,,,,,,,
"=""860000780346""",Juice,1,464,n,n,"Mela Watermelon Ginger Juice","16.9 oz",,n,1,1,250,n,,"=""100""",,,,,,n,,,,,,,
"=""860000780360""",Juice,1,445,n,n,"MELA WATERMELON WATER + PASSION FRUIT","16.9 OZ",,n,1,1,214,n,,"=""100""",,,,,,n,,,,,,,
"=""860001229837""",BEER,1,2299,n,n,"pure diamond dust",,,n,1,0,0,n,,"=""100""",,,,,,n,,,,,,,
"=""860001229875""","IPA Beer",1,2299,n,n,"PURE WEST COAST  IPA","16 oz 4 pck",,n,4,0,0,n,,"=""100""",,,,,,n,,,,,,,
"=""860001688184""","Hanging Snacks",1,599,n,n,"THE ONLY BEAN CRUNCHY ROASTED","4 OZ",,n,1,1,300,n,,"=""100""",,,,,,n,,,,,,,
"=""860001753417""",Tequila,1,16999,n,n,"KOMOS ANIEJO CRISTALINO","750 ML",,n,2,1,8234,n,,"=""100""",,,,,,n,,,,,,,
"=""860001753448""",Tequila,1,14999,n,n,"KOMOS REPOSADO ROSA","750 ML",,n,2,1,6934,n,,"=""100""",,,,,,n,,,,,,,
"=""860001800500""",Gummy,1,549,n,n,"SOUR STRIPS",,,n,1,1,0,n,,"=""100""",,,,,,n,,,,,,,
"=""860001800517""",Gummy,1,549,n,n,"SOUR STRIPS",,,n,1,1,0,n,,"=""100""",,,,,,n,,,,,,,
"=""860001800524""",Gummy,1,549,n,n,"SOUR STRIPS",,,n,1,1,0,n,,"=""99""",,,,,,n,,,,,,,
"=""860001800531""",Gummy,1,549,n,n,"SOUR STRIPS TROPICAL MANGO 3.4 OZ",,,n,1,1,0,n,,"=""100""",,,,,,n,,,,,,,
"=""860001800548""",Gummy,1,549,n,n,"SOUR STRIPS",,,n,1,1,0,n,,"=""100""",,,,,,n,,,,,,,
"=""860001800555""",Gummy,1,549,n,n,"SOUR STRIPS",,,n,1,1,0,n,,"=""100""",,,,,,n,,,,,,,
"=""860001800562""",Gummy,1,549,n,n,"SOUR STRIPS",,,n,1,1,0,n,,"=""100""",,,,,,n,,,,,,,
"=""860001800586""",Gummy,1,549,n,n,"SOUR STRIPS",,,n,1,1,0,n,,"=""100""",,,,,,n,,,,,,,
"=""860001800593""",Gummy,1,549,n,n,"SOUR STRIPS",,,n,1,1,0,n,,"=""100""",,,,,,n,,,,,,,
"=""860001867213""","Malt Beverage",1,1499,y,n,"LOVER BOY",,,n,1,1,0,n,,"=""100""",,,,,,n,,,,,,,
"=""860001927801""",ACCESSORIES,1,599,n,n,THEPLUG,,,n,1,1,0,n,,"=""100""",,,,,,n,,,,,,,
"=""860002661117""",Pouches,1,799,n,n,"Lucy tabaco 4 mg",,,n,1,0,0,n,,"=""100""",,,,,,n,,,,,,,
"=""860002661155""",Pouches,1,799,n,n,"LUCY CLEAR 8 MG",,,n,1,1,420,n,,"=""100""",,,,,,n,,,,,,,
"=""860002661193""",Pouches,1,799,n,n,"LUCY CLEAR 12 MG",,,n,1,1,420,n,,"=""100""",,,,,,n,,,,,,,
"=""860002678757""",BEER,1,1799,y,n,"AGUA FRIA",,,n,1,1,0,n,,"=""100""",,,,,,n,,,,,,,
"=""860002912080""","Craft / Local Beer",1,1999,y,n,"WILD BARREL HAZY",,,n,1,1,0,n,,"=""100""",,,,,,n,,,,,,,
"=""860003103265""",BEER,1,1599,y,n,"AGREEABLE FOLK",,,n,1,1,0,n,,"=""100""",,,,,,n,,,,,,,
"=""860003223307""",Soda,1,299,n,n,"OLIPOP CHERRY VANILLA","12 OZ",,n,1,1,172,n,,"=""99""",,,,,,n,,,,,,,
"=""860003223321""",Soda,1,299,n,n,"OLIPOP ORANGE CREAM","12 OZ",,n,1,1,0,n,,"=""100""",,,,,,n,,,,,,,
"=""860003223338""",Soda,1,299,n,n,"OLIPOP ORANGE CREAM 12 OZ","12 OZ",,n,1,1,172,n,,"=""10""",,,,,,n,,,,,,,
"=""860003223345""",Juice,1,299,n,n,"OLIPOP BLACKBERRY VANILLA","12 OZ",,n,1,1,172,n,,"=""96""",,,,,,n,,,,,,,
"=""860003223390""",Soda,1,299,n,n,"OLIPOP CLASSIC GRAPE","12 OZ",,n,1,1,172,n,,"=""98""",,,,,,n,,,,,,,
"=""860003308233""","Health & Wellness",1,599,n,n,"lelio kava relaxation mango","12 oz",,n,1,0,0,n,,"=""100""",,,,,,n,,,,,,,
"=""860003308257""","Health & Wellness",1,599,n,n,"LEILO KAVA RASPBERRY","12 OZ",,n,1,1,299,n,,"=""5""",,,,,,n,,,,,,,
"=""860003651711""","Craft / Local Beer",1,1199,n,n,"BREWERY X HUCKLEBERRY HARD SELTZER 24/12 CAN 4/6","6 PK 12 OZ",,n,6,1,780,n,,"=""100""",,,,,,n,,,,,,,
"=""860003651742""","Craft / Local Beer",1,1299,n,n,"BREWERY X WATERMELON LIME HARD SELTZER 24/12 CAN 4/6",,,n,6,1,780,n,,"=""100""",,,,,,n,,,,,,,
"=""860003651780""","Craft / Local Beer",1,1699,n,n,"BREWERY X SLAP & TICKLE 24/16 CAN 4/6",,,n,6,1,1005,n,,"=""100""",,,,,,n,,,,,,,
"=""860003679708""",Electrolytes,1,349,n,n,"WET HYDRATION WATERMELON LIME","12 OZ",,n,1,1,159,n,,"=""100""",,,,,,n,,,,,,,
"=""860003679791""",Juice,1,599,n,n,"WET HYDRATION PEACH PINEAPPLE",,,n,1,0,0,n,,"=""100""",,,,,,n,,,,,,,
"=""860003733103""","Wine General",1,2999,n,n,"CADRE SEA GUEEN","750 ML",,n,2,0,0,n,,"=""100""",,,,,,n,,,,,,,
"=""860003751442""",BEER,1,1499,y,n,"X JUNGLE JUICE",,,n,1,1,0,n,,"=""100""",,,,,,n,,,,,,,
"=""860003777503""","Ready-to-Drink (RTD)",1,599,n,n,"SOCIAL HOUR GIN TONIC","250 ML 4PK",,n,1,0,0,n,,"=""100""",,,,,,n,,,,,,,
"=""860003777527""","Ready-to-Drink (RTD)",1,599,n,n,"SOCIAL HOUR WHISKEY MULE","250 ML 4OK",,n,1,0,0,n,,"=""100""",,,,,,n,,,,,,,
"=""860003930113""",BEER,1,1899,y,n,WILD,,,n,1,1,0,n,,"=""100""",,,,,,n,,,,,,,
"=""860004117513""","Ready-to-Drink (RTD)",1,4299,n,n,"FREE SPIRITS BOURBON NON- ALCOHOLIC","750 ML",,n,2,1,2713,n,,"=""100""",,,,,,n,,,,,,,
"=""860004117537""","Ready-to-Drink (RTD)",1,199,n,n,Freespirit,,,n,1,0,0,n,,"=""100""",,,,,,n,,,,,,,
"=""860004117544""","Ready-to-Drink (RTD)",1,1999,n,n,"FREE SPIRITS KENTUCKY MULE NON- ALCOHOLIC",,,n,4,1,1200,n,,"=""100""",,,,,,n,,,,,,,
"=""860004117575""","Ready-to-Drink (RTD)",1,1999,n,n,"FREE SPIRITS MARGARITA NON -ALCOHOLIC",,,n,4,1,1200,n,,"=""100""",,,,,,n,,,,,,,
"=""860004117582""","Ready-to-Drink (RTD)",1,4299,n,n,"FREE SPIRITS APERITIVO MILANO NON- ALCOHOLIC","750 ML",,n,2,1,2713,n,,"=""100""",,,,,,n,,,,,,,
"=""860004129615""","Health & Wellness",1,549,n,n,"ZEN CHILL HUCKLEBERRY LEMONADE 16 OZ","16 OZ",,n,1,1,269,n,,"=""100""",,,,,,n,,,,,,,
"=""860004129639""","Health & Wellness",1,599,n,n,"ZENCHILL SPARKLING WATER",,,n,1,1,0,n,,"=""100""",,,,,,n,,,,,,,
"=""860004438618""",GIN,1,4499,n,n,"CONDESA GIN PRICKLY PEAR &ORANGE BLOSSOM","750 ML",,n,1,1,2809,n,,"=""100""",,,,,,n,,,,,,,
"=""860004438656""",GIN,1,4499,n,n,"CONDESA GIN CLASICA","750 ML",,n,2,1,2809,n,,"=""100""",,,,,,n,,,,,,,
"=""860004712503""",Gummy,1,549,n,n,"SOUR STRIPS",,,n,1,1,0,n,,"=""100""",,,,,,n,,,,,,,
"=""860004712510""",Gummy,1,549,n,n,"SOUR STRIPS",,,n,1,1,0,n,,"=""99""",,,,,,n,,,,,,,
"=""860004712527""",Gummy,1,549,n,n,"SOUR STRIPS",,,n,1,1,0,n,,"=""100""",,,,,,n,,,,,,,
"=""860004944638""","Hard Seltzer",1,407,n,n,"Study Break Blast Of Baja Seltzer 1/15 19.2oz Cans Loose",,,n,1,1,264,n,,"=""100""",,,,,,n,,,,,,,
"=""860004944683""","Hard Seltzer",1,2599,n,n,"STU THROWBACK VARIETY 12 OZ 2/12 CAN","12 PK",,n,12,1,1670,n,,"=""2""",,,,,,n,,,,,,,
"=""860005045549""","Craft / Local Beer",1,1277,n,n,"BREWERY X BATTLESNAKES 24/16 CAN 4/6",,,n,1,1,830,n,,"=""100""",,,,,,n,,,,,,,
"=""860005277889""","Ready-to-Drink (RTD)",1,3086,n,n,"Long Drink Citus Zero Sugar 12pk","12 PK 12 OZ",,n,12,1,2000,n,,"=""6""",,,,,,n,,,,,,,
"=""860005924202""",BEER,1,1672,n,n,"TAH LIQCAN 6/4 16OZ CAN",,,n,1,1,1087,n,,"=""100""",,,,,,n,,,,,,,
"=""860005982325""","Wine General",1,1999,n,n,"PEYRASSOL LA CROIX ROOS",,,n,2,0,0,n,,"=""100""",,,,,,n,,,,,,,
"=""860006036249""","Hanging Snacks",1,599,n,n,"THE ONLY BEAN EDAMAME BUFFALO","4 OZ",,n,1,1,300,n,,"=""100""",,,,,,n,,,,,,,
"=""860006175009""","Iced Tea",1,499,n,n,"SIR  INKWELL LEMONADE WILD BERRY  POM","12 OZ",,n,1,1,245,n,,"=""24""",,,,,,n,,,,,,,
"=""860006175016""","Iced Tea",1,499,n,n,"SIR INKWELL LEMONADE  BLOOD ORANGE","12 OZ",,n,1,1,245,n,,"=""11""",,,,,,n,,,,,,,
"=""860006175030""","Iced Tea",1,499,n,n,"SIR INKWELL LEMUNADE","12 OZ",,n,1,1,245,n,,"=""12""",,,,,,n,,,,,,,
"=""860006175047""",Juice,1,449,n,n,"SIR INKWELLS ADAPTOGEN YERBA MATE","16 OZ",,n,1,1,245,n,,"=""100""",,,,,,n,,,,,,,
"=""860006175061""","Iced Tea",1,449,n,n,"SIR INKWELLS YERBA MATE MEYER LEMON & MINT","16 OZ",,n,1,1,245,n,,"=""100""",,,,,,n,,,,,,,
"=""860006175085""","Iced Tea",1,449,n,n,"DIR INKWELLS YERBA MATE WILD BERRY & POMEGRANATE","16 OZ",,n,1,1,245,n,,"=""100""",,,,,,n,,,,,,,
"=""860006402112""",BEER,1,1499,y,n,BLOC,,,n,1,1,0,n,,"=""100""",,,,,,n,,,,,,,
"=""860006506445""","Craft / Local Beer",1,799,y,n,"WILD BARREL",,,n,1,1,0,n,,"=""100""",,,,,,n,,,,,,,
"=""860006644673""",Soda,1,199,n,n,"OWENS GINGER BEER","8.02 OZ",,n,1,0,0,n,,"=""100""",,,,,,n,,,,,,,
"=""860006644680""",Juice,1,899,n,n,"GINGER BEER CAN","4 PK",,n,4,1,419,n,,"=""100""",,,,,,n,,,,,,,
"=""860006730666""","Red Wine",1,2499,n,n,"JOEY TENSLEY RED WINE",,,n,1,1,0,n,,"=""8""",,,,,,n,,,,,,,
"=""860006826161""",Whiskey,1,7999,n,n,"PINHOOK SMALL BATCH BOURBON WHISKEY","750 ML",,n,2,1,4800,n,,"=""100""",,,,,,n,,,,,,,
"=""860007169052""","Craft / Local Beer",1,1499,y,n,"BREWERY X",,,n,1,1,0,n,,"=""100""",,,,,,n,,,,,,,
"=""860007261206""","Hanging Snacks",1,599,n,n,"freestyle kalamata olives",,,n,1,0,0,n,,"=""100""",,,,,,n,,,,,,,
"=""860007261213""","Hanging Snacks",1,599,n,n,"spicy olives",,,n,1,1,0,n,,"=""100""",,,,,,n,,,,,,,
"=""860007272011""","Craft / Local Beer",1,1754,n,n,"RAD BCKYRD 6/4 16OZ CAN",,,n,1,1,1140,n,,"=""100""",,,,,,n,,,,,,,
"=""860007487309""","Hanging Snacks",1,649,n,n,"MUDDY BITES MILK WAFFLE CONE SNACKS","2.33 OZ",,n,1,0,0,n,,"=""100""",,,,,,n,,,,,,,
"=""860007585340""",Whiskey,1,5499,n,n,"FOUR ROSES OESK SINGLE BARREL","750 ML",,n,2,0,0,n,,"=""100""",,,,,,n,,,,,,,
"=""860007585357""",Whiskey,1,5499,n,n,"FOUR ROSES OESO SINGLE BARREL","750 ML",,n,2,0,0,n,,"=""100""",,,,,,n,,,,,,,
"=""860007585364""",Whiskey,1,5499,n,n,"FOR ROSES OBSF SINGLE BARREL","750 ML",,n,2,0,0,n,,"=""100""",,,,,,n,,,,,,,
"=""860007597121""","IPA Beer",1,1899,n,n,"INSTITUTION WEST COAST IPA","4 PK 16 OZ",,n,4,1,1119,n,,"=""100""",,,,,,n,,,,,,,
"=""860007597145""","IPA Beer",1,1799,n,n,"INSTITUTION ALE RESTRAIN",,,n,4,1,1050,n,,"=""100""",,,,,,n,,,,,,,
"=""860007994166""","Ready-to-Drink (RTD)",1,2111,n,n,"Long Drink Cocktail Variety Pack(cr/zero/tr)can3/8p 355ml",8pk,,n,8,1,1373,n,,"=""100""",,,,,,n,,,,,,,
"=""860007994197""","Ready-to-Drink (RTD)",1,1699,n,n,"LONG DRINK CKTL PEACH 10 CAN 4/6PK 355ML","6 CANS",,n,6,1,1030,n,,"=""1""",,,,,,n,,,,,,,
"=""860008097675""","Hanging Snacks",1,599,n,n,"THE ONLY BEAN EDAMAME RANCH","4 OZ",,n,1,1,300,n,,"=""100""",,,,,,n,,,,,,,
"=""860008141200""","Scotch Whisky",1,599,n,n,"screw ball","100 ML",,n,1,0,0,n,,"=""100""",,,,,,n,,,,,,,
"=""860008141217""",Whiskey,1,5999,n,n,"SKREWBALL PEANUT BUTTER WHISKEY","1.75 ML",n,n,2,0,0,n,,"=""100""",,,,,,n,,,,,,,
"=""860008266200""","Hanging Snacks",1,499,n,n,"SMACKIN OG",113g,,n,1,1,200,n,,"=""100""",,,,,,n,,,,,,,
"=""860008266217""","Hanging Snacks",1,499,n,n,"SMACKIN GARLIC PARMESAN",113g,,n,1,1,200,n,,"=""100""",,,,,,n,,,,,,,
"=""860008266231""","Hanging Snacks",1,499,n,n,"SMACKIN CINNAMON CHURRO",113g,,n,1,1,200,n,,"=""100""",,,,,,n,,,,,,,
"=""860008266262""","Hanging Snacks",1,499,n,n,"SMACKIN' CRACKED PEPPER",113g,,n,1,1,250,n,,"=""100""",,,,,,n,,,,,,,
"=""860008266279""","Hanging Snacks",1,499,n,n,"SMACKIN DILL PICKLE",113g,,n,1,1,200,n,,"=""100""",,,,,,n,,,,,,,
"=""860008266293""","Hanging Snacks",1,499,n,n,"SMACKIN BBQ",113g,,n,1,1,200,n,,"=""100""",,,,,,n,,,,,,,
"=""860008361196""","Sour Beer",1,799,n,n,"OUT OF ORDER FORGOT S",,,n,1,1,416,n,,"=""100""",,,,,,n,,,,,,,
"=""860009046023""","Wine Cabernet Sauvignon",1,3699,n,n,"THREADCOUNT CABERNET SAUVIGNON","750 ml",,n,1,1,0,n,,"=""100""",,,,,,n,,,,,,,
"=""860009371606""","IPA Beer",1,2599,n,n,"GREAT NOTION RIPE HAZY IPA","4 PK 16 OZ",,n,4,1,1699,n,,"=""4""",,,,,,n,,,,,,,
"=""860009371613""",BEER,1,2899,n,n,"GREAT NOTION BLUBERRY MUFFIN FRUI","4 PCK 16 OZ",,n,4,1,1900,n,,"=""100""",,,,,,n,,,,,,,
"=""860009871007""",Whiskey,1,2499,n,n,"FRASER & THOMPSON WHISKEY","750 ML",,n,2,0,0,n,,"=""100""",,,,,,n,,,,,,,
"=""860009953727""",Juice,1,445,n,n,"MELA WATERMELON WATER + CHILI MANGO","=""169""",,n,1,1,214,n,,"=""100""",,,,,,n,,,,,,,
"=""860010475744""","JUICE 1",1,445,n,n,"MELA WATERMELONWATER BLUEBERRY","16 OZ",,n,1,1,214,n,,"=""98""",,,,,,n,,,,,,,
"=""860010660812""","IPA Beer",1,1899,n,n,homooage,"pk 12 oz",,n,1,0,0,n,,"=""100""",,,,,,n,,,,,,,
"=""860010695814""","Hard Iced Tea",1,441,n,n,"Beatbox Lemonade Hard Tea 12/500ml Tetra",,,n,1,1,285,n,,"=""100""",,,,,,n,,,,,,,
"=""860010695821""","Hard Iced Tea",1,2485,n,n,"BEATBOX HARD TEA VARIETY 2/6/500ML TETRA",,,n,1,1,1615,n,,"=""100""",,,,,,n,,,,,,,
"=""860010695852""","Ready-to-Drink (RTD)",1,457,n,n,"BEATBOX CHERRY LIMEADE 12/500ML TETRA","500 ML",,n,5,1,285,n,,"=""10""",,,,,,n,,,,,,,
"=""860010695876""","Malt Beverage",1,2499,y,n,"BEAT BOX HARD TEA",,,n,1,1,0,n,,"=""100""",,,,,,n,,,,,,,
"=""860010737385""","Ready-to-Drink (RTD)",1,510,n,n,"BIG SIPZ MARGARITA",11.2ONZ,,n,5,0,0,n,,"=""100""",,,,,,n,,,,,,,
"=""860010762257""",Water,1,295,n,n,"IZUMI MTN SPRING WATER","16.9 OZ",,n,1,0,0,n,,"=""100""",,,,,,n,,,,,,,
"=""860010762264""",Water,1,299,n,n,"IZUMI MTN WTR  SPRING WATER","16.9 OZ",,n,1,1,142,n,,"=""100""",,,,,,n,,,,,,,
"=""860010762288""",Water,1,299,n,n,"MTN EATER SPARING","16 OZ",,n,1,1,142,n,,"=""16""",,,,,,n,,,,,,,
"=""860010793862""","Ready-to-Drink (RTD)",1,3109,n,n,"Long Drink Cocktail Zero Sugar Variety Packcn12p 12Z",,,n,12,1,2010,n,,"=""100""",,,,,,n,,,,,,,
"=""860010820933""",BEER,1,1331,n,n,"HURRAY'S GIRL BEER PINEAPPLE YUZU 24/12 CAN 4/6",,,n,1,1,865,n,,"=""100""",,,,,,n,,,,,,,
"=""860010820940""",BEER,1,1331,n,n,"HURRAY'S GIRL BEER BLUEBERRY LAVENDER 24/12 CAN 4/6",,,n,1,1,865,n,,"=""100""",,,,,,n,,,,,,,
"=""860011139508""","Craft / Local Beer",1,1899,n,n,"PAPERBACK BUNNY WITH A CHAINSAW HA","4 PCK 16 OZ",,n,4,1,1216,n,,"=""100""",,,,,,n,,,,,,,
"=""860011139515""","IPA Beer",1,2199,n,n,"PAPERBACK IPA INDIA PALE ALE","4 PK 12 OZ",,n,4,1,1364,n,,"=""100""",,,,,,n,,,,,,,
"=""860011139522""","IPA Beer",1,1599,n,n,"paperback capiche","4 pk 12 oz",,n,4,1,980,n,,"=""3""",,,,,,n,,,,,,,
"=""860011139539""","Craft / Local Beer",1,1249,y,n,"PAPERBACK BEER OF CHAMPIONS 4P",,,n,1,1,0,n,,"=""100""",,,,,,n,,,,,,,
"=""860011139546""","Craft / Local Beer",1,499,n,n,PAPERBACK,"19.5 oz",,n,1,1,279,n,,"=""9""",,,,,,n,,,,,,,
"=""860011139553""","Craft / Local Beer",1,599,n,n,PAPERBACK,19.2OZ,,n,1,0,0,n,,"=""1""",,,,,,n,,,,,,,
"=""860011139560""","IPA Beer",1,599,n,n,"Bunny With A Chainsawm","19.2 oz",,n,1,1,348,n,,"=""3""",,,,,,n,,,,,,,
"=""860011566601""","BEEF JERKY",1,999,n,n,"RIPPED BEEF JERKY HEAUENLY SWEET &SPICY",,,n,1,1,395,n,,"=""100""",,,,,,n,,,,,,,
"=""860011566625""","BEEF JERKY",1,999,n,n,"RIPPED BEEF JERKY  PINEAPPLE EXPRESS",,,n,1,1,395,n,,"=""100""",,,,,,n,,,,,,,
"=""860011566632""","BEEF JERKY",1,999,n,n,"RIPPED GRAN- DADDY PEPPA PEPPERED",,,n,1,1,500,n,,"=""100""",,,,,,n,,,,,,,
"=""860011966203""",Gummy,1,899,n,n,"la chula chamoy",,,n,1,0,0,n,,"=""100""",,,,,,n,,,,,,,
"=""860011966227""",Gummy,1,899,n,n,"la chula chamoy",,,n,1,0,0,n,,"=""100""",,,,,,n,,,,,,,
"=""860011966272""",Gummy,1,899,n,n,"la chula hot",,,n,1,0,0,n,,"=""100""",,,,,,n,,,,,,,
"=""860012058105""",Tequila,1,9099,n,n,"CHICAS DIVERTIDAS BLANCO","750 ml",,n,1,1,0,n,,"=""100""",,,,,,n,,,,,,,
"=""860012058112""",Tequila,1,10599,n,n,"CHICAS DIVERTIDAS REPOSADO","750 ml",,n,1,1,0,n,,"=""100""",,,,,,n,,,,,,,
"=""860012200009""","IPA Beer",1,1999,n,n,"GREAT NOTION EASY LIFT WC IPA","4 PK 16 OZ",,n,4,1,1294,n,,"=""1""",,,,,,n,,,,,,,
"=""860012318605""",BEER,1,362,n,n,"AI ENERGY PEACH 12/12 CAN (1/12PK)",,,n,1,1,235,n,,"=""100""",,,,,,n,,,,,,,
"=""860012318612""",BEER,1,362,n,n,"AI ENERGY GRAPE 12/12 CAN (1/12PK)",,,n,1,1,235,n,,"=""100""",,,,,,n,,,,,,,
"=""860012318629""",BEER,1,362,n,n,"AI ENERGY WATERMELON 12/12 CAN (1/12PK)",,,n,1,1,235,n,,"=""100""",,,,,,n,,,,,,,
"=""860012318636""",BEER,1,362,n,n,"AI ENERGY BLUE RASPBERRY 12/12 CAN (1/12PK)",,,n,1,1,235,n,,"=""100""",,,,,,n,,,,,,,
"=""860012378401""","Ready-to-Drink (RTD)",1,599,n,n,"MADWOMAN ESPRESSO MARTINI","12 OZ",,n,1,1,629,n,,"=""100""",,,,,,n,,,,,,,
"=""860012378418""","Ready-to-Drink (RTD)",1,599,n,n,"MADWOMAN ESPRESSO MARTINI DECAF","12 OZ",,n,1,1,559,n,,"=""100""",,,,,,n,,,,,,,
"=""860012378425""","Ready-to-Drink (RTD)",1,599,n,n,"MADWOMAN CACAO MARTINI","12 OZ",,n,1,1,629,n,,"=""100""",,,,,,n,,,,,,,
"=""860012486731""","Hard Iced Tea",1,1114,n,n,"Betty Booze Cktl Vod Tea Lem9can4p 355ml","4 pk",,n,4,1,718,n,,"=""100""",,,,,,n,,,,,,,
"=""860012486755""","Hard Iced Tea",1,1114,n,n,"Betty Booze Cktl Vod Tea Pfr9can4p 355ml","4 pk",,n,4,1,718,n,,"=""100""",,,,,,n,,,,,,,
"=""860012546848""","Malt Beverage",1,2499,n,n,"SMILE SPIRITS MAD WITH VODKA","8 PACK",,n,8,1,1700,n,,"=""100""",,,,,,n,,,,,,,
"=""860012732203""","BEEF JERKY",1,1199,n,n,"CARNE SECA LEMON","2 OZ",,n,1,1,560,n,,"=""100""",,,,,,n,,,,,,,
"=""860012732227""","BEEF JERKY",1,1299,n,n,"CRANE SECA","2 OZ",,n,1,1,560,n,,"=""100""",,,,,,n,,,,,,,
"=""860012834808""","Health & Wellness",1,599,n,n,"LEILO KAVA PINA COLADO","12 OZ",,n,1,1,299,n,,"=""12""",,,,,,n,,,,,,,
"=""860012834815""",Juice,1,399,n,n,"HYQ BERRY BLEND","12 OZ",,n,1,1,179,n,,"=""12""",,,,,,n,,,,,,,
"=""860012834839""",Juice,1,399,n,n,"HYQ LEMON LIME","12 OZ",,n,1,1,179,n,,"=""12""",,,,,,n,,,,,,,
"=""860012937608""","Chips - Other",1,699,n,n,"TIPS SEED OIL FREE CLASSIC KETTLE STYLE POTATO CHIPS","5 OZ",,n,1,1,395,n,,"=""10""",,,,,,n,,,,,,,
"=""860012937622""","Chips - Other",1,699,n,n,"TIPS SALT & VINEGAR",,,n,1,1,395,n,,"=""9""",,,,,,n,,,,,,,
"=""860012937646""","Chips - Other",1,699,n,n,"TIPS JALAPENO",,,n,1,1,395,n,,"=""100""",,,,,,n,,,,,,,
"=""860013270407""",Soda,1,399,n,n,"KOOL- AID BLACK CHERRY","12 OZ",,n,1,1,200,n,,"=""8""",,,,,,n,,,,,,,
"=""860013270414""",Soda,1,399,n,n,"KOOL - AID SODA BLUE RASPBERRY","12 OZ",,n,1,1,200,n,,"=""1""",,,,,,n,,,,,,,
"=""860013270438""",Soda,1,399,n,n,"KOOL - AID SODA ORANGE","12 OZ",,n,1,1,200,n,,"=""10""",,,,,,n,,,,,,,
"=""860013270483""",Soda,1,399,n,n,"KOOL - AID SODA GRAPE","12 OZ",,n,1,1,200,n,,"=""5""",,,,,,n,,,,,,,
"=""860013382001""","Ready-to-Drink (RTD)",1,499,n,n,"LONG DRINK CKTL TRAD  19.2Z",,,n,1,1,284,n,,"=""12""",,,,,,n,,,,,,,
"=""860013382018""","Ready-to-Drink (RTD)",1,499,n,n,"LONG DRINK 19.2",,,n,1,1,279,n,,"=""100""",,,,,,n,,,,,,,
"=""860013382025""","Ready-to-Drink (RTD)",1,599,n,n,"LONG DRINK 19.2","19.2 OZ",,n,1,1,350,n,,"=""100""",,,,,,n,,,,,,,
"=""860013382063""","Ready-to-Drink (RTD)",1,1624,n,n,"Long Drink Zero Paple 6 pk 12 oz","6 PK 12 OZ",,n,6,1,1050,n,,"=""100""",,,,,,n,,,,,,,
"=""860013399542""","BEEF JERKY",1,1199,n,n,"carne seca hot honey beef jerky",,,n,1,1,560,n,,"=""100""",,,,,,n,,,,,,,
"=""860013444976""",Water,1,349,n,n,"IZUMI MTN WTR SPRING WTAER EXRTA STRONG","16.9 OZ",,n,1,0,0,n,,"=""100""",,,,,,n,,,,,,,
"=""860013444990""",Water,1,299,n,n,"MTN WATER EXTRA STONEG","16 OZ",,n,1,1,142,n,,"=""8""",,,,,,n,,,,,,,
"=""860013806125""",Grocery,1,1999,n,n,"DUBAI ROYALE CHOCOLATE",,,n,1,0,0,n,,"=""100""",,,,,,n,,,,,,,
"=""860013906207""",Soda,1,399,n,n,"AIR HEADS ORANGE","12 OZ",,n,1,1,200,n,,"=""100""",,,,,,n,,,,,,,
"=""860013906214""",Soda,1,399,n,n,"AIR HEADS SODA WATERMELON","12 OZ",,n,1,1,200,n,,"=""100""",,,,,,n,,,,,,,
"=""860013906221""",Soda,1,399,n,n,"AIR HEADS STRAWBERRY","12 OZ",,n,1,1,200,n,,"=""100""",,,,,,n,,,,,,,
"=""860013906238""",Soda,1,399,n,n,"AIR HEADS BLUE RASPBERRY","12 OZ",,n,1,1,200,n,,"=""100""",,,,,,n,,,,,,,
"=""860014147104""",GIN,1,4499,n,n,"Waterloo gin","750 ML",,n,2,1,2884,n,,"=""100""",,,,,,n,,,,,,,
"=""860014196300""","Energy Drinks",1,299,n,n,"ENSO 100B MG BERRY","12 OZ",,n,1,0,0,n,,"=""100""",,,,,,n,,,,,,,
"=""860014196317""","Energy Drinks",1,299,n,n,"ENSO 100 MG CITRUS","12 OZ",,n,1,0,0,n,,"=""100""",,,,,,n,,,,,,,
"=""860014196324""","Energy Drinks",1,299,n,n,"ENSO 100 MG SUN","12 OZ",,n,1,1,0,n,,"=""100""",,,,,,n,,,,,,,
"=""860014196348""","Energy Drinks",1,299,n,n,"ENSO 100 MG PEACH","12 OZ",,n,1,0,0,n,,"=""100""",,,,,,n,,,,,,,
"=""860014398407""","Hanging Snacks",1,299,n,n,"CHICI MAMA MANGO BITES BLUE RASP LMND","2.47 oz",,n,1,1,140,n,,"=""10""",,,,,,n,,,,,,,
"=""860014398414""","Hanging Snacks",1,299,n,n,"CHICI MAMA MANGO BITES ELECTRIC CHERRY","2.47 oz",,n,1,1,140,n,,"=""10""",,,,,,n,,,,,,,
"=""860014398421""","Hanging Snacks",1,299,n,n,"CHICI MAMA MANGO BITES SPICY CHAMOY","2.47 oz",,n,1,1,140,n,,"=""10""",,,,,,n,,,,,,,
"=""860014398438""","Hanging Snacks",1,299,n,n,"CHICI MAMA MANGO BITES STRW LMND 2.47OZ","2.47 oz",,n,1,1,140,n,,"=""10""",,,,,,n,,,,,,,
"=""860014398445""","Hanging Snacks",1,299,n,n,"CHICI MAMA MANGO BITES CINNAMON CHURRO","2.47 oz",,n,1,1,140,n,,"=""10""",,,,,,n,,,,,,,
"=""860015012234""","BEEF JERKY",1,999,n,n,"RIPPED BEEFJERKY HOT HONEY","2.5 OZ",,n,1,1,500,n,,"=""100""",,,,,,n,,,,,,,
"=""860265002405""",Whiskey,1,1999,n,n,"SKREWBALL PN WHISKY","750 ML",,n,2,1,0,n,,"=""100""",,,,,,n,,,,,,,
"=""860265002429""",Shots,1,399,n,n,"SKREWBALL 50 ML","50 ML",,n,1,1,0,n,,"=""100""",,,,,,n,,,,,,,
"=""860265002443""",Whiskey,1,2999,n,n,SKREBALL,,,n,2,1,0,n,,"=""100""",,,,,,n,,,,,,,
"=""860265002450""",Whiskey,1,1699,n,n,"SKREWBALL WSKY PEANUT BUTTER 70 375ML","375 ML",,n,1,1,1075,n,,"=""100""",,,,,,n,,,,,,,
"=""860272001408""","Ready-to-Drink (RTD)",1,399,n,n,"LONG DRINK CKTL TRAD 11 CAN 2/12PK 355ML",,,n,1,1,2010,n,,"=""100""",,,,,,n,,,,,,,
"=""860272001422""","Ready-to-Drink (RTD)",1,399,n,n,"LONG DRINK CKTL ZERO 10 CAN 2/12PK 355ML",12oz,,n,1,1,2010,n,,"=""99""",,,,,,n,,,,,,,
"=""860272001439""",CHOCOLATE,1,1699,n,n,"LONG DRINK CKTL  CITRUSE ZERO SUGAR 10 CAN 4/6K 355ML","6 pack cans",,n,6,1,1050,n,,"=""1""",,,,,,n,,,,,,,
"=""860272001446""","Ready-to-Drink (RTD)",1,1599,n,n,"LONG DRINK CKTL TRAD 11 CAN 4/6PK 355ML","6 pack cans",,n,6,1,1012,n,,"=""6""",,,,,,n,,,,,,,
"=""860272001453""","Ready-to-Drink (RTD)",1,399,n,n,"LONG DRINK CRANBERRY",,,n,1,0,0,n,,"=""100""",,,,,,n,,,,,,,
"=""860272001460""","Ready-to-Drink (RTD)",1,399,n,n,"LONG DRINK CITRUS",12oz,,n,1,0,0,n,,"=""100""",,,,,,n,,,,,,,
"=""860272001477""","Ready-to-Drink (RTD)",1,1899,n,n,"The Finnish Long Drink citurs 8.5%alc Cans (12 oz x 6 ct)","6 PK 12 OZ",,n,6,1,1187,n,,"=""100""",,,,,,n,,,,,,,
"=""860272001484""","Ready-to-Drink (RTD)",1,1699,n,n,"LONG DRINK CKTL CRANBRY 10 CAN4/6P 355ML",,,n,6,1,1030,n,,"=""18""",,,,,,n,,,,,,,
"=""860275001801""",Kombucha,1,599,n,n,"JuneShine Blood Orange Mint Cans (12 oz x 6x ct)",,,n,1,1,0,n,,"=""100""",,,,,,n,,,,,,,
"=""860275001825""","IPA Beer",1,2499,n,n,"june shine 8 pk","8 pk 12 oz",,n,8,1,1270,n,,"=""100""",,,,,,n,,,,,,,
"=""860275001832""",Kombucha,1,546,n,n,"JSH MIDNIT 12/1 16OZ CAN",,,n,1,1,355,n,,"=""100""",,,,,,n,,,,,,,
"=""860275001849""",Kombucha,1,1798,n,n,"JSH BLDORG 4/6 12OZ CAN",,,n,1,1,1169,n,,"=""100""",,,,,,n,,,,,,,
"=""860439001005""",Soda,1,299,n,n,"OLIPOP VINTAGE COLA","12 OZ",,n,1,1,172,n,,"=""100""",,,,,,n,,,,,,,
"=""860439001012""",Soda,1,299,n,n,"OLIPOP STRAWBERRY VANILLA","12 OZ",,n,1,1,0,n,,"=""100""",,,,,,n,,,,,,,
"=""860439001029""",Soda,1,299,n,n,"OLIPOP GINGER LEMON","12 OZ",,n,1,1,172,n,,"=""100""",,,,,,n,,,,,,,
"=""860439001067""","Drinks & Mixers",1,299,n,n,"Olipop Sparkling Tonic Classic Root Beer Can (12 oz)",,,n,1,1,172,n,,"=""100""",,,,,,n,,,,,,,
"=""860439001081""",Soda,1,299,n,n,"OLIPOP ORANGE SQUEEZE","12 OZ",,n,1,1,172,n,,"=""100""",,,,,,n,,,,,,,
"=""860790002611""",BEER,1,1699,n,n,"Juice preaa hazy",,,n,4,0,0,n,,"=""100""",,,,,,n,,,,,,,
"=""861129000346""","Craft / Local Beer",1,1575,n,n,"MWE SHOLIV 6/4 16OZ CAN",,,n,1,1,1024,n,,"=""100""",,,,,,n,,,,,,,
"=""861602000412""",GIN,1,4199,n,n,"GRAY WHALE GIN",750ml,,n,2,1,2512,n,,"=""100""",,,,,,n,,,,,,,
"=""862578210126""",ACCESSORIES,1,1299,n,n,"LUCKY GUY",,,n,1,0,0,n,,"=""100""",,,,,,n,,,,,,,
"=""863415000023""",Tequila,1,3499,n,n,"El Silencio Mezcal Espadin (750 ml)",750ml,,n,1,1,0,n,,"=""100""",,,,,,n,,,,,,,
"=""863737000121""","Protein & Hydration",1,199,n,n,"LIQUID I.V. HYDRATION PACKETS LEMON LIME","0.56 OZ`",,n,1,0,0,n,,"=""100""",,,,,,n,,,,,,,
"=""863748000103""",Vodka,1,999,n,n,"Earth 750ml","750 ml",,n,2,1,700,n,,"=""180""",,,,,,n,,,,,,,
"=""864515000449""","Energy Drinks",1,599,n,n,"MORNING RECOVERY","100 ML",,n,1,1,0,n,,"=""100""",,,,,,n,,,,,,,
"=""864515000494""","Energy Drinks",1,599,n,n,"MORNING RECOVERY SUGAR FREE",100ML,,n,1,1,0,n,,"=""100""",,,,,,n,,,,,,,
"=""865068000108""",Water,1,299,n,n,"Alka nix 1 lt","1 LITER",,n,1,1,79,n,,"=""100""",,,,,,n,,,,,,,
"=""865068000115""",Water,1,399,n,n,Alkanix,"1.5 ML",,n,2,1,92,n,,"=""100""",,,,,,n,,,,,,,
"=""865674000165""",Whiskey,1,4999,n,n,"RABBIT HOLE CAVHIU BOURBON WHISKEY","750 ML",,n,1,1,0,n,,"=""100""",,,,,,n,,,,,,,
"=""865776000070""","Wine General",1,2399,n,n,"Elouan Pinot Noir (750 ml)","=""750""",,n,1,1,0,n,,"=""100""",,,,,,n,,,,,,,
"=""865891000153""","Drinks & Mixers",1,395,n,n,"Kitu Super Coffee Mocha Bottle (12 oz)","=""1""",,n,1,1,0,n,,"=""100""",,,,,,n,,,,,,,
"=""867503000407""","Health & Wellness",1,599,n,n,"VYBES PEACH GINGER 14 OZ","14 OZ",,n,1,1,308,n,,"=""100""",,,,,,n,,,,,,,
"=""867503000414""","Health & Wellness",1,799,n,n,VYBES,"14 oz",,n,1,1,0,n,,"=""100""",,,,,,n,,,,,,,
"=""867503000421""","Health & Wellness",1,599,n,n,"VYBES STRAWBERRY LAVENDER 14 OZ","14 OZ",,n,1,1,308,n,,"=""100""",,,,,,n,,,,,,,
"=""867506000428""","Red Wine",1,2799,n,n,"HARVEY AND HARET RED BLEND 750 ml",,,n,1,1,0,n,,"=""5""",,,,,,n,,,,,,,
"=""867530901135""","IPA Beer",1,2199,n,n,"DREKKER 16OZ 4PK CN ECT",,,n,4,1,1364,n,,"=""100""",,,,,,n,,,,,,,
"=""867530912834""","Sour Beer",1,2999,n,n,"DREKKER PARTY PACK","8*12 OZ",,n,6,1,1925,n,,"=""100""",,,,,,n,,,,,,,
"=""867530913060""","Sour Beer",1,1999,n,n,"BRUNCH BUBBZ","4*12 OZ",,n,4,1,1152,n,,"=""100""",,,,,,n,,,,,,,
"=""867530913091""","Sour Beer",1,599,n,n,"DREKKER BRUNSH BUBBS MIMOSAS SOUR","12 OZ",,n,1,1,288,n,,"=""100""",,,,,,n,,,,,,,
"=""867530914111""","Sour Beer",1,599,n,n,"DREKKER STRAWBERRY LEMONADE","12 OZ",,n,1,1,120,n,,"=""100""",,,,,,n,,,,,,,
"=""867530914555""","Sour Beer",1,599,n,n,"DREKKER BLUE RAZZ","12 OZ",,n,1,1,321,n,,"=""100""",,,,,,n,,,,,,,
"=""867530914593""","Sour Beer",1,599,n,n,"DREKKERS PASSION FRUIT, ORANGE AND GUAVA","12 OZ",,n,1,1,321,n,,"=""100""",,,,,,n,,,,,,,
"=""867530921805""","Sour Beer",1,2299,n,n,"DEKKER PLOP 4 PK","4 PK 12 OZ",,n,4,1,1400,n,,"=""100""",,,,,,n,,,,,,,
"=""867530924417""","Sour Beer",1,599,n,n,"DREKKER LEGEND OF THE LOST","12 OZ",,n,1,1,350,n,,"=""100""",,,,,,n,,,,,,,
"=""867530953523""","Sour Beer",1,1999,n,n,"DREKKER 4 PK PASSION FRUIT",4*12OZ,,n,4,1,1161,n,,"=""100""",,,,,,n,,,,,,,
"=""867530954674""","Sour Beer",1,2499,n,n,"DREKKER 4 PK 16 OZ STUFF IPA","4 PK 12 OZ",,n,4,1,1600,n,,"=""100""",,,,,,n,,,,,,,
"=""868654261365""",Gummy,1,399,n,n,"ROYAL SNACKS",,,n,1,1,0,n,,"=""100""",,,,,,n,,,,,,,
"=""869657000029""",Gum,1,499,n,n,"NEURO GUM PEPPERMINT",,,n,1,1,200,n,,"=""100""",,,,,,n,,,,,,,
"=""869657000050""",Gum,1,499,n,n,"NEURO GUM CINNAMON",,,n,1,1,250,n,,"=""100""",,,,,,n,,,,,,,
"=""869671000371""",Spiked,1,999,n,n,"Rancho La Gloria Margarita De Agave (750 ml)",,,n,1,1,0,n,,"=""100""",,,,,,n,,,,,,,
"=""869920000077""",BEER,1,499,y,n,"SNAKE EYE",,,n,1,1,0,n,,"=""100""",,,,,,n,,,,,,,
"=""870661008024""","White Wine",1,1799,n,n,"OYSTER BAY  SAUVIGNON BLANC 750 ML","750.00 ML",,n,2,1,1084,n,,"=""100""",,,,,,n,,,,,,,
"=""870661008093""","Wine General",1,2199,n,n,"Oyster Bay Pinot Noir (750 ml)","750.00 ML",,n,1,1,1304,n,,"=""100""",,,,,,n,,,,,,,
"=""870661008161""","White Wine",1,1799,n,n,"OYSTER BAY PINOT GRIS 750 ML","750 ML",,n,2,1,1084,n,,"=""100""",,,,,,n,,,,,,,
"=""870731000033""","Wine Cabernet Sauvignon",1,2799,n,n,"NAPA CELLARS CABERNET SAUVIGNON","750.00 ML",,n,1,1,0,n,,"=""100""",,,,,,n,,,,,,,
"=""871170013783""",ACCESSORIES,1,299,n,n,"DENTAL FLOSS","50 CT",,n,1,1,92,n,,"=""100""",,,,,,n,,,,,,,
"=""871170031893""",ACCESSORIES,1,399,n,n,"BIRTHDAY CANDLE",,,n,1,0,0,n,,"=""100""",,,,,,n,,,,,,,
"=""871170058067""",ACCESSORIES,1,999,n,n,"FAST CHARGER  TYPE C TO USB","1 ML",,n,1,1,139,n,,"=""100""",,,,,,n,,,,,,,
"=""872181000069""","Hanging Snacks",1,599,n,n,"Flipz:Milk Chocolate Covered Pretzels","5.00 OZ",,n,1,1,316,n,,"=""100""",,,,,,n,,,,,,,
"=""872181000540""","Hanging Snacks",1,599,n,n,"Flipz:White Fudge Covered Pretzels","5.00 OZ",,n,1,1,316,n,,"=""100""",,,,,,n,,,,,,,
"=""872181004067""","Hanging Snacks",1,599,n,n,"Pretzel Flipz:Dark Chocolate Covered Pretzels","4.00 OZ",,n,1,1,316,n,,"=""100""",,,,,,n,,,,,,,
"=""872181005040""",CHOCOLATE,1,399,n,n,"TURTLES KING SHARE 2.3 OZ","2.3 OZ",,n,1,1,0,n,,"=""100""",,,,,,n,,,,,,,
"=""873594003050""",ACCESSORIES,1,249,n,n,"SATYA ATTRACT MONEY",,,n,1,1,0,n,,"=""100""",,,,,,n,,,,,,,
"=""873594003074""",ACCESSORIES,1,249,n,n,"INCENSE DRAGON MAGIK",,,n,1,1,0,n,,"=""100""",,,,,,n,,,,,,,
"=""873594003098""",ACCESSORIES,1,249,n,n,"SATYA EGYPTIAN MUSK 10PK",,,n,1,1,0,n,,"=""100""",,,,,,n,,,,,,,
"=""873983000011""",Gummy,1,249,n,n,"HI_CHEW GRAPE 1.76 oz","1.76 oz",,n,1,1,110,n,,"=""100""",,,,,,n,,,,,,,
"=""873983000028""",Gummy,1,249,n,n,"HI CHEW STRAWBERRY 1.76 OZ","1.76 OZ",,n,1,1,110,n,,"=""99""",,,,,,n,,,,,,,
"=""873983000035""",Gummy,1,249,n,n,"HI_CHEW GREEN APPLE 1.76 OZ","1.76 OZ",,n,1,1,110,n,,"=""97""",,,,,,n,,,,,,,
"=""873983000059""",Gummy,1,249,n,n,"HI CHEW MANGO 1.76 oz","1.76 oz",,n,1,1,110,n,,"=""100""",,,,,,n,,,,,,,
"=""873983005047""",Gummy,1,399,n,n,"HI-CHEW ORIGINAL MIX","3.53 Oz",,n,1,1,182,n,,"=""100""",,,,,,n,,,,,,,
"=""873983005054""",Gummy,1,399,n,n,"HI CHEW FRUIT MANGO","3.53 Oz",,n,1,1,182,n,,"=""100""",,,,,,n,,,,,,,
"=""874390001035""","Wine General",1,1899,n,n,"Antigal Uno:Malbec","750.00 ML",,n,2,1,1189,n,,"=""11""",,,,,,n,,,,,,,
"=""874390001295""","Wine General",1,2137,n,n,"ANTIGAL UNO MALBEC(SC)22 SS 750ML",,,n,1,1,1389,n,,"=""100""",,,,,,n,,,,,,,
"=""874507003792""",ACCESSORIES,1,299,n,n,"Plastic cups",25ct,,n,1,1,0,n,,"=""100""",,,,,,n,,,,,,,
"=""874507007486""",ACCESSORIES,1,299,n,n,"COOL PARTY CUBS","16 pc",,n,1,1,0,n,,"=""100""",,,,,,n,,,,,,,
"=""874507007585""",ACCESSORIES,1,299,n,n,"Plastic Cups 16 oz 16pz","=""0""",,n,1,1,79,n,,"=""100""",,,,,,n,,,,,,,
"=""874507007592""",ACCESSORIES,1,399,n,n,Cups,,,n,1,1,0,n,,"=""100""",,,,,,n,,,,,,,
"=""874507007608""",ACCESSORIES,1,399,n,n,"Plastic cup",,,n,1,1,0,n,,"=""100""",,,,,,n,,,,,,,
"=""876063002806""","Protein & Hydration",1,534,n,n,"Muscle Milk 40 Knockout Chocolate","14 oz",,n,1,1,285,n,,"=""100""",,,,,,n,,,,,,,
"=""876063002813""",Milk,1,534,n,n,"Muscle Milk Mega Protein Shake Vanilla","14 Oz",,n,1,1,285,n,,"=""8""",,,,,,n,,,,,,,
"=""876063007160""","Protein & Hydration",1,534,n,n,"Muscle Milk Pro 14oz","14 OZ",,n,1,1,285,n,,"=""100""",,,,,,n,,,,,,,
"=""876718001789""",ACCESSORIES,1,1999,n,n,"COCKTAIL SHAKER",,,n,1,0,0,n,,"=""100""",,,,,,n,,,,,,,
"=""876742000215""",CIGARS,1,1699,n,n,Deadwood,"=""2""",,n,1,1,902,n,,"=""100""",,,,,,n,,,,,,,
"=""876742001137""",CIGARS,1,1099,n,n,"CAO Flathead","=""2""",,n,1,1,590,n,,"=""100""",,,,,,n,,,,,,,
"=""876742001144""",CIGARS,1,1799,n,n,Acid,"=""2""",,n,1,1,954,n,,"=""100""",,,,,,n,,,,,,,
"=""876742004176""",CIGARS,1,1699,n,n,UnderCrown,"=""2""",,n,1,1,902,n,,"=""100""",,,,,,n,,,,,,,
"=""876742005098""",CIGARS,1,1599,n,n,Deadwood,"=""2""",,n,1,1,866,n,,"=""100""",,,,,,n,,,,,,,
"=""876987000018""","Red Wine",1,2999,n,n,"CLOS DE LOS SIETE 750ML","750 ml",,n,1,1,1339,n,,"=""12""",,,,,,n,,,,,,,
"=""877397006867""","Red Wine",1,1999,n,n,BELLERUCHE,"750 ml",,n,1,1,0,n,,"=""100""",,,,,,n,,,,,,,
"=""878631000498""","Snacks & Condiments",1,99,n,n,"ARACHI JAPANESE PEANUTS HOT 1.76OZ","1.76 oz",,n,1,1,26,n,,"=""50""",,,,,,n,,,,,,,
"=""878631000924""","Hanging Snacks",1,199,n,n,"MEXICAN MIX SNACK",160g,,n,1,1,0,n,,"=""100""",,,,,,n,,,,,,,
"=""878631003260""",Grocery,1,100,n,n,"ARACHI JAPANESE PEANUTS NATURAL 1.76OZ",,,n,1,1,26,n,,"=""50""",,,,,,n,,,,,,,
"=""878631008128""","Hanging Snacks",1,399,n,n,"JAPANESE PEANUTS",160g,,n,1,0,0,n,,"=""100""",,,,,,n,,,,,,,
"=""878971000004""",ACCESSORIES,1,599,n,n,"GORILA HAIR GEL","9 Oz",,n,1,1,0,n,,"=""100""",,,,,,n,,,,,,,
"=""878971000011""",ACCESSORIES,1,599,n,n,"GORILA HAIR GEL","340 g",,n,1,1,0,n,,"=""100""",,,,,,n,,,,,,,
"=""878971000028""",ACCESSORIES,1,599,n,n,"GORILA HAIR GEL","340 g",,n,1,1,0,n,,"=""100""",,,,,,n,,,,,,,
"=""879716000013""","Wine General",1,1299,n,n,"Domaine Jean Bousquet:Malbec","750.00 ML",,n,2,1,750,n,,"=""100""",,,,,,n,,,,,,,
"=""879716000037""","Wine General",1,1299,n,n,"BASQUET CABERNET SAUVIGNON","750 ML",,n,2,1,750,n,,"=""100""",,,,,,n,,,,,,,
"=""879790004020""",CIGARS,1,1499,n,n,Gurkha,"=""2""",,n,1,1,800,n,,"=""100""",,,,,,n,,,,,,,
"=""879790004297""",CIGARS,1,1499,n,n,"Monte Cristo",,,n,1,1,800,n,,"=""100""",,,,,,n,,,,,,,
"=""879790004471""",CIGARS,1,1499,n,n,Gurkha,"=""2""",,n,1,1,800,n,,"=""100""",,,,,,n,,,,,,,
"=""879790006475""",CIGARS,1,1499,n,n,"Gurkha Cellar Reserve","1.00 ST",,n,1,1,800,n,,"=""100""",,,,,,n,,,,,,,
"=""879790006819""",CIGARS,1,1899,n,n,"Aging Room","=""1""",,n,1,1,1020,n,,"=""100""",,,,,,n,,,,,,,
"=""879790009513""",CIGARS,1,1899,n,n,"Gurkha Reserve",EACH,,n,1,1,1020,n,,"=""100""",,,,,,n,,,,,,,
"=""883484717844""",ACCESSORIES,1,399,n,n,"Sure:Original Solid Regular Scent","1.70 OZ",,n,1,1,0,n,,"=""100""",,,,,,n,,,,,,,
"=""883990101205""",Juice,1,499,n,n,"GOOD GROW RASPBERRY LEAMONADE","10 OZ",,n,1,1,0,n,,"=""100""",,,,,,n,,,,,,,
"=""884394007285""",Juice,1,245,n,n,"Farmer's Aloe Vera Drink","16.9 oz",,n,1,1,100,n,,"=""100""",,,,,,n,,,,,,,
"=""884394007339""",Juice,1,249,n,n,"OKF Farmer's Aloe Vera Mango Drink","16.9 oz",,n,1,1,100,n,,"=""5""",,,,,,n,,,,,,,
"=""884394007353""","Drinks & Mixers",1,244,n,n,"OKF Farmers Aloe Drink Pomegranate Bottle (16.9 oz)","16.9 oz",,n,1,1,0,n,,"=""100""",,,,,,n,,,,,,,
"=""887341007093""",Liqueur,1,1299,n,n,"CAMPARI NEGRONI","375 ml",,n,1,1,839,n,,"=""100""",,,,,,n,,,,,,,
"=""887341340060""",Liqueur,1,2299,n,n,APEROL,375ml,,n,1,1,1189,n,,"=""100""",,,,,,n,,,,,,,
"=""887341340091""",Liqueur,1,2299,n,n,"APEROL SPRITZ","750 ml",,n,1,1,1420,n,,"=""100""",,,,,,n,,,,,,,
"=""887725000009""",Electrolytes,1,394,n,n,"Electrolito grape","21 oz",,n,1,1,212,n,,"=""100""",,,,,,n,,,,,,,
"=""887725000030""",Electrolytes,1,394,n,n,"ELECTROLIT STAWBERRY",21OZ,,n,1,1,212,n,,"=""100""",,,,,,n,,,,,,,
"=""887725000047""",Electrolytes,1,394,n,n,"Electrolit Electrolyte Hydration & Recovery Coconut Bottle (16 oz)","=""1""",,n,1,1,180,n,,"=""100""",,,,,,n,,,,,,,
"=""887725000054""",Electrolytes,1,394,n,n,"Electrolit Electrolyte Beverage Orange Bottle (21 oz)",,,n,1,1,180,n,,"=""15""",,,,,,n,,,,,,,
"=""887725000061""",Electrolytes,1,445,n,n,"Electrolit Lemon Lime",21oz,,n,1,1,221,n,,"=""100""",,,,,,n,,,,,,,
"=""887725000252""",Electrolytes,1,394,n,n,"Electrolit STRAWBERRY KIWI","21 OZ",,n,1,1,180,n,,"=""100""",,,,,,n,,,,,,,
"=""887725000412""",Electrolytes,1,445,n,n,"Electrolit Jamaica",,,n,1,1,221,n,,"=""100""",,,,,,n,,,,,,,
"=""887725000429""",Electrolytes,1,394,n,n,"ELECTROLIT  PASSION FRUIT","21 OZ",,n,1,1,212,n,,"=""100""",,,,,,n,,,,,,,
"=""887725000436""",Electrolytes,1,394,n,n,"ELECTROLIT BERRY BLISS","21 OZ",,n,1,1,180,n,,"=""4""",,,,,,n,,,,,,,
"=""887725000450""",Electrolytes,1,394,n,n,"ELECTROLIT FRUIT PUNCH","21 OZ",,n,1,1,212,n,,"=""100""",,,,,,n,,,,,,,
"=""887725000702""","Drinks & Mixers",1,394,n,n,"Electrolit Electrolyte Hydration & Recovery Pina Bottle (625 ml)",,,n,1,1,180,n,,"=""99""",,,,,,n,,,,,,,
"=""887725000979""",Electrolytes,1,445,n,n,"Electrolit Cucumber Lime","21 OZ",,n,1,1,221,n,,"=""100""",,,,,,n,,,,,,,
"=""887725001280""",Electrolytes,1,394,n,n,"ELECTROLIT BLUE RASPBERRY ZERO","21 OZ",,n,1,1,180,n,,"=""98""",,,,,,n,,,,,,,
"=""887725001297""",Electrolytes,1,394,n,n,"ELECTOLITE STRAWBERRY BANANA","21 OZ",,n,1,1,180,n,,"=""100""",,,,,,n,,,,,,,
"=""887725001303""",Electrolytes,1,394,n,n,"ELECTROLIT BLUE RASPBERRY","21 OZ",,n,1,1,180,n,,"=""5""",,,,,,n,,,,,,,
"=""887725001365""",Electrolytes,1,445,n,n,"Electrolit Mango","21 OZ",,n,1,1,221,n,,"=""100""",,,,,,n,,,,,,,
"=""887725001778""",Electrolytes,1,399,n,n,"elEctolite green apple",,,n,1,1,212,n,,"=""100""",,,,,,n,,,,,,,
"=""887725001808""",Electrolytes,1,394,n,n,"ELECTROLIT WATERMELON LIME","21 OZ",,n,1,1,212,n,,"=""100""",,,,,,n,,,,,,,
"=""887725001815""",Electrolytes,1,395,n,n,"ELECTROLIT PINK GARPEFRUIT","21 OZ",,n,1,1,212,n,,"=""100""",,,,,,n,,,,,,,
"=""887725002416""",Electrolytes,1,394,n,n,"ELECTROLIT BEVERAGE","21 oz",,n,1,1,180,n,,"=""100""",,,,,,n,,,,,,,
"=""887969011786""",Pouches,1,999,n,n,"Zone 9 mg Tobacco 9 mg","9 mg",,n,1,0,0,n,,"=""100""",,,,,,n,,,,,,,
"=""887969011960""",Pouches,1,999,n,n,"Zone 9 mg Smooth","9 mg",,n,1,0,0,n,,"=""100""",,,,,,n,,,,,,,
"=""887969012226""",Pouches,1,999,n,n,"Zone #6",,,n,1,0,0,n,,"=""100""",,,,,,n,,,,,,,
"=""887969012264""",Pouches,1,999,n,n,"Zone 6 mg Tobacco 6 mg","9 mg",,n,1,0,0,n,,"=""100""",,,,,,n,,,,,,,
"=""888109010010""",Grocery,1,399,n,n,"HOSTES CUPCAKES","3.17 OZ",,n,1,1,0,n,,"=""100""",,,,,,n,,,,,,,
"=""888109010027""",Grocery,1,399,n,n,"HOSTES DING DONG 2.55 OZ","2.55 OZ",,n,1,1,0,n,,"=""100""",,,,,,n,,,,,,,
"=""888109010041""","Snacks & Condiments",1,299,n,n,"Hostess Coffee Cakes (3 oz)","2.89 OZ",,n,1,1,0,n,,"=""100""",,,,,,n,,,,,,,
"=""888109010058""",Grocery,1,399,n,n,"HOSTESS ZINGERS CHOCO","3.81 OZ",,n,1,1,0,n,,"=""100""",,,,,,n,,,,,,,
"=""888109010089""",Grocery,1,399,n,n,"HOSTES RASBERRYT ZINGERS","4.02 OZ",,n,1,1,149,n,,"=""100""",,,,,,n,,,,,,,
"=""888109010102""",Grocery,1,299,n,n,"HOSTESS TWINKIES","2.70 OZ",,n,1,1,150,n,,"=""100""",,,,,,n,,,,,,,
"=""888109010119""",Gummy,1,399,n,n,"HOSTES ICED VANILLA 3 CAKES","3.81 OZ",,n,1,1,150,n,,"=""100""",,,,,,n,,,,,,,
"=""888109010171""",Grocery,1,199,n,n,"Hostess Honey Bun Jumbo Glazed (4.75 oz)","4.75 OZ",,n,1,1,0,n,,"=""100""",,,,,,n,,,,,,,
"=""888109012168""",Grocery,1,299,n,n,"jumbo donettes 2 donuts4 OZ","4 OZ",,n,1,1,0,n,,"=""100""",,,,,,n,,,,,,,
"=""888109050023""",Grocery,1,399,n,n,"HOSTESS DONETTS FROSTED 3 OZ","3 OZ",,n,1,1,150,n,,"=""100""",,,,,,n,,,,,,,
"=""888109050030""",Grocery,1,399,n,n,"HOSTESS FROSTED DONT","3 OZ",,n,1,1,150,n,,"=""100""",,,,,,n,,,,,,,
"=""888109050047""",Grocery,1,399,n,n,"DONUT POWDER 3 OZ","3 OZ",,n,1,1,150,n,,"=""100""",,,,,,n,,,,,,,
"=""888109050054""",Grocery,1,399,n,n,"HOSTESS CRUNCH","4.00 OZ",,n,1,1,149,n,,"=""99""",,,,,,n,,,,,,,
"=""888109050061""",Grocery,1,399,n,n,"HOSTESS DONETTES 3.7 OZ","3.7 OZ",,n,1,1,150,n,,"=""100""",,,,,,n,,,,,,,
"=""888109060015""",Grocery,1,399,n,n,"FRUIT PIE","4.50 OZ",,n,1,1,150,n,,"=""100""",,,,,,n,,,,,,,
"=""888109250171""",Grocery,1,399,n,n,"HOSTESS ZINGERS CH",,,n,1,1,0,n,,"=""100""",,,,,,n,,,,,,,
"=""888109253097""",Grocery,1,399,n,n,"HOSTESS HONEY BUN 4 OZ","4 OZ",,n,1,1,0,n,,"=""100""",,,,,,n,,,,,,,
"=""888109253134""",Grocery,1,299,n,n,"HOSTESS HONEY BUN ICED 4 OZ","4 OZ",,n,1,1,150,n,,"=""100""",,,,,,n,,,,,,,
"=""888109253691""",Grocery,1,349,n,n,"HOSTESS MEGA MUFFIN D CHOCOLATE",,,n,1,1,166,n,,"=""100""",,,,,,n,,,,,,,
"=""888109253738""",Grocery,1,399,n,n,"HOSTESS MEGA MUFFIN",,,n,1,0,0,n,,"=""100""",,,,,,n,,,,,,,
"=""888109253790""",Grocery,1,349,n,n,"HOSTESS MEGA MUFFIN BANANA",,,n,1,1,166,n,,"=""100""",,,,,,n,,,,,,,
"=""888109257651""",Grocery,1,299,n,n,"HOSTRS CHOCOLATE TWINKIES",,,n,1,1,133,n,,"=""100""",,,,,,n,,,,,,,
"=""888849000005""","Protein Bars",1,399,n,n,"QUEST BAR COOKIES&CR","2.12 oz",,n,1,1,0,n,,"=""100""",,,,,,n,,,,,,,
"=""888849000012""","Protein Bars",1,499,n,n,"QUEST BAR COOKIE D","2.12 oz",,n,1,1,0,n,,"=""100""",,,,,,n,,,,,,,
"=""888849000210""","Protein Bars",1,399,n,n,"QUEST BAR WHITE CHOCOLATE","2.12 oz",,n,1,1,0,n,,"=""100""",,,,,,n,,,,,,,
"=""888849000418""","Protein Bars",1,441,n,n,"Questbar Chocolate","2.12  oz",,n,1,1,233,n,,"=""100""",,,,,,n,,,,,,,
"=""888849004621""","Protein Bars",1,399,n,n,"QUEST BAR OAT CH CHP",,,n,1,1,0,n,,"=""100""",,,,,,n,,,,,,,
"=""888849005956""","Protein Bars",1,399,n,n,"QUEST BAR BDAY CAKE","2.12 oz",,n,1,1,0,n,,"=""100""",,,,,,n,,,,,,,
"=""888849006632""","Chips - Other",1,399,n,n,"Quest Protein chips Nacho Cheese","1.1 oz",,n,1,8,1765,n,,"=""100""",,,,,,n,,,,,,,
"=""888849006649""","Chips - Frito-Lay",1,499,n,n,Quest,,,n,1,0,0,n,,"=""100""",,,,,,n,,,,,,,
"=""888849006656""","Chips - Other",1,399,n,n,"QUEST PROTIEN CHIPS",,,n,1,8,1765,n,,"=""100""",,,,,,n,,,,,,,
"=""889392000313""","Energy Drinks",1,319,n,n,"CELSIUS ORANGE","12 OZ",,n,1,1,141,n,,"=""98""",,,,,,n,,,,,,,
"=""889392000320""","Energy Drinks",1,319,n,n,"CELSIUS WILD BERRY","12 0Z",,n,1,1,141,n,,"=""100""",,,,,,n,,,,,,,
"=""889392000597""","Energy Drinks",1,319,n,n,"CELSIUS FANTASY VIBE","12 OZ",,n,1,1,141,n,,"=""100""",,,,,,n,,,,,,,
"=""889392000863""","Energy Drinks",1,319,n,n,"CELSIUS GREEN APPLE CHERRY","12 OZ",,n,1,1,141,n,,"=""100""",,,,,,n,,,,,,,
"=""889392000900""","Energy Drinks",1,319,n,n,"CELSIUS OASIS VIBE","12 OZ",,n,1,1,141,n,,"=""100""",,,,,,n,,,,,,,
"=""889392000917""","Energy Drinks",1,319,n,n,"CELSIUS GRAPE RUSH","12 OZ",,n,1,1,141,n,,"=""100""",,,,,,n,,,,,,,
"=""889392001204""","Energy Drinks",1,319,n,n,Celisus,,,n,1,1,0,n,,"=""3""",,,,,,n,,,,,,,
"=""889392001242""","Energy Drinks",1,199,n,n,"CELSIUS SMALL PACK",,,n,1,1,100,n,,"=""100""",,,,,,n,,,,,,,
"=""889392001303""","Energy Drinks",1,319,n,n,"CELSIUS WATERMELON 12OZ","12 OZ",,n,1,1,0,n,,"=""100""",,,,,,n,,,,,,,
"=""889392001327""","Energy Drinks",1,319,n,n,"CELSIUS GALAXY VIBE","12 OZ",,n,1,1,141,n,,"=""100""",,,,,,n,,,,,,,
"=""889392001341""","Energy Drinks",1,319,n,n,"CELSIUS ARSTO VIBE","12 OZ",,n,1,1,141,n,,"=""100""",,,,,,n,,,,,,,
"=""889392001396""","Energy Drinks",1,319,n,n,"CELSIUS BLUE RAZZ LEMONADE","12 OZ",,n,1,1,141,n,,"=""100""",,,,,,n,,,,,,,
"=""889392001549""","Energy Drinks",1,319,n,n,"CELSIUS KIWI STRAWBERRY",,,n,1,1,141,n,,"=""100""",,,,,,n,,,,,,,
"=""889392001563""","Energy Drinks",1,319,n,n,"CELSIUS WATERMELON LEMONADE","12 OZ",,n,1,1,141,n,,"=""100""",,,,,,n,,,,,,,
"=""889392001709""","Energy Drinks",1,319,n,n,"CELSIUS CHERRY COLA","12 OZ",,n,1,1,141,n,,"=""100""",,,,,,n,,,,,,,
"=""889392001723""","Energy Drinks",1,319,n,n,"CELCIUS RETRO VIBE","12 OZ",,n,1,1,141,n,,"=""100""",,,,,,n,,,,,,,
"=""889392001747""","Energy Drinks",1,319,n,n,"CELCIUS PLAYA VIBE","12 OZ",,n,1,1,141,n,,"=""99""",,,,,,n,,,,,,,
"=""889392001761""","Energy Drinks",1,319,n,n,"CELSIUS ORANGE","12 OZ",,n,1,1,141,n,,"=""100""",,,,,,n,,,,,,,
"=""889392001785""","Energy Drinks",1,319,n,n,"CELCIUS MANGO LEMONADE","12 OZ",,n,1,1,141,n,,"=""100""",,,,,,n,,,,,,,
"=""889392002355""","Energy Drinks",1,319,n,n,"Celsius pink lemonade","12 oz",,n,1,1,142,n,,"=""98""",,,,,,n,,,,,,,
"=""889392002379""","Energy Drinks",1,319,n,n,"CELSIUS DRAGON FRUIT LIME","12 OZ",,n,1,1,141,n,,"=""100""",,,,,,n,,,,,,,
"=""889392002393""","Energy Drinks",1,319,n,n,"CELSIUS SPRITZ VIBE","12 OZ",,n,1,1,142,n,,"=""100""",,,,,,n,,,,,,,
"=""889392003628""","Energy Drinks",1,319,n,n,"CELSIUS WATERMELON","12 OZ",,n,1,1,141,n,,"=""100""",,,,,,n,,,,,,,
"=""889392010015""","Energy Drinks",1,319,n,n,"CELSIUS PEACH MANGO","12 OZ",,n,1,1,141,n,,"=""99""",,,,,,n,,,,,,,
"=""889392010145""","Energy Drinks",1,319,n,n,"CELSIUS KIWI GUAVA","12 OZ",,n,1,1,141,n,,"=""100""",,,,,,n,,,,,,,
"=""889392010176""","Energy Drinks",1,319,n,n,"CELSIUS APPLE PEAR 12OZ","12 OZ",,n,1,1,141,n,,"=""100""",,,,,,n,,,,,,,
"=""889392010190""","Energy Drinks",1,319,n,n,"CELSIUS PEACH VIDE","12 OZ",,n,1,1,141,n,,"=""99""",,,,,,n,,,,,,,
"=""889392021394""","Energy Drinks",1,319,n,n,"CELSIUS TROPICAL VIBE","12 OZ",,n,1,1,141,n,,"=""98""",,,,,,n,,,,,,,
"=""889392021417""","Energy Drinks",1,319,n,n,"CELSIUS ARCTIC VIBE","12 OZ",,n,1,1,142,n,,"=""100""",,,,,,n,,,,,,,
"=""889392021431""","Energy Drinks",1,319,n,n,"CELSIUS MANGO PASSIONFRUIT","12 OZ",,n,1,1,141,n,,"=""100""",,,,,,n,,,,,,,
"=""889392080049""","Energy Drinks",1,199,n,n,"CELSIUS BERRY","0.18 OZ",,n,1,0,0,n,,"=""100""",,,,,,n,,,,,,,
"=""889392080759""","Protein & Hydration",1,199,n,n,"CELSIUS ENERGY PACK DRAGON FRUIT LIME","0.19 OZ",,n,1,0,0,n,,"=""100""",,,,,,n,,,,,,,
"=""890095000067""","White Wine",1,2399,n,n,"STOLPMAN SAUVIGNON BLANC",,,n,1,1,0,n,,"=""100""",,,,,,n,,,,,,,
"=""890095000159""","Wine Cabernet Sauvignon",1,2699,n,n,"LOVE YOU BUNCHES",,,n,1,0,0,n,,"=""4""",,,,,,n,,,,,,,
"=""890095000883""","Red Wine",1,2699,n,n,"LA CUADEILLA","750 MM",,n,2,1,0,n,,"=""9""",,,,,,n,,,,,,,
"=""890202308383""","General Merchandise",1,399,n,n,BINOCULAR,,,n,1,0,0,n,,"=""100""",,,,,,n,,,,,,,
"=""890355001025""",Rum,1,2799,n,n,"Rum Chata Horchata con Ron",750ml,,n,2,1,1829,n,,"=""100""",,,,,,n,,,,,,,
"=""890355001049""",Liqueur,1,219,n,n,"Rum Chata (50 ml)",50ml,,n,1,1,0,n,,"=""100""",,,,,,n,,,,,,,
"=""890355001551""",Liqueur,1,2799,n,n,"RUM CHATA PEPPERMINT BARK","=""750""",,n,1,1,0,n,,"=""100""",,,,,,n,,,,,,,
"=""890409002015""","White Wine",1,2099,n,n,"DAOU sav Bl PASO ROBLES","750 ml",,n,1,1,1188,n,,"=""100""",,,,,,n,,,,,,,
"=""890409002398""","Wine Cabernet Sauvignon",1,3499,n,n,"DAOU CABERNET SAUVIGNON","750.00 ML",,n,1,1,0,n,,"=""100""",,,,,,n,,,,,,,
"=""890409002527""","Wine General",1,6499,n,n,"DAOU RESERVE PASO ROBLEAS","750 ML",,n,2,0,0,n,,"=""100""",,,,,,n,,,,,,,
"=""890409002619""","White Wine",1,2099,n,n,"DAOU PASO ROBLES CHARDONAY 750 ml","750 ML",,n,2,1,1239,n,,"=""53""",,,,,,n,,,,,,,
"=""891278002298""","Ready-to-Drink (RTD)",1,349,n,n,"MONACO CITRUS RUSH C12 12OZ LSESL","=""12""",,n,1,1,180,n,,"=""100""",,,,,,n,,,,,,,
"=""891278002304""","Ready-to-Drink (RTD)",1,349,n,n,"MONACO BLACK RASPBERRY C12 12OZ LSES",,,n,1,1,180,n,,"=""100""",,,,,,n,,,,,,,
"=""891278002335""","Ready-to-Drink (RTD)",1,349,n,n,"MONACO MANGO",,,n,1,1,0,n,,"=""100""",,,,,,n,,,,,,,
"=""891278002373""","Ready-to-Drink (RTD)",1,349,n,n,"MONACO TEQUILA LIME CRUSH C12 12OZ L","=""12""",,n,1,1,180,n,,"=""100""",,,,,,n,,,,,,,
"=""891278002458""","Ready-to-Drink (RTD)",1,349,n,n,"MONACO BLUE CRUSH C12 12OZ LSESL","=""12""",,n,1,1,180,n,,"=""100""",,,,,,n,,,,,,,
"=""891278003219""",Spiked,1,349,n,n,"Monaco Tequila Sun Crush Cocktail Can (12 oz)",12oz,,n,1,1,0,n,,"=""100""",,,,,,n,,,,,,,
"=""891278003530""","Ready-to-Drink (RTD)",1,349,n,n,"MONACO WATERMELON CRUSH C12 12OZ LSE",,,n,1,1,180,n,,"=""100""",,,,,,n,,,,,,,
"=""891378000408""",ACCESSORIES,1,699,n,n,"Opto light","=""1""",,n,1,1,0,n,,"=""100""",,,,,,n,,,,,,,
"=""891500002676""",Whiskey,1,3499,n,n,"FIELD SOUND 100 PROOF","750 ML",,n,2,1,1907,n,,"=""100""",,,,,,n,,,,,,,
"=""892931000149""","White Wine",1,1999,n,n,"A TO Z PINOT GRIS","750.00 ML",,n,1,1,0,n,,"=""100""",,,,,,n,,,,,,,
"=""892931000347""","Red Wine",1,2299,n,n,"A to Z Wineworks Pinot Noir (750 ml)","750.00 ML",,n,1,12,16792,n,,"=""100""",,,,,,n,,,,,,,
"=""893041000081""",Liqueur,1,2499,n,n,IICHIKE,"750 ml",,n,1,1,0,n,,"=""100""",,,,,,n,,,,,,,
"=""893637000488""",Candy,1,199,n,n,"EL PEKE COCADA COCONUT  CANDY",,,n,1,1,94,n,,"=""100""",,,,,,n,,,,,,,
"=""893637000495""",Candy,1,199,n,n,Tarugo,,,n,1,1,100,n,,"=""100""",,,,,,n,,,,,,,
"=""893811000075""","Protein & Hydration",1,299,n,n,"ZIPFIZZ GRAPE","0.39 OZ",,n,1,1,0,n,,"=""100""",,,,,,n,,,,,,,
"=""893811000082""","Protein & Hydration",1,199,n,n,"ZIPPFIZZ FRUIT 11 G","=""1""",,n,1,1,0,n,,"=""100""",,,,,,n,,,,,,,
"=""893869000720""","Hanging Snacks",1,899,n,n,"POUCH POMEGRANATE PISTACHIOS",4OZ,,n,1,1,439,n,,"=""100""",,,,,,n,,,,,,,
"=""893869005077""","Hanging Snacks",1,899,n,n,"Sahale Snacks Glazed Nuts Cashews","4 Oz",,n,1,1,439,n,,"=""100""",,,,,,n,,,,,,,
"=""893924000047""","Wine General",1,9999,n,n,"ROBERT CRAIG CAB SAUV","750 ML",,n,2,0,0,n,,"=""100""",,,,,,n,,,,,,,
"=""894776001015""",BEER,1,1199,y,n,"PRAIRIE FLARE",,,n,1,1,0,n,,"=""100""",,,,,,n,,,,,,,
"=""894910000102""","Champagne & Sparkling",1,4699,n,n,"FRANK FAMILY 750  CHARDONAY","750.00 ML",,n,1,1,0,n,,"=""100""",,,,,,n,,,,,,,
"=""894910000409""","Wine Cabernet Sauvignon",1,6999,n,n,"FRANK FAMILY CABERNET SAUVIGNON","750.00 ML",,n,1,1,0,n,,"=""100""",,,,,,n,,,,,,,
"=""895216001077""","Malt Beverage",1,469,n,n,"Four Loko Watermelon Singles","23.50 FL OZ",,n,2,1,285,n,,"=""17""",,,,,,n,,,,,,,
"=""895216001497""","Malt Beverage",1,479,n,n,"Four Loko Strawberry Lemonade","24 Oz",,n,2,1,285,n,,"=""17""",,,,,,n,,,,,,,
"=""895296001134""",Grocery,1,999,n,n,"DUBAI CHOCOLATE",,,n,1,1,450,n,,"=""100""",,,,,,n,,,,,,,
"=""896499001174""","Wine Cabernet Sauvignon",1,2499,n,n,"ANGEL & COWBOYS CAB",,,n,1,1,0,n,,"=""100""",,,,,,n,,,,,,,
"=""896499001235""","Red Wine",1,2199,n,n,"ANGELS COWBOYS",,,n,1,1,1399,n,,"=""100""",,,,,,n,,,,,,,
"=""896599002026""","Red Wine",1,1799,n,n,"LAYER CAKE SHIRAZ","750.00 ML",,n,1,1,0,n,,"=""7""",,,,,,n,,,,,,,
"=""896599002088""","Wine Cabernet Sauvignon",1,1599,n,n,"LAYER CAKE CABERNET SAUVIGNON","750 ml",,n,1,1,0,n,,"=""100""",,,,,,n,,,,,,,
"=""896599002095""","Wine General",1,1499,n,n,"Layer Cake Chardonnay (750 ml)","750.00 ML",,n,1,1,0,n,,"=""100""",,,,,,n,,,,,,,
"=""896599002170""","Red Wine",1,2199,n,n,"CHERRY pie pinot noir 750 ml",,,n,1,1,0,n,,"=""100""",,,,,,n,,,,,,,
"=""896650001647""",Juice,1,249,n,n,"Aloevine Aloe Vera Drink Original","16.9 Oz",,n,1,1,0,n,,"=""100""",,,,,,n,,,,,,,
"=""896843002802""","BEEF JERKY",1,1399,n,n,"ALIEN FRESH JERKY HONEY TERIYAKI 3.25","3.25 OZ",,n,1,1,0,n,,"=""100""",,,,,,n,,,,,,,
"=""896843002833""","BEEF JERKY",1,1399,n,n,"ALIEN FRESH JERKY PEPPER TERIYAKI","3.25 OZ",,n,1,0,0,n,,"=""100""",,,,,,n,,,,,,,
"=""896843002840""","BEEF JERKY",1,1399,n,n,"ALIEN FRESH JERK ABDUCTED COW 3.25 OZ","3.25 OZ",,n,1,1,0,n,,"=""100""",,,,,,n,,,,,,,
"=""896843002864""","BEEF JERKY",1,1399,n,n,"BEEF JERKY WEED KILLER 3.25 OZ","3.25 OZ",,n,1,1,0,n,,"=""100""",,,,,,n,,,,,,,
"=""898079001000""","Wine Cabernet Sauvignon",1,2999,n,n,"EDUCATED CABERNET SAUVIGNON","750.00 ML",,n,1,1,0,n,,"=""100""",,,,,,n,,,,,,,
"=""898079001017""","White Wine",1,2299,n,n,"EDUCATED GUESS CHARDONAY 750 ml","750.00 ML",,n,2,1,1433,n,,"=""100""",,,,,,n,,,,,,,
"=""898079001024""","Red Wine",1,2499,n,n,"Educated Guess:Pinot Noir","750.00 ML",,n,2,1,1433,n,,"=""100""",,,,,,n,,,,,,,
"=""898079001048""","Red Wine",1,2499,n,n,"EDUCATED GUESS MERLOT 750ML","750.00 ML",,n,1,1,0,n,,"=""6""",,,,,,n,,,,,,,
"=""898079001079""","Red Wine",1,2199,n,n,"EDUCATED GUESS RED NAPA VALLEY 750 ml","750 ml",,n,1,1,0,n,,"=""3""",,,,,,n,,,,,,,
"=""898079001086""","Wine Cabernet Sauvignon",1,2199,n,n,"EDUCATED GUESS CAB SAUV","750 ML",,n,2,1,1367,n,,"=""11""",,,,,,n,,,,,,,
"=""898079001147""","Wine Cabernet Sauvignon",1,2999,n,n,"EDUCATED GUESS CAB SAUV CALIF 21 750ML",,,n,1,1,1109,n,,"=""100""",,,,,,n,,,,,,,
"=""898185001048""",GIN,1,3699,n,n,"Waterloo gin","750 ML",,n,2,1,2318,n,,"=""100""",,,,,,n,,,,,,,
"=""898185001109""",GIN,1,4499,n,n,"WATERLOO BARREL AGED 2 YEARS","750 ML",,n,2,1,0,n,,"=""100""",,,,,,n,,,,,,,
"=""898193001955""",Shots,1,299,n,n,"Select Pilla","50 ML",,n,1,0,0,n,,"=""100""",,,,,,n,,,,,,,
"=""898195001342""",Water,1,399,n,n,"FEVERTREE INDIAN TONIC 500ML",,,n,1,1,0,n,,"=""100""",,,,,,n,,,,,,,
"=""898195001403""",Water,1,399,n,n,"fever-tree indian tonic water",,,n,1,1,0,n,,"=""100""",,,,,,n,,,,,,,
"=""898195001489""",Water,1,399,n,n,"FEVER TREE CLUB SODA 500ML",,,n,1,1,0,n,,"=""100""",,,,,,n,,,,,,,
"=""898195001755""",Water,1,1090,n,n,"Fever Tree Premium Tonic Water","8 PK",,n,8,1,590,n,,"=""100""",,,,,,n,,,,,,,
"=""898195001762""",Water,1,1090,n,n,"Fever Tree Light Premium Tonic Water","8 PK",,n,8,1,590,n,,"=""100""",,,,,,n,,,,,,,
"=""898563002506""",Liqueur,1,2199,n,n,"CARPANO ANTICA 375ML",,,n,1,1,0,n,,"=""100""",,,,,,n,,,,,,,
"=""898563002605""",Liqueur,1,4399,n,n,"CARPANO ANTICA FORMU","750 ML",,n,2,0,0,n,,"=""100""",,,,,,n,,,,,,,
"=""898563002636""",Liqueur,1,2499,n,n,"FERNET BRANCA","375 ML",,n,1,0,0,n,,"=""100""",,,,,,n,,,,,,,
"=""898627001155""",Tequila,1,24999,n,n,"OCHO TEQUILA EXTRA ANIJO","750 ML",,n,2,1,14699,n,,"=""100""",,,,,,n,,,,,,,
"=""898627001308""",Tequila,1,5999,n,n,"OCHO PLATA 750 ML","750 ML",,n,2,1,3219,n,,"=""4""",,,,,,n,,,,,,,
"=""898627001315""",Tequila,1,6499,n,n,"OCHO REPOSADO 750 ML","750 ML",,n,2,1,4059,n,,"=""7""",,,,,,n,,,,,,,
"=""898756001057""","Wine Cabernet Sauvignon",1,1099,n,n,"LINE 39 CABERNET","750 ML",,n,2,1,699,n,,"=""100""",,,,,,n,,,,,,,
"=""898756001231""","Wine General",1,1099,n,n,"Line 39 merlot 750ml",750ml,,n,2,1,699,n,,"=""12""",,,,,,n,,,,,,,
"=""898756001477""","Red Wine",1,1099,n,n,"LINE39 PINOT NOIR, 750 ml","750 ML",,n,2,1,699,n,,"=""11""",,,,,,n,,,,,,,
"=""898756001576""","Wine General",1,1099,n,n,"Line 39 Excrusion Red Blend 750ml",750ml,,n,2,1,699,n,,"=""12""",,,,,,n,,,,,,,
"=""898804005082""",Whiskey,1,24999,n,n,"LOCK STOCK & BARREL","750 ML",,n,1,1,0,n,,"=""100""",,,,,,n,,,,,,,
"=""898999000503""",Water,1,699,n,n,"VITA COCO COCONUT WATER 1L","33.8 oz",,n,10,1,400,n,,"=""12""",,,,,,n,,,,,,,
"=""898999000992""",Water,1,799,n,n,"Vita 1  LITER",,,n,1,1,333,n,,"=""100""",,,,,,n,,,,,,,
"=""898999010007""",Water,1,418,n,n,"Vita Coco 100% Pure","17.00 FL OZ",,n,5,1,224,n,,"=""99""",,,,,,n,,,,,,,
"=""898999010144""",Water,1,399,n,n,"VITA COCO WATER WITH PRESSED COCONUT",16.9OZ,,n,5,1,207,n,,"=""100""",,,,,,n,,,,,,,
"=""898999010229""",Water,1,464,n,n,"Vita Coconut Origina",,,n,5,1,250,n,,"=""100""",,,,,,n,,,,,,,
"=""898999011271""","Drinks & Mixers",1,399,n,n,"Vita Coco Pineapple Bottles (16.9 oz)",,,n,1,1,0,n,,"=""100""",,,,,,n,,,,,,,
"=""898999011813""",Milk,1,899,n,n,"VITA  COCA MILK",,,n,1,0,0,n,,"=""100""",,,,,,n,,,,,,,
"=""898999012698""",Juice,1,399,n,n,"vita coco can with pulp","126 oz",,n,1,1,212,n,,"=""100""",,,,,,n,,,,,,,
"=""898999013527""",Water,1,390,n,n,"VITA COCO  STRAWBERRIES CREME",16.9OZ,,n,5,0,0,n,,"=""100""",,,,,,n,,,,,,,
"=""898999013794""",Water,1,390,n,n,"VITA COCOC ORANGE CREME","16.9 OZ",,n,5,0,0,n,,"=""100""",,,,,,n,,,,,,,
"=""898999030005""",Water,1,399,n,n,"Vita Coco - Pineapple","16.90 FL OZ",,n,5,1,217,n,,"=""100""",,,,,,n,,,,,,,
"=""899099004231""",ACCESSORIES,1,299,n,n,Straws,,,n,1,1,0,n,,"=""100""",,,,,,n,,,,,,,
"=""999999158451""","Wine Cabernet Sauvignon",1,9999,n,n,"SILVER OAK NAPA VALLEY CABERNET SAUVIGNON",,,n,1,1,0,n,,"=""100""",,,,,,n,,,,,,,
"=""1003967577775""","Chips - Other",1,499,n,n,"HAVEA CORN CHIPS 4 OZ","4 OZ",,n,1,24,6216,n,,"=""100""",,,,,,n,,,,,,,
"=""1085002770211""",Soda,1,299,n,n,"olipop cream soda","12 OZ",,n,1,1,172,n,,"=""100""",,,,,,n,,,,,,,
"=""1085002770228""",Soda,1,299,n,n,"OLIPOP GOODWIN 12 OZ","12 OZ",,n,1,1,172,n,,"=""12""",,,,,,n,,,,,,,
"=""1085002770235""",Soda,1,299,n,n,"OLIPOP WATERMELON LIME","12 OZ",,n,1,1,172,n,,"=""100""",,,,,,n,,,,,,,
"=""1085002770242""",Soda,1,299,n,n,"OLIPOP GINGER ALE","12 OZ",,n,1,1,171,n,,"=""100""",,,,,,n,,,,,,,
"=""1085002770280""",Soda,1,299,n,n,"OLIPOP LEMON LIME","12 OZ",,n,1,1,171,n,,"=""100""",,,,,,n,,,,,,,
"=""1086043900100""",Soda,1,299,n,n,"OLIPOP GINGER LEMON 12 OZ","12 OZ",,n,1,1,172,n,,"=""12""",,,,,,n,,,,,,,
"=""1988032150070""",ACCESSORIES,1,399,n,n,"NOT POCK",,,n,1,0,0,n,,"=""100""",,,,,,n,,,,,,,
"=""2657872010019""","General Merchandise",1,499,n,n,"MEXICAN LOTERIA","=""1""",,n,1,1,0,n,,"=""100""",,,,,,n,,,,,,,
"=""3014260294250""",ACCESSORIES,1,599,n,n,"GILLETTE BLUE PLUS",,,n,1,0,0,n,,"=""100""",,,,,,n,,,,,,,
"=""3085002770202""",Soda,1,299,n,n,"OLIPOP TROPICAL PUNSH 12 OZ","12 OZ",,n,1,1,147,n,,"=""100""",,,,,,n,,,,,,,
"=""3086000322332""",Soda,1,299,n,n,"OLIPOP GRAPE","12 OZ",,n,1,1,172,n,,"=""12""",,,,,,n,,,,,,,
"=""3114080721452""","Wine General",1,41555,n,n,"Louis Roederer Cristal 2014",,,n,1,1,26999,n,,"=""100""",,,,,,n,,,,,,,
"=""3683080416199""","Pantry & Grocery Extras",1,2299,n,n,HURLUBERLU,,,n,1,1,0,n,,"=""100""",,,,,,n,,,,,,,
"=""3760042583325""","Pantry & Grocery Extras",1,1999,n,n,"petit our red wine","750 ml",,n,1,0,0,n,,"=""3""",,,,,,n,,,,,,,
"=""3760042586289""","Wine Rosé",1,1999,n,n,"Petit our","750 ml",,n,2,1,1200,n,,"=""100""",,,,,,n,,,,,,,
"=""3760260110013""","White Wine",1,3999,n,n,SANCERRE,"750 ML",,n,2,1,2400,n,,"=""100""",,,,,,n,,,,,,,
"=""3760280009861""","Wine General",1,1599,n,n,"PAS DE PRO BLEME PINOT NOIR","750 ML",,n,2,1,999,n,,"=""99""",,,,,,n,,,,,,,
"=""3770001369440""","Pantry & Grocery Extras",1,2738,n,n,"Nmchateau Les Clauzots","750 ML",,n,1,12,18000,n,,"=""11""",,,,,,n,,,,,,,
"=""3770017273052""","Pantry & Grocery Extras",1,2367,n,n,Pulpe,,,n,1,1,1300,n,,"=""100""",,,,,,n,,,,,,,
"=""3770021335029""","Pantry & Grocery Extras",1,2499,n,n,"MICHEL MICHEL",,,n,1,1,0,n,,"=""100""",,,,,,n,,,,,,,
"=""3800020491409""",CHOCOLATE,1,699,n,n,"KITKAT NOISETTE HAZELNUT","99 g",,n,1,15,4500,n,,"=""100""",,,,,,n,,,,,,,
"=""3800020491416""",CHOCOLATE,1,699,n,n,"Kit kAt",,,n,1,1,0,n,,"=""100""",,,,,,n,,,,,,,
"=""3800020491423""",CHOCOLATE,1,699,n,n,"KITKAT SALTED CARAMEL","99 g",,n,1,1,300,n,,"=""100""",,,,,,n,,,,,,,
"=""3800020492840""",CHOCOLATE,1,699,n,n,"KITKAT DOUBLE CHOCOLATE","99 g",,n,1,15,4500,n,,"=""100""",,,,,,n,,,,,,,
"=""4000417298003""",CHOCOLATE,1,499,n,n,"RITTER SPORT COCONUT",,,n,1,1,275,n,,"=""9""",,,,,,n,,,,,,,
"=""4005686001118""","Import Beer",1,1499,n,n,"Hofbrau original 6pk",6pk,,n,6,1,975,n,,"=""100""",,,,,,n,,,,,,,
"=""4005686004218""","Import Beer",1,1499,n,n,"HOFBRAU HEFE WEIZEN","6 PK 12 OZ",,n,6,1,975,n,,"=""100""",,,,,,n,,,,,,,
"=""4005686014453""","Import Beer",1,1499,n,n,"HOFBRAU OKTOBER FESTBIER","6 PCK",,n,6,1,975,n,,"=""100""",,,,,,n,,,,,,,
"=""4008400122625""",Grocery,1,999,n,n,"CIOTTO HASELNUSS",,,n,1,0,0,n,,"=""100""",,,,,,n,,,,,,,
"=""4270004666403""",CHOCOLATE,1,599,n,n,"HABIBI'S DUBAI CHOCOLATE","1.21 OZ",,n,1,0,0,n,,"=""100""",,,,,,n,,,,,,,
"=""4650267901778""",CHOCOLATE,1,399,n,n,"DUBAI CAKE",,,n,1,1,150,n,,"=""100""",,,,,,n,,,,,,,
"=""4710543012991""","Chips - Other",1,499,n,n,"LAYS KOBE BEEF FLAVOUR",,,n,1,1,196,n,,"=""100""",,,,,,n,,,,,,,
"=""4712966542260""",Water,1,399,n,n,"OCEAN BOMB MELON FLAVOR","11.1 OZ",,n,1,0,0,n,,"=""100""",,,,,,n,,,,,,,
"=""4712966542369""",Water,1,399,n,n,"OCEANBOMB ORANGE","11.1 OZ",,n,1,0,0,n,,"=""100""",,,,,,n,,,,,,,
"=""4713410215181""","Chips - Other",1,599,n,n,"HELLO KITTY POTATO CHIPS","10 OZ",,n,1,1,249,n,,"=""99""",,,,,,n,,,,,,,
"=""4850170058105""",Tequila,1,9099,n,n,"CHICAS DIVERTIDAS","750 ml",,n,1,1,0,n,,"=""100""",,,,,,n,,,,,,,
"=""4891034061886""","Chips - Other",1,749,n,n,"LAYS TRUFFLE",100G,,n,1,1,378,n,,"=""100""",,,,,,n,,,,,,,
"=""4895227501470""",Gummy,1,499,n,n,"HELLO KITTY MARSHMALLWO","80 G",,n,1,10,2500,n,,"=""100""",,,,,,n,,,,,,,
"=""4897036691021""","Energy Drinks",1,603,n,n,"Taiwan Monster Energy Extra Strength","150 ML",,n,1,24,7800,n,,"=""100""",,,,,,n,,,,,,,
"=""4901551150632""","Breath Refreshers",1,299,n,n,"MENTOS RAMUNE EXHOTIC",,,n,1,0,0,n,,"=""100""",,,,,,n,,,,,,,
"=""4901551151165""","Breath Refreshers",1,499,n,n,"MENTOS EXHOTIC CAREMEL APPLE",,,n,1,0,0,n,,"=""100""",,,,,,n,,,,,,,
"=""4902102035378""","Specialty Drinks",1,499,n,n,"FANTA GRAPE","500 ML",,n,1,0,0,n,,"=""100""",,,,,,n,,,,,,,
"=""4902179007292""",Soda,1,599,n,n,"SANGARIA  RAMU BOTTLE CARBONATED DRINK","500 ML",,n,1,1,250,n,,"=""100""",,,,,,n,,,,,,,
"=""4902179008824""",Soda,1,599,n,n,"SANGARIA MELON SODA GETTIN COOL","500 ML",,n,1,1,250,n,,"=""100""",,,,,,n,,,,,,,
"=""4902179014290""",Soda,1,599,n,n,"SANGARIA GRAPE CARBONATED DRINK RAMU BOTTLE","500 ML",,n,1,1,250,n,,"=""100""",,,,,,n,,,,,,,
"=""4904230033578""",ACCESSORIES,1,7999,n,n,"NIKKA COFFEE GRAIN WHISKY",,,n,2,1,0,n,,"=""100""",,,,,,n,,,,,,,
"=""4904230044574""",Whiskey,1,11499,n,n,"NIKKA SINGLE MALT YOICHI 750ML","750 ML",,n,2,1,0,n,,"=""100""",,,,,,n,,,,,,,
"=""4904230049739""",Whiskey,1,9999,n,n,"NIKKA FROM THE BARREL 750ML",,,n,1,1,0,n,,"=""100""",,,,,,n,,,,,,,
"=""5000159555715""",CHOCOLATE,1,299,n,n,MALTESERS,"1.31 OZ",,n,1,1,120,n,,"=""100""",,,,,,n,,,,,,,
"=""5000159558280""",CHOCOLATE,1,399,n,n,BOUNTEY,,,n,1,1,116,n,,"=""100""",,,,,,n,,,,,,,
"=""5010478014510""",Gummy,1,650,n,n,"Swizzels Squashies Drumstick Original Raspberry",,,n,1,1,325,n,,"=""100""",,,,,,n,,,,,,,
"=""5010478051140""",Gummy,1,650,n,n,"Swizzels Squashies Drumstick Sour Cherry",,,n,1,1,325,n,,"=""100""",,,,,,n,,,,,,,
"=""5010478072084""",Gummy,1,650,n,n,"Swizzels Squashies Drumstick",,,n,1,1,325,n,,"=""100""",,,,,,n,,,,,,,
"=""5010478091337""",Gummy,1,599,n,n,"SQUASHIEBS DRUMSTICK STRAWBERRY CREAM FLAVOR",,,n,1,0,0,n,,"=""100""",,,,,,n,,,,,,,
"=""5010478103047""",Gummy,1,599,n,n,"SQUASHIES DRUMSTICK STRAWBERRY & CREAM",,,n,1,0,0,n,,"=""100""",,,,,,n,,,,,,,
"=""5010478190474""",Gummy,1,650,n,n,"Drumstick Squashies Rhubarb & Custard",,,n,1,1,325,n,,"=""100""",,,,,,n,,,,,,,
"=""5010478201781""",Gummy,1,650,n,n,"Squashies Love Hearts","140 GE",,n,1,1,325,n,,"=""7""",,,,,,n,,,,,,,
"=""5010478210882""",Gummy,1,599,n,n,"SQUASHIES DRUMSTICK",,,n,1,0,0,n,,"=""100""",,,,,,n,,,,,,,
"=""5010478250451""",Gummy,1,599,n,n,"SQUASHIES DRUMSTICK SOUR",,,n,1,0,0,n,,"=""100""",,,,,,n,,,,,,,
"=""5010478489172""",Gummy,1,650,n,n,"Swizzels Squashies Drumstick","140 GE",,n,1,1,325,n,,"=""100""",,,,,,n,,,,,,,
"=""5010478501782""",Gummy,1,599,n,n,"SQUASHIES DRUMSTICK ORIGINAL RASPBERRY & MILK",,,n,1,0,0,n,,"=""100""",,,,,,n,,,,,,,
"=""5010478548718""",Gummy,1,650,n,n,"Sqauashies Drumstick Bubblegum Flavor",,,n,1,1,325,n,,"=""100""",,,,,,n,,,,,,,
"=""5010478591400""",Gummy,1,650,n,n,"Swizzels Squashies Tropical",,,n,1,1,325,n,,"=""100""",,,,,,n,,,,,,,
"=""5010478681545""",Gummy,1,599,n,n,"SQUASHIES DOUBLE DIP","120 G",,n,1,0,0,n,,"=""100""",,,,,,n,,,,,,,
"=""5010478781405""",Gummy,1,650,n,n,"Swizzels Squashies Sour Shooting Stars",,,n,1,1,325,n,,"=""100""",,,,,,n,,,,,,,
"=""5029053590950""",ACCESSORIES,1,499,n,n,"HUGGIES Wipes",,,n,1,1,142,n,,"=""100""",,,,,,n,,,,,,,
"=""5029704219001""","Scotch Whisky",1,4999,n,n,BUNNAHABHAIN,"750 ML",,n,1,0,0,n,,"=""100""",,,,,,n,,,,,,,
"=""5056357904923""",Grocery,1,599,n,n,"MILKYWAY BISCUITS",n,,n,1,0,0,n,,"=""100""",,,,,,n,,,,,,,
"=""5056357915226""",Grocery,1,599,n,n,"TWIX SECRET CENTRE  BISCUITS","=""1""",,n,1,1,300,n,,"=""100""",,,,,,n,,,,,,,
"=""5099873027301""",Rum,1,4499,n,n,"DIPLOMAYICO RESERVA EXCLUSIVA","750 ML",,n,1,0,0,n,,"=""100""",,,,,,n,,,,,,,
"=""5099873027349""",Rum,1,5999,n,n,"DIPLOMATICO SELECCION DE FAMILIA B6",750ML,,n,1,1,3614,n,,"=""100""",,,,,,n,,,,,,,
"=""5410041435900""",Grocery,1,299,n,n,"TUC PAPRIKA",,,n,1,1,125,n,,"=""100""",,,,,,n,,,,,,,
"=""5410126006049""",Grocery,1,349,n,n,"LOTUS BISCOFF",,,n,1,1,349,n,,"=""100""",,,,,,n,,,,,,,
"=""5410126006353""",Grocery,1,599,n,n,"BISCOFF MILK CHOCLATE 150 G","150 G",,n,1,1,311,n,,"=""100""",,,,,,n,,,,,,,
"=""5410126006360""",Grocery,1,599,n,n,"BISCOFF CREAM 15 G","150 G",,n,1,1,311,n,,"=""100""",,,,,,n,,,,,,,
"=""5410126006377""",Grocery,1,599,n,n,"BISCOFF MILK CHOCLATE 150 G","150 G",,n,1,1,311,n,,"=""99""",,,,,,n,,,,,,,
"=""5411911004882""",Kombucha,1,1999,n,n,"KOMBINE 6.0 %","4pk 11.2oz",,n,4,1,0,n,,"=""100""",,,,,,n,,,,,,,
"=""5413548040639""",CHOCOLATE,1,249,n,n,RAFFAELLO,,,n,1,0,0,n,,"=""100""",,,,,,n,,,,,,,
"=""5603238104127""","Wine General",1,1899,n,n,"BRISA SUAVE","750 ML",,n,2,1,1100,n,,"=""12""",,,,,,n,,,,,,,
"=""5604242009590""","Wine General",1,3999,n,n,"THE FIFTH EMPIRE CABERNET SAUVIGNON NAPA VALLEY","750 ML",,n,2,1,2500,n,,"=""100""",,,,,,n,,,,,,,
"=""5900951311321""",CHOCOLATE,1,299,n,n,MARS,,,n,1,0,0,n,,"=""100""",,,,,,n,,,,,,,
"=""5900951311505""",CHOCOLATE,1,249,n,n,SNICKERS,"50 GR",,n,1,0,0,n,,"=""100""",,,,,,n,,,,,,,
"=""5998711388928""",Grocery,1,299,n,n,"TUC FLAVOUR CHEESE",,,n,1,1,125,n,,"=""100""",,,,,,n,,,,,,,
"=""6001067004943""",ACCESSORIES,1,299,n,n,"Colgate Zig Zag Medium Toothbrush","=""1""",,n,1,1,0,n,,"=""100""",,,,,,n,,,,,,,
"=""6001067024262""",ACCESSORIES,1,399,n,n,"GOILGATE TWISTER",,,n,1,0,0,n,,"=""100""",,,,,,n,,,,,,,
"=""6001085120946""","Health & Wellness",1,399,n,n,"Vaseline NO.1 Skin Protection 100 ML",100ml,,n,1,1,170,n,,"=""100""",,,,,,n,,,,,,,
"=""6001087006835""",ACCESSORIES,1,999,n,n,"VASELINE BLUESEAK BIG",,,n,1,1,0,n,,"=""100""",,,,,,n,,,,,,,
"=""6001087363815""",ACCESSORIES,1,599,n,n,"Axe Dark Temptation Body Spray",,,n,1,1,0,n,,"=""100""",,,,,,n,,,,,,,
"=""6001087364621""",ACCESSORIES,1,699,n,n,"Axe Apollo","=""1""",,n,1,1,0,n,,"=""100""",,,,,,n,,,,,,,
"=""6001087364638""",ACCESSORIES,1,699,n,n,"Axe EXCITE","150 ml",,n,1,1,252,n,,"=""100""",,,,,,n,,,,,,,
"=""6001087364652""",ACCESSORIES,1,599,n,n,"Axe Adrenalin Body Spray","=""499""",,n,1,1,252,n,,"=""100""",,,,,,n,,,,,,,
"=""6001087364690""",ACCESSORIES,1,599,n,n,"AXE WILD SPICE",,,n,1,1,0,n,,"=""100""",,,,,,n,,,,,,,
"=""6001087379267""",ACCESSORIES,1,599,n,n,"AXE BODY SPRAY ICE CHILL","5 OZ",,n,1,1,329,n,,"=""100""",,,,,,n,,,,,,,
"=""6253361267948""",CHOCOLATE,1,1499,n,n,"DOBELN CHOCOLATE ICED FRUIT MIX",,,n,1,1,800,n,,"=""100""",,,,,,n,,,,,,,
"=""6291003075384""",Grocery,1,299,n,n,"PICCADELI VANILLA DELIGHT",,,n,1,0,0,n,,"=""100""",,,,,,n,,,,,,,
"=""6291003075391""",Grocery,1,299,n,n,"PICCADELI STRAWBERRY WAFER",,,n,1,0,0,n,,"=""100""",,,,,,n,,,,,,,
"=""6358873685621""",ACCESSORIES,1,499,n,n,"ELECTRICAL TAPE",,,n,1,1,104,n,,"=""6""",,,,,,n,,,,,,,
"=""6901668005892""",Grocery,1,499,n,n,"OREO SANDWICH MATCH ICE CREAM",,,n,1,1,250,n,,"=""100""",,,,,,n,,,,,,,
"=""6901668005915""",Grocery,1,399,n,n,"OREO BLUEBERRY RASPBERRY",,,n,1,1,200,n,,"=""100""",,,,,,n,,,,,,,
"=""6901668005939""",Grocery,1,399,n,n,"OREO GRAPE PEACH FLAVOR",,,n,1,1,200,n,,"=""100""",,,,,,n,,,,,,,
"=""6901668010087""","Chips - Frito-Lay",1,499,n,n,"CHIPAHOY CRISPY RED VELVAT BREE",,,n,1,1,230,n,,"=""100""",,,,,,n,,,,,,,
"=""6901668062444""",Grocery,1,499,n,n,"CHIPAHOY CRISPY RED GRAPE",,,n,1,1,230,n,,"=""100""",,,,,,n,,,,,,,
"=""6901668927910""",Grocery,1,399,n,n,"OREO PEACH & OOLONG TEA FLAVOR",,,n,1,1,200,n,,"=""2""",,,,,,n,,,,,,,
"=""6901668936332""",Grocery,1,499,n,n,"EXOTIC OREO",,,n,1,0,0,n,,"=""100""",,,,,,n,,,,,,,
"=""6901668936714""",Grocery,1,499,n,n,"CHIP AHOY ORIGINAL CHOCOLATE",,,n,1,1,230,n,,"=""100""",,,,,,n,,,,,,,
"=""6901668937919""",Grocery,1,399,n,n,"OREO CHEESE FLAVOR",,,n,1,1,200,n,,"=""100""",,,,,,n,,,,,,,
"=""6901668939401""",Grocery,1,499,n,n,"OREO CHOCILATE",,,n,1,1,250,n,,"=""100""",,,,,,n,,,,,,,
"=""6901668942289""",Grocery,1,499,n,n,"OREO SPRING FRAGRANCE BEAN",,,n,1,1,250,n,,"=""100""",,,,,,n,,,,,,,
"=""6901668942340""",Grocery,1,499,n,n,"OREO FRESH AROMATIC MUSHROOM",,,n,1,1,250,n,,"=""100""",,,,,,n,,,,,,,
"=""6902827190411""",Soda,1,699,n,n,"PEPSI RASPBERRY SODA","500 ML",,n,1,1,210,n,,"=""100""",,,,,,n,,,,,,,
"=""6903148078884""",ACCESSORIES,1,299,n,n,TIDE,"260 G",,n,1,1,0,n,,"=""100""",,,,,,n,,,,,,,
"=""6903148078891""",ACCESSORIES,1,499,n,n,"Tide Detergent Powder 508mg",508g,,n,1,1,0,n,,"=""100""",,,,,,n,,,,,,,
"=""6906907571350""","Specialty Drinks",1,599,n,n,"PEPSI COLA ZERO SUGAR","500 ML",,n,1,1,200,n,,"=""100""",,,,,,n,,,,,,,
"=""6906907571374""","Specialty Drinks",1,599,n,n,"PEPSI LEMON","500 ML",,n,1,0,0,n,,"=""100""",,,,,,n,,,,,,,
"=""6908946289500""",Soda,1,599,n,n,"PEPSI OOLONG WITHE PEACH SODA","500 ML",,n,1,1,149,n,,"=""100""",,,,,,n,,,,,,,
"=""6908946290100""",Soda,1,599,n,n,"PEPSI WHITE GRAPEFRUIT BAMBOO","500 ML",,n,1,1,200,n,,"=""100""",,,,,,n,,,,,,,
"=""6911308117861""","Ice Cream",1,799,n,n,"ICE CREAM",,,n,1,1,0,n,,"=""100""",,,,,,n,,,,,,,
"=""6911308117885""","Ice Cream",1,799,n,n,"GRABE ICE CREAM EXHOTIC",,,n,1,1,0,n,,"=""100""",,,,,,n,,,,,,,
"=""6911308118240""","Ice Cream",1,799,n,n,"PEACH EXHOTIC ICECREAM",,,n,1,0,0,n,,"=""100""",,,,,,n,,,,,,,
"=""6917878036847""",Coffee,1,499,n,n,"NESCAFÔøΩÔøΩÔøΩÔøΩÔøΩÔøΩÔøΩÔøΩÔøΩÔøΩÔøΩÔøΩ mocha","268 ml",,n,1,1,0,n,,"=""100""",,,,,,n,,,,,,,
"=""6917878054766""",Coffee,1,499,n,n,"NescafÔøΩÔøΩÔøΩÔøΩÔøΩÔøΩÔøΩÔøΩÔøΩÔøΩÔøΩÔøΩ hazelnut","268 ml",,n,1,1,0,n,,"=""100""",,,,,,n,,,,,,,
"=""6920202866737""","Specialty Drinks",1,599,n,n,"RED BULL","250 ML",,n,1,1,250,n,,"=""100""",,,,,,n,,,,,,,
"=""6922441400031""","Energy Drinks",1,599,n,n,REDBULL,,,n,1,1,199,n,,"=""100""",,,,,,n,,,,,,,
"=""6922858201399""","Specialty Drinks",1,499,n,n,PEPSI,,,n,1,0,0,n,,"=""100""",,,,,,n,,,,,,,
"=""6923450603567""",GUMMIES,1,299,n,n,"SKITTLES SOUR","40 g",,n,1,1,150,n,,"=""100""",,,,,,n,,,,,,,
"=""6924513905598""","Breath Refreshers",1,248,n,n,"BLACK HALLS","1 pk",,n,1,0,0,n,,"=""100""",,,,,,n,,,,,,,
"=""6924513906175""",Gummy,1,249,n,n,halls,,,n,1,1,0,n,,"=""100""",,,,,,n,,,,,,,
"=""6924513906205""","Breath Refreshers",1,249,n,n,"HALLS HONEY LEMON",,,n,1,1,175,n,,"=""100""",,,,,,n,,,,,,,
"=""6924743918610""","Chips - Other",1,499,n,n,"LAYS SIZZLING ARTIFICIAL SQUID FLAVOR",,,n,1,1,196,n,,"=""100""",,,,,,n,,,,,,,
"=""6924743918658""","Chips - Other",1,499,n,n,"LAYS CHIPS CRISPY ROASTED CHICKEN WING",,,n,1,1,249,n,,"=""100""",,,,,,n,,,,,,,
"=""6924743919228""","Chips - Other",1,499,n,n,"LAYS TEXAS GIRLLED BBQ FLAVOR",,,n,1,1,196,n,,"=""100""",,,,,,n,,,,,,,
"=""6924743919235""","Chips - Other",1,499,n,n,"LAYS LTALIAN RED MEAT FLAVOR",,,n,1,1,196,n,,"=""100""",,,,,,n,,,,,,,
"=""6924743919273""","Chips - Other",1,499,n,n,"lays numb soicy hot pot flavor",,,n,1,1,196,n,,"=""100""",,,,,,n,,,,,,,
"=""6924743919792""","Chips - Other",1,499,n,n,"lays exotic",,,n,1,1,196,n,,"=""100""",,,,,,n,,,,,,,
"=""6924743922020""","Chips - Other",1,499,n,n,"LAYS POTATO CHIPS WASABI",,,n,1,1,249,n,,"=""100""",,,,,,n,,,,,,,
"=""6924743923430""","Chips - Other",1,499,n,n,"lays spicy crayfish",,,n,1,1,196,n,,"=""100""",,,,,,n,,,,,,,
"=""6924743923515""","Chips - Other",1,499,n,n,"LAYSV FRIED CRAB",,,n,1,1,196,n,,"=""100""",,,,,,n,,,,,,,
"=""6924743935464""","Chips - Other",1,499,n,n,lays,,,n,1,1,196,n,,"=""100""",,,,,,n,,,,,,,
"=""6924743936973""","Chips - Other",1,499,n,n,"LAYS HEINZ TOMATO KETCHUP",,,n,1,1,249,n,,"=""100""",,,,,,n,,,,,,,
"=""6924743938045""","Chips - Other",1,499,n,n,"LAYS ASADO",,,n,1,1,275,n,,"=""100""",,,,,,n,,,,,,,
"=""6924743938052""","Chips - Other",1,499,n,n,"LAYS GARLIC BUTTER",,,n,1,1,275,n,,"=""100""",,,,,,n,,,,,,,
"=""6924743938236""","Chips - Other",1,899,n,n,"LAYS BEEF  PIE",,,n,1,1,399,n,,"=""100""",,,,,,n,,,,,,,
"=""6924882499063""","Specialty Drinks",1,499,n,n,"PEPSI STRAWBERRY MILKSHAKE ZERO SUGAR","12 OZ",,n,1,1,195,n,,"=""100""",,,,,,n,,,,,,,
"=""6925425425358""",GUMMIES,1,299,n,n,"TROLLI GUMMIESV COCA-COLA",,,n,1,1,150,n,,"=""99""",,,,,,n,,,,,,,
"=""6925425428144""",GUMMIES,1,699,n,n,"TROLLI GUMMIES SOUR DINOSAUR",,,n,1,1,350,n,,"=""100""",,,,,,n,,,,,,,
"=""6925448120001""",Gummy,1,499,n,n,"LACHAO GAME BLOCKS GUMMY CANDY",,,n,1,1,169,n,,"=""100""",,,,,,n,,,,,,,
"=""6925448120377""",Gummy,1,499,n,n,"LECHAO SHARK GUUMY",,,n,1,1,169,n,,"=""100""",,,,,,n,,,,,,,
"=""6925448120759""",Gummy,1,499,n,n,"LECHAO DIAMOND SHAPED GUMMY CANDY",,,n,1,1,169,n,,"=""100""",,,,,,n,,,,,,,
"=""6925448121725""",Gummy,1,499,n,n,"LECHAO RABBIT SHAPE GUMMY",,,n,1,1,169,n,,"=""100""",,,,,,n,,,,,,,
"=""6925448121800""",Gummy,1,499,n,n,"LECHAO CACTUS SHAPED GUMMY",,,n,1,1,169,n,,"=""100""",,,,,,n,,,,,,,
"=""6928804010800""","Specialty Drinks",1,599,n,n,"fant grape","500 ML",,n,1,1,200,n,,"=""100""",,,,,,n,,,,,,,
"=""6928804011111""","Specialty Drinks",1,599,n,n,"COCA COLA VANILLA","500 ML",,n,1,1,175,n,,"=""100""",,,,,,n,,,,,,,
"=""6928804011456""","Specialty Drinks",1,499,n,n,"Exhotic fanta apple","15  oz",,n,1,0,0,n,,"=""100""",,,,,,n,,,,,,,
"=""6928804011586""","Specialty Drinks",1,599,n,n,"FANTA STRAWBERRY","500 ML",,n,1,0,0,n,,"=""100""",,,,,,n,,,,,,,
"=""6928804015454""",Juice,1,499,n,n,"EXOTEC DRIC","12 OZ",,n,1,0,0,n,,"=""100""",,,,,,n,,,,,,,
"=""6928804016970""","Specialty Drinks",1,599,n,n,"COCA COLA FIBER ZERO SUGAR","500 ML",,n,1,0,0,n,,"=""100""",,,,,,n,,,,,,,
"=""6928804019414""","Specialty Drinks",1,599,n,n,"fanta jasmine peach","500 ML",,n,1,0,0,n,,"=""100""",,,,,,n,,,,,,,
"=""6928804021578""","Specialty Drinks",1,599,n,n,"COCA COLA ZERO VANILLA","500 ML",,n,1,0,0,n,,"=""100""",,,,,,n,,,,,,,
"=""6928804022537""","Specialty Drinks",1,599,n,n,"COCA COLA PEACH",,,n,1,1,225,n,,"=""100""",,,,,,n,,,,,,,
"=""6928804024173""","Specialty Drinks",1,599,n,n,COKE,,,n,1,1,200,n,,"=""100""",,,,,,n,,,,,,,
"=""6928804025248""","Specialty Drinks",1,499,n,n,"FANTA PEACH","330 ML",,n,1,0,0,n,,"=""100""",,,,,,n,,,,,,,
"=""6928804025934""","Specialty Drinks",1,599,n,n,"sprite sugar free EXOTIC","500 ML",,n,1,1,200,n,,"=""99""",,,,,,n,,,,,,,
"=""6943090420065""","Ice Cream",1,799,n,n,"PEACH EXHOTICK",,,n,1,0,0,n,,"=""100""",,,,,,n,,,,,,,
"=""6943090420430""","Ice Cream",1,799,n,n,"MANGO EXCHOTICK",,,n,1,0,0,n,,"=""100""",,,,,,n,,,,,,,
"=""6943090420577""","Ice Cream",1,799,n,n,"lemon exotic icecream",,,n,1,0,0,n,,"=""100""",,,,,,n,,,,,,,
"=""6943090420904""","Ice Cream",1,799,n,n,"EXHOTIC ICECREAM",,,n,1,0,0,n,,"=""100""",,,,,,n,,,,,,,
"=""6943090421178""","Ice Cream",1,799,n,n,"exhoticn ice  cream",,,n,1,0,0,n,,"=""100""",,,,,,n,,,,,,,
"=""6954529289658""",ACCESSORIES,1,499,n,n,"CORKS CREW",,,n,1,0,0,n,,"=""100""",,,,,,n,,,,,,,
"=""6956553401730""",Soda,1,599,n,n,"Pepsi lime",,,n,1,1,0,n,,"=""100""",,,,,,n,,,,,,,
"=""6970640429988""","Specialty Drinks",1,599,n,n,"RED BULL","250 ML",,n,1,0,0,n,,"=""100""",,,,,,n,,,,,,,
"=""6974104801754""",Gummy,1,499,n,n,"STRAWBERRY BURST GUMMY",,,n,1,1,499,n,,"=""100""",,,,,,n,,,,,,,
"=""6974104801778""",Gummy,1,499,n,n,"WATERMELON BURST GUMMY",,,n,1,1,200,n,,"=""100""",,,,,,n,,,,,,,
"=""6974104801815""",Gummy,1,499,n,n,"Lyzoo harth",,,n,1,1,200,n,,"=""100""",,,,,,n,,,,,,,
"=""6974104801839""",Gummy,1,499,n,n,"EYEBALL BURSTS",,,n,1,1,499,n,,"=""100""",,,,,,n,,,,,,,
"=""6974183555999""","Specialty Drinks",1,599,n,n,REDBULL,"400 ML",,n,1,1,250,n,,"=""100""",,,,,,n,,,,,,,
"=""6974183556668""","Specialty Drinks",1,599,n,n,"RED BULL PASSION FRUIT","325 ML",,n,1,1,216,n,,"=""100""",,,,,,n,,,,,,,
"=""6974183557689""","Energy Drinks",1,719,n,n,"Red Bull Pineapple Orange","12 OZ",,n,1,1,395,n,,"=""99""",,,,,,n,,,,,,,
"=""6974320512892""","Ice Cream",1,799,n,n,"GRABE ICE CREAM",,,n,1,0,0,n,,"=""100""",,,,,,n,,,,,,,
"=""6974320512915""","Ice Cream",1,799,n,n,Mango,,,n,1,0,0,n,,"=""100""",,,,,,n,,,,,,,
"=""6974320513028""","Ice Cream",1,799,n,n,"straBERRY ICECREAM",1pk,,n,1,0,0,n,,"=""100""",,,,,,n,,,,,,,
"=""6974320513295""","Ice Cream",1,799,n,n,"LYCHEE ICE CREAM",,,n,1,0,0,n,,"=""100""",,,,,,n,,,,,,,
"=""6974333807985""","Ice Cream",1,799,n,n,"CARROT ICE CREAM",,,n,1,0,0,n,,"=""100""",,,,,,n,,,,,,,
"=""6974333808586""","Ice Cream",1,799,n,n,"CHICKEN ICECREAM",,,n,1,0,0,n,,"=""100""",,,,,,n,,,,,,,
"=""6974488942630""",Pouches,1,999,n,n,"ZIMO 8 MG",,,n,1,0,0,n,,"=""100""",,,,,,n,,,,,,,
"=""6974488945563""",Pouches,1,999,n,n,"ZIMO 8 MG",,,n,1,0,0,n,,"=""100""",,,,,,n,,,,,,,
"=""6980263270119""",ACCESSORIES,1,3499,n,n,"CHEESE SQUISHY TOY",,,n,1,1,2000,n,,"=""99""",,,,,,n,,,,,,,
"=""7252727356028""",Gummy,1,499,n,n,"BANANA BURST GUMMY",,,n,1,1,200,n,,"=""100""",,,,,,n,,,,,,,
"=""7393077181684""",Gummy,1,499,n,n,"SUR SKALLE GELATI FRI",,,n,1,0,0,n,,"=""100""",,,,,,n,,,,,,,
"=""7393077181707""",Gummy,1,499,n,n,"COOL HALLON SKALLE GELATIN FRI SKUM",,,n,1,0,0,n,,"=""100""",,,,,,n,,,,,,,
"=""7416388130506""",Tequila,1,5499,n,n,"DON FULANO BLANCO","750 ML",,n,1,1,0,n,,"=""100""",,,,,,n,,,,,,,
"=""7416388130674""",Tequila,1,6999,n,n,"DON FULANO FUERTE","750 ML",,n,1,0,0,n,,"=""100""",,,,,,n,,,,,,,
"=""7416388170588""",Tequila,1,899,n,n,"DON FULANO","50 ML",,n,1,1,0,n,,"=""100""",,,,,,n,,,,,,,
"=""7416388230596""",Tequila,1,6999,n,n,"DON FILANO REP","750 ML",,n,2,0,0,n,,"=""100""",,,,,,n,,,,,,,
"=""7416388330586""",Tequila,1,9699,n,n,"DON FULANO ANEJO","750 ML",,n,1,0,0,n,,"=""100""",,,,,,n,,,,,,,
"=""7416388337516""",Tequila,1,26999,n,n,"DON FULANO IMPERIAL EXTRA ANEJOI","750 ML",,n,1,0,0,n,,"=""100""",,,,,,n,,,,,,,
"=""7416388370568""",Tequila,1,999,n,n,"DON FULANO ANEJO","50 ML",,n,1,1,0,n,,"=""100""",,,,,,n,,,,,,,
"=""7465603155299""",CIGARS,1,999,n,n,UnderCrown,"=""2""",,n,1,1,516,n,,"=""100""",,,,,,n,,,,,,,
"=""7465603155411""",CIGARS,1,999,n,n,"La Aurora","=""2""",,n,1,1,516,n,,"=""100""",,,,,,n,,,,,,,
"=""7500435019491""",ACCESSORIES,1,799,n,n,"head shoulders MEN",375ML,,n,1,1,0,n,,"=""100""",,,,,,n,,,,,,,
"=""7500462214302""",Tequila,1,8499,n,n,"ADICTIVO ANEJO","750 ML",,n,1,0,0,n,,"=""100""",,,,,,n,,,,,,,
"=""7500462214319""",Tequila,1,6799,n,n,"ADICTIVO PLATA","750 ML",,n,1,0,0,n,,"=""100""",,,,,,n,,,,,,,
"=""7500462214326""",Tequila,1,7499,n,n,"ADICTIVO DOBLE REPOSADO","750 ML",,n,2,1,0,n,,"=""100""",,,,,,n,,,,,,,
"=""7500462214333""",Tequila,1,11999,n,n,"ADECTIVO TEQUILA EXTRA ANEJO","750 ML",,n,2,1,7500,n,,"=""6""",,,,,,n,,,,,,,
"=""7500462253158""",Tequila,1,29999,n,n,"MANDALA EXTRA ANEJO","1 LITER",,n,2,1,16800,n,,"=""2""",,,,,,n,,,,,,,
"=""7500462805401""",Tequila,1,7499,n,n,"CAZCANES NO.7 BLANCO 750ML","750 ML",,n,1,0,4710,n,,"=""6""",,,,,,n,,,,,,,
"=""7500462805418""",Tequila,1,12999,n,n,"CAZCANES REPOSADO","750 ML",,n,1,0,0,n,,"=""100""",,,,,,n,,,,,,,
"=""7500462805432""",Tequila,1,16999,n,n,"CAZCANES ANEJO","750 ML",,n,1,0,0,n,,"=""100""",,,,,,n,,,,,,,
"=""7500463004148""",Tequila,1,10325,n,n,"Mandala Reposado","1 LITER",,n,2,1,6700,n,,"=""100""",,,,,,n,,,,,,,
"=""7500463004162""",Tequila,1,8999,n,n,"MANDALA BLANCO","1 LITER",,n,2,1,5700,n,,"=""100""",,,,,,n,,,,,,,
"=""7500463565120""",Tequila,1,14999,n,n,"MANDALA ANEJO","750 ML",,n,2,1,9500,n,,"=""100""",,,,,,n,,,,,,,
"=""7500464656902""",CIGARS,1,1899,n,n,"SMOOTH & BALANCED",,,n,1,0,0,n,,"=""100""",,,,,,n,,,,,,,
"=""7500464656940""",CIGARS,1,1899,n,n,"1910 HEARTY & POWER FULL",,,n,1,0,0,n,,"=""100""",,,,,,n,,,,,,,
"=""7500464903600""",Liqueur,1,3999,n,n,"PRIMO LICORES DE MEXICO APERITIVO","700 ML",,n,2,1,0,n,,"=""100""",,,,,,n,,,,,,,
"=""7500478042296""","Chips - Other",1,499,n,n,"SABRITONES CHURRUMAIS","185 g",,n,1,1,269,n,,"=""100""",,,,,,n,,,,,,,
"=""7500478044160""","Chips - Other",1,499,n,n,"CHEETOS BOLITAS","110 G",,n,1,1,250,n,,"=""100""",,,,,,n,,,,,,,
"=""7501011130869""","Chips - Other",1,499,n,n,"Tostitos Salsa Verde",200g,,n,1,1,250,n,,"=""100""",,,,,,n,,,,,,,
"=""7501011130876""","Chips - Other",1,499,n,n,"Tostitos Flamin Hot","175 G",,n,1,1,250,n,,"=""100""",,,,,,n,,,,,,,
"=""7501011130937""","Chips - Other",1,499,n,n,"Cheetos Flamin' Hot","150 g",,n,1,1,269,n,,"=""100""",,,,,,n,,,,,,,
"=""7501011131040""","Chips - Other",1,499,n,n,"Sabritas Crijutos sabor a Queso y Chile",130g,,n,1,1,250,n,,"=""100""",,,,,,n,,,,,,,
"=""7501011131118""","Chips - Other",1,499,n,n,"Frito-os Sabor Chile yLimon",6oz,,n,1,1,0,n,,"=""100""",,,,,,n,,,,,,,
"=""7501011167667""","Chips - Other",1,499,n,n,"sabritas Adobadas","3.7 oz",,n,1,1,0,n,,"=""100""",,,,,,n,,,,,,,
"=""7501035014206""",Tequila,1,4999,n,n,"MAESTRO TEQUILERO BLANCO","750 ML",,n,2,1,3000,n,,"=""100""",,,,,,n,,,,,,,
"=""7501056371159""",ACCESSORIES,1,249,n,n,"Dove Exfoliacion",135g,,n,1,1,79,n,,"=""100""",,,,,,n,,,,,,,
"=""7501058611062""",Grocery,1,399,n,n,"NESTLE CARNATION CLAVEL",360G,,n,1,1,152,n,,"=""100""",,,,,,n,,,,,,,
"=""7501398100318""",Tequila,1,3299,n,n,"ELTEQUILENO BLANCO","750 ML",,n,1,0,0,n,,"=""100""",,,,,,n,,,,,,,
"=""7501398100325""",Tequila,1,6599,n,n,"ELTEQUILENO PLATINUM","750 ML",,n,1,0,0,n,,"=""100""",,,,,,n,,,,,,,
"=""7501607500601""",Gummy,1,179,n,n,"Tama-roca 1.4oz",,,n,1,1,42,n,,"=""100""",,,,,,n,,,,,,,
"=""7502211473558""",Tequila,1,18599,n,n,"DINASTIA REAL REPOSADO","750 ML",,n,2,1,12000,n,,"=""100""",,,,,,n,,,,,,,
"=""7502221966101""",Tequila,1,9999,n,n,"FORTALEZA BLANCO","750 ML",,n,1,1,0,n,,"=""100""",,,,,,n,,,,,,,
"=""7502221967108""",Tequila,1,19999,n,n,"FORTALEZA REPOSADO","750 ML",,n,1,1,0,n,,"=""100""",,,,,,n,,,,,,,
"=""7502221968105""",Tequila,1,29999,n,n,FORTALEZA,"750 ML",,n,1,0,0,n,,"=""100""",,,,,,n,,,,,,,
"=""7502221969034""",Tequila,1,11999,n,n,"FORTALEZA BLANCO STILL STRENGTH","750 ML",,n,1,0,0,n,,"=""100""",,,,,,n,,,,,,,
"=""7502221969096""",Tequila,1,9999,n,n,"FORTALEZA TEQ BLANCO 750ML","750 ml",,n,1,1,4582,n,,"=""10""",,,,,,n,,,,,,,
"=""7502221969348""",Tequila,1,19999,n,n,"FORTALEZA TEQ REPOSADO 750ML","750 ml",,n,1,1,5310,n,,"=""6""",,,,,,n,,,,,,,
"=""7502226812335""",Gummy,1,99,n,n,"Lucas Mueces Watermelon","0.88 Oz",,n,1,1,0,n,,"=""100""",,,,,,n,,,,,,,
"=""7502226813820""",Gummy,1,199,n,n,skwinklote,,,n,1,1,66,n,,"=""100""",,,,,,n,,,,,,,
"=""7502256021752""",Tequila,1,5499,n,n,"LUNA NUEVA SILVER","750 ML",,n,2,1,0,n,,"=""100""",,,,,,n,,,,,,,
"=""7502256022759""",Tequila,1,6499,n,n,"LUNA NUEVA REPOSADO","750 ML",,n,2,1,0,n,,"=""100""",,,,,,n,,,,,,,
"=""7502256023756""",Tequila,1,7999,n,n,"LUNA NUEVA ANEJO","750 ML",,n,2,1,0,n,,"=""100""",,,,,,n,,,,,,,
"=""7503008810990""",Tequila,1,6999,n,n,"EMBAJADOR PREMIUM MAZALUEL","750 ML",,n,2,1,4500,n,,"=""100""",,,,,,n,,,,,,,
"=""7503013136207""",Liqueur,1,6999,n,n,Tequila,,,n,1,1,0,n,,"=""100""",,,,,,n,,,,,,,
"=""7503016230018""",Tequila,1,3799,n,n,"Mazcal union","750 ml",,n,2,0,0,n,,"=""100""",,,,,,n,,,,,,,
"=""7503018079004""",Tequila,1,5999,n,n,"G4 BLANCO","750 ML",,n,2,1,3500,n,,"=""6""",,,,,,n,,,,,,,
"=""7503018079059""",Tequila,1,6499,n,n,"G 4 REPOSADO","750 ML",,n,2,1,4200,n,,"=""8""",,,,,,n,,,,,,,
"=""7503018079240""",Tequila,1,8999,n,n,"G4 BLANCO PREMIUM 108 PROOF","750 ML",,n,2,1,4800,n,,"=""6""",,,,,,n,,,,,,,
"=""7503018079288""",Tequila,1,7999,n,n,"G4 BLANCO 90 PROOF","750 ML",,n,2,1,4800,n,,"=""6""",,,,,,n,,,,,,,
"=""7503020378331""",Tequila,1,1499,n,n,"OCEANO AZUL BLANCO","750 ML",,n,1,0,0,n,,"=""100""",,,,,,n,,,,,,,
"=""7503020378560""",Shots,1,199,n,n,"Oceano Azul",,,n,1,1,0,n,,"=""100""",,,,,,n,,,,,,,
"=""7503020378911""",Shots,1,299,n,n,"Oceano Azul Anejo",,,n,1,1,0,n,,"=""100""",,,,,,n,,,,,,,
"=""7503023613736""",Tequila,1,13086,n,n,"Don Camilo Eztra Anejo","750 ML",,n,2,1,8500,n,,"=""100""",,,,,,n,,,,,,,
"=""7503027709138""",Tequila,1,3799,n,n,"ojo de tigre artesanal mezcal","750 ml",,n,2,1,0,n,,"=""100""",,,,,,n,,,,,,,
"=""7503027709879""",Tequila,1,2799,n,n,"GRAN MALO SPICY TAMARINDO","750 ML",,n,2,1,1409,n,,"=""100""",,,,,,n,,,,,,,
"=""7503027709909""",Tequila,1,7999,n,n,"GRAN MALO HORCHATA","750 ML",,n,1,0,0,n,,"=""100""",,,,,,n,,,,,,,
"=""7503029246594""",Tequila,1,12999,n,n,"ADICTIVO TEQUILA AÔøΩÔøΩÔøΩÔøΩÔøΩÔøΩÔøΩÔøΩÔøΩÔøΩÔøΩÔøΩEJO","750 ml",,n,1,1,0,n,,"=""100""",,,,,,n,,,,,,,
"=""7503032563527""",Tequila,1,2499,n,n,"PALOMO MEZCAL ARTESANAL",,,n,1,0,0,n,,"=""100""",,,,,,n,,,,,,,
"=""7503036790011""",Tequila,1,4999,n,n,"RESERVA DE LA TORRE REPOSADO","750 ML",,n,2,0,0,n,,"=""100""",,,,,,n,,,,,,,
"=""7503036790028""",Tequila,1,3999,n,n,"de la terre reserve",,,n,1,0,0,n,,"=""100""",,,,,,n,,,,,,,
"=""7503036790202""",Shots,1,399,n,n,B,,,n,1,0,0,n,,"=""100""",,,,,,n,,,,,,,
"=""7503039965416""",Shots,1,299,n,n,"GRAN MALO 50 ML","50 ML",,n,1,1,166,n,,"=""100""",,,,,,n,,,,,,,
"=""7503039965553""",Tequila,1,7999,n,n,"GRAN MALO JAMAICA","750 ML",,n,1,0,0,n,,"=""100""",,,,,,n,,,,,,,
"=""7503047497008""",Tequila,1,6499,n,n,"LAELIA BLANCO","750 ML",,n,1,1,4134,n,,"=""100""",,,,,,n,,,,,,,
"=""7503047497015""",Tequila,1,7599,n,n,"LAELIA REPOSADO","750 ML",,n,1,1,4884,n,,"=""100""",,,,,,n,,,,,,,
"=""7503047497022""",Tequila,1,9299,n,n,"LAELIA ANEJO","750 ML",,n,1,3,18100,n,,"=""100""",,,,,,n,,,,,,,
"=""7503051473005""",Tequila,1,4501,n,n,"Dady O Mezcal","750 ML",,n,2,1,2914,n,,"=""100""",,,,,,n,,,,,,,
"=""7506174513900""",Gummy,1,149,n,n,"LUCAS MUECAS",,,n,1,1,0,n,,"=""100""",,,,,,n,,,,,,,
"=""7506192510028""","Ready-to-Drink (RTD)",1,699,n,n,"MR BLUE AZULITO CON VODKA",16oz,,n,1,0,0,n,,"=""100""",,,,,,n,,,,,,,
"=""7533396874793""",Tequila,1,5499,n,n,Lobes,,,n,1,0,0,n,,"=""100""",,,,,,n,,,,,,,
"=""7613032625474""",CHOCOLATE,1,299,n,n,LION,,,n,1,0,0,n,,"=""100""",,,,,,n,,,,,,,
"=""7613287910561""",CHOCOLATE,1,249,n,n,"LION NESTLE",,,n,1,1,100,n,,"=""100""",,,,,,n,,,,,,,
"=""7614500010013""",CHOCOLATE,1,499,n,n,"TOBLERONE MILK","100 G",,n,1,20,4500,n,,"=""100""",,,,,,n,,,,,,,
"=""7622201389215""",Grocery,1,399,n,n,"OREO REMIX TIRAMISU & VANILLA FLAVOUR",,,n,1,1,200,n,,"=""100""",,,,,,n,,,,,,,
"=""7622201505059""",Grocery,1,399,n,n,"OREO RE MIX RASPBERRY",,,n,1,1,200,n,,"=""100""",,,,,,n,,,,,,,
"=""7622202041495""",CHOCOLATE,1,399,n,n,"MILKA LEO GO","48 G",,n,1,1,107,n,,"=""100""",,,,,,n,,,,,,,
"=""7622202261671""",CHOCOLATE,1,449,n,n,"MILKA HAPPY CAW",,,n,1,1,200,n,,"=""100""",,,,,,n,,,,,,,
"=""7622202264115""",CHOCOLATE,1,499,n,n,"MILKA  WHOLE HAZELNUTS",,,n,1,1,200,n,,"=""100""",,,,,,n,,,,,,,
"=""7622202265884""",CHOCOLATE,1,699,n,n,"MILKA SENSATIONS COOKIES OREO CREME","156 G",,n,1,0,0,n,,"=""100""",,,,,,n,,,,,,,
"=""7622202271601""",CHOCOLATE,1,449,n,n,"MILKA LAPTE ALPIN",,,n,1,1,200,n,,"=""100""",,,,,,n,,,,,,,
"=""7622210371638""",CHOCOLATE,1,449,n,n,"MILKA ALPNE MILK",,,n,1,1,200,n,,"=""100""",,,,,,n,,,,,,,
"=""7622210406354""",CHOCOLATE,1,499,n,n,"MILKA CHOCO STICKS",,,n,1,0,0,n,,"=""100""",,,,,,n,,,,,,,
"=""7622210413147""",CHOCOLATE,1,599,n,n,"MILKA CHOC&CHOC","150 g",,n,1,12,3800,n,,"=""100""",,,,,,n,,,,,,,
"=""7622210544179""",CHOCOLATE,1,499,n,n,"MILKA OREO WHITE",,,n,1,1,200,n,,"=""100""",,,,,,n,,,,,,,
"=""7622210633354""",Grocery,1,399,n,n,"OREO STRAWBERRY CHEESECAKE",,,n,1,1,200,n,,"=""100""",,,,,,n,,,,,,,
"=""7622210713650""",CHOCOLATE,1,299,n,n,"MILKA OREO",,,n,1,1,0,n,,"=""100""",,,,,,n,,,,,,,
"=""7622210717061""",CHOCOLATE,1,249,n,n,"MILKA OREO",,,n,1,1,100,n,,"=""100""",,,,,,n,,,,,,,
"=""7622210836687""",Grocery,1,399,n,n,"OREO CHOCO BROWNIE",,,n,1,1,200,n,,"=""100""",,,,,,n,,,,,,,
"=""7622210999108""",CHOCOLATE,1,449,n,n,"MILKA OREO",,,n,1,1,200,n,,"=""100""",,,,,,n,,,,,,,
"=""7622300491161""",CHOCOLATE,1,749,n,n,"OREO BANADAS BLANCO","246 g",,n,1,10,3620,n,,"=""100""",,,,,,n,,,,,,,
"=""7622300491215""",CHOCOLATE,1,749,n,n,"OREO BANADAS 246 G","246 g",,n,1,10,3620,n,,"=""100""",,,,,,n,,,,,,,
"=""7622300590970""",CHOCOLATE,1,649,n,n,"MILKA CHOCO BISCUITS","150 G",,n,1,14,3850,n,,"=""100""",,,,,,n,,,,,,,
"=""7623500244434""",CIGARS,1,1699,n,n,"AVO CLASSIC ROBUSTO",,,n,1,0,0,n,,"=""100""",,,,,,n,,,,,,,
"=""7623500244458""",CIGARS,1,1699,n,n,"AVO CALSSIC NO.2",,,n,1,0,893,n,,"=""100""",,,,,,n,,,,,,,
"=""7623500244519""",CIGARS,1,1799,n,n,"AVO XO INTERMEZZO",,,n,1,0,987,n,,"=""100""",,,,,,n,,,,,,,
"=""7623500244526""",CIGARS,1,1899,n,n,"AVO XO LEGATO",,,n,1,0,1019,n,,"=""100""",,,,,,n,,,,,,,
"=""7623500244595""",CIGARS,1,1699,n,n,"AVO SYNCRO NICARAGUA ROBUSTO",,,n,1,1,0,n,,"=""100""",,,,,,n,,,,,,,
"=""7791293041124""",ACCESSORIES,1,699,n,n,"AXE COLLISION",,,n,1,0,0,n,,"=""100""",,,,,,n,,,,,,,
"=""7791293041230""",ACCESSORIES,1,599,n,n,"AXE BLACK NIGHT",,,n,1,0,0,n,,"=""100""",,,,,,n,,,,,,,
"=""7791293048871""",ACCESSORIES,1,599,n,n,"axe black night black caramel",,,n,1,1,252,n,,"=""100""",,,,,,n,,,,,,,
"=""7791293050638""",ACCESSORIES,1,599,n,n,"axe epic fresh","150 ml",,n,1,1,219,n,,"=""100""",,,,,,n,,,,,,,
"=""8000500267035""",CHOCOLATE,1,299,n,n,"Kinder Delice","1.5 oz",,n,1,1,110,n,,"=""100""",,,,,,n,,,,,,,
"=""8000500273555""",CHOCOLATE,1,349,n,n,"HANUTA HASELNUSS - SCHNITTE",,,n,1,1,127,n,,"=""100""",,,,,,n,,,,,,,
"=""8000500310397""",CHOCOLATE,1,699,n,n,"NUTELLA BISCUITS TUBE 12PCS","166 G",,n,1,1,390,n,,"=""100""",,,,,,n,,,,,,,
"=""8000500310427""",CHOCOLATE,1,1299,n,n,"NUTELLA BISCUITS BAG 22PCS","304 g",,n,1,10,6000,n,,"=""100""",,,,,,n,,,,,,,
"=""8000500359358""",CHOCOLATE,1,299,n,n,"NUTELLA BISCUITS",,,n,1,0,0,n,,"=""100""",,,,,,n,,,,,,,
"=""8000500359488""",CHOCOLATE,1,599,n,n,"FERRER ROCHER","90 G",,n,1,1,200,n,,"=""100""",,,,,,n,,,,,,,
"=""8000500359556""",CHOCOLATE,1,599,n,n,"RAFFAELLO FERRERO",,,n,1,0,0,n,,"=""100""",,,,,,n,,,,,,,
"=""8000500359815""",CHOCOLATE,1,599,n,n,"FERRERO ROCHER","90 g",,n,1,8,2400,n,,"=""100""",,,,,,n,,,,,,,
"=""8000500359884""",CHOCOLATE,1,599,n,n,"FERRERO ROCHER","90 g",,n,1,8,2400,n,,"=""100""",,,,,,n,,,,,,,
"=""8000500362303""",CHOCOLATE,1,499,n,n,"KINDER HAPPY HIPPO BISCUIT",,,n,1,0,0,n,,"=""100""",,,,,,n,,,,,,,
"=""8000500423523""",CHOCOLATE,1,729,n,n,"KINDER HAPPY HIPPO",,,n,1,1,362,n,,"=""100""",,,,,,n,,,,,,,
"=""8000500423530""",CHOCOLATE,1,729,n,n,"KINDER HAPPY HIPPO",,,n,1,1,362,n,,"=""100""",,,,,,n,,,,,,,
"=""8008863040029""","White Wine",1,1599,n,n,"SCARPETTA PINOT GRIGIO",,,n,1,1,0,n,,"=""100""",,,,,,n,,,,,,,
"=""8009076000886""","Import Beer",1,1799,n,n,"MENABREA AMBRATA","11.2 o 6 pk",,n,6,1,0,n,,"=""100""",,,,,,n,,,,,,,
"=""8032927372481""","White Wine",1,1899,n,n,"D'ORSARIA PINOT GRIGEO","750 ML",,n,1,1,100,n,,"=""100""",,,,,,n,,,,,,,
"=""8056737003502""","White Wine",1,1499,n,n,"FRICO BIANCO",,,n,1,1,0,n,,"=""100""",,,,,,n,,,,,,,
"=""8101790859198""",Gummy,1,499,n,n,Peelers,,,n,1,0,0,n,,"=""100""",,,,,,n,,,,,,,
"=""8131210242408""",Juice,1,645,n,n,"Pressed Mango Turmeric","15.2 OZ",,n,1,1,380,n,,"=""100""",,,,,,n,,,,,,,
"=""8276802308428""",ACCESSORIES,1,299,n,n,"75 SHEET LINT ROLLER",,,n,1,0,0,n,,"=""100""",,,,,,n,,,,,,,
"=""8430961111026""","Wine General",1,1499,n,n,"SANTALBA CRIANZA RIOJA ALTA","750 ML",,n,2,1,900,n,,"=""100""",,,,,,n,,,,,,,
"=""8430961201932""","Wine General",1,2199,n,n,"QUE VIDA","750 ML",,n,2,1,1300,n,,"=""100""",,,,,,n,,,,,,,
"=""8436561120277""","Pantry & Grocery Extras",1,2367,n,n,"Gulp Hablo Organic Wine","1 LITER",,n,1,1,1300,n,,"=""100""",,,,,,n,,,,,,,
"=""8437000043300""","Pantry & Grocery Extras",1,1999,n,n,"ALBET i NOYA",,,n,1,1,0,n,,"=""100""",,,,,,n,,,,,,,
"=""8437011762610""","Pantry & Grocery Extras",1,1999,n,n,"ALBET i NOYA ROSÔøΩÔøΩÔøΩÔøΩÔøΩÔøΩÔøΩÔøΩÔøΩÔøΩÔøΩÔøΩ",,,n,1,1,0,n,,"=""100""",,,,,,n,,,,,,,
"=""8437012218772""","Pantry & Grocery Extras",1,2199,n,n,"GULP HABLO",,,n,1,1,0,n,,"=""13""",,,,,,n,,,,,,,
"=""8445290715975""",CHOCOLATE,1,299,n,n,"NESTLE JUNGLY BARRITAS","34 g",,n,1,30,3300,n,,"=""100""",,,,,,n,,,,,,,
"=""8462610036152""",CIGARS,1,1699,n,n,"ROCKY PATEL SUN GROWN",,,n,1,1,0,n,,"=""100""",,,,,,n,,,,,,,
"=""8500004291098""","Protein Bars",1,449,n,n,"BAREBELLS WHITH CHOCOLATE ALMOND",,,n,1,1,208,n,,"=""100""",,,,,,n,,,,,,,
"=""8500067484338""",Juice,1,220,n,n,"POCASVILLE SOURSOP","16.5 OZ",,n,1,1,100,n,,"=""100""",,,,,,n,,,,,,,
"=""8500303420625""",Gummy,1,499,n,n,"OH CHILE SPICY WORMS",,,n,1,1,250,n,,"=""12""",,,,,,n,,,,,,,
"=""8500303422438""",Gummy,1,603,n,n,"Oh Chile Tamarindo Balls",,,n,1,1,300,n,,"=""7""",,,,,,n,,,,,,,
"=""8504770060322""","Red Wine",1,1499,n,n,FRICO,"750 ml",,n,1,1,0,n,,"=""100""",,,,,,n,,,,,,,
"=""8547530085272""",ACCESSORIES,1,2499,n,n,"X-M WIRELESS SPEAKER",,,n,1,1,899,n,,"=""100""",,,,,,n,,,,,,,
"=""8583490018714""",Tequila,1,19999,n,n,"DOS ARTES ANEJO","1 L",,n,1,0,0,n,,"=""100""",,,,,,n,,,,,,,
"=""8583490018882""",Tequila,1,11999,n,n,"DOS ARTES REPOSADO","750 ML",,n,1,0,0,n,,"=""100""",,,,,,n,,,,,,,
"=""8583490018950""",Tequila,1,9999,n,n,"DOS ARTES BLANCO","750 ML",,n,1,0,0,n,,"=""100""",,,,,,n,,,,,,,
"=""8680679360388""",Grocery,1,699,n,n,"KUTLU CIKOLTA MANGO &PASSION FRUIT",,,n,1,0,0,n,,"=""100""",,,,,,n,,,,,,,
"=""8682213100009""",CHOCOLATE,1,299,n,n,DOUBICOCO,,,n,1,1,100,n,,"=""100""",,,,,,n,,,,,,,
"=""8682213100375""",CHOCOLATE,1,299,n,n,"ROSSO BIANCO DUBIGOF",,,n,1,1,100,n,,"=""100""",,,,,,n,,,,,,,
"=""8682665829589""",Grocery,1,799,n,n,"LABOOMBO CARAMEL",,,n,1,0,0,n,,"=""100""",,,,,,n,,,,,,,
"=""8684568302121""",Grocery,1,199,n,n,"DUBAI CHOCOLATE",,,n,1,0,0,n,,"=""100""",,,,,,n,,,,,,,
"=""8690504080893""",Grocery,1,399,n,n,"ULKER OLALA SFFLE CK",70G,,n,1,1,0,n,,"=""100""",,,,,,n,,,,,,,
"=""8690632040714""",CHOCOLATE,1,199,n,n,"CRUNCH GOFRET",,,n,1,0,0,n,,"=""100""",,,,,,n,,,,,,,
"=""8690632049168""",CHOCOLATE,1,249,n,n,"NESQUIK GORFET",,,n,1,0,0,n,,"=""100""",,,,,,n,,,,,,,
"=""8697288520980""",Grocery,1,1999,n,n,"DUBAI CHOCOLATE",,,n,1,0,0,n,,"=""100""",,,,,,n,,,,,,,
"=""8697288521277""",CHOCOLATE,1,499,n,n,"DUBACO DUBAI CHOCOLATE",,,n,1,1,200,n,,"=""100""",,,,,,n,,,,,,,
"=""8710447362945""",ACCESSORIES,1,999,n,n,lotion,,,n,1,1,349,n,,"=""100""",,,,,,n,,,,,,,
"=""8714789823775""",ACCESSORIES,1,299,n,n,"Cepillo dental",,,n,1,1,49,n,,"=""100""",,,,,,n,,,,,,,
"=""8720181114441""",ACCESSORIES,1,699,n,n,Axe,,,n,1,0,0,n,,"=""100""",,,,,,n,,,,,,,
"=""8720181114526""",ACCESSORIES,1,599,n,n,"AXE GOLD TEMTATION",,,n,1,0,0,n,,"=""100""",,,,,,n,,,,,,,
"=""8720181114533""",ACCESSORIES,1,699,n,n,"AXE VICE CHILL",,,n,1,1,243,n,,"=""100""",,,,,,n,,,,,,,
"=""8720181114540""",ACCESSORIES,1,599,n,n,"AXE MARINE",,,n,1,0,0,n,,"=""100""",,,,,,n,,,,,,,
"=""8720181114557""",ACCESSORIES,1,599,n,n,"AXE MUSK",,,n,1,0,0,n,,"=""100""",,,,,,n,,,,,,,
"=""8720181357893""",ACCESSORIES,1,599,n,n,"DOVE MEN CARE",400ML,,n,1,0,0,n,,"=""100""",,,,,,n,,,,,,,
"=""8801037094909""",Grocery,1,499,n,n,"OREO KOREAN CRACKER",,,n,1,1,250,n,,"=""3""",,,,,,n,,,,,,,
"=""8801037095302""",Grocery,1,499,n,n,"OREO CINNEMANROL",,,n,1,1,250,n,,"=""100""",,,,,,n,,,,,,,
"=""8801073110502""",Grocery,1,499,n,n,"BULDAK ORIGINAL  RAMEN",,,n,1,1,0,n,,"=""100""",,,,,,n,,,,,,,
"=""8801073113312""",Grocery,1,299,n,n,"SMYNG HT CHKN RAMEN",1EA,,n,1,1,0,n,,"=""100""",,,,,,n,,,,,,,
"=""8801073113428""",Grocery,1,299,n,n,"SYMNG 2X SPICY CHKN",4.93OZ,,n,1,1,0,n,,"=""100""",,,,,,n,,,,,,,
"=""8801073113893""",Grocery,1,499,n,n,"BUDLAK CARBONIRA","4.58 OZ",,n,1,1,139,n,,"=""100""",,,,,,n,,,,,,,
"=""8801073115514""",Grocery,1,499,n,n,"BULDAk RAMEN HABANERO LIME",4.76oZ,,n,1,0,0,n,,"=""100""",,,,,,n,,,,,,,
"=""8801073210363""",Grocery,1,499,n,n,"BULDAK ARTIFICIAL ORIGINAL SPICY CHICKEN 3.88 OZ","3.88 OZ",,n,1,1,231,n,,"=""100""",,,,,,n,,,,,,,
"=""8801073210776""",Grocery,1,349,n,n,"BULDAK SPICY CHICKEN SAMYANG   2.47 OZ","2.47 OZ",,n,1,1,0,n,,"=""100""",,,,,,n,,,,,,,
"=""8801073211216""",Grocery,1,499,n,n,"BULDAK ARTIFICIAL SPICY CHICKEN *2 sPICY  3.88 OZ","3.8 OZ",,n,1,1,231,n,,"=""100""",,,,,,n,,,,,,,
"=""8801073211506""",Grocery,1,499,n,n,"BULDAK ARTIFICIAL SPICY CHICKEN 3.88 OZ","3.88 OZ",,n,1,1,231,n,,"=""100""",,,,,,n,,,,,,,
"=""8801073211667""",Grocery,1,349,n,n,"BULDAK SPICY CHICKEN CARBONARA 2.47 OZ","2.47 OZ",,n,1,0,0,n,,"=""100""",,,,,,n,,,,,,,
"=""8801073212763""",Grocery,1,499,n,n,"BULDAK  SPICY CHICKEN","3.88 OZ",,n,1,1,231,n,,"=""100""",,,,,,n,,,,,,,
"=""8801073215863""",Grocery,1,499,n,n,"BULDAK SPICY CHICKEN AND HABANERO LIME 3.88 OZ","3.88 OZ",,n,1,1,231,n,,"=""100""",,,,,,n,,,,,,,
"=""8801073411388""",Grocery,1,699,n,n,"BULDAK HOT SAUCE ORIGINAL 7.05 OZ","7.05 OZ",,n,1,0,0,n,,"=""100""",,,,,,n,,,,,,,
"=""8801073411432""",Grocery,1,699,n,n,"BULDAK HOT SAUCE 7.05 OZ CARBONARA","7.05 OZ",,n,1,0,0,n,,"=""100""",,,,,,n,,,,,,,
"=""8801100129729""",Soju,1,699,n,n,"GOOD DAY 375ML ORIGINAL","375 ML",,n,1,1,0,n,,"=""100""",,,,,,n,,,,,,,
"=""8801100130503""",Soju,1,699,n,n,"Good day sojo",,,n,1,0,0,n,,"=""100""",,,,,,n,,,,,,,
"=""8801100130510""",Soju,1,699,n,n,"GOOD DAY SOJU PEACH FLAVOR","375 ML",,n,1,0,0,n,,"=""100""",,,,,,n,,,,,,,
"=""8801100130527""",Soju,1,699,n,n,"GOOD DAY SOJU WATERMELON","375 ML",,n,1,0,0,n,,"=""100""",,,,,,n,,,,,,,
"=""8801100130534""",Soju,1,699,n,n,"GOOD DAY SOJU PINEAPPLE","375 ML",,n,1,0,0,n,,"=""100""",,,,,,n,,,,,,,
"=""8801100130541""",Soju,1,699,n,n,"GOOD DAY BLUEBERRY","375 ML",,n,1,0,0,n,,"=""100""",,,,,,n,,,,,,,
"=""8801100130558""",Soju,1,699,n,n,"GOOD DAY SOJU POMEGRANATE","375 ML",,n,1,1,0,n,,"=""100""",,,,,,n,,,,,,,
"=""8801100130572""",Soju,1,699,n,n,"GOOD DAY SOJU GRAPEFRUIT","375 ML",,n,1,0,0,n,,"=""100""",,,,,,n,,,,,,,
"=""8801100130589""",Soju,1,699,n,n,"GOOD DAY SOJU GREEN GRAPE","375 ML",,n,1,0,0,n,,"=""100""",,,,,,n,,,,,,,
"=""8801100130619""",Soju,1,699,n,n,"GOOD DAY SOJU CHERRY","375 ML",,n,1,1,0,n,,"=""100""",,,,,,n,,,,,,,
"=""8801100130961""",Soju,1,699,n,n,"GOOD DAY SOJU MANGO","375 ML",,n,1,0,0,n,,"=""100""",,,,,,n,,,,,,,
"=""8801100132262""",Soju,1,699,n,n,"good day",,,n,1,0,0,n,,"=""100""",,,,,,n,,,,,,,
"=""8801100132453""",Soju,1,699,n,n,"GOOD DAY SOJU YOGURT FLAVOR","375 ML",,n,1,0,0,n,,"=""100""",,,,,,n,,,,,,,
"=""8809369150065""",Juice,1,249,n,n,Aloe,"=""150""",,n,1,1,0,n,,"=""100""",,,,,,n,,,,,,,
"=""8850228000083""","Specialty Drinks",1,699,n,n,REDBULL,"145 ML",,n,1,1,256,n,,"=""100""",,,,,,n,,,,,,,
"=""8850228000281""","Specialty Drinks",1,599,n,n,"RED BULL EXTRA","170 ML",,n,1,1,250,n,,"=""100""",,,,,,n,,,,,,,
"=""8850228003046""","Specialty Drinks",1,599,n,n,REDBULL,,,n,1,0,0,n,,"=""100""",,,,,,n,,,,,,,
"=""8850228007716""","Specialty Drinks",1,599,n,n,"RED BULL  GRAPE APPLE","250 ML",,n,1,0,0,n,,"=""100""",,,,,,n,,,,,,,
"=""8850228008171""","Specialty Drinks",1,599,n,n,"RED BULL BLUEBERRY","250 ML",,n,1,0,0,n,,"=""100""",,,,,,n,,,,,,,
"=""8850228008744""","Energy Drinks",1,599,n,n,REDBULL,,,n,1,0,0,n,,"=""100""",,,,,,n,,,,,,,
"=""8850338007644""","Breath Refreshers",1,249,n,n,"HALLS LIME",,,n,1,1,104,n,,"=""100""",,,,,,n,,,,,,,
"=""8857124866072""",Juice,1,349,n,n,"BASIL SEED DRINK WITH HONEY",,,n,1,0,0,n,,"=""100""",,,,,,n,,,,,,,
"=""8857124866393""",Juice,1,295,n,n,"BASIL SEED DRINK",,,n,1,0,0,n,,"=""100""",,,,,,n,,,,,,,
"=""8886467065736""",ACCESSORIES,1,599,n,n,"AXE AFRICA",,,n,1,0,0,n,,"=""100""",,,,,,n,,,,,,,
"=""8888826019589""",ACCESSORIES,1,299,n,n,"BLUE II PLUS",,,n,1,1,83,n,,"=""100""",,,,,,n,,,,,,,
"=""8904234400181""",ACCESSORIES,1,299,n,n,"Super Hit",EA,,n,1,1,0,n,,"=""100""",,,,,,n,,,,,,,
"=""8904234405582""",ACCESSORIES,1,299,n,n,"INDIAN ROSE",,,n,1,0,0,n,,"=""100""",,,,,,n,,,,,,,
"=""8904245400477""",ACCESSORIES,1,249,n,n,"Nag Champa agarbatti",15g,,n,1,1,0,n,,"=""100""",,,,,,n,,,,,,,
"=""8908004953372""",ACCESSORIES,1,249,n,n,"Incencio super hit",,,n,1,1,0,n,,"=""100""",,,,,,n,,,,,,,
"=""8992779255502""",ACCESSORIES,1,499,n,n,"Mr Muscle Windex Fresh Scent","18 Oz",,n,1,1,149,n,,"=""100""",,,,,,n,,,,,,,
"=""9421908353011""",BEER,1,1499,n,n,"new zealand helles craft brewed lager","4 pk",,n,4,0,0,n,,"=""100""",,,,,,n,,,,,,,
"=""9554100191997""",ACCESSORIES,1,1499,n,n,"Royal Honey",,,n,1,1,0,n,,"=""100""",,,,,,n,,,,,,,
"=""9555755800043""","Health & Wellness",1,499,n,n,"ROYAL HONEY VIP POUCH SS","=""1""",,n,1,1,0,n,,"=""98""",,,,,,n,,,,,,,
"=""9556006060537""",ACCESSORIES,1,499,n,n,"Johnson's Baby Soft Skin Lotion","100 Ml",,n,1,1,249,n,,"=""100""",,,,,,n,,,,,,,
"=""9899247650830""",CHOCOLATE,1,499,n,n,"DUBAI CHOCOLATE","100 G",,n,1,1,300,n,,"=""100""",,,,,,n,,,,,,,
"=""9899247650854""",CHOCOLATE,1,999,n,n,"DUBAI CHOCOLATE","200 G",,n,1,1,500,n,,"=""100""",,,,,,n,,,,,,,
"=""9899847650230""",CHOCOLATE,1,499,n,n,"dUBAI cHOCLATE",,,n,1,0,0,n,,"=""100""",,,,,,n,,,,,,,
