Category,Sub Category,Name,upc from pricebook,price ,Images,,,,,,,SKU,Description
Beer,Alcohol-Free,Heineken 0.0 Can (11.2 oz x 12 ct),72890006219,13٫99,https://drive.google.com/uc?id=1x6UDOJmjDu4wCfZOw9cZkHZ-TV7VolEZ,,,,,,,BP-BEE-11.2OZ-10001,"Golden, easy-drinking, refreshing: Heineken 0.0 Can (11.2 oz x 12 ct) for $13.99. Cold beer satisfaction delivered. In stock – order for delivery today."
Beer,Belgian-Style Ale,Chimay Blue Grande Reserve Ale 9% ABV (750 ml),81706003014,33٫99,https://drive.google.com/uc?id=1REa7FUj0VB7MLvEwY3p9u0xye98qm0gs,,,,,,,BP-BEE-750-10002,Chimay Blue Grande Reserve Ale 9% ABV (750 ml) brings bright refreshment at $33.99. The go-to choice. Delivered fresh to your doorstep.
Beer,Belgian-Style Ale,Chimay Premier Ale Bottle (25.4 oz),81706003014,33٫99,https://drive.google.com/uc?id=10PYSTKV_JYmTYuWYj-hD2xeuA9wGHvRg,,,,,,,BP-BEE-25.4OZ-10003,Chimay Premier Ale Bottle (25.4 oz) brings sessionable refreshment at $33.99. The trusted choice. Order now for same-day delivery.
Beer,Blonde Ale,Kona Big Wave Golden Ale Bottle (12 oz x 6ct),7.9603E+11,13٫99,https://drive.google.com/uc?id=18CS9hrqoCqEmBYTFnNdF5m2kXasnWAs3,,,,,,,BP-BEE-12OZ-10004,"Kona Big Wave Golden Ale Bottle (12 oz x 6ct) represents refreshing quality at $13.99. Crafted with care, priced to share. Shop online – pickup in-store today."
Beer,Craft Beer,Firestone Walker 805 Cans 4.7% ABV (12 oz x 12 ct),6.02755E+11,15٫99,https://drive.google.com/uc?id=1oP54liRTWO0jGojcoVIWH2qOhmK4loQm,,,,,,,BP-BEE-12OZ-10005,"Golden, complex, refreshing: Firestone Walker 805 Cans 4.7% ABV (12 oz x 12 ct) for $15.99. Cold beer satisfaction delivered. Order online for curbside pickup."
Beer,Craft Beer,Kona Big Wave Golden Ale Cans (12 oz x 12x ct),7.96031E+11,24٫99,https://drive.google.com/uc?id=1tHrLTWRrn100U3n-n6VUx40FU0bBM08j,,,,,,,BP-BEE-12OZ-10006,"Golden, flavorful, refreshing: Kona Big Wave Golden Ale Cans (12 oz x 12x ct) for $24.99. Cold beer satisfaction delivered. Delivered fresh to your doorstep."
Beer,Craft Beer,Mike's Harder Black Cherry Can (23.5 oz),6.35985E+11,3٫99,https://drive.google.com/uc?id=1x1X_wTAq0HSb_vdbP2XSl-IhH1hx5Jf-,,,,,,,BP-BEE-23.5OZ-10007,Stock up on Mike's Harder Black Cherry Can (23.5 oz) – this complex beer ($3.99) is a social lubricant. Available for immediate pickup.
Beer,Craft Beer,Sierra Nevada Pale Ale Bottle (12 oz x 12 ct),83783375213,16٫99,https://drive.google.com/uc?id=1JvPviu39GkZ1T7iwd-V9OZxDTTrDME0H,,,,,,,BP-BEE-12OZ-10008,Why pay more? Sierra Nevada Pale Ale Bottle (12 oz x 12 ct) delivers handcrafted beer quality at just $16.99. Matches premium brands without the markup. Delivered fresh to your doorstep.
Beer,Domestic Beer,Blue Moon Belgian White Bottles (12 oz x 6 ct),71990095116,16٫99,https://drive.google.com/uc?id=1-JEVSNv_r_b8O64MMlRsO6D-i99gWOa5,,,,,,,BP-BEE-12OZ-10009,Blue Moon Belgian White Bottles (12 oz x 6 ct): American craft wheat ale with Belgian soul ($16.99). Valencia orange peel and coriander in every sip. Add to cart for fast local delivery.
Beer,Domestic Beer,Bud Light Bottles (12 oz x 12 ct),18200007699,18٫99,https://drive.google.com/uc?id=1RjEJyTmLiEAgiiUYhQ-AsGYKg00xMj1x,,,,,,,BP-BEE-12OZ-10010,Shop Bud Light Bottles (12 oz x 12 ct) online – $18.99 with neighborhood liquor store. This clean beer satisfies every time. Order now for same-day delivery.
Beer,Domestic Beer,Bud Light Bottles (12 oz x 18 ct),18200533082,14٫99,https://drive.google.com/uc?id=1IbyZcqsUWJUWBDgL27kirFcitU1e7UYh,,,,,,,BP-BEE-12OZ-10011,Get bright flavor without premium pricing – Bud Light Bottles (12 oz x 18 ct) is just $14.99. Stock up for the weekend. Delivered fresh to your doorstep.
Beer,Domestic Beer,Bud Light Bottles (12 oz x 30 ct),18200530302,36٫99,https://drive.google.com/uc?id=1gFdOgG0DKooicwD7cDjYptOrSVaYOGsp,,,,,,,BP-BEE-12OZ-10012,Popular choice: Bud Light Bottles (12 oz x 30 ct) is refreshing and priced right at $36.99. Easy-drinking satisfaction guaranteed. Buy now with free delivery over $50.
Beer,Domestic Beer,Bud Light Bottles (12 oz x 6 ct),18200008337,11٫99,https://drive.google.com/uc?id=19XR63k1iOWlky-55Uxof97igj1Aoawxf,,,,,,,BP-BEE-12OZ-10013,"Quality ingredients, proper process: Bud Light Bottles (12 oz x 6 ct) is $11.99. Clean results guaranteed. Buy now with free delivery over $50."
Beer,Domestic Beer,Bud Light Can (25 oz),18200219863,10٫99,https://drive.google.com/uc?id=14ddP_Z-d0mSfslHveb_v9IfEu7k2xpXv,,,,,,,BP-BEE-25OZ-10014,Looking for crisp beer fast shipping? Bud Light Can (25 oz) delivers with $10.99 pricing. Refreshment that won't break the bank. Shop online – pickup in-store today.
Beer,Domestic Beer,Bud Light Cans (12 oz x 6 ct),18200530470,19٫99,https://drive.google.com/uc?id=15-kKzFBIxccyJe9o_qDYTRRdxR3ynHiU,,,,,,,BP-BEE-12OZ-10015,Bud Light Cans (12 oz x 6 ct) brings light-bodied refreshment at $19.99. The go-to choice. Order now for next-hour delivery.
Beer,Domestic Beer,Bud Light Cans (25 oz x 3 ct),18200000430,3٫99,https://drive.google.com/uc?id=18yRBQ7LRaNaLUIbasotQylKsHrrZsRgt,,,,,,,BP-BEE-25OZ-10016,Stock up special: Bud Light Cans (25 oz x 3 ct) is just $3.99. Multiple units of crisp quality. Available neighborhood liquor store. Shop online – pickup in-store today.
Beer,Domestic Beer,Budweiser Bottle (40 oz),18200001260,5٫99,https://drive.google.com/uc?id=1pwSww0pmnDM3yXttYjPRxm36hbBWR6r_,,,,,,,BP-BEE-40OZ-10017,Why pay more? Budweiser Bottle (40 oz) delivers easy-drinking beer quality at just $5.99. Matches premium brands without the markup. Order online for curbside pickup.
Beer,Domestic Beer,Budweiser Bottles (12 oz x 12 ct),18200007712,18٫99,https://drive.google.com/uc?id=1YBxZN64_FyLH27MnrYJxCImXDEH4iODU,,,,,,,BP-BEE-12OZ-10018,Budweiser Bottles (12 oz x 12 ct) brings light-bodied refreshment at $18.99. The reliable choice. In stock – order for delivery today.
Beer,Domestic Beer,Budweiser Bottles (12 oz x 30 ct),18200110306,30٫99,https://drive.google.com/uc?id=1H51DRDOEj-mqmpID5a2lTjWLsw3Ee0gB,,,,,,,BP-BEE-12OZ-10019,Shop Budweiser Bottles (12 oz x 30 ct) online – $30.99 with same-day delivery. This smooth beer satisfies every time. In stock – order for delivery today.
Beer,Domestic Beer,Budweiser Bottles (12 oz x 6 ct),18200008344,11٫99,https://drive.google.com/uc?id=1YW8gnB2jg8QkFvaU_0_0tQBxvBTUT56A,,,,,,,BP-BEE-12OZ-10020,"Quality ingredients, proper process: Budweiser Bottles (12 oz x 6 ct) is $11.99. Easy-drinking results guaranteed. Shop online – pickup in-store today."
Beer,Domestic Beer,Budweiser Can (25 oz),18200250002,3٫99,https://drive.google.com/uc?id=1BgpeQ7Ytw9GeAQ0XRTAuMGdaZKvmhQK1,,,,,,,BP-BEE-25OZ-10021,Bring to the party Budweiser Can (25 oz) – this clean beer ($3.99) is a backyard BBQ hero. Available for immediate pickup.
Beer,Domestic Beer,Budweiser Cans (25 oz x 3 ct),18200219856,10٫99,https://drive.google.com/uc?id=1gT59UPu3n8Kx4KfNGblZXmx3ckYdTMwG,,,,,,,BP-BEE-25OZ-10022,"Get light-bodied flavor without premium pricing – Budweiser Cans (25 oz x 3 ct) is just $10.99. Stock up for the weekend. Buy online, enjoy tonight."
Beer,Domestic Beer,Coors Banquet Bottles (12 oz x 12 ct),71990170288,12٫99,https://drive.google.com/uc?id=15q9Bp0ShS4hu4gQSXRWGZmgxpdfHjeVz,,,,,,,BP-BEE-12OZ-10023,Customer favorite: Coors Banquet Bottles (12 oz x 12 ct) is easy-drinking and priced right at $12.99. Easy-drinking satisfaction guaranteed. In stock – order for delivery today.
Beer,Domestic Beer,Coors Banquet Bottles (12 oz x 6 ct),71990170264,10٫99,https://drive.google.com/uc?id=1koT4uhWDg0nZ7DwBLS8jL3-hg-vFhEEi,,,,,,,BP-BEE-12OZ-10024,Stock up special: Coors Banquet Bottles (12 oz x 6 ct) is just $10.99. Multiple units of refreshing quality. Available local delivery available. Get it delivered to your door.
Beer,Domestic Beer,Coors Can (24 oz),71990300654,3٫99,https://drive.google.com/uc?id=1gHuYXpL82gLerv9ah7nP9_mwH3hbQDO7,,,,,,,BP-BEE-24OZ-10025,"Coors Can (24 oz) represents easy-drinking quality at $3.99. Crafted with care, priced to share. Delivered fresh to your doorstep."
Beer,Domestic Beer,Coors Golden Banquet Can (24 oz x 3 ct),71990100711,3٫99,https://drive.google.com/uc?id=1sVqCsYoN3Lb8MrhugLSFxPSAu3By0xgp,,,,,,,BP-BEE-24OZ-10026,"Get clean flavor without premium pricing – Coors Golden Banquet Can (24 oz x 3 ct) is just $3.99. Stock up for the weekend. Buy online, enjoy tonight."
Beer,Domestic Beer,Coors Light Aluminum Bottle (16 oz),71990095277,24٫99,https://drive.google.com/uc?id=1osVEc3SUaSuIEeraIJKibRMQwrXGhU2T,,,,,,,BP-BEE-16OZ-10027,Looking for easy-drinking beer near you? Coors Light Aluminum Bottle (16 oz) delivers with $24.99 pricing. Refreshment that won't break the bank. Available for immediate pickup.
Beer,Domestic Beer,Coors Light Bottles (12 oz x 12 ct),71990300692,19٫99,https://drive.google.com/uc?id=1OaxilHGjYBZr3_TzEaKyw4R-S1-PjwPb,,,,,,,BP-BEE-12OZ-10028,Looking for easy-drinking beer local delivery available? Coors Light Bottles (12 oz x 12 ct) delivers with $19.99 pricing. Refreshment that won't break the bank. Available for immediate pickup.
Beer,Domestic Beer,Coors Light Bottles (12 oz x 18 ct),71990300173,24٫99,https://drive.google.com/uc?id=1Tpa5jGjMKHV5HhdDYTKL4spmZt8xsuRh,,,,,,,BP-BEE-12OZ-10029,Shop Coors Light Bottles (12 oz x 18 ct) online – $24.99 with order online. This clean beer satisfies every time. Buy now with free delivery over $50.
Beer,Domestic Beer,Coors Light Bottles (12 oz x 6 ct),71990300050,12٫99,https://drive.google.com/uc?id=1ArwhiCO2nWa4H7_RKaifp-uPyIpn19Sl,,,,,,,BP-BEE-12OZ-10030,"Coors Light Bottles (12 oz x 6 ct) represents easy-drinking quality at $12.99. Crafted with care, priced to share. Shop online – pickup in-store today."
Beer,Domestic Beer,Coors Light Can (24 oz x 3 ct),71990301200,10٫99,https://drive.google.com/uc?id=1Kg9bSIv6xvR5r5owlogEGQ7ozBoCfUcr,,,,,,,BP-BEE-24OZ-10031,Looking for clean beer in your area? Coors Light Can (24 oz x 3 ct) delivers with $10.99 pricing. Refreshment that won't break the bank. Add to cart for fast local delivery.
Beer,Domestic Beer,Coors Light Can (24 oz),71990300654,3٫99,https://drive.google.com/uc?id=1eWnhFfabuTsGB-r1gdKywv_hcwFOvrl_,,,,,,,BP-BEE-24OZ-10032,Looking for easy-drinking beer fast shipping? Coors Light Can (24 oz) delivers with $3.99 pricing. Refreshment that won't break the bank. Delivered fresh to your doorstep.
Beer,Domestic Beer,Coors Light Cans (12 oz x 6 ct),71990000486,18٫99,https://drive.google.com/uc?id=13m9hCW6Nr9zS6oZGIssWp4CyXz7dliKc,,,,,,,BP-BEE-12OZ-10033,Trending now: Coors Light Cans (12 oz x 6 ct) is refreshing and priced right at $18.99. Easy-drinking satisfaction guaranteed. Shop online – pickup in-store today.
Beer,Domestic Beer,Michelob Ultra Bottles (12 oz x 12 ct),18200059902,20٫99,https://drive.google.com/uc?id=1JCvosMDJcjxry6_w86sPpIlDCAIQjS7f,,,,,,,BP-BEE-12OZ-10034,Stock up special: Michelob Ultra Bottles (12 oz x 12 ct) is just $20.99. Multiple units of smooth quality. Available fast shipping. Order now for same-day delivery.
Beer,Domestic Beer,Michelob Ultra Bottles (12 oz x 6 ct),18200059896,12٫99,https://drive.google.com/uc?id=1Stj6H-wP2Z10xVZLpMfKfiZqdrjWfqss,,,,,,,BP-BEE-12OZ-10035,"Michelob Ultra Bottles (12 oz x 6 ct) represents smooth quality at $12.99. Crafted with care, priced to share. Order now for next-hour delivery."
Beer,Domestic Beer,Michelob Ultra Cans (25 oz x 3 ct),18200249815,11٫99,https://drive.google.com/uc?id=1f0sUn4FVLUYrYhj6a4Atyfj9LWDXPpcc,,,,,,,BP-BEE-25OZ-10036,Why pay more? Michelob Ultra Cans (25 oz x 3 ct) delivers bright beer quality at just $11.99. Matches premium brands without the markup. Add to cart for fast local delivery.
Beer,Domestic Beer,Michelob Ultra Light Beer Aluminum Bottles (16 oz x 12 ct),18200200595,23٫99,https://drive.google.com/uc?id=16QAPcbpF3fCdvP4zsZjMr2dxrlbzJy1s,,,,,,,BP-BEE-16OZ-10037,Shop Michelob Ultra Light Beer Aluminum Bottles (16 oz x 12 ct) online – $23.99 with neighborhood liquor store. This clean beer satisfies every time. Fast delivery to your neighborhood.
Beer,Domestic Beer,Michelob Ultra Light Beer Can (25 oz),18200250101,4٫99,https://drive.google.com/uc?id=1KuYDY7kLXLKEMbxNV4a8dUIMGTbA0n3f,,,,,,,BP-BEE-25OZ-10038,Experience Michelob Ultra Light Beer Can (25 oz) – this easy-drinking beer ($4.99) is a weeknight unwind. Fast delivery to your neighborhood.
Beer,Domestic Beer,Michelob Ultra Pure Gold Bottles (12 oz x 6 ct),18200202582,23٫99,https://drive.google.com/uc?id=12yaIm-P5LKRNPZYqSEhy-wHb_2SaKWZW,,,,,,,BP-BEE-12OZ-10039,Show up in style with: Michelob Ultra Pure Gold Bottles (12 oz x 6 ct) at $23.99. This clean beer never disappoints. Order online for curbside pickup.
Beer,Domestic Beer,Michelob Ultra Pure Gold Can (25 oz),18200200823,13٫99,https://drive.google.com/uc?id=17YlaYsvNi2HWpNoa7ALSs5NJcMbVyg8u,,,,,,,BP-BEE-25OZ-10040,"Golden, sessionable, refreshing: Michelob Ultra Pure Gold Can (25 oz) for $13.99. Cold beer satisfaction delivered. Available for immediate pickup."
Beer,Domestic Beer,Miller Lite Can (12 oz x 12 ct),34100576363,20٫99,https://drive.google.com/uc?id=14aJjCWGSdbUliLeRQKPClE7q5hr9LrNt,,,,,,,BP-BEE-12OZ-10041,Stock up special: Miller Lite Can (12 oz x 12 ct) is just $20.99. Multiple units of refreshing quality. Available near you. Buy now with free delivery over $50.
Beer,Domestic Beer,Miller Lite Can (24 oz x 3 ct),34100576639,10٫99,https://drive.google.com/uc?id=1YFbVwHvOAB9ZI8xKaJ-jsscBLHDx3d_P,,,,,,,BP-BEE-24OZ-10042,Indulge in Miller Lite Can (24 oz x 3 ct) – this bright beer ($10.99) is a game day must-have. Order now for next-hour delivery.
Beer,Domestic Beer,Miller Lite Can (24 oz),34100576639,10٫99,https://drive.google.com/uc?id=1O4R5W6ls9wCWjkyq49ZkNTyJ9e4pSF5n,,,,,,,BP-BEE-24OZ-10043,Shop Miller Lite Can (24 oz) online – $10.99 with same-day delivery. This clean beer satisfies every time. Get it delivered to your door.
Beer,Domestic Beer,O'Doul's NA Bottles (12 oz x 6 ct),18200029929,10٫99,https://drive.google.com/uc?id=19tbtYUbyRF85upOTZ3IuQnhA0_4BSIBT,,,,,,,BP-BEE-12OZ-10044,Looking for bright beer local delivery available? O'Doul's NA Bottles (12 oz x 6 ct) delivers with $10.99 pricing. Refreshment that won't break the bank. In stock – order for delivery today.
Beer,Domestic Beer,Pabst Blue Ribbon Can (24 oz),22100000049,3٫99,https://drive.google.com/uc?id=1OwzR0K5pYgkM4zp4crGxcq1N1z7FMW-4,,,,,,,BP-BEE-24OZ-10045,Shop Pabst Blue Ribbon Can (24 oz) online – $3.99 with quick delivery. This clean beer satisfies every time. In stock – order for delivery today.
Beer,Domestic Beer,Pabst Bottles (12 oz x 18 ct),22100001572,22٫99,https://drive.google.com/uc?id=11BuMmIoLI-0ncDrBIYybAI6Gc-Ao0DFh,,,,,,,BP-BEE-12OZ-10046,Crowd-pleaser: Pabst Bottles (12 oz x 18 ct) at $22.99. This light-bodied beer never disappoints. Order now for same-day delivery.
Beer,Domestic Beer,Rolling Rock Bottles (12 oz x 12 ct),71439457123,14٫99,https://drive.google.com/uc?id=1XSs_SnvyJ4cKY4vaNI7n5kYwYC81qHm3,,,,,,,BP-BEE-12OZ-10047,Get refreshing flavor without premium pricing – Rolling Rock Bottles (12 oz x 12 ct) is just $14.99. Stock up for the weekend. Order online for curbside pickup.
Beer,Domestic Beer,Shock Top Belgian White Ale Bottles (12 oz x 6 ct),18200159817,16٫99,https://drive.google.com/uc?id=1JB0zIX78ZswsgxhqiKXXBWGy4WJE7NBp,,,,,,,BP-BEE-12OZ-10048,"Golden, smooth, refreshing: Shock Top Belgian White Ale Bottles (12 oz x 6 ct) for $16.99. Cold beer satisfaction delivered. Available for immediate pickup."
Beer,Hard Lemonade,Mike's Hard Strawberry Lemonade Bottle (11.2 oz x 6 ct),6.35985E+11,14٫99,https://drive.google.com/uc?id=1FOGUYMJWzYqZoOhcVq-2KcL3LXFQXHwS,,,,,,,BP-BEE-11.2OZ-10049,"Bring to the party Mike's Hard Strawberry Lemonade Bottle (11.2 oz x 6 ct) – this refreshing beer ($14.99) is a celebration-worthy. Buy online, enjoy tonight."
Beer,Hard Lemonade,Mike's Harder Blood Orange Lemonade Can (16 oz),6.35985E+11,5٫99,https://drive.google.com/uc?id=1nSqzQ2VoMn5vMtFGtUxtXiNWdObJIjUe,,,,,,,BP-BEE-16OZ-10050,Staff pick: Mike's Harder Blood Orange Lemonade Can (16 oz) is refreshing and priced right at $5.99. Easy-drinking satisfaction guaranteed. Order now for same-day delivery.
Beer,Hard Lemonade,Mike's Harder Cranberry Lemonade Can (23.5 oz),6.35985E+11,4٫99,https://drive.google.com/uc?id=10m8Q6bTC4Dku9349ADZ7FOFn78_-HLqG,,,,,,,BP-BEE-23.5OZ-10051,"Mike's Harder Cranberry Lemonade Can (23.5 oz) represents refreshing quality at $4.99. Crafted with care, priced to share. Add to cart for fast local delivery."
Beer,Hard Lemonade,Mike's Harder Lemonade Can (23.5 oz),6.35985E+11,5٫99,https://drive.google.com/uc?id=1B5LiYq-w8opGhte6CS5PM7p5sVL4me7f,,,,,,,BP-BEE-23.5OZ-10052,"Golden, light-bodied, refreshing: Mike's Harder Lemonade Can (23.5 oz) for $5.99. Cold beer satisfaction delivered. In stock – order for delivery today."
Beer,Hard Lemonade,Mike's Harder Mango Can (23.5 oz),6.35985E+11,5٫99,https://drive.google.com/uc?id=1c1XKPB4M9KS90DTTp7uCXTCmThSq0E0b,,,,,,,BP-BEE-23.5OZ-10053,Shop Mike's Harder Mango Can (23.5 oz) online – $5.99 with neighborhood liquor store. This clean beer satisfies every time. Fast delivery to your neighborhood.
Beer,Hard Lemonade,Mike's Harder Strawberry Lemonade Can (16 oz),6.35985E+11,3٫99,https://drive.google.com/uc?id=1BqlB5McHImExT_1zYA4FlRCTY_5SbeOa,,,,,,,BP-BEE-16OZ-10054,"Mike's Harder Strawberry Lemonade Can (16 oz) represents easy-drinking quality at $3.99. Crafted with care, priced to share. Buy now with free delivery over $50."
Beer,Hard Seltzer,Bud Light Mango Seltzer Can (25 oz),18200260803,5٫99,https://drive.google.com/uc?id=14r9k9H270F7ahvJhouOY0GWDwh1ZMvtK,,,,,,,BP-BEE-25OZ-10055,"Quality ingredients, proper process: Bud Light Mango Seltzer Can (25 oz) is $5.99. Easy-drinking results guaranteed. Order now for next-hour delivery."
Beer,Hard Tea,Twisted Tea Half & Half Can (24 oz),87692752318,5٫99,https://drive.google.com/uc?id=1EzTempLgXgyVh5IIcK0imBIHlhubCwd8,,,,,,,BP-BEE-24OZ-10056,"Twisted Tea Half & Half Can (24 oz) represents refreshing quality at $5.99. Crafted with care, priced to share. Add to cart for fast local delivery."
Beer,Hard Tea,Twisted Tea Hard Iced Tea Mix Pack Cans (12 oz x 12x ct),87692003786,27٫99,https://drive.google.com/uc?id=1SnmPAx6WX-RsVAYiKtzJks_qGReKcqjB,,,,,,,BP-BEE-12OZ-10057,Get sessionable flavor without premium pricing – Twisted Tea Hard Iced Tea Mix Pack Cans (12 oz x 12x ct) is just $27.99. Stock up for the weekend. Add to cart for fast local delivery.
Beer,Hard Tea,Twisted Tea Peach Can (24 oz),87692004905,5٫99,https://drive.google.com/uc?id=1DMFPjgypl9jCfN4COCuSsRZTji13TAGn,,,,,,,BP-BEE-24OZ-10058,"Twisted Tea Peach Can (24 oz) represents clean quality at $5.99. Crafted with care, priced to share. Order now for same-day delivery."
Beer,Import Beer,Amstel Light Bottles (12 oz x 12 ct),72890100160,25٫99,https://drive.google.com/uc?id=1PT3C32Xs0mV-_wztl07ZtCM3YAi86dHi,,,,,,,BP-BEE-12OZ-10059,Date night perfect: Amstel Light Bottles (12 oz x 12 ct) at $25.99. This clean beer never disappoints. Fast delivery to your neighborhood.
Beer,Import Beer,Amstel Light Bottles (12 oz x 6 ct),72890100115,14٫99,https://drive.google.com/uc?id=1PwynC3OF2Cswe4SmocvLOBhHXsPhlNZh,,,,,,,BP-BEE-12OZ-10060,Indulge in Amstel Light Bottles (12 oz x 6 ct) – this bright beer ($14.99) is a crowd-pleaser. Order now for next-hour delivery.
Beer,Import Beer,Asahi Super Dry Bottles (11 oz x 6 ct),38766361202,14٫99,https://drive.google.com/uc?id=1VsF2OB_4r7DwLtLeytr50BdPiGveXflf,,,,,,,BP-BEE-11OZ-10061,Shop Asahi Super Dry Bottles (11 oz x 6 ct) online – $14.99 with near you. This bright beer satisfies every time. Shop online – pickup in-store today.
Beer,Import Beer,Beck's Bottles (12 oz x 6 ct),82488123006,17٫99,https://drive.google.com/uc?id=17FzW7qsQCN51tcE4-DbdCHfHZwqzpzLw,,,,,,,BP-BEE-12OZ-10062,Beck's Bottles (12 oz x 6 ct) brings crisp refreshment at $17.99. The trusted choice. Fast delivery to your neighborhood.
Beer,Import Beer,Beck's NA Bottles (12 oz x 6 ct),82488127004,12٫99,https://drive.google.com/uc?id=127DLiK1nM4GKdYCtYU9KUgDy3dINTh2l,,,,,,,BP-BEE-12OZ-10063,Shop Beck's NA Bottles (12 oz x 6 ct) online – $12.99 with in your area. This refreshing beer satisfies every time. Available for immediate pickup.
Beer,Import Beer,Carta Blanca Bottle (32 oz),89826000043,3٫99,https://drive.google.com/uc?id=15Nm6hiqJ46SMSF-FBRnB2YInJHbwSEXe,,,,,,,BP-BEE-32OZ-10064,Shop Carta Blanca Bottle (32 oz) online – $3.99 with quick delivery. This bright beer satisfies every time. Fast delivery to your neighborhood.
Beer,Import Beer,Corona Extra Bottles (12 oz x 12 ct),80660956053,13٫99,https://drive.google.com/uc?id=101FRaSrHsuzfoThmWbg2XM02ep04OC0e,,,,,,,BP-BEE-12OZ-10065,Shop Corona Extra Bottles (12 oz x 12 ct) online – $13.99 with near you. This refreshing beer satisfies every time. Available for immediate pickup.
Beer,Import Beer,Corona Extra Bottles (12 oz x 18 ct),80660956800,35٫99,https://drive.google.com/uc?id=1-4CduQB24KYuquOSxLIJIWqX4jn2S20K,,,,,,,BP-BEE-12OZ-10066,"Quality ingredients, proper process: Corona Extra Bottles (12 oz x 18 ct) is $35.99. Crisp results guaranteed. Shop online – pickup in-store today."
Beer,Import Beer,Corona Extra Bottles (12 oz x 24 ct),80660956084,41٫99,https://drive.google.com/uc?id=1w4thyqFoJGehRtQ2tuqZKVQds4tb7NnT,,,,,,,BP-BEE-12OZ-10067,"Golden, smooth, refreshing: Corona Extra Bottles (12 oz x 24 ct) for $41.99. Cold beer satisfaction delivered. Order now for same-day delivery."
Beer,Import Beer,Corona Extra Bottles (12 oz x 6 ct),80660956251,13٫99,,,,,,,,BP-BEE-12OZ-10068,Shop Corona Extra Bottles (12 oz x 6 ct) online – $13.99 with fast shipping. This bright beer satisfies every time. Order online for curbside pickup.
Beer,Import Beer,Corona Extra Can (24 oz),80660956435,5٫99,https://drive.google.com/uc?id=1TW-SU0kx_d8Paev8hshzHQuLDQgUZPC-,,,,,,,BP-BEE-24OZ-10069,"Quality ingredients, proper process: Corona Extra Can (24 oz) is $5.99. Crisp results guaranteed. Order now for next-hour delivery."
Beer,Import Beer,Corona Extra Cans (24 oz x 3 ct),33544950371,13٫99,https://drive.google.com/uc?id=1Ch50Gbx-GwFLmkKz_tKXTE_ymlo0Dy23,,,,,,,BP-BEE-24OZ-10070,"Looking for bright beer near you? Corona Extra Cans (24 oz x 3 ct) delivers with $13.99 pricing. Refreshment that won't break the bank. Buy online, enjoy tonight."
Beer,Import Beer,Corona Familiar Bottle (32 oz),80660956831,5٫99,https://drive.google.com/uc?id=1bL8tohczyGkifArDHUjbeJuxK3PyqyLk,,,,,,,BP-BEE-32OZ-10071,Stock up on Corona Familiar Bottle (32 oz) – this easy-drinking beer ($5.99) is a social lubricant. Order now for same-day delivery.
Beer,Import Beer,Corona Familiar Bottles (12 oz x 12 ct),33544950531,24٫99,https://drive.google.com/uc?id=1QXVS3SUiEnix8f0v9X78lr6wcPxswFmd,,,,,,,BP-BEE-12OZ-10072,Looking for light-bodied beer quick delivery? Corona Familiar Bottles (12 oz x 12 ct) delivers with $24.99 pricing. Refreshment that won't break the bank. In stock – order for delivery today.
Beer,Import Beer,Corona Familiar Bottles (12 oz x 6 ct),33544950517,13٫99,https://drive.google.com/uc?id=10kd0IRGe8_Ne_eDKj4oBMNq3afrbJeDF,,,,,,,BP-BEE-12OZ-10073,Get sessionable flavor without premium pricing – Corona Familiar Bottles (12 oz x 6 ct) is just $13.99. Stock up for the weekend. In stock – order for delivery today.
Beer,Import Beer,Corona Light Bottles (12 oz x 6 ct),80660956251,13٫99,https://drive.google.com/uc?id=184YLx9PJTAXePYy1IkRPjESM1fZwlSKi,,,,,,,BP-BEE-12OZ-10074,Stock up on Corona Light Bottles (12 oz x 6 ct) – this clean beer ($13.99) is a game day must-have. Order now for same-day delivery.
Beer,Import Beer,Corona Premier Bottles (12 oz x 6 ct),33544950401,1٫99,https://drive.google.com/uc?id=1M-cvVXficyyCfegYIGWE8bRpTe1Zq3e8,,,,,,,BP-BEE-12OZ-10075,Bring to the party Corona Premier Bottles (12 oz x 6 ct) – this smooth beer ($1.99) is a weeknight unwind. Get it delivered to your door.
Beer,Import Beer,Corona Premier Can (24 oz),33544950470,5٫99,,,,,,,,BP-BEE-24OZ-10076,"Get bright flavor without premium pricing – Corona Premier Can (24 oz) is just $5.99. Single purchase, multiple smiles. Delivered fresh to your doorstep."
Beer,Import Beer,Corona Premier Cans (12 oz x 12 ct),80660956954,24٫99,https://drive.google.com/uc?id=1F8BOIRdC6H_5OJl5eQc7C2a4eWB5hxgB,,,,,,,BP-BEE-12OZ-10077,"Corona Premier Cans (12 oz x 12 ct) brings easy-drinking refreshment at $24.99. The reliable choice. Buy online, enjoy tonight."
Beer,Import Beer,Corona Premier Lager Bottles (12 oz x 12 ct),33544950425,24٫99,https://drive.google.com/uc?id=1cukqMDzne-5bmCNHNQpdHRcGwftd3bgi,,,,,,,BP-BEE-12OZ-10078,Stock up special: Corona Premier Lager Bottles (12 oz x 12 ct) is just $24.99. Multiple units of refreshing quality. Available neighborhood liquor store. Fast delivery to your neighborhood.
Beer,Import Beer,Dos Equis Lager Especial Bottles (12 oz x 12 ct),72311230124,24٫99,https://drive.google.com/uc?id=1Wh20TwVMT7g-z9z6iu2a0NnBIyTf9zpl,,,,,,,BP-BEE-12OZ-10079,"Stock up special: Dos Equis Lager Especial Bottles (12 oz x 12 ct) is just $24.99. Multiple units of clean quality. Available neighborhood liquor store. Buy online, enjoy tonight."
Beer,Import Beer,Dos Equis Lager Especial Bottles (12 oz x 6 ct),72311630122,13٫99,https://drive.google.com/uc?id=1Izvt3IfTi7ON75ycbsCw7p5ROFPvtm-X,,,,,,,BP-BEE-12OZ-10080,Shop Dos Equis Lager Especial Bottles (12 oz x 6 ct) online – $13.99 with in your area. This light-bodied beer satisfies every time. Available for immediate pickup.
Beer,Import Beer,Dos Equis Lager Lime & Salt Pilsner Can (24 oz),89826300402,4٫99,https://drive.google.com/uc?id=1qwG16QoXX3Hh72UvoeMKZqU_NiwPgc0h,,,,,,,BP-BEE-24OZ-10081,Stock up on Dos Equis Lager Lime & Salt Pilsner Can (24 oz) – this light-bodied beer ($4.99) is a social lubricant. Order online for curbside pickup.
Beer,Import Beer,Estrella Jalisco 3 pack Cans (24 oz),18200258169,4٫99,https://drive.google.com/uc?id=1FNvkWrQG16iiaua1-Yy1ATUFyKGSqWB7,,,,,,,BP-BEE-24OZ-10082,"Quality ingredients, proper process: Estrella Jalisco 3 pack Cans (24 oz) is $4.99. Sessionable results guaranteed. Order online for curbside pickup."
Beer,Import Beer,Estrella Jalisco Can (24 oz),18200258169,4٫99,https://drive.google.com/uc?id=1OCcDFD594IRKQxQMJBKTVMjKCpKIXlNW,,,,,,,BP-BEE-24OZ-10083,"Golden, light-bodied, refreshing: Estrella Jalisco Can (24 oz) for $4.99. Cold beer satisfaction delivered. Fast delivery to your neighborhood."
Beer,Import Beer,Foster's Lager Can (25.4 oz),70897013315,3٫99,https://drive.google.com/uc?id=1v-9XvjAYLe9AIK7v5XaFUlBFWNwVmsew,,,,,,,BP-BEE-25.4OZ-10084,Table-ready: Foster's Lager Can (25.4 oz) at $3.99. This crisp beer never disappoints. Get it delivered to your door.
Beer,Import Beer,Four Loko Sour Apple Beer Can (23.5 oz),8.49806E+11,5٫99,https://drive.google.com/uc?id=1bDE_PcmGWo7y-50g_FW7jqR0Un89oLZw,,,,,,,BP-BEE-23.5OZ-10085,Bring to the party Four Loko Sour Apple Beer Can (23.5 oz) – this light-bodied beer ($5.99) is a anytime refresher. Buy now with free delivery over $50.
Beer,Import Beer,Guinness Draught Bottles (11 oz x 6 ct),83820104011,13٫99,https://drive.google.com/uc?id=1xYwUvSKmKIUFVxrfhOPZsggZR8w9yL1l,,,,,,,BP-BEE-11OZ-10086,"Quality ingredients, proper process: Guinness Draught Bottles (11 oz x 6 ct) is $13.99. Smooth results guaranteed. Buy online, enjoy tonight."
Beer,Import Beer,Guinness Draught Cans (15 oz x 4 ct),83820123609,11٫99,https://drive.google.com/uc?id=12tUjBg4a68g3KLHWS_l8ipM70yGmdscf,,,,,,,BP-BEE-15OZ-10087,Looking for sessionable beer fast shipping? Guinness Draught Cans (15 oz x 4 ct) delivers with $11.99 pricing. Refreshment that won't break the bank. Add to cart for fast local delivery.
Beer,Import Beer,Heineken Bottles (12 oz x 12 ct),72890000200,24٫99,https://drive.google.com/uc?id=10HpKf665td2Zy8rpSzgJIHKM1FQKlyzY,,,,,,,BP-BEE-12OZ-10088,"Heineken Bottles (12 oz x 12 ct) brings Dutch brewing heritage to your glass ($24.99). Since 1873, light-bodied lager excellence. In stock – order for delivery today."
Beer,Import Beer,Heineken Bottles (12 oz x 6 ct),72890000163,25٫99,https://drive.google.com/uc?id=1OAqcXO3o88kmct-ycZfFq61YLq6rels3,,,,,,,BP-BEE-12OZ-10089,Stock up special: Heineken Bottles (12 oz x 6 ct) is just $25.99. Multiple units of refreshing quality. Available same-day delivery. Shop online – pickup in-store today.
Beer,Import Beer,Heineken Can (24 oz),72890001191,5٫99,https://drive.google.com/uc?id=1YXel5HW7_lInqWBNI0Pc7EYxFi_vdEG6,,,,,,,BP-BEE-24OZ-10090,"Heineken Can (24 oz) brings Dutch brewing heritage to your glass ($5.99). Since 1873, sessionable lager excellence. Add to cart for fast local delivery."
Beer,Import Beer,Heineken Light Bottles (12 oz x 6 ct),72890000163,25٫99,https://drive.google.com/uc?id=1C1oOI9xApLLAOsCqA5CipjUVuBKcn8aI,,,,,,,BP-BEE-12OZ-10091,Stock up on Heineken Light Bottles (12 oz x 6 ct) – this bright beer ($25.99) is a social lubricant. Order online for curbside pickup.
Beer,Import Beer,Modelo Chelada Cans (24 oz x 3 ct),80660957968,5٫99,https://drive.google.com/uc?id=1F_GF8F_5x5pks8XVGtHRUngyUzMQCnsI,,,,,,,BP-BEE-24OZ-10092,Get crisp flavor without premium pricing – Modelo Chelada Cans (24 oz x 3 ct) is just $5.99. Stock up for the weekend. Add to cart for fast local delivery.
Beer,Import Beer,Modelo Especial Bottle (24 oz),80660957579,24٫99,https://drive.google.com/uc?id=1VZWjKrTnb8UevcdYoXfN1a3twEOmfi9s,,,,,,,BP-BEE-24OZ-10093,"Quality ingredients, proper process: Modelo Especial Bottle (24 oz) is $24.99. Easy-drinking results guaranteed. Buy now with free delivery over $50."
Beer,Import Beer,Modelo Especial Bottles (12 oz x 12 ct),80660957654,13٫99,https://drive.google.com/uc?id=107qfIn4G2pUO3c8MYgpPQWfomllbPF2p,,,,,,,BP-BEE-12OZ-10094,Why pay more? Modelo Especial Bottles (12 oz x 12 ct) delivers easy-drinking beer quality at just $13.99. Matches premium brands without the markup. Add to cart for fast local delivery.
Beer,Import Beer,Modelo Especial Bottles (12 oz x 24 ct),80660957760,42٫99,https://drive.google.com/uc?id=1H0lnxtX2C4WHqDlWxCfPDcsKqrGfPRlw,,,,,,,BP-BEE-12OZ-10095,"Modelo Especial Bottles (12 oz x 24 ct) brings light-bodied refreshment at $42.99. The trusted choice. Buy online, enjoy tonight."
Beer,Import Beer,Modelo Especial Bottles (12 oz x 6 ct),80660957111,32٫99,https://drive.google.com/uc?id=1HfDhKVB5cXAFPFhaKP9zIt1NVYtDovn-,,,,,,,BP-BEE-12OZ-10096,Shop Modelo Especial Bottles (12 oz x 6 ct) online – $32.99 with in your area. This easy-drinking beer satisfies every time. Add to cart for fast local delivery.
Beer,Import Beer,Modelo Especial Can (24 oz x 3 ct),80660957159,22٫99,https://drive.google.com/uc?id=1YKOwsRLAxchlJRxBNl7M6lldWZDoqkOv,,,,,,,BP-BEE-24OZ-10097,Looking for crisp beer neighborhood liquor store? Modelo Especial Can (24 oz x 3 ct) delivers with $22.99 pricing. Refreshment that won't break the bank. Delivered fresh to your doorstep.
Beer,Import Beer,Modelo Especial Can (24 oz),80660957968,5٫99,https://drive.google.com/uc?id=1ZKY320wxcb37kq2j4HZEIFOHWUWYgQ_v,,,,,,,BP-BEE-24OZ-10098,Looking for smooth beer order online? Modelo Especial Can (24 oz) delivers with $5.99 pricing. Refreshment that won't break the bank. Order now for same-day delivery.
Beer,Import Beer,Modelo Especial Pilsner Bottles (12 oz x 18 ct),33544950272,33٫99,https://drive.google.com/uc?id=1wIBf-8OgNRvJqhhGNHdGB3p62eqIxjZq,,,,,,,BP-BEE-12OZ-10099,"Golden, light-bodied, refreshing: Modelo Especial Pilsner Bottles (12 oz x 18 ct) for $33.99. Cold beer satisfaction delivered. Delivered fresh to your doorstep."
Beer,Import Beer,Modelo Negra Bottles (12 oz x 12 ct),80660957876,24٫99,https://drive.google.com/uc?id=1H4Ex0y8K9FG-UvdrKO21exbqMooqSx_P,,,,,,,BP-BEE-12OZ-10100,Experience Modelo Negra Bottles (12 oz x 12 ct) – this sessionable beer ($24.99) is a game day must-have. Order now for same-day delivery.
Beer,Import Beer,Modelo Negra Bottles (12 oz x 6 ct),80660957852,13٫99,https://drive.google.com/uc?id=11RnyhYISKXWm2GmlBOMPylnmgvwI8xH-,,,,,,,BP-BEE-12OZ-10101,Looking for clean beer quick delivery? Modelo Negra Bottles (12 oz x 6 ct) delivers with $13.99 pricing. Refreshment that won't break the bank. Buy now with free delivery over $50.
Beer,Import Beer,Negra Modelo Can (24 oz),33544950616,5٫99,https://drive.google.com/uc?id=1HTS1oMilcWTcyHxcwFQL77d69UToX5Ik,,,,,,,BP-BEE-24OZ-10102,"Quality ingredients, proper process: Negra Modelo Can (24 oz) is $5.99. Clean results guaranteed. Delivered fresh to your doorstep."
Beer,Import Beer,Newcastle Brown Ale Bottles (12 oz x 6 ct),88345100050,13٫99,https://drive.google.com/uc?id=14wRgfdR8KV3X0nuwFlbLIo8WYd7-YCK5,,,,,,,BP-BEE-12OZ-10103,Newcastle Brown Ale Bottles (12 oz x 6 ct) brings crisp refreshment at $13.99. The reliable choice. Available for immediate pickup.
Beer,Import Beer,Pacifico Can (24 oz x 3 ct),33544000151,13٫99,https://drive.google.com/uc?id=1DM1lnLRANB78920m_pbbORsbLqmKEgtw,,,,,,,BP-BEE-24OZ-10104,Get clean flavor without premium pricing – Pacifico Can (24 oz x 3 ct) is just $13.99. Stock up for the weekend. Order now for same-day delivery.
Beer,Import Beer,Pacifico Can (24 oz),33544000151,13٫99,https://drive.google.com/uc?id=1P21gmJ7CbHNpcguiNv9evvQhLMN_qMix,,,,,,,BP-BEE-24OZ-10105,Indulge in Pacifico Can (24 oz) – this refreshing beer ($13.99) is a backyard BBQ hero. Get it delivered to your door.
Beer,Import Beer,Pacifico Cans (12 oz x 12 ct),33544950319,22٫99,https://drive.google.com/uc?id=1QTHYGjEMMjhLzni-QmKdf4aoWZQNK83y,,,,,,,BP-BEE-12OZ-10106,"Quality ingredients, proper process: Pacifico Cans (12 oz x 12 ct) is $22.99. Refreshing results guaranteed. Available for immediate pickup."
Beer,Import Beer,Pacifico Clara Bottles (12 oz x 12 ct),80660953151,24٫99,https://drive.google.com/uc?id=19ayLas8pPLt41c8xzBXWFqPb0PefW5ZH,,,,,,,BP-BEE-12OZ-10107,"Pacifico Clara Bottles (12 oz x 12 ct) brings light-bodied refreshment at $24.99. The go-to choice. Buy online, enjoy tonight."
Beer,Import Beer,Pacifico Clara Bottles (12 oz x 6 ct),80660953014,13٫99,https://drive.google.com/uc?id=1C-zsQ4uG2RUocZFtv8tv457HHLIkb13r,,,,,,,BP-BEE-12OZ-10108,Pacifico Clara Bottles (12 oz x 6 ct) brings smooth refreshment at $13.99. The reliable choice. Shop online – pickup in-store today.
Beer,Import Beer,Pacifico Claro Ballena Bottle (32 oz),80660953052,5٫99,https://drive.google.com/uc?id=1SpDs-MHqGd2302ZmL9g0q-nVExw9xVDn,,,,,,,BP-BEE-32OZ-10109,Everyday enjoyment: Pacifico Claro Ballena Bottle (32 oz) at $5.99. This bright beer never disappoints. Add to cart for fast local delivery.
Beer,Import Beer,Sapporo Premium Beer Bottles (12 oz x 6 ct),87975013501,14٫99,https://drive.google.com/uc?id=1pPxXKo_qU82aN-78F2SW29wJaJQoNOeT,,,,,,,BP-BEE-12OZ-10110,Why pay more? Sapporo Premium Beer Bottles (12 oz x 6 ct) delivers bright beer quality at just $14.99. Matches premium brands without the markup. Order online for curbside pickup.
Beer,Import Beer,Sapporo Premium Bottle (20.3 oz),87975006305,4٫99,https://drive.google.com/uc?id=1R7rbvt3CgIvB3rfoTLxr-iu_13xp8CkN,,,,,,,BP-BEE-20.3OZ-10111,Crowd-pleaser: Sapporo Premium Bottle (20.3 oz) at $4.99. This clean beer never disappoints. Add to cart for fast local delivery.
Beer,Import Beer,Stella Artois Bottles (11 oz x 12 ct),7.8615E+11,24٫99,https://drive.google.com/uc?id=1gT0bVuKMEVZLa3nmwYHSG4bvvlBfkRds,,,,,,,BP-BEE-11OZ-10112,"Stella Artois Bottles (11 oz x 12 ct) represents clean quality at $24.99. Crafted with care, priced to share. Delivered fresh to your doorstep."
Beer,Import Beer,Stella Artois Bottles (11 oz x 6 ct),7.8615E+11,13٫99,https://drive.google.com/uc?id=1u_LdaImB8eAmyOj93xtgcvcQK-EQCVOg,,,,,,,BP-BEE-11OZ-10113,Get clean flavor without premium pricing – Stella Artois Bottles (11 oz x 6 ct) is just $13.99. Stock up for the weekend. In stock – order for delivery today.
Beer,Import Beer,Stella Artois Premium Lager Bottle (22.4 oz),7.8615E+11,4٫99,https://drive.google.com/uc?id=1yAoH43EXdBy_43kNgcdixx61CM9eWIrV,,,,,,,BP-BEE-22.4OZ-10114,Why pay more? Stella Artois Premium Lager Bottle (22.4 oz) delivers light-bodied beer quality at just $4.99. Matches premium brands without the markup. In stock – order for delivery today.
Beer,Import Beer,Tecate Bottles (12 oz x 12 ct),89826900336,15٫99,https://drive.google.com/uc?id=19HLAeQZfptFtMXp1r6apGaTW6dINgo8h,,,,,,,BP-BEE-12OZ-10115,"Quality ingredients, proper process: Tecate Bottles (12 oz x 12 ct) is $15.99. Sessionable results guaranteed. Add to cart for fast local delivery."
Beer,Import Beer,Tecate Can (24 oz),89826001422,3٫99,https://drive.google.com/uc?id=1c7S1cBHcufduR3Xz__xQrS0odqM3IiOB,,,,,,,BP-BEE-24OZ-10116,"Get clean flavor without premium pricing – Tecate Can (24 oz) is just $3.99. Single purchase, multiple smiles. Buy online, enjoy tonight."
Beer,Import Beer,Victoria Bottles (12 oz x 12 ct),80660958835,24٫99,https://drive.google.com/uc?id=1RP5n0g2NQtKm-50_MX53s818G8Lgob4w,,,,,,,BP-BEE-12OZ-10117,Why pay more? Victoria Bottles (12 oz x 12 ct) delivers bright beer quality at just $24.99. Matches premium brands without the markup. Buy now with free delivery over $50.
Beer,Import Beer,Victoria Mexican Lager Beer Bottle (32 oz),33544950258,5٫99,https://drive.google.com/uc?id=1Cx6X-VvSX50mh0kXoxO36EtG9KpBieWz,,,,,,,BP-BEE-32OZ-10118,Weeknight winner: Victoria Mexican Lager Beer Bottle (32 oz) at $5.99. This smooth beer never disappoints. In stock – order for delivery today.
Beer,IPA,Ballast Point Aloha Sculpin IPA Cans (12 oz x 6x ct),8.40167E+11,16٫99,https://drive.google.com/uc?id=1ZQ-iPZNEp_v_ya5MMJnUX3KgquTfgH0F,,,,,,,BP-BEE-12OZ-10119,"Ballast Point Aloha Sculpin IPA Cans (12 oz x 6x ct) represents resinous quality at $16.99. Crafted with care, priced to share. Buy online, enjoy tonight."
Beer,IPA,Ballast Point Grapefruit Sculpin IPA Cans 7.0% ABV (12 oz x 6 ct),8.40167E+11,16٫99,https://drive.google.com/uc?id=1LX4472L9AG5DAGF9BdkGncWwkg4zD3OD,,,,,,,BP-BEE-12OZ-10120,Highly rated: Ballast Point Grapefruit Sculpin IPA Cans 7.0% ABV (12 oz x 6 ct) is citrus-packed and priced right at $16.99. Hop enthusiasts appreciate the bold character. Shop online – pickup in-store today.
Beer,IPA,Ballast Point Sculpin IPA Cans 7.0% ABV (12 oz x 6 ct),8.40167E+11,16٫99,https://drive.google.com/uc?id=12YG6Dn8DomWSTWClgUKWHXlTySdLKYTF,,,,,,,BP-BEE-12OZ-10121,"Ballast Point Sculpin IPA Cans 7.0% ABV (12 oz x 6 ct) represents tropical quality at $16.99. Crafted with care, priced to share. Buy online, enjoy tonight."
Beer,IPA,Belching Beaver Phantom Bride IPA Cans (16 oz x 6 ct),8.1096E+11,17٫99,https://drive.google.com/uc?id=19cigQvt2Q6YGpoJXQAcdrQreLgSQLWGA,,,,,,,BP-BEE-16OZ-10122,Why pay more? Belching Beaver Phantom Bride IPA Cans (16 oz x 6 ct) delivers aromatic beer quality at just $17.99. Matches premium brands without the markup. Get it delivered to your door.
Beer,IPA,Elysian Brewing Contact Haze IPA Cans (12 oz x 6 ct),8.17904E+11,16٫99,https://drive.google.com/uc?id=108VmtfoIjOxJL9pNo-27BLjtj7cVm5B8,,,,,,,BP-BEE-12OZ-10123,Shop Elysian Brewing Contact Haze IPA Cans (12 oz x 6 ct) online – $16.99 with neighborhood liquor store. This bitter beer satisfies every time. Fast delivery to your neighborhood.
Beer,IPA,Elysian Space Dust IPA Bottles 8.2% ABV (12 oz x 6 ct),8.17904E+11,9٫99,https://drive.google.com/uc?id=1FsBd4HRSdDOj5FrUOF8ld4ZwlL0XwkFc,,,,,,,BP-BEE-12OZ-10124,"Elysian Space Dust IPA Bottles 8.2% ABV (12 oz x 6 ct) packs bitter hops into every sip ($9.99). Citrus, pine, and tropical fruit notes shine through. Available for immediate pickup."
Beer,IPA,Elysian Space Dust IPA Can (19.2 oz),8.17904E+11,19٫99,https://drive.google.com/uc?id=1-Nvdl1RMVbTTEc6B49r2Xs3VgXR7C19y,,,,,,,BP-BEE-19.2OZ-10125,Why pay more? Elysian Space Dust IPA Can (19.2 oz) delivers bitter beer quality at just $19.99. Matches premium brands without the markup. Order online for curbside pickup.
Beer,IPA,Firestone Walker Mind Haze IPA Can (12 oz x 6 ct),6.02755E+11,24٫99,https://drive.google.com/uc?id=1IgBtXNhF3JpG9V-RilEYloOKKKqmG9cT,,,,,,,BP-BEE-12OZ-10126,Local bestseller: Firestone Walker Mind Haze IPA Can (12 oz x 6 ct) is resinous and priced right at $24.99. Hop enthusiasts appreciate the bold character. Add to cart for fast local delivery.
Beer,IPA,Golden Road Brewing Passion Wolf IPA Cans (12 oz x 6x ct),8.10628E+11,14٫99,https://drive.google.com/uc?id=1Bbqa2OTaEs2HRtys0zu9AwBLQ9_VJ2YI,,,,,,,BP-BEE-12OZ-10127,Bring to the party Golden Road Brewing Passion Wolf IPA Cans (12 oz x 6x ct) – this tropical beer ($14.99) is a party essential. Delivered fresh to your doorstep.
Beer,IPA,Golden Road Brewing Ride On IPA Cans (12 oz x 6x ct),8.56895E+11,14٫99,https://drive.google.com/uc?id=1PKpmDJWzwc2FrDTjv9oEEbjjEMZR9sV1,,,,,,,BP-BEE-12OZ-10128,"Golden Road Brewing Ride On IPA Cans (12 oz x 6x ct) represents resinous quality at $14.99. Crafted with care, priced to share. Order now for same-day delivery."
Beer,IPA,Lagunitas A Little Sumpin' Sumpin' Bottles 7.5% ABV (12 oz x 6 ct),7.2383E+11,16٫99,https://drive.google.com/uc?id=10FRftyAy5q7FEX3lZRnfH4fDHvcQf3y_,,,,,,,BP-BEE-12OZ-10129,Stock up special: Lagunitas A Little Sumpin' Sumpin' Bottles 7.5% ABV (12 oz x 6 ct) is just $16.99. Multiple units of dank quality. Available in your area. Add to cart for fast local delivery.
Beer,IPA,Lagunitas IPA Bottles (12 oz x 6 ct),7.2383E+11,15٫99,https://drive.google.com/uc?id=19cf1srmeKz2fy6PSuvv0P1wW6HIMk0ZJ,,,,,,,BP-BEE-12OZ-10130,Looking for hop-forward beer in your area? Lagunitas IPA Bottles (12 oz x 6 ct) delivers with $15.99 pricing. Hop lovers enjoy the citrus and pine notes. Order now for same-day delivery.
Beer,IPA,Lagunitas IPA Cans 6.2% ABV (12 oz x 12 ct),7.2383E+11,5٫99,https://drive.google.com/uc?id=1SZWG7-_YrxQ0pwrBbZSV-mConYnDbfEX,,,,,,,BP-BEE-12OZ-10131,"Lagunitas IPA Cans 6.2% ABV (12 oz x 12 ct) represents piney quality at $5.99. Crafted with care, priced to share. Add to cart for fast local delivery."
Beer,IPA,Lagunitas Maximus Bottles (12 oz x 6 ct),7.2383E+11,14٫99,https://drive.google.com/uc?id=1NbsGp4K_R6nNPaL_OspnmeFpI4fgRi0J,,,,,,,BP-BEE-12OZ-10132,"Lagunitas Maximus Bottles (12 oz x 6 ct) packs aromatic hops into every sip ($14.99). Citrus, pine, and tropical fruit notes shine through. Available for immediate pickup."
Beer,IPA,Modern Times Orderville IPA Cans (16 oz x 4x ct),8.10273E+11,15٫99,https://drive.google.com/uc?id=1uzl4fJQcq6p9L-T9HF_gQcqe89yX2LdQ,,,,,,,BP-BEE-16OZ-10133,"Modern Times Orderville IPA Cans (16 oz x 4x ct) represents tropical quality at $15.99. Crafted with care, priced to share. In stock – order for delivery today."
Beer,IPA,New Belgium Voodoo Ranger Imperial IPA Bottles (12 oz x 6 ct),7.54527E+11,5٫99,https://drive.google.com/uc?id=1YS9xIzLDzUf3FSOd3U48Iydt2VPwpHI8,,,,,,,BP-BEE-12OZ-10134,"New Belgium Voodoo Ranger Imperial IPA Bottles (12 oz x 6 ct) represents resinous quality at $5.99. Crafted with care, priced to share. Order online for curbside pickup."
Beer,IPA,New Belgium Voodoo Ranger Imperial IPA Can (19.2 oz),7.54527E+11,15٫99,https://drive.google.com/uc?id=1uPHsnWVgmIHuUbsLLMluL_HshF2_1Twj,,,,,,,BP-BEE-19.2OZ-10135,Show up in style with: New Belgium Voodoo Ranger Imperial IPA Can (19.2 oz) at $15.99. This citrus-packed beer never disappoints. Order now for next-hour delivery.
Beer,IPA,New Belgium Voodoo Ranger Juice Force IPA Cans (12 oz x 6 ct),7.54527E+11,5٫99,https://drive.google.com/uc?id=1-Nvdl1RMVbTTEc6B49r2Xs3VgXR7C19y,,,,,,,BP-BEE-12OZ-10136,Show up in style with: New Belgium Voodoo Ranger Juice Force IPA Cans (12 oz x 6 ct) at $5.99. This bitter beer never disappoints. Buy now with free delivery over $50.
Beer,IPA,Pizza Port Swami's IPA Cans (16 oz x 6 ct),6.89926E+11,26٫99,https://drive.google.com/uc?id=1iACkNchI67WuWOAU9G89Z_n_gapoLTVq,,,,,,,BP-BEE-16OZ-10137,"Pizza Port Swami's IPA Cans (16 oz x 6 ct) packs tropical hops into every sip ($26.99). Citrus, pine, and tropical fruit notes shine through. Available for immediate pickup."
Beer,IPA,Sierra Nevada Hazy Little Thing IPA Can (19.2 oz),83783110104,15٫99,https://drive.google.com/uc?id=1R2L8XFG5CHpxK3ty-UHxD_ao7kkjAhnx,,,,,,,BP-BEE-19.2OZ-10138,"Get bitter flavor without premium pricing – Sierra Nevada Hazy Little Thing IPA Can (19.2 oz) is just $15.99. Single purchase, multiple smiles. Shop online – pickup in-store today."
Beer,IPA,Sierra Nevada Torpedo Extra IPA Bottles (12 oz x 6 ct),83783331004,15٫99,https://drive.google.com/uc?id=18V5XDcjKb-gZyFjTBiA6Dhj3k9HCcQe-,,,,,,,BP-BEE-12OZ-10139,Customer favorite: Sierra Nevada Torpedo Extra IPA Bottles (12 oz x 6 ct) is bitter and priced right at $15.99. Hop enthusiasts appreciate the bold character. Buy now with free delivery over $50.
Beer,IPA,Stone Brewing Hazy IPA Can (19.2 oz),6.36252E+11,5٫99,https://drive.google.com/uc?id=1NkLqf6fPhWJMAPokHL61iris9fvxY8Oe,,,,,,,BP-BEE-19.2OZ-10140,Trending now: Stone Brewing Hazy IPA Can (19.2 oz) is aromatic and priced right at $5.99. Hop enthusiasts appreciate the bold character. Order online for curbside pickup.
Beer,IPA,Stone Delicious IPA Cans 6.9% ABV (12 oz x 6 ct),6.36252E+11,16٫99,https://drive.google.com/uc?id=1MUSlcR5NJpouGzeQBa1rxNwZxAAMpRY6,,,,,,,BP-BEE-12OZ-10141,Shop Stone Delicious IPA Cans 6.9% ABV (12 oz x 6 ct) online – $16.99 with fast shipping. This resinous beer satisfies every time. Shop online – pickup in-store today.
Beer,IPA,Stone IPA (India Pale Ale) Can (12 oz x 6 ct),6.36252E+11,16٫99,https://drive.google.com/uc?id=1LWtg0pUVhTQ6qjNpvCLvJItP_sw683NO,,,,,,,BP-BEE-12OZ-10142,"Hop aromas jump from the glass: Stone IPA (India Pale Ale) Can (12 oz x 6 ct) is hop-forward IPA at $16.99. Taste grapefruit, pine, and dank resin. Buy online, enjoy tonight."
Beer,IPA,Voodoo Ranger Fruit Force Ale Cans (12 oz x 6 ct),7.54527E+11,5٫99,https://drive.google.com/uc?id=1TsIupeVKVbLaFsKpQOwihY4X6u5uKgoL,,,,,,,BP-BEE-12OZ-10143,Trending now: Voodoo Ranger Fruit Force Ale Cans (12 oz x 6 ct) is piney and priced right at $5.99. Hop enthusiasts appreciate the bold character. In stock – order for delivery today.
Beer,IPA,Voodoo Ranger Juicy Haze IPA Can (19.2 oz),7.54527E+11,5٫99,https://drive.google.com/uc?id=1-Nvdl1RMVbTTEc6B49r2Xs3VgXR7C19y,,,,,,,BP-BEE-19.2OZ-10144,Hop-heads take note: Voodoo Ranger Juicy Haze IPA Can (19.2 oz) delivers hop-forward IPA character ($5.99). IBU levels satisfy without overwhelming. Buy now with free delivery over $50.
Beer,Lager,Coors Light Cans (16.9 oz x 9 ct),71990301040,19٫99,https://drive.google.com/uc?id=1TMteSprfqTs2lNKmLTFfgjURET_LBjme,,,,,,,BP-BEE-16.9OZ-10145,Looking for crisp beer fast shipping? Coors Light Cans (16.9 oz x 9 ct) delivers with $19.99 pricing. Refreshment that won't break the bank. Buy now with free delivery over $50.
Beer,Lager,Kona Longboard Island Lager Bottles (12 oz x 6 ct),7.9603E+11,13٫99,https://drive.google.com/uc?id=1KvkwOMQU3TUxaV0vwwSRvmZ_5LEDlp6-,,,,,,,BP-BEE-12OZ-10146,Kona Longboard Island Lager Bottles (12 oz x 6 ct) brings refreshing refreshment at $13.99. The reliable choice. Order now for next-hour delivery.
Beer,Lager,Michelob Ultra Pure Gold Can (12 oz x 12 ct),18200201448,25٫99,https://drive.google.com/uc?id=1I9Nc178glWT1tRI8vWSFDTOVaVX1U6Rl,,,,,,,BP-BEE-12OZ-10147,Stock up on Michelob Ultra Pure Gold Can (12 oz x 12 ct) – this refreshing beer ($25.99) is a crowd-pleaser. Order online for curbside pickup.
Beer,Lager,Modelo Chelada Naranja Picosa (24 oz),33544001585,5٫99,https://drive.google.com/uc?id=1282I8XRQIiesIsf_HEwWfNWh4NZPT5lc,,,,,,,BP-BEE-24OZ-10148,"Golden, sessionable, refreshing: Modelo Chelada Naranja Picosa (24 oz) for $5.99. Cold beer satisfaction delivered. Order online for curbside pickup."
Beer,Lager,Modelo Oro Gold Standard Lager Can (24 oz),33544001622,25٫99,https://drive.google.com/uc?id=1EIh8oP4KSdnPvRkljMwka6NVlpnONiXR,,,,,,,BP-BEE-24OZ-10149,"Golden, sessionable, refreshing: Modelo Oro Gold Standard Lager Can (24 oz) for $25.99. Cold beer satisfaction delivered. Delivered fresh to your doorstep."
Beer,Lager,Pacifico Clara Bottle (12 oz x 24 ct),80660953083,43٫99,https://drive.google.com/uc?id=1WEt0vHGu3PANSLoboEwfd3C3fgEv2QJq,,,,,,,BP-BEE-12OZ-10150,Why pay more? Pacifico Clara Bottle (12 oz x 24 ct) delivers sessionable beer quality at just $43.99. Matches premium brands without the markup. In stock – order for delivery today.
Beer,Lager,Pacifico Clara Mexican Lager Cans (12 oz x 12 ct),33544950319,22٫99,https://drive.google.com/uc?id=1U7oI-3PVe0zAH7MnTadCuLJEA4zvml8m,,,,,,,BP-BEE-12OZ-10151,Stock up special: Pacifico Clara Mexican Lager Cans (12 oz x 12 ct) is just $22.99. Multiple units of easy-drinking quality. Available quick delivery. Shop online – pickup in-store today.
Beer,Lager,Rolling Rock Can (24 oz),71439344188,15٫99,https://drive.google.com/uc?id=1dXLg9QIRV0RorZT5lfkoGUabAiR-mMo7,,,,,,,BP-BEE-24OZ-10152,Popular choice: Rolling Rock Can (24 oz) is easy-drinking and priced right at $15.99. Easy-drinking satisfaction guaranteed. Get it delivered to your door.
Beer,Lager,Stella Artois Can (25 oz),18200261244,5٫99,https://drive.google.com/uc?id=1O5aHyY0a9xZUG9tI4hEkyce1xcc6nRgU,,,,,,,BP-BEE-25OZ-10153,"Get crisp flavor without premium pricing – Stella Artois Can (25 oz) is just $5.99. Single purchase, multiple smiles. Delivered fresh to your doorstep."
Beer,Malt Liquor,Budweiser Chelada Beer Can (25 oz),18200255106,5٫99,https://drive.google.com/uc?id=1KRi3BvCje8Bl6rQUkUNUfCZ_p6V-QvKY,,,,,,,BP-BEE-25OZ-10154,Budweiser Chelada Beer Can (25 oz) brings light-bodied refreshment at $5.99. The go-to choice. Order online for curbside pickup.
Beer,Malt Liquor,Estrella Jalisco/Golden Road Collab Mango Michelada Can (25 oz),18200259463,4٫99,https://drive.google.com/uc?id=1uPBmzpjF_7s59LUkFsgpFAS-4TGLH05S,,,,,,,BP-BEE-25OZ-10155,Stock up on Estrella Jalisco/Golden Road Collab Mango Michelada Can (25 oz) – this smooth beer ($4.99) is a weeknight unwind. In stock – order for delivery today.
Beer,Malt Liquor,Four Loko Gold Can (23.5 oz),8.49806E+11,5٫99,https://drive.google.com/uc?id=1-FmhzKOVBmtVmU6794ire1FjIE8y9fKb,,,,,,,BP-BEE-23.5OZ-10156,"Four Loko Gold Can (23.5 oz) represents light-bodied quality at $5.99. Crafted with care, priced to share. Delivered fresh to your doorstep."
Beer,Malt Liquor,Smirnoff Ice Peach Bellini Bottles (11.2 oz x 6 ct),82000766001,14٫99,https://drive.google.com/uc?id=1C4iR8j76decuA7cpG1Jn-C9W8tEh9OcC,,,,,,,BP-BEE-11.2OZ-10157,Gift-worthy: Smirnoff Ice Peach Bellini Bottles (11.2 oz x 6 ct) at $14.99. This clean beer never disappoints. Buy now with free delivery over $50.
Beer,Malt Liquor,Smirnoff Ice Smash Peach + Mango Can (23.5 oz),82000786252,5٫99,https://drive.google.com/uc?id=1E2age9TZERBVPZpP5k50694dGLET5hM3,,,,,,,BP-BEE-23.5OZ-10158,"Get clean flavor without premium pricing – Smirnoff Ice Smash Peach + Mango Can (23.5 oz) is just $5.99. Single purchase, multiple smiles. Order now for same-day delivery."
Beer,Malt Liquor,Smirnoff Ice Smash Screwdriver Malt Liquor Can (24 oz),82000776925,5٫99,https://drive.google.com/uc?id=1XI6jDAikD0R_1522G8J9qjpWKciNtCeb,,,,,,,BP-BEE-24OZ-10159,Bring this to any gathering: Smirnoff Ice Smash Screwdriver Malt Liquor Can (24 oz) at $5.99. This refreshing beer never disappoints. Delivered fresh to your doorstep.
Beer,Pale Ale,Sierra Nevada Pale Ale Can (12 oz x 12 ct),83783222005,22٫99,https://drive.google.com/uc?id=14DwLHcDIi0HOqytUDEkw75JWX24IK69u,,,,,,,BP-BEE-12OZ-10160,Staff pick: Sierra Nevada Pale Ale Can (12 oz x 12 ct) is sessionable and priced right at $22.99. Easy-drinking satisfaction guaranteed. Add to cart for fast local delivery.
Beer,Pale Ale,Sierra Nevada Pale Ale Can (19 oz),83783375534,4٫99,https://drive.google.com/uc?id=1pXbJ8tBOIxrdxy1W-en7AW7JnusLrWC9,,,,,,,BP-BEE-19OZ-10161,Looking for crisp beer local delivery available? Sierra Nevada Pale Ale Can (19 oz) delivers with $4.99 pricing. Refreshment that won't break the bank. Order now for same-day delivery.
Beer,Pilsner,Stella Artois Can (11 oz x 12 ct),7.8615E+11,24٫99,https://drive.google.com/uc?id=1A55Wu6mRBrMvWj_R7N7M40UxqFGR5ycJ,,,,,,,BP-BEE-11OZ-10162,Indulge in Stella Artois Can (11 oz x 12 ct) – this smooth beer ($24.99) is a social lubricant. Order now for same-day delivery.
Beer,Specialty Beer,Bud Light Chelada Extra Lime with Clamato Can (25 oz),18200255274,5٫99,https://drive.google.com/uc?id=1gSvrN9-urJlA4JgRNuQcR6bUUwwjJLdD,,,,,,,BP-BEE-25OZ-10163,Gift-worthy: Bud Light Chelada Extra Lime with Clamato Can (25 oz) at $5.99. This crisp beer never disappoints. Order now for next-hour delivery.
Beer,Specialty Beer,Modelo Especial Chelada Pina Picante Can (24 oz),33544000809,5٫99,https://drive.google.com/uc?id=1Vvh-sihk8xEebF5DrYFOv8b4t9E6rMi7,,,,,,,BP-BEE-24OZ-10164,Modelo Especial Chelada Pina Picante Can (24 oz) brings easy-drinking refreshment at $5.99. The go-to choice. Delivered fresh to your doorstep.
Beer,Stout & Porter,Guinness Extra Stout Bottles (11 oz x 6 ct),83820123937,13٫99,https://drive.google.com/uc?id=11cGdI8aRXzbWshPu-DTG3yZRl2yUglVa,,,,,,,BP-BEE-11OZ-10165,Shop Guinness Extra Stout Bottles (11 oz x 6 ct) online – $13.99 with in your area. This crisp beer satisfies every time. Delivered fresh to your doorstep.
Beer,Wheat Beer,Hoegaarden Original Belgian Bottle (11.2 oz x 6 ct),7.8615E+11,14٫99,https://drive.google.com/uc?id=1LtGLOE1Ef__cdiZTDl-SyjItpMoUCJJt,,,,,,,BP-BEE-11.2OZ-10166,Everyday enjoyment: Hoegaarden Original Belgian Bottle (11.2 oz x 6 ct) at $14.99. This refreshing beer never disappoints. Fast delivery to your neighborhood.
Beer,Wheat Beer,Lagunitas Little Sumpin' Sumpin' Ale Can (19.2 oz),7.2383E+11,5٫99,https://drive.google.com/uc?id=1JeyjzMgj3NbT2U7vMKlqQI4yt7vXT8ZZ,,,,,,,BP-BEE-19.2OZ-10167,Trending now: Lagunitas Little Sumpin' Sumpin' Ale Can (19.2 oz) is clean and priced right at $5.99. Easy-drinking satisfaction guaranteed. Order online for curbside pickup.
Beer,Wheat Beer,Spaten Lager Bottles (12 oz x 6 ct),72890000118,13٫99,https://drive.google.com/uc?id=1Pb3j6VU2DahTlb_Xe7WMKFrLB1dvz7Dn,,,,,,,BP-BEE-12OZ-10168,Weeknight winner: Spaten Lager Bottles (12 oz x 6 ct) at $13.99. This smooth beer never disappoints. Order online for curbside pickup.
Brandy & Cognac,Brandy,E & J Gallo Brandy (375 ml),85000022757,7٫99,https://drive.google.com/uc?id=1dySAPQJaSKvAxFFTh68SiQUmtolkBVV5,,,,,,,BP-BRA-375-10169,Great value alert: E & J Gallo Brandy (375 ml) for $7.99. Delivered fresh to your doorstep.
Brandy & Cognac,Brandy,E & J VS Brandy (200 ml),85000003794,6٫99,https://drive.google.com/uc?id=1Mm0uDu6iKSltW_9JCgJsU061G1gC-LZ_,,,,,,,BP-BRA-200-10170,E & J VS Brandy (200 ml) at $6.99. Sophisticated through and through. Get it delivered to your door.
Brandy & Cognac,Brandy,E & J VSOP (50 ml),85000003862,1٫99,https://drive.google.com/uc?id=1HD0AVQLvknTjfF47P4SpcbxEqn5WYhaj,,,,,,,BP-BRA-50-10171,Shop E & J VSOP (50 ml) online – $1.99 with quick delivery. Complex quality guaranteed. Delivered fresh to your doorstep.
Brandy & Cognac,Cognac,D'Usse Cognac VSOP (200 ml),87236001131,20٫99,https://drive.google.com/uc?id=1iUSo-jD2gGpgHpt1P6xwSc6HK5zjXP-F,,,,,,,BP-BRA-200-10172,D'Usse Cognac VSOP (200 ml) at $20.99. Rich through and through. Order online for curbside pickup.
Brandy & Cognac,Cognac,D'Usse Cognac VSOP (750 ml),80480002923,67٫99,https://drive.google.com/uc?id=1-VZAgy7ogEmDOkUkMYCLviS9dD5yG2td,,,,,,,BP-BRA-750-10173,Smart shoppers choose D'Usse Cognac VSOP (750 ml) – $67.99 for quality. Order now for next-hour delivery.
Brandy & Cognac,Cognac,Hennessy VS (375 ml),88110150624,30٫99,https://drive.google.com/uc?id=1EsW-tpOdqVmWSD7OWkFBVA2gL5k7trbv,,,,,,,BP-BRA-375-10174,Hennessy VS (375 ml) at $30.99. Rich through and through. Fast delivery to your neighborhood.
Brandy & Cognac,Cognac,Hennessy VS (50 ml),88110150501,8٫99,https://drive.google.com/uc?id=19VjTJHbQ4SiILMWluARbt-WRTS5dxc39,,,,,,,BP-BRA-50-10175,"Hennessy VS (50 ml) represents refined quality at $8.99. Crafted with care, priced to share. Order now for same-day delivery."
Brandy & Cognac,Cognac,Hennessy VS Cognac (200 ml),88110150525,16٫99,https://drive.google.com/uc?id=1YQ55P2gPiUQRcKuostS6NCl1sMTeTDwy,,,,,,,BP-BRA-200-10176,"Great value alert: Hennessy VS Cognac (200 ml) for $16.99. Buy online, enjoy tonight."
Brandy & Cognac,Cognac,Remy Martin 1738 (375 ml),87236001247,33٫99,https://drive.google.com/uc?id=1MQtIlmbRfESr11V6HUKFm1PsQq9pwn7A,,,,,,,BP-BRA-375-10177,Anytime refreshment: Remy Martin 1738 (375 ml) at $33.99. Shop online – pickup in-store today.
Brandy & Cognac,Cognac,Remy Martin 1738 Cognac (375 ml),87236001247,33٫99,https://drive.google.com/uc?id=1BYXc32Z7L_llsjJijmSpr95JYa36c5J0,,,,,,,BP-BRA-375-10178,"Remy Martin 1738 Cognac (375 ml) represents smooth quality at $33.99. Crafted with care, priced to share. Get it delivered to your door."
Brandy & Cognac,Cognac,Remy Martin VSOP (750 ml),87236001162,72٫99,https://drive.google.com/uc?id=1DugnoxDLeqn52ponMB_AQxcH5sZ45huE,,,,,,,BP-BRA-750-10179,Want Remy Martin VSOP (750 ml)? Available in your area for $72.99. Buy now with free delivery over $50.
Candy,Candy & Sweets,Haribo Candy Smurfs (4 oz),42238305007,4٫99,https://drive.google.com/uc?id=1Vi2glSl-fz9YwWBnGEqtXSGIrKJPbXXi,,,,,,,BP-CAN-4OZ-10180,"Right-size portion: Haribo Candy Smurfs (4 oz) for $4.99. Quality quality, perfect quantity. Available neighborhood liquor store. Order now for same-day delivery."
Candy,Candy & Sweets,Haribo Goldbears Bag (5 oz),42238302211,4٫99,https://drive.google.com/uc?id=1P4GjbcHjh66fst17zjg8j2-Ikl0hcbuA,,,,,,,BP-CAN-5OZ-10181,Highly rated: Haribo Goldbears Bag (5 oz) at $4.99. Order now for next-hour delivery.
Candy,Candy & Sweets,Haribo Happy-Cola Bag (5 oz),42238323643,4٫99,https://drive.google.com/uc?id=1MRSebDNrlNSKks9Q3hJ2SnsmtGabzL0S,,,,,,,BP-CAN-5OZ-10182,Great value alert: Haribo Happy-Cola Bag (5 oz) for $4.99. Available for immediate pickup.
Candy,Candy & Sweets,Haribo Sour Goldbears Gummi Candy (4.5 oz),42238312210,4٫99,https://drive.google.com/uc?id=1Ah0I8OpuOiH2kHFWJsIbyFKyQoYfTg84,,,,,,,BP-CAN-4.5OZ-10183,Great value alert: Haribo Sour Goldbears Gummi Candy (4.5 oz) for $4.99. Buy now with free delivery over $50.
Candy,Candy & Sweets,Haribo Twin Snakes Gummi Candy (5 oz),42238377554,4٫99,https://drive.google.com/uc?id=16Bu6A57JKWHSwGwRU831Vra1S65GisDT,,,,,,,BP-CAN-5OZ-10184,Smart shoppers choose Haribo Twin Snakes Gummi Candy (5 oz) – $4.99 for quality. Get it delivered to your door.
Candy,Candy & Sweets,Life Savers Gummies Collision (4.2 oz),22000120304,4٫99,https://drive.google.com/uc?id=1Qp7FX39d3D8qtZK48sEyjRYmFH8zEvxs,,,,,,,BP-CAN-4.2OZ-10185,Trending now: Life Savers Gummies Collision (4.2 oz) at $4.99. Buy now with free delivery over $50.
Candy,Candy & Sweets,Life Savers Gummies Sours (7 oz),19000170491,4٫99,https://drive.google.com/uc?id=13b2CSOXg4mCRp12rRr5OC5SxukQkFwpw,,,,,,,BP-CAN-7OZ-10186,"Life Savers Gummies Sours (7 oz) represents exceptional quality at $4.99. Crafted with care, priced to share. In stock – order for delivery today."
Candy,Candy & Sweets,PayDay King Size (3.4 oz),10700807274,4٫99,https://drive.google.com/uc?id=1vUyNRz_5cfOIRwSIw9Up-_zEQZjK1XG3,,,,,,,BP-CAN-3.4OZ-10187,Want PayDay King Size (3.4 oz)? Available local delivery available for $4.99. Order now for next-hour delivery.
Candy,Candy & Sweets,Skittles (2.17 oz),40000001607,2٫99,https://drive.google.com/uc?id=1VLpzfNepUmQbubAnzPvIQNo0Y2svN5RN,,,,,,,BP-CAN-2.17OZ-10188,Great value alert: Skittles (2.17 oz) for $2.99. Fast delivery to your neighborhood.
Candy,Candy & Sweets,Skittles King Size (4.0 oz),40000004608,4٫99,https://drive.google.com/uc?id=1c0EfOHOCdlOtz2QhxTml-I1shGQtfsj-,,,,,,,BP-CAN-4OZ-10189,Experience Skittles King Size (4.0 oz) for $4.99. Available for immediate pickup.
Candy,Candy & Sweets,Skittles Sour Candy (1.8 oz),40000002666,2٫99,https://drive.google.com/uc?id=11yZBhV9kvgpzYZKPwzxdiHHldR-Dg3SB,,,,,,,BP-CAN-1.8OZ-10190,"Right-size portion: Skittles Sour Candy (1.8 oz) for $2.99. Quality quality, perfect quantity. Available fast shipping. Order now for next-hour delivery."
Candy,Candy & Sweets,Sour Skittles King Size,40000004660,4٫99,https://drive.google.com/uc?id=1NLHqXHAB-UHr0I5V8xlwSKzwVvFCrOT2,,,,,,,BP-CAN-000-10191,Show up in style with: Sour Skittles King Size at $4.99. Add to cart for fast local delivery.
Candy,Candy & Sweets,Starburst FaveReds Fruit Chews Candy ( oz. x 2.07 ct),40000009702,2٫99,https://drive.google.com/uc?id=1DnTFQtGiLKjYv-GAfpgrylCCJ16Lxipy,,,,,,,BP-CAN-000-10192,"Starburst FaveReds Fruit Chews Candy ( oz. x 2.07 ct) at $2.99. Exceptional quality throughout. Buy online, enjoy tonight."
Candy,Candy & Sweets,Trolli Sour Brite Crawlers (5 oz),20709012302,4٫99,https://drive.google.com/uc?id=1qJgk0wrs3T55sjeZ_3KhA2mma7JrfPFa,,,,,,,BP-CAN-5OZ-10193,Want Trolli Sour Brite Crawlers (5 oz)? Available order online for $4.99. Fast delivery to your neighborhood.
Candy,Chocolate,Christopher's Big Cherry Candy Bar (5 oz),72965007417,2٫99,https://drive.google.com/uc?id=1-Nvdl1RMVbTTEc6B49r2Xs3VgXR7C19y,,,,,,,BP-CAN-5OZ-10194,Christopher's Big Cherry Candy Bar (5 oz) at $2.99. Outstanding quality throughout. Buy now with free delivery over $50.
Candy,Chocolate,Dove Milk Chocolate Bar (1.44 oz),40000459842,2٫99,https://drive.google.com/uc?id=1z-j7WgVgHuTFWZKNUGKXTVKziSkAdj-y,,,,,,,BP-CAN-1.44OZ-10195,"Quality ingredients, proper process: Dove Milk Chocolate Bar (1.44 oz) is $2.99. Exceptional results guaranteed. Add to cart for fast local delivery."
Candy,Chocolate,Kit Kat Big Kat King Size (3 oz),34000245222,4٫99,https://drive.google.com/uc?id=1M0T0dpZB_MjLuCkNSwWjbCkWA15lVDsl,,,,,,,BP-CAN-3OZ-10196,"Quality ingredients, proper process: Kit Kat Big Kat King Size (3 oz) is $4.99. Quality results guaranteed. In stock – order for delivery today."
Candy,Chocolate,M&M's Sharing Size Almond (2.83 oz),40000474173,4٫99,https://drive.google.com/uc?id=19oC5l5yUHRmmHiNfcjhZOFWJBcj3NI3h,,,,,,,BP-CAN-2.83OZ-10197,Want M&M's Sharing Size Almond (2.83 oz)? Available order online for $4.99. Add to cart for fast local delivery.
Candy,Chocolate,Nestle Crunch Candy Bar (1.55 oz),28000131708,1٫99,https://drive.google.com/uc?id=1um6CXTLyDDgsAZ-42gjclvskGIVyG7ol,,,,,,,BP-CAN-1.55OZ-10198,Shop Nestle Crunch Candy Bar (1.55 oz) online – $1.99 with neighborhood liquor store. Exceptional quality guaranteed. Shop online – pickup in-store today.
Candy,Chocolate,Reese's Outrageous Bar (2.95 oz),34000412013,3٫99,https://drive.google.com/uc?id=1BJtz5pz_FMiv1QuYTUyMpqU-hbl_MccA,,,,,,,BP-CAN-2.95OZ-10199,Shop Reese's Outrageous Bar (2.95 oz) online – $3.99 with near you. Outstanding quality guaranteed. Fast delivery to your neighborhood.
Candy,Chocolate,"Reese's Peanut Butter Cups, King Size",34000004805,4٫99,https://drive.google.com/uc?id=1JXbVvoqGQmW1L91I2H8y4W52JHJphVO1,,,,,,,BP-CAN-000-10200,"Shop Reese's Peanut Butter Cups, King Size online – $4.99 with same-day delivery. Remarkable quality guaranteed. Fast delivery to your neighborhood."
Candy,Chocolate,Toblerone Swiss Milk Chocolate (3.52 oz),70221011116,4٫99,https://drive.google.com/uc?id=1L-alD9P1Kq1OLzp0fsH9JZzMx-4cMsJ9,,,,,,,BP-CAN-3.52OZ-10201,Bring this to any gathering: Toblerone Swiss Milk Chocolate (3.52 oz) at $4.99. In stock – order for delivery today.
Candy,Fruity,Hi Chew Chewy Fruit Candy Original Mix Bag (3.53 oz),8.73983E+11,4٫99,https://drive.google.com/uc?id=1-Nvdl1RMVbTTEc6B49r2Xs3VgXR7C19y,,,,,,,BP-CAN-3.53OZ-10202,"Quality ingredients, proper process: Hi Chew Chewy Fruit Candy Original Mix Bag (3.53 oz) is $4.99. Remarkable results guaranteed. Shop online – pickup in-store today."
Candy,Fruity,Hi Chew Plus Fruit Sunrise Mix (2.82 oz),8.50018E+11,3٫99,https://drive.google.com/uc?id=1-Nvdl1RMVbTTEc6B49r2Xs3VgXR7C19y,,,,,,,BP-CAN-2.82OZ-10203,"Quality ingredients, proper process: Hi Chew Plus Fruit Sunrise Mix (2.82 oz) is $3.99. Premium results guaranteed. Add to cart for fast local delivery."
Candy,Fruity,Hi Chew Strawberry Fruit Chews (1.76 oz),8.73983E+11,2٫99,https://drive.google.com/uc?id=1-Nvdl1RMVbTTEc6B49r2Xs3VgXR7C19y,,,,,,,BP-CAN-1.76OZ-10204,Everyday enjoyment: Hi Chew Strawberry Fruit Chews (1.76 oz) at $2.99. Shop online – pickup in-store today.
Candy,Fruity,Hi-Chew Banana Candy (1.76 oz),8.57983E+11,2٫99,https://drive.google.com/uc?id=1-Nvdl1RMVbTTEc6B49r2Xs3VgXR7C19y,,,,,,,BP-CAN-1.76OZ-10205,Hi-Chew Banana Candy (1.76 oz) at $2.99. Outstanding through and through. Add to cart for fast local delivery.
Candy,Fruity,Hi-Chew Sweet and Sour Mix Chewy Candy (3.17 oz),8.51681E+11,4٫99,https://drive.google.com/uc?id=1-Nvdl1RMVbTTEc6B49r2Xs3VgXR7C19y,,,,,,,BP-CAN-3.17OZ-10206,Want Hi-Chew Sweet and Sour Mix Chewy Candy (3.17 oz)? Available neighborhood liquor store for $4.99. Order online for curbside pickup.
Candy,Fruity,Sour Punch Bites Tropical Blends Soft & Chewy Candy (5 oz),41364087382,3٫99,https://drive.google.com/uc?id=1-Nvdl1RMVbTTEc6B49r2Xs3VgXR7C19y,,,,,,,BP-CAN-5OZ-10207,Staff pick: Sour Punch Bites Tropical Blends Soft & Chewy Candy (5 oz) at $3.99. Delivered fresh to your doorstep.
Candy,Fruity,Sour Punch Rainbow Straws Candy (2 oz),41364087924,2٫99,https://drive.google.com/uc?id=1-Nvdl1RMVbTTEc6B49r2Xs3VgXR7C19y,,,,,,,BP-CAN-2OZ-10208,Experience Sour Punch Rainbow Straws Candy (2 oz) for $2.99. Get it delivered to your door.
Candy,Gum & Mints,5 Gum Cobalt 15 ct,22000005120,3٫99,https://drive.google.com/uc?id=1L_dUb91dhajZmGaSMtmg2rcO17WBuICN,,,,,,,BP-CAN-000-10209,Everyday enjoyment: 5 Gum Cobalt 15 ct at $3.99. Buy now with free delivery over $50.
Candy,Gum & Mints,5 Gum Wintermint Ascent Sugarfree Chewing Gum 15 CT,22000015532,3٫99,https://drive.google.com/uc?id=1QnfcsKpj1NmP2ueFnq3G__lKZl3E1EJZ,,,,,,,BP-CAN-000-10210,"Stock up special: 5 Gum Wintermint Ascent Sugarfree Chewing Gum 15 CT is just $3.99. Multiple units of remarkable quality. Available in your area. Buy online, enjoy tonight."
Candy,Gum & Mints,Altoids Mints Cinnamon (1.76 oz),22000159359,5٫99,https://drive.google.com/uc?id=1Y9Z_klvIi4AaUO2zGkgsRGvDBSuXVymN,,,,,,,BP-CAN-1.76OZ-10211,Altoids Mints Cinnamon (1.76 oz) at $5.99. Remarkable through and through. Delivered fresh to your doorstep.
Candy,Gum & Mints,Altoids Wintergreen,22000159342,5٫99,https://drive.google.com/uc?id=1rlPtuGRFvAs1CFuyvxFirFW1nN1V4SxV,,,,,,,BP-CAN-000-10212,"Right-size portion: Altoids Wintergreen for $5.99. Quality quality, perfect quantity. Available fast shipping. Buy online, enjoy tonight."
Candy,Gum & Mints,Big League Chew (2.12 oz),42897660011,3٫99,https://drive.google.com/uc?id=1DyoTdrk58BOYacxc-CBZt9UiJ9wDvJWi,,,,,,,BP-CAN-2.12OZ-10213,Stock up on Big League Chew (2.12 oz) for $3.99. Order now for same-day delivery.
Candy,Gum & Mints,Eclipse Sugarfree Spearmint Gum 18 CT,22000013316,3٫99,https://drive.google.com/uc?id=1lGv3YX4r-ErIeRln_l7zDM4UYRfyZiyx,,,,,,,BP-CAN-000-10214,Smart shoppers choose Eclipse Sugarfree Spearmint Gum 18 CT – $3.99 for quality. Order now for next-hour delivery.
Candy,Gum & Mints,Eclipse Sugarfree Winterfrost 18 CT,22000013200,3٫99,https://drive.google.com/uc?id=1BY8Bhjte2OPbUfBw3ERMJ_7ZDb3BGrlP,,,,,,,BP-CAN-000-10215,"Quality ingredients, proper process: Eclipse Sugarfree Winterfrost 18 CT is $3.99. Premium results guaranteed. Delivered fresh to your doorstep."
Candy,Gum & Mints,Hubba Bubba Bubble Tape Sour Flavor Bubble Gum (5 oz),22000016935,3٫99,https://drive.google.com/uc?id=1v61Mryzabi7ZK1wRA0fiwUUMPHfYiR0L,,,,,,,BP-CAN-5OZ-10216,Hubba Bubba Bubble Tape Sour Flavor Bubble Gum (5 oz) at $3.99. Outstanding quality throughout. Shop online – pickup in-store today.
Candy,Gum & Mints,Hubba Bubba Max Outrageous Original (5 CT),22000002709,2٫99,https://drive.google.com/uc?id=1gEGKuJF7P30SXn3j4rZaCShdkcG9AIg8,,,,,,,BP-CAN-000-10217,Hubba Bubba Max Outrageous Original (5 CT) at $2.99. Outstanding through and through. Fast delivery to your neighborhood.
Candy,Gum & Mints,Ice Breakers Sugarfree Spearmint Gum Cubes 40 CT,34000008476,7٫99,https://drive.google.com/uc?id=1djl2K6H1fmwenw0SJLBGmKFQ7FIHP5Lb,,,,,,,BP-CAN-000-10218,Weeknight winner: Ice Breakers Sugarfree Spearmint Gum Cubes 40 CT at $7.99. Add to cart for fast local delivery.
Candy,Gum & Mints,Mentos Fruit (1.32 oz),73390000165,2٫99,https://drive.google.com/uc?id=14PYKZPcQW57-acPY1wcwE5WcMG5FFQyR,,,,,,,BP-CAN-1.32OZ-10219,Mentos Fruit (1.32 oz) at $2.99. Premium quality throughout. In stock – order for delivery today.
Candy,Gum & Mints,Mentos Green Apple Chewy Mint (1.32 oz),73390001834,1٫99,https://drive.google.com/uc?id=1-Nvdl1RMVbTTEc6B49r2Xs3VgXR7C19y,,,,,,,BP-CAN-1.32OZ-10220,Mentos Green Apple Chewy Mint (1.32 oz) at $1.99. Quality quality throughout. Get it delivered to your door.
Candy,Gum & Mints,Mentos Mint (1.32 oz),73390000165,2٫99,https://drive.google.com/uc?id=1ApFjAExPpXI7wRwJLnDKJlvWyuhbuuQ_,,,,,,,BP-CAN-1.32OZ-10221,Date night perfect: Mentos Mint (1.32 oz) at $2.99. Fast delivery to your neighborhood.
Candy,Gum & Mints,Orbit White Sugarfree Spearmint Gum 15 CT,22000013477,1٫99,https://drive.google.com/uc?id=1wGGl5X47pKqEllEz77UE1K8d-sHfFkAj,,,,,,,BP-CAN-000-10222,Great value alert: Orbit White Sugarfree Spearmint Gum 15 CT for $1.99. Order online for curbside pickup.
Candy,Gum & Mints,Red Vines Original Red (5 oz),41364002095,4٫99,https://drive.google.com/uc?id=1TiMhmS2Oo20EvfIdEp_Eu6EOpBaP9Bc9,,,,,,,BP-CAN-5OZ-10223,"Want Red Vines Original Red (5 oz)? Available neighborhood liquor store for $4.99. Buy online, enjoy tonight."
Candy,Gum & Mints,Reese's (1.5 oz),34000004409,2٫99,,,,,,,,BP-CAN-1.5OZ-10224,Great value alert: Reese's (1.5 oz) for $2.99. Buy now with free delivery over $50.
Candy,Gum & Mints,Reese's Pieces Peanut Butter (4 oz),34000114702,3٫99,https://drive.google.com/uc?id=1Ej56pAV40PegwX2n1TXt4Ok1ZAsAUW1E,,,,,,,BP-CAN-4OZ-10225,Want Reese's Pieces Peanut Butter (4 oz)? Available local delivery available for $3.99. Delivered fresh to your doorstep.
Candy,Gum & Mints,Sour Patch Kids Sour then Sweet (2 oz),70462098501,2٫99,https://drive.google.com/uc?id=1_WcCivPa_ErUnXltbHJzMvnUQD3skmUe,,,,,,,BP-CAN-2OZ-10226,"Quality ingredients, proper process: Sour Patch Kids Sour then Sweet (2 oz) is $2.99. Premium results guaranteed. Buy now with free delivery over $50."
Candy,Gum & Mints,Sour Patch Watermelon (2 oz),70462098525,2٫99,https://drive.google.com/uc?id=10ULCa9j4x6-Jm7hEdmYgkETH_qe7r9T4,,,,,,,BP-CAN-2OZ-10227,Great value alert: Sour Patch Watermelon (2 oz) for $2.99. Fast delivery to your neighborhood.
Candy,Gum & Mints,Tic Tac (1 oz),9800007615,2٫99,https://drive.google.com/uc?id=1T-uOfCC5X6O6Tlewge6IcHpsLh6p1DjJ,,,,,,,BP-CAN-1OZ-10228,Want Tic Tac (1 oz)? Available neighborhood liquor store for $2.99. Buy now with free delivery over $50.
Candy,Gum & Mints,Trident Bubblegum - with Xylitol (26.6 g),73390055202,3٫99,https://drive.google.com/uc?id=1ULNN-WeuoGXcfNjUqCWaaKudFI2924C3,,,,,,,BP-CAN-000-10229,Trident Bubblegum - with Xylitol (26.6 g) at $3.99. Premium quality throughout. Get it delivered to your door.
Candy,Gum & Mints,Trident Pineapple Twist Sugar Free Gum (2 oz x 14 ct),12546011587,3٫99,https://drive.google.com/uc?id=1rKJMjEgNqWuNwvOO0umWaw-reFOtJHzj,,,,,,,BP-CAN-2OZ-10230,Great value alert: Trident Pineapple Twist Sugar Free Gum (2 oz x 14 ct) for $3.99. Order now for same-day delivery.
Candy,Gum & Mints,Trident Sugar Free Gum Tropical Twist - 14 PC,12546011112,3٫99,https://drive.google.com/uc?id=1YT7DTkcC5pwsBT-TFOM9JOPxIxEI8iXu,,,,,,,BP-CAN-000-10231,Bring this to any gathering: Trident Sugar Free Gum Tropical Twist - 14 PC at $3.99. Fast delivery to your neighborhood.
Candy,Gum & Mints,Trident Sugarfree Minty Sweet Twist 14 PC,12546011563,3٫99,https://drive.google.com/uc?id=1OW1MQ4oVKH6MGq3xny8K6e-ry49N5jYa,,,,,,,BP-CAN-000-10232,Smart shoppers choose Trident Sugarfree Minty Sweet Twist 14 PC – $3.99 for quality. Shop online – pickup in-store today.
Candy,Gum & Mints,Trident Sugarfree Watermelon Gum 14 PC,12546011136,3٫99,https://drive.google.com/uc?id=1J4fs_01Q_2oGIMc5P7et2A4X6Uk0ufx3,,,,,,,BP-CAN-000-10233,"Right-size portion: Trident Sugarfree Watermelon Gum 14 PC for $3.99. Outstanding quality, perfect quantity. Available neighborhood liquor store. Get it delivered to your door."
Candy,Gum & Mints,Trident White Peppermint (24 g),73390055219,3٫99,https://drive.google.com/uc?id=1odJKC_tSC9DpWKGuVrv5Eaoaqs1tzpBj,,,,,,,BP-CAN-000-10234,Great value alert: Trident White Peppermint (24 g) for $3.99. Delivered fresh to your doorstep.
Candy,Gum & Mints,Trident White Spearmint Sugar Free Gum (16 ct),73390055158,3٫99,https://drive.google.com/uc?id=1AdPqKCtCA9G2r0OhVyc9OBpOJDu8z-Vl,,,,,,,BP-CAN-000-10235,Smart shoppers choose Trident White Spearmint Sugar Free Gum (16 ct) – $3.99 for quality. Available for immediate pickup.
Candy,Gum & Mints,Trident White Wintergreen (24 g),73390055264,3٫99,,,,,,,,BP-CAN-000-10236,Crowd-pleaser: Trident White Wintergreen (24 g) at $3.99. Get it delivered to your door.
Candy,Gum & Mints,Whoppers The Original (5 oz),10700024404,3٫99,https://drive.google.com/uc?id=1-Lb5i88bxmQM0RpzAROkCXu1WUBiay0i,,,,,,,BP-CAN-5OZ-10237,"Quality ingredients, proper process: Whoppers The Original (5 oz) is $3.99. Premium results guaranteed. Delivered fresh to your doorstep."
Candy,Gum & Mints,Wrigley's Doublemint Gum 15 CT,22000006660,3٫99,https://drive.google.com/uc?id=1z2QLVS0Lwg3P351E8CB1MjtIXkz8oFMz,,,,,,,BP-CAN-000-10238,"Bring to the party Wrigley's Doublemint Gum 15 CT for $3.99. Buy online, enjoy tonight."
Candy,Gummy,Big League Chew Sour Apple Bubble Gum (2.12 oz),42897660028,3٫99,https://drive.google.com/uc?id=1-Nvdl1RMVbTTEc6B49r2Xs3VgXR7C19y,,,,,,,BP-CAN-2.12OZ-10239,Shop Big League Chew Sour Apple Bubble Gum (2.12 oz) online – $3.99 with same-day delivery. Remarkable quality guaranteed. Available for immediate pickup.
Candy,Gummy,Haribo Gold Bears Gummy Candy (2 oz),42238301832,2٫99,https://drive.google.com/uc?id=1-Nvdl1RMVbTTEc6B49r2Xs3VgXR7C19y,,,,,,,BP-CAN-2OZ-10240,Anytime refreshment: Haribo Gold Bears Gummy Candy (2 oz) at $2.99. Shop online – pickup in-store today.
Candy,Gummy,Haribo Mega Roulette Gummy Candy (1.59 oz),42238372665,2٫99,https://drive.google.com/uc?id=1-Nvdl1RMVbTTEc6B49r2Xs3VgXR7C19y,,,,,,,BP-CAN-1.59OZ-10241,Smart shoppers choose Haribo Mega Roulette Gummy Candy (1.59 oz) – $2.99 for quality. Available for immediate pickup.
Candy,Gummy,Haribo Sour Streamers Gummi Candy (5 oz),42238750036,4٫99,https://drive.google.com/uc?id=19u5aiOZzV34CVUfhGvW5r7kqV8BslQCu,,,,,,,BP-CAN-5OZ-10242,Great value alert: Haribo Sour Streamers Gummi Candy (5 oz) for $4.99. Order now for same-day delivery.
Candy,Gummy,Haribo Starmix Gummi Candy (4 oz),42238722125,2٫99,https://drive.google.com/uc?id=1-Nvdl1RMVbTTEc6B49r2Xs3VgXR7C19y,,,,,,,BP-CAN-4OZ-10243,"Smart shoppers choose Haribo Starmix Gummi Candy (4 oz) – $2.99 for quality. Buy online, enjoy tonight."
Candy,Gummy,Hot Tamales Fierce Cinnamon Chewy Candy (5 oz),70970471230,1٫99,https://drive.google.com/uc?id=1YqenB3ncWyQClPJS_jNdxhRAaj7jJVXO,,,,,,,BP-CAN-5OZ-10244,"Right-size portion: Hot Tamales Fierce Cinnamon Chewy Candy (5 oz) for $1.99. Quality quality, perfect quantity. Available near you. Delivered fresh to your doorstep."
Candy,Gummy,Island Snacks Gummy Sharks (8 oz),40129200592,4٫99,https://drive.google.com/uc?id=1-Nvdl1RMVbTTEc6B49r2Xs3VgXR7C19y,,,,,,,BP-CAN-8OZ-10245,"Right-size portion: Island Snacks Gummy Sharks (8 oz) for $4.99. Exceptional quality, perfect quantity. Available local delivery available. Add to cart for fast local delivery."
Candy,Gummy,Red Vines Grape Twists Candy (5 oz),41364002088,4٫99,https://drive.google.com/uc?id=1-Nvdl1RMVbTTEc6B49r2Xs3VgXR7C19y,,,,,,,BP-CAN-5OZ-10246,Staff pick: Red Vines Grape Twists Candy (5 oz) at $4.99. Delivered fresh to your doorstep.
Candy,Gummy,Sour Patch Kids Soft & Chewy Candy (3.5 oz),70462098358,4٫99,https://drive.google.com/uc?id=12z4eaGQ-vx6HPT4fholIT02bmnG89SrL,,,,,,,BP-CAN-3.5OZ-10247,Sour Patch Kids Soft & Chewy Candy (3.5 oz) at $4.99. Remarkable quality throughout. Fast delivery to your neighborhood.
Candy,Gummy,Starburst Fruit Chews Original (3.45 oz),40000004455,4٫99,https://drive.google.com/uc?id=1aHMVcs_fVLWaBvy24jJnit3E-jttdoPL,,,,,,,BP-CAN-3.45OZ-10248,Starburst Fruit Chews Original (3.45 oz) at $4.99. Exceptional quality throughout. Order online for curbside pickup.
Candy,Gummy,Tootsie Roll Candy (2.25 oz),71720009314,3٫99,https://drive.google.com/uc?id=1-Nvdl1RMVbTTEc6B49r2Xs3VgXR7C19y,,,,,,,BP-CAN-2.25OZ-10249,Great value alert: Tootsie Roll Candy (2.25 oz) for $3.99. In stock – order for delivery today.
Candy,Gummy,Trolli Sour Brite All Star Mix Gummi Candy (4.25 oz),41420027161,4٫99,https://drive.google.com/uc?id=1-Nvdl1RMVbTTEc6B49r2Xs3VgXR7C19y,,,,,,,BP-CAN-4.25OZ-10250,"Trolli Sour Brite All Star Mix Gummi Candy (4.25 oz) represents premium quality at $4.99. Crafted with care, priced to share. Fast delivery to your neighborhood."
Candy,Gummy,Trolli Sour Brite Octopus Gummi Candy (3 oz),20709012319,4٫99,https://drive.google.com/uc?id=1-Nvdl1RMVbTTEc6B49r2Xs3VgXR7C19y,,,,,,,BP-CAN-3OZ-10251,Stock up special: Trolli Sour Brite Octopus Gummi Candy (3 oz) is just $4.99. Multiple units of premium quality. Available same-day delivery. Get it delivered to your door.
Dairy & Eggs,Flavored Milk,Cacique Ranchero Queso Fresco Part Skim Milk Cheese (12 oz),74562001003,4٫99,https://drive.google.com/uc?id=1WB3fWh5qfL_c08PfuxPJBjrNt-6m3Zct,,,,,,,BP-DAI-12OZ-10252,"Quality ingredients, proper process: Cacique Ranchero Queso Fresco Part Skim Milk Cheese (12 oz) is $4.99. Outstanding results guaranteed. Buy now with free delivery over $50."
Dairy & Eggs,Milk,Rock View 2% Reduced Fat Milk (1.89 L),78255001554,2٫99,,,,,,,,BP-DAI-1.89L-10253,Smart shoppers choose Rock View 2% Reduced Fat Milk (1.89 L) – $2.99 for quality. Get it delivered to your door.
Drinks,Bottled Water,Aquafina 1.5L,12000504044,6٫99,https://drive.google.com/uc?id=1LDu4j9D_-yDgTj5x0feD_wJYo2fBdkVn,,,,,,,BP-DRI-1.5L-10254,"Quality ingredients, proper process: Aquafina 1.5L is $6.99. Premium results guaranteed. In stock – order for delivery today."
Drinks,Bottled Water,AquaFina Water (1l),12000001574,2٫99,https://drive.google.com/uc?id=1kCHO9c_3qP55C6BXCKrBf2OdkLy0RKW8,,,,,,,BP-DRI-1L-10255,Want AquaFina Water (1l)? Available order online for $2.99. Order now for same-day delivery.
Drinks,Bottled Water,Dasani Bottles (1 L),49000031652,8٫99,https://drive.google.com/uc?id=1FminmhmIyBr-YE91pwhidJDcpEkUQzbl,,,,,,,BP-DRI-1L-10256,Great value alert: Dasani Bottles (1 L) for $8.99. Add to cart for fast local delivery.
Drinks,Bottled Water,Essentia Water (1l),6.57227E+11,4٫99,https://drive.google.com/uc?id=1Or6yROhXtDpKXyhZNiUZeiiej6eRdd5w,,,,,,,BP-DRI-1L-10257,"Right-size portion: Essentia Water (1l) for $4.99. Exceptional quality, perfect quantity. Available same-day delivery. Add to cart for fast local delivery."
Drinks,Bottled Water,Eternal Bottle (1 L),6.08883E+11,2٫99,https://drive.google.com/uc?id=1kv__ZMDwCIrG-dAIokuPGP_Bw7RYcVu8,,,,,,,BP-DRI-1L-10258,Stock up on Eternal Bottle (1 L) for $2.99. Order online for curbside pickup.
Drinks,Bottled Water,Evian Natural Spring Water 1.5L,79298000054,4٫99,https://drive.google.com/uc?id=18vlfCTwD8HCIaAUqUF07t6C7-2PyJkUs,,,,,,,BP-DRI-1.5L-10259,Smart shoppers choose Evian Natural Spring Water 1.5L – $4.99 for quality. Order now for same-day delivery.
Drinks,Bottled Water,Fiji Bottle (1 L),6.32565E+11,4٫99,https://drive.google.com/uc?id=1p1iHWxm9btE7SgWliteFCJyq82TNGWrw,,,,,,,BP-DRI-1L-10260,Want Fiji Bottle (1 L)? Available fast shipping for $4.99. Order now for next-hour delivery.
Drinks,Bottled Water,Fiji Bottle (1.5 L),6.32565E+11,5٫99,https://drive.google.com/uc?id=15Lazqq8Hgq6UL2YoAKPtrMn4Pa52gOTU,,,,,,,BP-DRI-1.5L-10261,"Right-size portion: Fiji Bottle (1.5 L) for $5.99. Exceptional quality, perfect quantity. Available order online. Shop online – pickup in-store today."
Drinks,Bottled Water,Niagara Water 1 Gallon,27541001235,10٫99,https://drive.google.com/uc?id=10aVtwR64E1UFsZhqWAYKlWta6VxUkFAK,,,,,,,BP-DRI-000-10262,Dinner party essential: Niagara Water 1 Gallon at $10.99. Order now for same-day delivery.
Drinks,Bottled Water,Parrot Coconut Water (16.4 oz),22652191448,3٫99,https://drive.google.com/uc?id=1Ru3tpsj1VLNmqJ1Thvz29YS9o87yAEOW,,,,,,,BP-DRI-16.4OZ-10263,Shop Parrot Coconut Water (16.4 oz) online – $3.99 with same-day delivery. Quality quality guaranteed. Order now for next-hour delivery.
Drinks,Coffee,Kitu Super Coffee Mocha Bottle (12 oz),8.65891E+11,4٫99,https://drive.google.com/uc?id=1-Nvdl1RMVbTTEc6B49r2Xs3VgXR7C19y,,,,,,,BP-DRI-12OZ-10264,"Kitu Super Coffee Mocha Bottle (12 oz) represents premium quality at $4.99. Crafted with care, priced to share. Order now for next-hour delivery."
Drinks,Energy,Celsius Sparkling Orange Energy Drink Can (12 oz),8.89392E+11,3٫99,https://drive.google.com/uc?id=1-Nvdl1RMVbTTEc6B49r2Xs3VgXR7C19y,,,,,,,BP-DRI-12OZ-10265,"Right-size portion: Celsius Sparkling Orange Energy Drink Can (12 oz) for $3.99. Outstanding quality, perfect quantity. Available local delivery available. Delivered fresh to your doorstep."
Drinks,Energy,Ghost Warheads Sour Watermelon Energy Drink Can (12 oz),8.10028E+11,4٫99,https://drive.google.com/uc?id=1-Nvdl1RMVbTTEc6B49r2Xs3VgXR7C19y,,,,,,,BP-DRI-12OZ-10266,Want Ghost Warheads Sour Watermelon Energy Drink Can (12 oz)? Available neighborhood liquor store for $4.99. Get it delivered to your door.
Drinks,Energy,Guayaki Yerba Mate Enlighten Mint Bottle (15.5 oz),6.32433E+11,4٫99,https://drive.google.com/uc?id=1WasgqVN-2XH5RBgjgnoe70-uGGD3TRJ5,,,,,,,BP-DRI-15.5OZ-10267,Smart shoppers choose Guayaki Yerba Mate Enlighten Mint Bottle (15.5 oz) – $4.99 for quality. Shop online – pickup in-store today.
Drinks,Energy,Monster Juice Papillon Energy Drink Can (16 oz),70847036920,3٫99,https://drive.google.com/uc?id=1Tr2R6EVaH0vttXiHvPI4RvL9a0LDSb0r,,,,,,,BP-DRI-16OZ-10268,Monster Juice Papillon Energy Drink Can (16 oz) at $3.99. Premium through and through. In stock – order for delivery today.
Drinks,Energy,Monster Ultra Rosa Energy Drink Can (16 oz),70847034643,3٫99,https://drive.google.com/uc?id=1C4GTYfVdKtkQOmhxndqkdf9iDVCz_SWT,,,,,,,BP-DRI-16OZ-10269,Monster Ultra Rosa Energy Drink Can (16 oz) at $3.99. Premium through and through. Buy now with free delivery over $50.
Drinks,Energy,Monster Ultra Watermelon Energy Drink Can (16 oz),70847037989,3٫99,https://drive.google.com/uc?id=12Vih8t9fH1kBVqEbT981crRWahaWS3Mg,,,,,,,BP-DRI-16OZ-10270,Great value alert: Monster Ultra Watermelon Energy Drink Can (16 oz) for $3.99. Available for immediate pickup.
Drinks,Energy,Red Bull Energy Drink - Peach Can (12 oz),6.11269E+11,5٫99,https://drive.google.com/uc?id=1-2egt30d2fcS-JPyDIXb1xgNQaKpaQET,,,,,,,BP-DRI-12OZ-10271,Weeknight winner: Red Bull Energy Drink - Peach Can (12 oz) at $5.99. Shop online – pickup in-store today.
Drinks,Energy,Rockstar Pure Zero Punch Can (16 oz),8.18094E+11,2٫99,https://drive.google.com/uc?id=1QxvdRqoe0zyXY2AFLfS1PNTCQ8tS5Aqq,,,,,,,BP-DRI-16OZ-10272,Bring to the party Rockstar Pure Zero Punch Can (16 oz) for $2.99. Order now for same-day delivery.
Drinks,Energy,Rockstar Recovery Fruit Punch Energy Drink Can (16 oz),8.18094E+11,3٫99,https://drive.google.com/uc?id=1iOkM_Al1R5ybEYJ_SNcUUXburToG9epY,,,,,,,BP-DRI-16OZ-10273,Shop Rockstar Recovery Fruit Punch Energy Drink Can (16 oz) online – $3.99 with local delivery available. Remarkable quality guaranteed. Order now for next-hour delivery.
Drinks,Energy,Rockstar Zero Carb Energy Drink Can (16 oz),8.18094E+11,3٫99,https://drive.google.com/uc?id=1G2OVRoWHTDKUkYyRLShabkQuQ7Ii9ucr,,,,,,,BP-DRI-16OZ-10274,Rockstar Zero Carb Energy Drink Can (16 oz) at $3.99. Outstanding quality throughout. Get it delivered to your door.
Drinks,Energy,Yachak Berry Blue Yerba Mate Energy Drink Can (16 oz),12000207846,4٫99,https://drive.google.com/uc?id=1Hs4ZkS1rOx3KkeGah__jnqkLGZwX11Ko,,,,,,,BP-DRI-16OZ-10275,Table-ready: Yachak Berry Blue Yerba Mate Energy Drink Can (16 oz) at $4.99. Fast delivery to your neighborhood.
Drinks,Energy Drinks,Body Armor Super Drink Strawberry Banana Bottle (28 oz),8.58176E+11,2٫99,https://drive.google.com/uc?id=1A9S7x-gXU0OpmbpXUNi8eiuKI4MoND-9,,,,,,,BP-DRI-28OZ-10276,Shop Body Armor Super Drink Strawberry Banana Bottle (28 oz) online – $2.99 with near you. Quality quality guaranteed. Add to cart for fast local delivery.
Drinks,Energy Drinks,Body Armor Super Drink Tropical Punch Bottle (16 oz),8.58176E+11,3٫99,https://drive.google.com/uc?id=1HxWAXi-P4MY-YQHDNfXto3kzkuM9enmI,,,,,,,BP-DRI-16OZ-10277,Shop Body Armor Super Drink Tropical Punch Bottle (16 oz) online – $3.99 with fast shipping. Quality quality guaranteed. Order online for curbside pickup.
Drinks,Energy Drinks,Monster Energy Drink Can (24 oz),70847021520,3٫99,https://drive.google.com/uc?id=1OaVkajRASp9_i1TPcKJTVsnHlnBaxCo7,,,,,,,BP-DRI-24OZ-10278,Smart shoppers choose Monster Energy Drink Can (24 oz) – $3.99 for quality. Delivered fresh to your doorstep.
Drinks,Energy Drinks,Monster Energy Low Carb Screw Top Can (24 oz),70847811213,6٫99,https://drive.google.com/uc?id=1B5nVBJjRWhKs8ZWWrefdbybilrIRMXfV,,,,,,,BP-DRI-24OZ-10279,"Quality ingredients, proper process: Monster Energy Low Carb Screw Top Can (24 oz) is $6.99. Quality results guaranteed. Add to cart for fast local delivery."
Drinks,Energy Drinks,Monster Pipeline Punch Can (16 oz),70847022909,3٫99,https://drive.google.com/uc?id=1F43u6UP-FPgxXlt8JBmcgcR8b3gnzDl3,,,,,,,BP-DRI-16OZ-10280,Smart shoppers choose Monster Pipeline Punch Can (16 oz) – $3.99 for quality. Order online for curbside pickup.
Drinks,Energy Drinks,Monster Ultra Paradise Can (16 oz),70847033080,3٫99,https://drive.google.com/uc?id=1NMSwMBRa-FlPgZHO57oh_q-FJg1JJrXF,,,,,,,BP-DRI-16OZ-10281,"Right-size portion: Monster Ultra Paradise Can (16 oz) for $3.99. Quality quality, perfect quantity. Available quick delivery. Buy online, enjoy tonight."
Drinks,Energy Drinks,Monster Ultra Violet Can (16 oz),70847027324,3٫99,https://drive.google.com/uc?id=1GuN77d6ANjuQF2WSWVk5pqFztoVyl-HU,,,,,,,BP-DRI-16OZ-10282,"Quality ingredients, proper process: Monster Ultra Violet Can (16 oz) is $3.99. Remarkable results guaranteed. Order now for same-day delivery."
Drinks,Energy Drinks,Red Bull Blue Edition Cans (24 oz x 12 ct),6.11269E+11,5٫99,https://drive.google.com/uc?id=1RV4LIzJw9q5Gb6TIeq2nxtPLJjE92Er5,,,,,,,BP-DRI-24OZ-10283,Stock up special: Red Bull Blue Edition Cans (24 oz x 12 ct) is just $5.99. Multiple units of remarkable quality. Available near you. In stock – order for delivery today.
Drinks,Energy Drinks,Red Bull Energy Drink Cans (8 oz x 4 ct),6.1127E+11,3٫99,https://drive.google.com/uc?id=1-NrBGufagMxIBAsEF0TrYuiwWcwLXbPd,,,,,,,BP-DRI-8OZ-10284,Stock up special: Red Bull Energy Drink Cans (8 oz x 4 ct) is just $3.99. Multiple units of exceptional quality. Available same-day delivery. Delivered fresh to your doorstep.
Drinks,Energy Drinks,Red Bull Energy Drink Sugar Free Cans (8 oz x 4 ct),6.11269E+11,3٫99,https://drive.google.com/uc?id=1IWyS6pL7ezyFCOc0flcQlP4V6EES5iuN,,,,,,,BP-DRI-8OZ-10285,Weeknight winner: Red Bull Energy Drink Sugar Free Cans (8 oz x 4 ct) at $3.99. Order now for same-day delivery.
Drinks,Energy Drinks,Red Bull Peach Edition Can (8.4 oz),6.11269E+11,11٫99,https://drive.google.com/uc?id=1ZDSaFNFZYGeFzrZihi2cp0UT_kcWVLRx,,,,,,,BP-DRI-8.4OZ-10286,"Quality ingredients, proper process: Red Bull Peach Edition Can (8.4 oz) is $11.99. Quality results guaranteed. Fast delivery to your neighborhood."
Drinks,Energy Drinks,Red Bull Summer Edition: Watermelon Can (8.4 oz),6.11269E+11,3٫99,https://drive.google.com/uc?id=1SWGNdvEi1zIpNEFQf2WfetApyTF-Wktr,,,,,,,BP-DRI-8.4OZ-10287,Bring to the party Red Bull Summer Edition: Watermelon Can (8.4 oz) for $3.99. Buy now with free delivery over $50.
Drinks,Energy Drinks,Red Bull The Blue Edition Can (8.4 oz),6.11269E+11,11٫99,https://drive.google.com/uc?id=1stOc2LSzeo8v_MKozrt_vpHPaIwH9O08,,,,,,,BP-DRI-8.4OZ-10288,Staff pick: Red Bull The Blue Edition Can (8.4 oz) at $11.99. Order now for same-day delivery.
Drinks,Energy Drinks,Red Bull The Yellow Edition Can (8.4 oz),6.11269E+11,5٫99,https://drive.google.com/uc?id=1ISbHdDCWfFIiSskjeaVwFuU1xJuLE0hu,,,,,,,BP-DRI-8.4OZ-10289,Party-ready: Red Bull The Yellow Edition Can (8.4 oz) at $5.99. In stock – order for delivery today.
Drinks,Energy Drinks,Rockstar Sugar Free Energy Drink (16 oz),8.18094E+11,3٫99,https://drive.google.com/uc?id=1qUrOM8VXQbg-vKnAJhL_5vJ1DWlkTQ84,,,,,,,BP-DRI-16OZ-10290,"Indulge in Rockstar Sugar Free Energy Drink (16 oz) for $3.99. Buy online, enjoy tonight."
Drinks,Flavored Water,Mountain Valley Blackberry Pomegranate Sparkling Spring Water (33.8 oz),77208018021,5٫99,https://drive.google.com/uc?id=1-Nvdl1RMVbTTEc6B49r2Xs3VgXR7C19y,,,,,,,BP-DRI-33.8OZ-10291,"Great value alert: Mountain Valley Blackberry Pomegranate Sparkling Spring Water (33.8 oz) for $5.99. Buy online, enjoy tonight."
Drinks,Juice,Calypso Southern Peach Lemonade Bottle (16 oz),79581995258,2٫99,https://drive.google.com/uc?id=1-Nvdl1RMVbTTEc6B49r2Xs3VgXR7C19y,,,,,,,BP-DRI-16OZ-10292,Great value alert: Calypso Southern Peach Lemonade Bottle (16 oz) for $2.99. In stock – order for delivery today.
Drinks,Juice,Dole Pineapple Juice Can (6 oz),38900009472,6٫99,https://drive.google.com/uc?id=1-Nvdl1RMVbTTEc6B49r2Xs3VgXR7C19y,,,,,,,BP-DRI-6OZ-10293,"Right-size portion: Dole Pineapple Juice Can (6 oz) for $6.99. Exceptional quality, perfect quantity. Available local delivery available. Order online for curbside pickup."
Drinks,Juice,Kern's Guava Nectar Can (11.5 oz),53859201111,1٫99,https://drive.google.com/uc?id=1-Nvdl1RMVbTTEc6B49r2Xs3VgXR7C19y,,,,,,,BP-DRI-11.5OZ-10294,"Quality ingredients, proper process: Kern's Guava Nectar Can (11.5 oz) is $1.99. Premium results guaranteed. Order online for curbside pickup."
Drinks,Juice,Kern's Peach Nectar Can (11.5 oz),53859201074,1٫99,https://drive.google.com/uc?id=1-Nvdl1RMVbTTEc6B49r2Xs3VgXR7C19y,,,,,,,BP-DRI-11.5OZ-10295,"Quality ingredients, proper process: Kern's Peach Nectar Can (11.5 oz) is $1.99. Quality results guaranteed. Buy now with free delivery over $50."
Drinks,Juice,Kern's Strawberry Banana Nectar Can (11.5 oz),53859201180,1٫99,https://drive.google.com/uc?id=1-Nvdl1RMVbTTEc6B49r2Xs3VgXR7C19y,,,,,,,BP-DRI-11.5OZ-10296,Want Kern's Strawberry Banana Nectar Can (11.5 oz)? Available same-day delivery for $1.99. Add to cart for fast local delivery.
Drinks,Juice,Langers Apple Juice (64 oz),41755001065,5٫99,https://drive.google.com/uc?id=1-Nvdl1RMVbTTEc6B49r2Xs3VgXR7C19y,,,,,,,BP-DRI-64OZ-10297,Smart shoppers choose Langers Apple Juice (64 oz) – $5.99 for quality. Order online for curbside pickup.
Drinks,Juice,Naked Juice Red Machine Bottle (15.2 oz),82592726155,6٫99,https://drive.google.com/uc?id=1R0pZztQEqrdBkAdHnRhLQryMF2zR0PpW,,,,,,,BP-DRI-15.2OZ-10298,Naked Juice Red Machine Bottle (15.2 oz) at $6.99. Remarkable quality throughout. Order now for same-day delivery.
Drinks,Juice,OKF Farmers Aloe Drink Pomegranate Bottle (16.9 oz),8.84394E+11,2٫99,https://drive.google.com/uc?id=1-Nvdl1RMVbTTEc6B49r2Xs3VgXR7C19y,,,,,,,BP-DRI-16.9OZ-10299,"OKF Farmers Aloe Drink Pomegranate Bottle (16.9 oz) represents quality quality at $2.99. Crafted with care, priced to share. Shop online – pickup in-store today."
Drinks,Juice,Simply Lemonade Bottle (52 oz),25000044984,7٫99,https://drive.google.com/uc?id=17lBixls0Ua1McnIyYWhkuXKWOLil2-9r,,,,,,,BP-DRI-52OZ-10300,"Quality ingredients, proper process: Simply Lemonade Bottle (52 oz) is $7.99. Outstanding results guaranteed. Order now for next-hour delivery."
Drinks,Juice,Simply Lemonade with Raspberry (52 oz),25000000188,3٫99,https://drive.google.com/uc?id=1HWwzGbq7KUQZliCdTN2NMREci77anamy,,,,,,,BP-DRI-52OZ-10301,Great value alert: Simply Lemonade with Raspberry (52 oz) for $3.99. Order now for next-hour delivery.
Drinks,Juice,Simply Limeade (59 oz),25000040887,6٫99,https://drive.google.com/uc?id=1AuA8bzS5RdNZorbL2Va24B_J_D41KzNG,,,,,,,BP-DRI-59OZ-10302,Experience Simply Limeade (59 oz) for $6.99. Add to cart for fast local delivery.
Drinks,Juice,Snapple Apple (32 oz),76183168509,1٫99,https://drive.google.com/uc?id=1-Nvdl1RMVbTTEc6B49r2Xs3VgXR7C19y,,,,,,,BP-DRI-32OZ-10303,Want Snapple Apple (32 oz)? Available same-day delivery for $1.99. Get it delivered to your door.
Drinks,"Juice, Tea & Coffee","AriZona Fruit Juice Cocktail, Watermelon (23.5 oz)",6.13009E+11,1٫99,https://drive.google.com/uc?id=1WZdUyfuBChIJ93w6U0B5MvBlbG6zudfe,,,,,,,BP-DRI-23.5OZ-10304,"Quality ingredients, proper process: AriZona Fruit Juice Cocktail, Watermelon (23.5 oz) is $1.99. Outstanding results guaranteed. Fast delivery to your neighborhood."
Drinks,"Juice, Tea & Coffee",Arizona Grapeade Can (23 oz),6.13009E+11,1٫99,https://drive.google.com/uc?id=1cR0BGfYmnU9j2lSvpNpMGfUSb7iQSpuW,,,,,,,BP-DRI-23OZ-10305,"Arizona Grapeade Can (23 oz) represents outstanding quality at $1.99. Crafted with care, priced to share. Fast delivery to your neighborhood."
Drinks,"Juice, Tea & Coffee",AriZona Kiwi Strawberry Can (23 oz),6.13009E+11,1٫99,https://drive.google.com/uc?id=1-4YLvwzDJghZSXeYVrvnfG45BxXt8PJc,,,,,,,BP-DRI-23OZ-10306,Want AriZona Kiwi Strawberry Can (23 oz)? Available near you for $1.99. Delivered fresh to your doorstep.
Drinks,"Juice, Tea & Coffee",AriZona RX Energy Herbal Tonic (23 oz),6.13009E+11,1٫99,https://drive.google.com/uc?id=1NkNbAwZSSri5m1SXxdi9RGX_OUcpOhVP,,,,,,,BP-DRI-23OZ-10307,Staff pick: AriZona RX Energy Herbal Tonic (23 oz) at $1.99. Get it delivered to your door.
Drinks,"Juice, Tea & Coffee",AriZona Strawberry Arnold Palmer Can (23 oz),6.13009E+11,2٫99,https://drive.google.com/uc?id=11oYn0XTbMq9evsr7_SYbBE3pwTGq5-Cy,,,,,,,BP-DRI-23OZ-10308,"Right-size portion: AriZona Strawberry Arnold Palmer Can (23 oz) for $2.99. Remarkable quality, perfect quantity. Available local delivery available. Shop online – pickup in-store today."
Drinks,"Juice, Tea & Coffee",Arizona Watermelon Bottle (20 oz),6.13009E+11,1٫99,https://drive.google.com/uc?id=170bZOG5ciC6zsnpmIs7IEPUHxqG5yqYP,,,,,,,BP-DRI-20OZ-10309,"Arizona Watermelon Bottle (20 oz) at $1.99. Premium quality throughout. Buy online, enjoy tonight."
Drinks,"Juice, Tea & Coffee",Brisk Iced Lemon Tea Bottle (1l),12000202384,2٫99,https://drive.google.com/uc?id=1GjUSz7mA_6wzm4hWTBRaw8juNkB3UF_7,,,,,,,BP-DRI-1L-10310,Great value alert: Brisk Iced Lemon Tea Bottle (1l) for $2.99. Buy now with free delivery over $50.
Drinks,"Juice, Tea & Coffee",Brisk Juice Drink Lemonade Bottle (1l),12000101908,2٫99,https://drive.google.com/uc?id=10JkJTsLg1w6P2m9qdQ73q1-pGqtpj4Ha,,,,,,,BP-DRI-1L-10311,Popular choice: Brisk Juice Drink Lemonade Bottle (1l) at $2.99. Available for immediate pickup.
Drinks,"Juice, Tea & Coffee",Brisk Pink Lemonade (1l),12000384196,2٫99,https://drive.google.com/uc?id=1VIbJoA7i5NdE7wOCe-XyNktJsv_GtYjs,,,,,,,BP-DRI-1L-10312,Great value alert: Brisk Pink Lemonade (1l) for $2.99. In stock – order for delivery today.
Drinks,"Juice, Tea & Coffee",Brisk Strawberry Melon Tea Bottle (1l),12000161230,2٫99,https://drive.google.com/uc?id=1bTTRusdJdRBld95TyZWKaVIyLrqf4LW6,,,,,,,BP-DRI-1L-10313,"Quality ingredients, proper process: Brisk Strawberry Melon Tea Bottle (1l) is $2.99. Exceptional results guaranteed. Available for immediate pickup."
Drinks,"Juice, Tea & Coffee",Lipton Pure Leaf Iced Tea Lemon (18.5 oz),12000286209,3٫99,https://drive.google.com/uc?id=1-wwc8bxqJQpxoY8HdCNtOExWiDMaOVap,,,,,,,BP-DRI-18.5OZ-10314,Staff pick: Lipton Pure Leaf Iced Tea Lemon (18.5 oz) at $3.99. Get it delivered to your door.
Drinks,"Juice, Tea & Coffee",Minute Maid Lemonade Bottles (20 oz x 24 ct),25000058011,3٫99,https://drive.google.com/uc?id=1q0AOD7Qh96y2_YFyr9a_m247m-ng0FG6,,,,,,,BP-DRI-20OZ-10315,"Minute Maid Lemonade Bottles (20 oz x 24 ct) at $3.99. Quality through and through. Buy online, enjoy tonight."
Drinks,"Juice, Tea & Coffee",Naked 100% Juice Mighty Mango Smoothie Bottle (15.2 oz),82592660152,6٫99,https://drive.google.com/uc?id=1F1siKrdcmZAjZYQjYJ7vVva0EAEy7U_5,,,,,,,BP-DRI-15.2OZ-10316,Indulge in Naked 100% Juice Mighty Mango Smoothie Bottle (15.2 oz) for $6.99. Order now for same-day delivery.
Drinks,"Juice, Tea & Coffee",Naked Juice Green Machine (15.2 oz),82592720153,6٫99,https://drive.google.com/uc?id=12PowEAl1D4_AhJW7C4e3ejp-4oyiFy3J,,,,,,,BP-DRI-15.2OZ-10317,"Naked Juice Green Machine (15.2 oz) represents quality quality at $6.99. Crafted with care, priced to share. Available for immediate pickup."
Drinks,"Juice, Tea & Coffee",Naked Strawberry Banana Bottle (15.2 oz),82592194152,6٫99,https://drive.google.com/uc?id=1npAIKQWOdE-fGJCNIjWKiGdKBynGg9yB,,,,,,,BP-DRI-15.2OZ-10318,Shop Naked Strawberry Banana Bottle (15.2 oz) online – $6.99 with same-day delivery. Outstanding quality guaranteed. Shop online – pickup in-store today.
Drinks,"Juice, Tea & Coffee",Ocean Spray 100% Apple Bottle (15.2 oz),12000071751,3٫99,https://drive.google.com/uc?id=1EXsr3QoFf6GL4RDi5s2AlXyaoMoEcjDm,,,,,,,BP-DRI-15.2OZ-10319,Indulge in Ocean Spray 100% Apple Bottle (15.2 oz) for $3.99. Available for immediate pickup.
Drinks,"Juice, Tea & Coffee",Ocean Spray Bottle (64 oz),31200200310,5٫99,https://drive.google.com/uc?id=1Mil-AopFHgSitV_WFltWKXHmZen4mmws,,,,,,,BP-DRI-64OZ-10320,Shop Ocean Spray Bottle (64 oz) online – $5.99 with fast shipping. Outstanding quality guaranteed. Order online for curbside pickup.
Drinks,"Juice, Tea & Coffee",Snapple Fruit Punch Bottle (16 oz),76183003138,1٫99,https://drive.google.com/uc?id=1DYAovVl-DXOLi206fjnc2q0pIdhIcFUy,,,,,,,BP-DRI-16OZ-10321,Shop Snapple Fruit Punch Bottle (16 oz) online – $1.99 with order online. Outstanding quality guaranteed. Buy now with free delivery over $50.
Drinks,"Juice, Tea & Coffee",Snapples Diet Peach Tea (16 oz),76183003145,2٫99,https://drive.google.com/uc?id=1gBBGW8rmbDPMdMs7WzuMLn9zlCxPUyAB,,,,,,,BP-DRI-16OZ-10322,Snapples Diet Peach Tea (16 oz) at $2.99. Premium through and through. Fast delivery to your neighborhood.
Drinks,"Juice, Tea & Coffee",Starbucks Caramel Frappuccino Bottle (13.7 oz),12000016721,5٫99,https://drive.google.com/uc?id=1Szi7rAwGO9Dhux_gHhcSkkJssO0_BWYq,,,,,,,BP-DRI-13.7OZ-10323,Smart shoppers choose Starbucks Caramel Frappuccino Bottle (13.7 oz) – $5.99 for quality. Order online for curbside pickup.
Drinks,"Juice, Tea & Coffee",Starbucks Doubleshot Mocha Can (15 oz),12000028458,5٫99,https://drive.google.com/uc?id=1lqP-DTx7iEGShB7IXKFpgwvt2nFpUX3n,,,,,,,BP-DRI-15OZ-10324,Trending now: Starbucks Doubleshot Mocha Can (15 oz) at $5.99. In stock – order for delivery today.
Drinks,"Juice, Tea & Coffee",Starbucks White Chocolate Doubleshot Can (15 oz),12000038488,5٫99,https://drive.google.com/uc?id=1MqgFSpy5AL_8qI6r0UmUuiuKLq1f8y73,,,,,,,BP-DRI-15OZ-10325,Shop Starbucks White Chocolate Doubleshot Can (15 oz) online – $5.99 with neighborhood liquor store. Exceptional quality guaranteed. Add to cart for fast local delivery.
Drinks,"Juice, Tea & Coffee",Tropicana Orchard Style Apple Juice (12 oz),48500017791,3٫99,https://drive.google.com/uc?id=1TCnghLGW9gvkmjHlguNMVphHKX8wCbP3,,,,,,,BP-DRI-12OZ-10326,Experience Tropicana Orchard Style Apple Juice (12 oz) for $3.99. In stock – order for delivery today.
Drinks,"Juice, Tea & Coffee",Vita Coco Pineapple Bottles (16.9 oz),8.98999E+11,3٫99,https://drive.google.com/uc?id=198ATMd548fYSXPOTz3tQ3ONByN-Y_TWb,,,,,,,BP-DRI-16.9OZ-10327,Bring to the party Vita Coco Pineapple Bottles (16.9 oz) for $3.99. Delivered fresh to your doorstep.
Drinks,Soda,Cactus Cooler Orange Pineapple Soda Cans (12 oz x 6 ct),78000011623,12٫99,https://drive.google.com/uc?id=1-Nvdl1RMVbTTEc6B49r2Xs3VgXR7C19y,,,,,,,BP-DRI-12OZ-10328,Cactus Cooler Orange Pineapple Soda Cans (12 oz x 6 ct) at $12.99. Premium quality throughout. Shop online – pickup in-store today.
Drinks,Soda,Calypso Kiwi Lemonade Bottle (16 oz),79581995128,2٫99,https://drive.google.com/uc?id=16riD1jwmNfE5YKu4SyBmomANCGh_TCWY,,,,,,,BP-DRI-16OZ-10329,Highly rated: Calypso Kiwi Lemonade Bottle (16 oz) at $2.99. Shop online – pickup in-store today.
Drinks,Soda,Calypso Natural Lemonade Bottle (16 oz),79581995104,2٫99,https://drive.google.com/uc?id=1U4QJjBF5Cw6CdFBFNLiCdnLujqbvt4_U,,,,,,,BP-DRI-16OZ-10330,Bring to the party Calypso Natural Lemonade Bottle (16 oz) for $2.99. Order now for same-day delivery.
Drinks,Soda,Calypso Strawberry Lemonade Bottle (16 oz),79581995111,2٫99,https://drive.google.com/uc?id=1BD7LqeELKmCCKjyo08oZRRnAokiShuqb,,,,,,,BP-DRI-16OZ-10331,"Calypso Strawberry Lemonade Bottle (16 oz) represents premium quality at $2.99. Crafted with care, priced to share. Get it delivered to your door."
Drinks,Soda,Coke Zero Bottle (2 L),49000006841,1٫99,https://drive.google.com/uc?id=1Mo6oAGQzeAZWsg2j7KVa2Qh9FcMkRTLa,,,,,,,BP-DRI-2L-10332,Want Coke Zero Bottle (2 L)? Available local delivery available for $1.99. Order online for curbside pickup.
Drinks,Soda,Diet 7-Up Can (12 oz x 12 ct),78000011814,12٫99,https://drive.google.com/uc?id=18KzCdeBAxovdPueKGAavDCcs3L50j4JK,,,,,,,BP-DRI-12OZ-10333,Great value alert: Diet 7-Up Can (12 oz x 12 ct) for $12.99. Delivered fresh to your doorstep.
Drinks,Soda,Fanta Orange Mexican Bottle (500 ml),49000047844,3٫99,https://drive.google.com/uc?id=1B_i03YJQQ49afLKvrnBYSI9yTDVx0N_d,,,,,,,BP-DRI-500-10334,Bring this to any gathering: Fanta Orange Mexican Bottle (500 ml) at $3.99. Available for immediate pickup.
Drinks,Soda,Fanta Strawberry Bottle (20 oz),49000026207,3٫99,https://drive.google.com/uc?id=13MXlTNjwA921qP1Ay5rT7fKeguvi4Cd_,,,,,,,BP-DRI-20OZ-10335,"Right-size portion: Fanta Strawberry Bottle (20 oz) for $3.99. Quality quality, perfect quantity. Available same-day delivery. Add to cart for fast local delivery."
Drinks,Soda,Jarritos Lime Soda Bottle (12.5 oz),90478410050,3٫99,https://drive.google.com/uc?id=1-Nvdl1RMVbTTEc6B49r2Xs3VgXR7C19y,,,,,,,BP-DRI-12.5OZ-10336,"Right-size portion: Jarritos Lime Soda Bottle (12.5 oz) for $3.99. Outstanding quality, perfect quantity. Available in your area. Delivered fresh to your doorstep."
Drinks,Soda,Olipop Sparkling Tonic Classic Root Beer Can (12 oz),8.60439E+11,3٫99,https://drive.google.com/uc?id=1yEI-T3LAe79pZDMHj229hnm7ZGzNjVsH,,,,,,,BP-DRI-12OZ-10337,"Popular choice: Olipop Sparkling Tonic Classic Root Beer Can (12 oz) at $3.99. Buy online, enjoy tonight."
Drinks,Soda,Poppi Strawberry Lemon Prebiotic Soda Can (12 oz),7.09587E+11,3٫99,https://drive.google.com/uc?id=1-Nvdl1RMVbTTEc6B49r2Xs3VgXR7C19y,,,,,,,BP-DRI-12OZ-10338,"Poppi Strawberry Lemon Prebiotic Soda Can (12 oz) represents exceptional quality at $3.99. Crafted with care, priced to share. Available for immediate pickup."
Drinks,Soda,Sidral Mundet Bottle (12 oz),90478331003,3٫99,https://drive.google.com/uc?id=1-Nvdl1RMVbTTEc6B49r2Xs3VgXR7C19y,,,,,,,BP-DRI-12OZ-10339,Great value alert: Sidral Mundet Bottle (12 oz) for $3.99. Delivered fresh to your doorstep.
Drinks,Sodas,7Up (20 oz),78000001617,3٫99,https://drive.google.com/uc?id=1Ydee31WHaayXHuaafGmyhWR_niLhXvg5,,,,,,,BP-DRI-20OZ-10340,"Quality ingredients, proper process: 7Up (20 oz) is $3.99. Exceptional results guaranteed. Order now for next-hour delivery."
Drinks,Sodas,7UP (2l),78000000344,5٫99,https://drive.google.com/uc?id=1V7oH3WIvlm3cw_gfplmCWAWWlfcxRNLq,,,,,,,BP-DRI-2L-10341,Want 7UP (2l)? Available near you for $5.99. Add to cart for fast local delivery.
Drinks,Sodas,Bundaberg Ginger Beer Bottle (12.7 oz),79373000146,14٫99,https://drive.google.com/uc?id=1tI4aOdbdZmUyxLTOPmKbV2L3cdI5NOHa,,,,,,,BP-DRI-12.7OZ-10342,"Quality ingredients, proper process: Bundaberg Ginger Beer Bottle (12.7 oz) is $14.99. Remarkable results guaranteed. Order now for same-day delivery."
Drinks,Sodas,Canada Dry 6 pack Bottles (10 oz),78000001235,1٫99,https://drive.google.com/uc?id=1U_4WYMwF5PCUwi443gJq8dYwfXQ0xGMe,,,,,,,BP-DRI-10OZ-10343,Popular choice: Canada Dry 6 pack Bottles (10 oz) at $1.99. Delivered fresh to your doorstep.
Drinks,Sodas,Canada Dry Caffeine Free Bottle (1 L),78000152456,4٫99,https://drive.google.com/uc?id=1FevKB83K36sDB090aPs_YSNFZGE6bNye,,,,,,,BP-DRI-1L-10344,Want Canada Dry Caffeine Free Bottle (1 L)? Available neighborhood liquor store for $4.99. Available for immediate pickup.
Drinks,Sodas,Coca-Cola Bottle (1 L),49000055375,2٫99,https://drive.google.com/uc?id=1MzFd0OQKHPZL3GzkdBaUWrShwiLGONrN,,,,,,,BP-DRI-1L-10345,Coca-Cola Bottle (1 L) at $2.99. Exceptional through and through. Buy now with free delivery over $50.
Drinks,Sodas,Coca-Cola Bottle (2 L),49000050103,5٫99,https://drive.google.com/uc?id=1NQ7cgoe1Pa_3Otd0zxWIxn2aXA5YeDiJ,,,,,,,BP-DRI-2L-10346,Coca-Cola Bottle (2 L) at $5.99. Quality quality throughout. Buy now with free delivery over $50.
Drinks,Sodas,Coca-Cola Cherry Can (12 oz),49000000504,3٫99,https://drive.google.com/uc?id=1-Nvdl1RMVbTTEc6B49r2Xs3VgXR7C19y,,,,,,,BP-DRI-12OZ-10347,Coca-Cola Cherry Can (12 oz) at $3.99. Exceptional through and through. Shop online – pickup in-store today.
Drinks,Sodas,Coca-Cola Zero Cherry Bottle (20 oz),49000047547,3٫99,https://drive.google.com/uc?id=13aPBbFp-swMj-oNI7iDaGCWKvMreYaAe,,,,,,,BP-DRI-20OZ-10348,Coca-Cola Zero Cherry Bottle (20 oz) at $3.99. Premium quality throughout. Add to cart for fast local delivery.
Drinks,Sodas,Coke Zero (20 oz),49000040869,3٫99,https://drive.google.com/uc?id=1SfhaYrSrV-mjvohAA9qmgIMgiS3y_axF,,,,,,,BP-DRI-20OZ-10349,Want Coke Zero (20 oz)? Available local delivery available for $3.99. In stock – order for delivery today.
Drinks,Sodas,Diet 7UP (2l),78000000757,4٫99,https://drive.google.com/uc?id=1ZOZdjCUkapHaH-66qozvdbQ1KUQTZXx1,,,,,,,BP-DRI-2L-10350,Want Diet 7UP (2l)? Available neighborhood liquor store for $4.99. Delivered fresh to your doorstep.
Drinks,Sodas,Diet 7UP Bottle (20 oz),78000001624,3٫99,https://drive.google.com/uc?id=1WdOMtkipN5r0qqeF_qYLLJURzN5hOvNl,,,,,,,BP-DRI-20OZ-10351,"Diet 7UP Bottle (20 oz) at $3.99. Quality quality throughout. Buy online, enjoy tonight."
Drinks,Sodas,Diet A & W Root Beer (20 oz),78000053401,3٫99,https://drive.google.com/uc?id=18pFj7K8_xdE0jHcUAkXds7qahsQzDZqD,,,,,,,BP-DRI-20OZ-10352,Smart shoppers choose Diet A & W Root Beer (20 oz) – $3.99 for quality. Order online for curbside pickup.
Drinks,Sodas,Diet Coke Bottle (2 L),49000050110,5٫99,https://drive.google.com/uc?id=1SslUR7hlfzi5hdTOA5NxTLDvg2fBRfY2,,,,,,,BP-DRI-2L-10353,Diet Coke Bottle (2 L) at $5.99. Premium quality throughout. Buy now with free delivery over $50.
Drinks,Sodas,Diet Dr Pepper (20 oz),78000083408,3٫99,https://drive.google.com/uc?id=1w6-n-6YhHI7gcwW2N1Y41A9I780doqj9,,,,,,,BP-DRI-20OZ-10354,"Anytime refreshment: Diet Dr Pepper (20 oz) at $3.99. Buy online, enjoy tonight."
Drinks,Sodas,Diet Pepsi Bottle (20 oz),12000171956,1٫99,https://drive.google.com/uc?id=1HsiRi5pPh8alilZhwD98VNuHi8ty-tv6,,,,,,,BP-DRI-20OZ-10355,Smart shoppers choose Diet Pepsi Bottle (20 oz) – $1.99 for quality. Order now for next-hour delivery.
Drinks,Sodas,Diet Sprite Zero Bottle (20 oz),49000037197,3٫99,https://drive.google.com/uc?id=1O3Ror05oSAUoRQaVfRwVNcMUBAVcjz3q,,,,,,,BP-DRI-20OZ-10356,Diet Sprite Zero Bottle (20 oz) at $3.99. Remarkable through and through. Available for immediate pickup.
Drinks,Sodas,Dr Pepper 23 Bottle (20 oz),78000082463,5٫99,https://drive.google.com/uc?id=1IxewTg8J3NhoQCx4TPL6wPoJ7e_zmexI,,,,,,,BP-DRI-20OZ-10357,Great value alert: Dr Pepper 23 Bottle (20 oz) for $5.99. Buy now with free delivery over $50.
Drinks,Sodas,Dr Pepper Bottles (12 oz x 12 ct),78000082319,1٫99,https://drive.google.com/uc?id=1Ru59FgBbl2KyCsK41L5oJJiWiooSP81I,,,,,,,BP-DRI-12OZ-10358,"Stock up special: Dr Pepper Bottles (12 oz x 12 ct) is just $1.99. Multiple units of remarkable quality. Available fast shipping. Buy online, enjoy tonight."
Drinks,Sodas,Fanta Pineapple Bottle (12 oz),49000062830,3٫99,https://drive.google.com/uc?id=1fVGnhaj2oFcHUZoeBJABqOgil3w6fAHR,,,,,,,BP-DRI-12OZ-10359,Crowd-pleaser: Fanta Pineapple Bottle (12 oz) at $3.99. In stock – order for delivery today.
Drinks,Sodas,Jarritos Mandarin Soda (12.5 oz),90478216218,4٫99,https://drive.google.com/uc?id=1FFM8GJFQkLf7ZErCAIllaWEnLzKNyTwT,,,,,,,BP-DRI-12.5OZ-10360,Shop Jarritos Mandarin Soda (12.5 oz) online – $4.99 with in your area. Exceptional quality guaranteed. Get it delivered to your door.
Drinks,Sodas,Jarritos Sangria Senorial (11.2 oz),90478321103,3٫99,https://drive.google.com/uc?id=1MFJJJzyOQcgHnXb60MdxRTJSUL5Hg5QG,,,,,,,BP-DRI-11.2OZ-10361,"Quality ingredients, proper process: Jarritos Sangria Senorial (11.2 oz) is $3.99. Premium results guaranteed. Buy now with free delivery over $50."
Drinks,Sodas,Jarritos Tamarindo Soda (12.5 oz),90478415024,1٫99,https://drive.google.com/uc?id=1IK73kAGWAGMU1ByBzEq1BXDksv5-zMuz,,,,,,,BP-DRI-12.5OZ-10362,Great value alert: Jarritos Tamarindo Soda (12.5 oz) for $1.99. Available for immediate pickup.
Drinks,Sodas,Mountain Dew Bottle (20 oz),12000001314,3٫99,https://drive.google.com/uc?id=19lMStUX889yHyzw1gnp7YZYLJ_CL677X,,,,,,,BP-DRI-20OZ-10363,Highly rated: Mountain Dew Bottle (20 oz) at $3.99. In stock – order for delivery today.
Drinks,Sodas,Pepsi Wild Cherry Can (16 oz),12000809996,6٫99,https://drive.google.com/uc?id=1S0oAGwP0xjnJQhway8KVl9xOLUuY7D-s,,,,,,,BP-DRI-16OZ-10364,Table-ready: Pepsi Wild Cherry Can (16 oz) at $6.99. Get it delivered to your door.
Drinks,Sodas,Sprite Bottles (12 oz x 12 ct),49000050158,5٫99,https://drive.google.com/uc?id=1MOUiyDgNJGB5Ty2mSy1IitAvYd-dj6JS,,,,,,,BP-DRI-12OZ-10365,Sprite Bottles (12 oz x 12 ct) at $5.99. Outstanding through and through. Order now for same-day delivery.
Drinks,Sodas,Sprite Can (16 oz),49000053432,2٫99,https://drive.google.com/uc?id=1IfAP2HknQTFpDWe40ttxiiHt0FHFRSqx,,,,,,,BP-DRI-16OZ-10366,Smart shoppers choose Sprite Can (16 oz) – $2.99 for quality. Fast delivery to your neighborhood.
Drinks,Sodas,Squirt Can (12 oz),78000016161,12٫99,https://drive.google.com/uc?id=1WPWWibVqOm_HsFzj2WF-g67ZLQ7MZAkk,,,,,,,BP-DRI-12OZ-10367,Shop Squirt Can (12 oz) online – $12.99 with fast shipping. Premium quality guaranteed. Order now for same-day delivery.
Drinks,Sodas,Squirt Citrus Soda Bottle (1l),78000016406,3٫99,https://drive.google.com/uc?id=12m0vcrCrU_VqLy44tXnZQmBvvHmtynWW,,,,,,,BP-DRI-1L-10368,Shop Squirt Citrus Soda Bottle (1l) online – $3.99 with local delivery available. Exceptional quality guaranteed. Fast delivery to your neighborhood.
Drinks,Sparkling Water,Mountain Valley Spring Sparkling Water (1 L),77208002341,5٫99,https://drive.google.com/uc?id=1-Nvdl1RMVbTTEc6B49r2Xs3VgXR7C19y,,,,,,,BP-DRI-1L-10369,"Mountain Valley Spring Sparkling Water (1 L) represents remarkable quality at $5.99. Crafted with care, priced to share. In stock – order for delivery today."
Drinks,Sparkling Water,San Pellegrino Sparkling Water (750 ml),41508800082,2٫99,https://drive.google.com/uc?id=1nltfBWkR_3GfDwmC3pwBthHxSHaJktZn,,,,,,,BP-DRI-750-10370,San Pellegrino Sparkling Water (750 ml) at $2.99. Premium quality throughout. In stock – order for delivery today.
Drinks,Sparkling Water,Sparkling Ice Black Cherry - with Antioxidants and Vitamins Bottle (17 oz),16571952105,1٫99,https://drive.google.com/uc?id=1YImreM5KWXUC100nFtFKYneBTshvczlF,,,,,,,BP-DRI-17OZ-10371,Shop Sparkling Ice Black Cherry - with Antioxidants and Vitamins Bottle (17 oz) online – $1.99 with fast shipping. Premium quality guaranteed. Shop online – pickup in-store today.
Drinks,Sparkling Water,Sparkling Ice Cherry Limeade (17 oz),16571950842,2٫99,https://drive.google.com/uc?id=17bp68BoqcdbFFjAN2nmEQUj6SKS3ATDR,,,,,,,BP-DRI-17OZ-10372,Sparkling Ice Cherry Limeade (17 oz) at $2.99. Quality through and through. Get it delivered to your door.
Drinks,Sparkling Water,Sparkling Ice Coconut Pineapple (17 oz),16571940331,2٫99,https://drive.google.com/uc?id=1VuHRnQyHR6gp4RGCUaJxTZZ4fdgK8ELl,,,,,,,BP-DRI-17OZ-10373,Bring to the party Sparkling Ice Coconut Pineapple (17 oz) for $2.99. Fast delivery to your neighborhood.
Drinks,Sparkling Water,Sparkling Ice Lemonade (17 oz),16571940355,2٫99,https://drive.google.com/uc?id=1zrN4H5KygFak_a_q_WQWzCDj7grjM84Q,,,,,,,BP-DRI-17OZ-10374,"Right-size portion: Sparkling Ice Lemonade (17 oz) for $2.99. Premium quality, perfect quantity. Available same-day delivery. Buy now with free delivery over $50."
Drinks,Sparkling Water,Sparkling Ice Orange Mango Bottle (17 oz),16571910310,2٫99,https://drive.google.com/uc?id=1RRsVkFIrFPLaQp-X5xnXeGETqrFu2y0V,,,,,,,BP-DRI-17OZ-10375,Smart shoppers choose Sparkling Ice Orange Mango Bottle (17 oz) – $2.99 for quality. Add to cart for fast local delivery.
Drinks,Sports,Bodyarmor Sport Water (1 L),8.58176E+11,3٫99,https://drive.google.com/uc?id=1-Nvdl1RMVbTTEc6B49r2Xs3VgXR7C19y,,,,,,,BP-DRI-1L-10376,Bodyarmor Sport Water (1 L) at $3.99. Outstanding quality throughout. Available for immediate pickup.
Drinks,Sports,Electrolit Electrolyte Beverage Orange Bottle (21 oz),8.87725E+11,4٫99,https://drive.google.com/uc?id=1CU4bzckEDZ_0DjW_jjrC6hN4kH88_3oE,,,,,,,BP-DRI-21OZ-10377,Electrolit Electrolyte Beverage Orange Bottle (21 oz) at $4.99. Premium quality throughout. Get it delivered to your door.
Drinks,Sports Drinks,BODYARMOR Sports Drink Fruit Punch (28 oz),8.58176E+11,3٫99,https://drive.google.com/uc?id=12nnYpz3_GBKUY2CFqRZ85VQRHI9Iy6SA,,,,,,,BP-DRI-28OZ-10378,Want BODYARMOR Sports Drink Fruit Punch (28 oz)? Available in your area for $3.99. Order now for same-day delivery.
Drinks,Sports Drinks,DrinkAde Boost Berry Hangover Prevention Bottle (3.4 oz),8.51426E+11,5٫99,https://drive.google.com/uc?id=14bzH4W3LkBM8w9ihmfGXT00yWTArFSO3,,,,,,,BP-DRI-3.4OZ-10379,Want DrinkAde Boost Berry Hangover Prevention Bottle (3.4 oz)? Available neighborhood liquor store for $5.99. Shop online – pickup in-store today.
Drinks,Sports Drinks,Gatorade Cool Blue Bottle (28 oz),52000324815,2٫99,https://drive.google.com/uc?id=17v91eNxw2KNWhkawglyi6WKAsZc5VZnn,,,,,,,BP-DRI-28OZ-10380,"Quality ingredients, proper process: Gatorade Cool Blue Bottle (28 oz) is $2.99. Remarkable results guaranteed. Fast delivery to your neighborhood."
Drinks,Sports Drinks,Gatorade Fierce Fruit Punch Bottle (64 oz),52000325850,2٫99,https://drive.google.com/uc?id=1NM-VwQmKaYYw4j4IPIQDWIWv-ps6yLbJ,,,,,,,BP-DRI-64OZ-10381,Indulge in Gatorade Fierce Fruit Punch Bottle (64 oz) for $2.99. Order now for next-hour delivery.
Drinks,Sports Drinks,Gatorade Frost Glacier Cherry Bottle (28 oz),52000102390,2٫99,https://drive.google.com/uc?id=12kYTkLpoYHcLOScXiC7-Nz0r1lc0SJoR,,,,,,,BP-DRI-28OZ-10382,Gatorade Frost Glacier Cherry Bottle (28 oz) at $2.99. Quality quality throughout. Order now for next-hour delivery.
Drinks,Sports Drinks,Gatorade Fruit Punch Bottle (24 oz),52000328660,2٫99,https://drive.google.com/uc?id=1qS4bknF43bekh27jGLShB9Rpj09-U1lo,,,,,,,BP-DRI-24OZ-10383,"Quality ingredients, proper process: Gatorade Fruit Punch Bottle (24 oz) is $2.99. Quality results guaranteed. Order now for same-day delivery."
Drinks,Sports Drinks,Gatorade G Fierce Grape Bottle (28 oz),52000208429,2٫99,https://drive.google.com/uc?id=1xxFWbYDTJ_kowz76tfUOlQY_xO_fC3h9,,,,,,,BP-DRI-28OZ-10384,Date night perfect: Gatorade G Fierce Grape Bottle (28 oz) at $2.99. Available for immediate pickup.
Drinks,Sports Drinks,Gatorade G Fruit Punch Bottle (20 oz),52000338751,2٫99,https://drive.google.com/uc?id=1MWItY-2J3tGdGKHBBWe-r0lOW_j20HVb,,,,,,,BP-DRI-20OZ-10385,"Right-size portion: Gatorade G Fruit Punch Bottle (20 oz) for $2.99. Premium quality, perfect quantity. Available quick delivery. Order online for curbside pickup."
Drinks,Sports Drinks,Gatorade G Lemon-Lime Bottle (20 oz),52000338775,2٫99,https://drive.google.com/uc?id=1QDoksbnhPXqGe1keZPWhaMLBWslUxMRW,,,,,,,BP-DRI-20OZ-10386,"Customer favorite: Gatorade G Lemon-Lime Bottle (20 oz) at $2.99. Buy online, enjoy tonight."
Drinks,Sports Drinks,Gatorade G Series 02 Perform Cool Blue Bottle (20 oz),52000241235,3٫99,https://drive.google.com/uc?id=1X6xTEzQCfUuW5v9sNPzzXYvq6Botsg84,,,,,,,BP-DRI-20OZ-10387,"Want Gatorade G Series 02 Perform Cool Blue Bottle (20 oz)? Available quick delivery for $3.99. Buy online, enjoy tonight."
Drinks,Sports Drinks,Gatorade Lime Cucumber Bottle (20 oz),52000132243,2٫99,https://drive.google.com/uc?id=1AC6Vw0eWI_1az9NRrqTDpB6pvGqyclwP,,,,,,,BP-DRI-20OZ-10388,"Customer favorite: Gatorade Lime Cucumber Bottle (20 oz) at $2.99. Buy online, enjoy tonight."
Drinks,Sports Drinks,Gatorade Thirst Quencher Lemon Lime (64 oz),52000328684,2٫99,https://drive.google.com/uc?id=1LSxuyN94nZbCYlPQN8GZBfdqAYsnHnod,,,,,,,BP-DRI-64OZ-10389,"Quality ingredients, proper process: Gatorade Thirst Quencher Lemon Lime (64 oz) is $2.99. Remarkable results guaranteed. Buy now with free delivery over $50."
Drinks,Sports Drinks,Gatorade Zero Fruit Punch Bottle (28 oz),52000044263,2٫99,https://drive.google.com/uc?id=152r8oSQB14G9aklrmb9JlzbKcZwVcqaP,,,,,,,BP-DRI-28OZ-10390,Gatorade Zero Fruit Punch Bottle (28 oz) at $2.99. Outstanding quality throughout. Add to cart for fast local delivery.
Drinks,Sports Drinks,Gatorade Zero Lemon-Lime (28 oz),52000042313,3٫99,https://drive.google.com/uc?id=1AhxtH5-SBtz-KwQ3t2wKUYEu4-cybaLy,,,,,,,BP-DRI-28OZ-10391,Shop Gatorade Zero Lemon-Lime (28 oz) online – $3.99 with fast shipping. Quality quality guaranteed. Available for immediate pickup.
Drinks,Sports Drinks,Glaceau Smart Water Bottle (20 oz),7.86162E+11,2٫99,https://drive.google.com/uc?id=1Q2w_5HbzntwUDmTWD7urw8JjT-jR6DpG,,,,,,,BP-DRI-20OZ-10392,Want Glaceau Smart Water Bottle (20 oz)? Available quick delivery for $2.99. Order now for same-day delivery.
Drinks,Sports Drinks,Glaceau Vitamin Water Dragonfruit Bottle (32 oz),7.86162E+11,2٫99,https://drive.google.com/uc?id=1dlMlE8rQ7g2er6SYchqB-zyNBBF-jc5S,,,,,,,BP-DRI-32OZ-10393,Great value alert: Glaceau Vitamin Water Dragonfruit Bottle (32 oz) for $2.99. Available for immediate pickup.
Drinks,Sports Drinks,Glaceau Vitamin Water Essential - Orange-Orange Bottle (20 oz),7.86162E+11,3٫99,https://drive.google.com/uc?id=1gmyP0UDNBu7ILleiBbFc8MRk8ySRvUnW,,,,,,,BP-DRI-20OZ-10394,Everyday enjoyment: Glaceau Vitamin Water Essential - Orange-Orange Bottle (20 oz) at $3.99. Order now for next-hour delivery.
Drinks,Sports Drinks,Glaceau Vitamin Water Focus - Kiwi-Strawberry Bottle (20 oz),7.86162E+11,3٫99,https://drive.google.com/uc?id=14BLBsbxYlWFzau6c0NM90zwg__HRksQA,,,,,,,BP-DRI-20OZ-10395,"Right-size portion: Glaceau Vitamin Water Focus - Kiwi-Strawberry Bottle (20 oz) for $3.99. Premium quality, perfect quantity. Available local delivery available. Buy online, enjoy tonight."
Drinks,Sports Drinks,Glaceau Vitamin Water power-C - dragonfruit Bottle (20 oz),7.86162E+11,3٫99,https://drive.google.com/uc?id=1ocENQbTaHHCx_303XKahlggwpfEKwCrO,,,,,,,BP-DRI-20OZ-10396,Glaceau Vitamin Water power-C - dragonfruit Bottle (20 oz) at $3.99. Quality quality throughout. Shop online – pickup in-store today.
Drinks,Sports Drinks,Glaceau Vitamin Water XXX - Acai-Blueberry-Pomegranate Bottle (20 oz),7.86162E+11,3٫99,https://drive.google.com/uc?id=1JoI90zFmqhZMF0GSGQqIEZGCblUCvDhr,,,,,,,BP-DRI-20OZ-10397,Trending now: Glaceau Vitamin Water XXX - Acai-Blueberry-Pomegranate Bottle (20 oz) at $3.99. Order now for same-day delivery.
Drinks,Sports Drinks,Glaceau Vitamin Water Zero Rise - Orange Bottle (20 oz),7.86162E+11,3٫99,https://drive.google.com/uc?id=1StkqCSHDvQN_hu8PRKzGDemXcrTiB4Si,,,,,,,BP-DRI-20OZ-10398,Glaceau Vitamin Water Zero Rise - Orange Bottle (20 oz) at $3.99. Outstanding quality throughout. Delivered fresh to your doorstep.
Drinks,Sports Drinks,Glaceau Vitamin Water Zero Squeezed - Lemonade Bottle (20 oz),7.86162E+11,3٫99,https://drive.google.com/uc?id=1JAv1jTtPjRkO4zH5d9_31xqKA-roC7PM,,,,,,,BP-DRI-20OZ-10399,Trending now: Glaceau Vitamin Water Zero Squeezed - Lemonade Bottle (20 oz) at $3.99. Add to cart for fast local delivery.
Drinks,Sports Drinks,Glaceau Vitamin Water Zero XXX - Acai-Blueberry-Pomegranate Bottle (20 oz),7.86162E+11,3٫99,https://drive.google.com/uc?id=1CpJt8uXIHHNibLa9ATAX0o3iPivqDNJy,,,,,,,BP-DRI-20OZ-10400,Want Glaceau Vitamin Water Zero XXX - Acai-Blueberry-Pomegranate Bottle (20 oz)? Available quick delivery for $3.99. Available for immediate pickup.
Drinks,Sports Drinks,Powerade Fruit Punch Bottle (28 oz),49000079388,3٫99,https://drive.google.com/uc?id=18yRmohCeQYRGinYytDUKUHZBWsmp0J8j,,,,,,,BP-DRI-28OZ-10401,Powerade Fruit Punch Bottle (28 oz) at $3.99. Premium through and through. Delivered fresh to your doorstep.
Drinks,Sports Drinks,Powerade Lemon Lime Bottle (28 oz),49000079371,3٫99,https://drive.google.com/uc?id=1WLyuNX_elvknq5mjuRWte723OZaCIYzB,,,,,,,BP-DRI-28OZ-10402,Want Powerade Lemon Lime Bottle (28 oz)? Available near you for $3.99. Fast delivery to your neighborhood.
Drinks,Sports Drinks,Powerade Mountain Berry Blast Bottle (28 oz),49000045659,1٫99,https://drive.google.com/uc?id=1jZXD_uNgXzGWU_Mm9XpLzujgiqeHLEYF,,,,,,,BP-DRI-28OZ-10403,Powerade Mountain Berry Blast Bottle (28 oz) at $1.99. Premium through and through. Available for immediate pickup.
Drinks,Sports Drinks,Powerade Strawberry Lemonade Bottle (28 oz),49000079395,3٫99,https://drive.google.com/uc?id=110hf_-NmJCSUGduv_6DmoVmK4n4vPYDW,,,,,,,BP-DRI-28OZ-10404,Want Powerade Strawberry Lemonade Bottle (28 oz)? Available near you for $3.99. Fast delivery to your neighborhood.
Drinks,Sports Drinks,Vitamin Water Energy Bottles (20 oz x 12 ct),7.86162E+11,3٫99,https://drive.google.com/uc?id=1xkstZzPb7sgRXjFLJDDjljZFpRRMwQ8Q,,,,,,,BP-DRI-20OZ-10405,Bring to the party Vitamin Water Energy Bottles (20 oz x 12 ct) for $3.99. Order now for same-day delivery.
Drinks,Still Water,Core Hydration Purified Water (44 oz),8.53004E+11,2٫99,https://drive.google.com/uc?id=1In0I-2bcKZPsvf0DUyyDRcxySr2Zncno,,,,,,,BP-DRI-44OZ-10406,Want Core Hydration Purified Water (44 oz)? Available order online for $2.99. Buy now with free delivery over $50.
Drinks,Still Water,Eternal Water (2.5 L),6.08883E+11,4٫99,https://drive.google.com/uc?id=1-Nvdl1RMVbTTEc6B49r2Xs3VgXR7C19y,,,,,,,BP-DRI-2.5L-10407,Want Eternal Water (2.5 L)? Available in your area for $4.99. Available for immediate pickup.
Drinks,Still Water,Gatorade Glacier Cherry (28 oz),52000102451,2٫99,https://drive.google.com/uc?id=1X4M_wsDYUnLF3fVa_UgHmkQjdvQAnfjd,,,,,,,BP-DRI-28OZ-10408,Shop Gatorade Glacier Cherry (28 oz) online – $2.99 with same-day delivery. Premium quality guaranteed. Order online for curbside pickup.
Drinks,Still Water,Glaceau Smartwater Cucumber Lime Bottle (23.7 oz),7.86162E+11,2٫99,https://drive.google.com/uc?id=1-Nvdl1RMVbTTEc6B49r2Xs3VgXR7C19y,,,,,,,BP-DRI-23.7OZ-10409,Glaceau Smartwater Cucumber Lime Bottle (23.7 oz) at $2.99. Exceptional through and through. Shop online – pickup in-store today.
Drinks,Still Water,Perfect Hydration Alkaline Electrolyte Enhanced Water (1 L),8.57416E+11,3٫99,https://drive.google.com/uc?id=1IRzQ36bomScfRBUmQeKXuMZ6wnRw68C6,,,,,,,BP-DRI-1L-10410,Bring to the party Perfect Hydration Alkaline Electrolyte Enhanced Water (1 L) for $3.99. Fast delivery to your neighborhood.
Drinks,Tea,Ito en Oi Ocha Green Tea Unsweetened Bottle (16.9 oz),8.35143E+11,3٫99,https://drive.google.com/uc?id=1-Nvdl1RMVbTTEc6B49r2Xs3VgXR7C19y,,,,,,,BP-DRI-16.9OZ-10411,Smart shoppers choose Ito en Oi Ocha Green Tea Unsweetened Bottle (16.9 oz) – $3.99 for quality. Shop online – pickup in-store today.
Drinks,Tea,Pure Leaf Extra Sweet Tea Bottle (18.5 oz),12000286179,3٫99,https://drive.google.com/uc?id=1BN2LTd9AhVn0GtztS_Uh1_yN9rccWY0K,,,,,,,BP-DRI-18.5OZ-10412,Smart shoppers choose Pure Leaf Extra Sweet Tea Bottle (18.5 oz) – $3.99 for quality. Order online for curbside pickup.
Drinks & Mixers,Energy Drinks,Monster Absolutely Zero Bottles (16 oz x 24 ct),70847000037,3٫99,https://drive.google.com/uc?id=125kVE8NKO3VP-clb4_WZUlVO_Nsl7ATV,,,,,,,BP-GEN-16OZ-10413,"Quality ingredients, proper process: Monster Absolutely Zero Bottles (16 oz x 24 ct) is $3.99. Outstanding results guaranteed. Buy online, enjoy tonight."
Drinks & Mixers,Energy Drinks,Monster Energy Mango Loco Can (16 oz),70847029014,3٫99,https://drive.google.com/uc?id=1aX9u0_TTrnMExCuCL3k2AFrWLM88ogTI,,,,,,,BP-GEN-16OZ-10414,Experience Monster Energy Mango Loco Can (16 oz) for $3.99. Delivered fresh to your doorstep.
Drinks & Mixers,Energy Drinks,Red Bull Sugarfree Energy Drink Can (12 oz),6.1127E+11,5٫99,https://drive.google.com/uc?id=13rMW0pstGCoOFCprlehmwmIrY2NU47A-,,,,,,,BP-GEN-12OZ-10415,Smart shoppers choose Red Bull Sugarfree Energy Drink Can (12 oz) – $5.99 for quality. Get it delivered to your door.
Drinks & Mixers,Juice,Dole 100% Canned Pineapple Juice (46 oz),38900008185,5٫99,https://drive.google.com/uc?id=1RceKwEEJ8h-tRzGv9Ipl77PWu2QA_-eo,,,,,,,BP-GEN-46OZ-10416,Trending now: Dole 100% Canned Pineapple Juice (46 oz) at $5.99. Fast delivery to your neighborhood.
Drinks & Mixers,Juice,Simply Orange Pulp Free - not from Concentrate Bottle (52 oz),25000100000,7٫99,https://drive.google.com/uc?id=1LTJnaD9cQ-GHhDKP3ZBMxeg4qRcWC8Gw,,,,,,,BP-GEN-52OZ-10417,Simply Orange Pulp Free - not from Concentrate Bottle (52 oz) at $7.99. Remarkable through and through. Shop online – pickup in-store today.
Drinks & Mixers,Juice,Snapple Mango Madness Plastic Bottle (16 oz),76183163641,1٫99,https://drive.google.com/uc?id=1IpEYdRZ3YWcWgWfdQhdBITmOvS3JmKio,,,,,,,BP-GEN-16OZ-10418,Snapple Mango Madness Plastic Bottle (16 oz) at $1.99. Exceptional quality throughout. Get it delivered to your door.
Drinks & Mixers,Juice,Tropicana Pure Premium OrangeJuice (12 oz),48500017753,3٫99,https://drive.google.com/uc?id=1DtpZ-2xu45rFni9B3cmiMusphj_I5BTE,,,,,,,BP-GEN-12OZ-10419,Tropicana Pure Premium OrangeJuice (12 oz) at $3.99. Quality through and through. Get it delivered to your door.
Drinks & Mixers,Soda,7 Up Can (12 oz),78000011807,12٫99,https://drive.google.com/uc?id=1K92y4lTHpeVBHolbA5m3n-NtdqSkiz-O,,,,,,,BP-GEN-12OZ-10420,Experience 7 Up Can (12 oz) for $12.99. Buy now with free delivery over $50.
Drinks & Mixers,Soda,Canada Dry Club Soda Bottle (10 oz),78000001198,1٫99,https://drive.google.com/uc?id=1MOMJ1ByOjRgTFNm9eVV3bpfxRD6mXpqN,,,,,,,BP-GEN-10OZ-10421,Want Canada Dry Club Soda Bottle (10 oz)? Available neighborhood liquor store for $1.99. Order online for curbside pickup.
Drinks & Mixers,Soda,Coca Cola Classic Can (12 oz x 6 ct),49000000443,3٫99,https://drive.google.com/uc?id=1uBm2Fqng4MfmloGGTvn_b4Acr6uhxzod,,,,,,,BP-GEN-12OZ-10422,"Quality ingredients, proper process: Coca Cola Classic Can (12 oz x 6 ct) is $3.99. Outstanding results guaranteed. Get it delivered to your door."
Drinks & Mixers,Soda,Coca-Cola Box (144 oz x 12 ct),49000028904,12٫99,https://drive.google.com/uc?id=1Qh5piSLfe3TOUw9YtGEqrY0vQN3AAs1J,,,,,,,BP-GEN-144OZ-10423,Stock up special: Coca-Cola Box (144 oz x 12 ct) is just $12.99. Multiple units of remarkable quality. Available order online. Delivered fresh to your doorstep.
Drinks & Mixers,Soda,Diet Coke (1l),49000005240,4٫99,https://drive.google.com/uc?id=1PlnFG8u39oV4G7l_4j1b_sFk0BEOAArx,,,,,,,BP-GEN-1L-10424,"Diet Coke (1l) represents exceptional quality at $4.99. Crafted with care, priced to share. Order now for next-hour delivery."
Drinks & Mixers,Soda,Diet Coke Bottle (20 oz),49000000450,3٫99,https://drive.google.com/uc?id=1B6FwefT6-pB7z6v7oJTLzltmpmJxVAVR,,,,,,,BP-GEN-20OZ-10425,Great value alert: Diet Coke Bottle (20 oz) for $3.99. Add to cart for fast local delivery.
Drinks & Mixers,Soda,Diet Mountain Dew Bottle (20 oz),12000001345,3٫99,https://drive.google.com/uc?id=1SXi8CO_lHCeiKsnlGtTZaA_y4sEbhcrx,,,,,,,BP-GEN-20OZ-10426,"Diet Mountain Dew Bottle (20 oz) at $3.99. Remarkable through and through. Buy online, enjoy tonight."
Drinks & Mixers,Soda,Pepsi Bottle (1l),12000002946,4٫99,https://drive.google.com/uc?id=1JnhxHiEjMM2pdwhj0l4-8eyx4y3HZkCA,,,,,,,BP-GEN-1L-10427,"Quality ingredients, proper process: Pepsi Bottle (1l) is $4.99. Outstanding results guaranteed. Buy online, enjoy tonight."
Drinks & Mixers,Soda,Pepsi Bottle (20 oz),12000001291,3٫99,https://drive.google.com/uc?id=1_3Jn0JH1ScAMQ1pLBgSzZGMTjKFDgrmI,,,,,,,BP-GEN-20OZ-10428,Smart shoppers choose Pepsi Bottle (20 oz) – $3.99 for quality. Order now for same-day delivery.
Drinks & Mixers,Soda,Sprite Can (12 oz),49000028928,12٫99,https://drive.google.com/uc?id=15tphwwWjOAMfIt8Ey7ysgEHD_Igu4059,,,,,,,BP-GEN-12OZ-10429,Want Sprite Can (12 oz)? Available neighborhood liquor store for $12.99. Order online for curbside pickup.
Drinks & Mixers,Sports Drinks,Electrolit Electrolyte Hydration & Recovery Coconut Bottle (16 oz),8.87725E+11,4٫99,https://drive.google.com/uc?id=1-Nvdl1RMVbTTEc6B49r2Xs3VgXR7C19y,,,,,,,BP-GEN-16OZ-10430,Popular choice: Electrolit Electrolyte Hydration & Recovery Coconut Bottle (16 oz) at $4.99. Available for immediate pickup.
Drinks & Mixers,Sports Drinks,Electrolit Electrolyte Hydration & Recovery Pina Bottle (625 ml),8.87725E+11,4٫99,https://drive.google.com/uc?id=1-Nvdl1RMVbTTEc6B49r2Xs3VgXR7C19y,,,,,,,BP-GEN-625-10431,Anytime refreshment: Electrolit Electrolyte Hydration & Recovery Pina Bottle (625 ml) at $4.99. Order online for curbside pickup.
Drinks & Mixers,Sports Drinks,Gatorade Fruit Punch (28 oz),52000135138,3٫99,https://drive.google.com/uc?id=1MsK8ceiN5HcjP1Sd1zY3O0yZ970SieTd,,,,,,,BP-GEN-28OZ-10432,Smart shoppers choose Gatorade Fruit Punch (28 oz) – $3.99 for quality. Buy now with free delivery over $50.
Drinks & Mixers,Sports Drinks,Gatorade Orange Bottle (28 oz),52000135145,3٫99,https://drive.google.com/uc?id=17PH5Emn7XCGZG4eoOkTo_nliiiYItkD_,,,,,,,BP-GEN-28OZ-10433,Customer favorite: Gatorade Orange Bottle (28 oz) at $3.99. Order now for next-hour delivery.
Drinks & Mixers,Still Water,Topo Chico MIneral Water Bottle (20 oz),21136010541,2٫99,https://drive.google.com/uc?id=1L_OXzHa2C5gZ_ndRJyzSlwMyoByOlHQ4,,,,,,,BP-GEN-20OZ-10434,Topo Chico MIneral Water Bottle (20 oz) at $2.99. Remarkable through and through. Order now for next-hour delivery.
Frozen,Ice Cream,Ben & Jerry's Pistachio Pistachio Ice Cream (16 oz),76840101184,8٫99,https://drive.google.com/uc?id=1HnDo1K8cskdym29Ueo7EwH8d38AWWr6h,,,,,,,BP-FRO-16OZ-10435,"Ben & Jerry's Pistachio Pistachio Ice Cream (16 oz) represents premium quality at $8.99. Crafted with care, priced to share. Order now for same-day delivery."
Frozen,Ice Cream,Talenti Caramel Cookie Crunch Gelato (10 oz),1.86852E+11,8٫99,https://drive.google.com/uc?id=1imPkj3bEUxWSoR_3MBoieSNLSQG4_vwW,,,,,,,BP-FRO-10OZ-10436,"Talenti Caramel Cookie Crunch Gelato (10 oz) represents quality quality at $8.99. Crafted with care, priced to share. Buy online, enjoy tonight."
Frozen,Ice Cream,Talenti Gelato Roman Raspberry (16 oz),1.86852E+11,10٫99,https://drive.google.com/uc?id=15Wznwrq_Xg6ZFkhwBy-PGrxeFGxszKnT,,,,,,,BP-FRO-16OZ-10437,Highly rated: Talenti Gelato Roman Raspberry (16 oz) at $10.99. Buy now with free delivery over $50.
Frozen,Ice Cream,Talenti Mediterranean Mint Gelato (16 oz),1.86852E+11,10٫99,https://drive.google.com/uc?id=1FDW-v_iIBRTxUxfhyaUYzBktbSnLmEav,,,,,,,BP-FRO-16OZ-10438,"Right-size portion: Talenti Mediterranean Mint Gelato (16 oz) for $10.99. Quality quality, perfect quantity. Available order online. Shop online – pickup in-store today."
Frozen,Ice Cream,Talenti Salted Caramel Truffle Gelato Layers (11.6 oz),1.86852E+11,8٫99,https://drive.google.com/uc?id=1CyGuUE0fIwpCwB2t-HYAn6LjVtddfJXD,,,,,,,BP-FRO-11.6OZ-10439,Talenti Salted Caramel Truffle Gelato Layers (11.6 oz) at $8.99. Outstanding through and through. In stock – order for delivery today.
Frozen,Novelty,Ben & Jerry's Boom Chocolatta Core Ice Cream (16 oz),76840462858,8٫99,https://drive.google.com/uc?id=1vLiGlxbWHFo5RvSm3pq7BxJV6XMv6gkG,,,,,,,BP-FRO-16OZ-10440,Ben & Jerry's Boom Chocolatta Core Ice Cream (16 oz) at $8.99. Outstanding quality throughout. Buy now with free delivery over $50.
Frozen,Novelty,Ben & Jerry's Brownie Batter Core Ice Cream Chocolate & Vanilla (16 oz),76840529872,8٫99,https://drive.google.com/uc?id=1Fg1AQadL2s2eQdoETwJK8loL5bJ5EMHM,,,,,,,BP-FRO-16OZ-10441,"Smart shoppers choose Ben & Jerry's Brownie Batter Core Ice Cream Chocolate & Vanilla (16 oz) – $8.99 for quality. Buy online, enjoy tonight."
Frozen,Novelty,Ben & Jerry's Chubby Hubby Ice Cream (16 oz),76840100125,8٫99,https://drive.google.com/uc?id=15vCRhgw6w5YWf8QT5aTzeFORVnU_KeXi,,,,,,,BP-FRO-16OZ-10442,Smart shoppers choose Ben & Jerry's Chubby Hubby Ice Cream (16 oz) – $8.99 for quality. Available for immediate pickup.
Frozen,Novelty,Ben & Jerry's Coffee Caramel Fudge Non-Dairy (16 oz),76840580774,8٫99,https://drive.google.com/uc?id=1cpKrd3CcqE1TYaL1awuNEf4csG9_zXh_,,,,,,,BP-FRO-16OZ-10443,Ben & Jerry's Coffee Caramel Fudge Non-Dairy (16 oz) at $8.99. Premium through and through. Get it delivered to your door.
Frozen,Novelty,Ben & Jerry's Coffee Heath Bar Crunch Ice Cream (16 oz),76840100118,8٫99,https://drive.google.com/uc?id=1N4_JWy-EhqTXjoxz4wCj6ujFf6jSCXZE,,,,,,,BP-FRO-16OZ-10444,Ben & Jerry's Coffee Heath Bar Crunch Ice Cream (16 oz) at $8.99. Exceptional quality throughout. Add to cart for fast local delivery.
Frozen,Novelty,Ben & Jerry's Everything But Ice Cream (10 oz),76840101344,10٫99,https://drive.google.com/uc?id=1xlE21naZQGqvKnXCAG1e7uBkXeno39ip,,,,,,,BP-FRO-10OZ-10445,Stock up on Ben & Jerry's Everything But Ice Cream (10 oz) for $10.99. Fast delivery to your neighborhood.
Frozen,Novelty,Ben & Jerry's Karamel Sutra Core Ice Cream (16 oz),76840101542,8٫99,https://drive.google.com/uc?id=1A64c84ea2qJ6U5jU4gWtQRPDT9CtQVMY,,,,,,,BP-FRO-16OZ-10446,Local bestseller: Ben & Jerry's Karamel Sutra Core Ice Cream (16 oz) at $8.99. Delivered fresh to your doorstep.
Frozen,Novelty,Ben & Jerry's Mint Chocolate Cookie Ice Cream (16 oz),76840100040,10٫99,https://drive.google.com/uc?id=1NmeGNgmXn0t3HWfzTCGgJ9jZPGnzpONB,,,,,,,BP-FRO-16OZ-10447,"Shop Ben & Jerry's Mint Chocolate Cookie Ice Cream (16 oz) online – $10.99 with same-day delivery. Remarkable quality guaranteed. Buy online, enjoy tonight."
Frozen,Novelty,Ben & Jerry's Netflix & Chilled Ice Cream (16 oz),76840002542,8٫99,https://drive.google.com/uc?id=1JTfIZvFemfIw6lAn5P_qfSxUJcbbJK4S,,,,,,,BP-FRO-16OZ-10448,"Ben & Jerry's Netflix & Chilled Ice Cream (16 oz) at $8.99. Exceptional quality throughout. Buy online, enjoy tonight."
Frozen,Novelty,Ben & Jerry's Peanut Butter Half Baked Ice Cream (16 oz),76840002368,10٫99,https://drive.google.com/uc?id=1Gnbf-01YDzyGKiqJXGkCcUFwYF_4o7Pc,,,,,,,BP-FRO-16OZ-10449,Ben & Jerry's Peanut Butter Half Baked Ice Cream (16 oz) at $10.99. Remarkable through and through. In stock – order for delivery today.
Frozen,Novelty,Ben & Jerry's Phish Food Ice Cream (473 ml),76840100989,8٫99,https://drive.google.com/uc?id=10TisL0igBfE7P8D27dn-xQ3OFXgIZB6h,,,,,,,BP-FRO-473-10450,Want Ben & Jerry's Phish Food Ice Cream (473 ml)? Available fast shipping for $8.99. Order now for same-day delivery.
Frozen,Novelty,Ben & Jerry's Salted Caramel Brownie Ice Cream (16 oz),76840363957,8٫99,https://drive.google.com/uc?id=1pzLvLYORrH2s6M8S6pnRf9LGDv--ha8f,,,,,,,BP-FRO-16OZ-10451,Trending now: Ben & Jerry's Salted Caramel Brownie Ice Cream (16 oz) at $8.99. Available for immediate pickup.
Frozen,Novelty,Ben & Jerry's Strawberry Cheesecake Ice Cream (473 ml),76840400218,8٫99,https://drive.google.com/uc?id=1o7-LrAy55oetxwglafoEEJeogjMnfkdn,,,,,,,BP-FRO-473-10452,Great value alert: Ben & Jerry's Strawberry Cheesecake Ice Cream (473 ml) for $8.99. Shop online – pickup in-store today.
Frozen,Novelty,Good Humor Giant King Cone Vanilla & Chocolate (8 oz),77567008220,5٫99,https://drive.google.com/uc?id=15NUnhJPFwXnoN0pydesw_NNuRQK2Le3j,,,,,,,BP-FRO-8OZ-10453,Great value alert: Good Humor Giant King Cone Vanilla & Chocolate (8 oz) for $5.99. Buy now with free delivery over $50.
Frozen,Novelty,Good Humor Giant Vanilla Ice Cream Sandwich (6 oz),77567003935,3٫99,https://drive.google.com/uc?id=1IrI4PjNwMaayuEC8ynt_v0i8h6K7KPbQ,,,,,,,BP-FRO-6OZ-10454,"Right-size portion: Good Humor Giant Vanilla Ice Cream Sandwich (6 oz) for $3.99. Remarkable quality, perfect quantity. Available local delivery available. Delivered fresh to your doorstep."
Frozen,Novelty,Good Humor Strawberry Shortcake Ice Cream (4 oz),41000054143,3٫99,https://drive.google.com/uc?id=1Mpke9gRNg2CBHMJvszOKk0xEiv3kmW5G,,,,,,,BP-FRO-4OZ-10455,"Good Humor Strawberry Shortcake Ice Cream (4 oz) at $3.99. Premium quality throughout. Buy online, enjoy tonight."
Frozen,Novelty,Haagen-Dazs Butter Pecan Ice Cream (14 oz),74570114009,10٫99,https://drive.google.com/uc?id=12y4qiSwUrWq-dXHF2HTQkeLnD2kfCQYP,,,,,,,BP-FRO-14OZ-10456,"Great value alert: Haagen-Dazs Butter Pecan Ice Cream (14 oz) for $10.99. Buy online, enjoy tonight."
Frozen,Novelty,Haagen-Dazs Cherry Vanilla Ice Cream (14 oz),74570534005,10٫99,https://drive.google.com/uc?id=1f2TMy4Qeqd5wc7h_nCwKilQB1Yun9EFQ,,,,,,,BP-FRO-14OZ-10457,"Right-size portion: Haagen-Dazs Cherry Vanilla Ice Cream (14 oz) for $10.99. Quality quality, perfect quantity. Available same-day delivery. Buy online, enjoy tonight."
Frozen,Novelty,Haagen-Dazs Chocolate Peanut Butter Ice Cream (14 oz),74570950157,10٫99,https://drive.google.com/uc?id=1RH7drgYD5Vd8Qdgqyl1eTAO_0YEJ-Vzf,,,,,,,BP-FRO-14OZ-10458,"Quality ingredients, proper process: Haagen-Dazs Chocolate Peanut Butter Ice Cream (14 oz) is $10.99. Premium results guaranteed. Fast delivery to your neighborhood."
Frozen,Novelty,Haagen-Dazs Coffee Almond Crunch Ice Cream Bar (3.67 oz),74570146000,5٫99,https://drive.google.com/uc?id=1Abjcw6F3Ls8VWK5io5NQUcb4XDOW7sCS,,,,,,,BP-FRO-3.67OZ-10459,"Popular choice: Haagen-Dazs Coffee Almond Crunch Ice Cream Bar (3.67 oz) at $5.99. Buy online, enjoy tonight."
Frozen,Novelty,Haagen-Dazs Green Tea Ice Cream (14 oz),74570651405,10٫99,https://drive.google.com/uc?id=1Zq9mr8qS7Zq-ic6Bbg8EoqqyxSYFH3no,,,,,,,BP-FRO-14OZ-10460,Highly rated: Haagen-Dazs Green Tea Ice Cream (14 oz) at $10.99. Fast delivery to your neighborhood.
Frozen,Novelty,Haagen-Dazs Mango Ice Cream (14 oz),74570462032,10٫99,https://drive.google.com/uc?id=16y4f2OhOQuvIz6G982O_cQOAV_6epXOu,,,,,,,BP-FRO-14OZ-10461,"Haagen-Dazs Mango Ice Cream (14 oz) represents exceptional quality at $10.99. Crafted with care, priced to share. Available for immediate pickup."
Frozen,Novelty,Haagen-Dazs Pistachio Ice Cream (14 oz),74570950034,11٫99,https://drive.google.com/uc?id=18GqfP5c9a7qEB7XhVo_zCn6-ThIDmyXa,,,,,,,BP-FRO-14OZ-10462,"Quality ingredients, proper process: Haagen-Dazs Pistachio Ice Cream (14 oz) is $11.99. Outstanding results guaranteed. Add to cart for fast local delivery."
Frozen,Novelty,Haagen-Dazs Vanilla Chocolate Chip (14 oz),74570524006,8٫99,https://drive.google.com/uc?id=1YXQlDIkDd4L-G4H5Yyna3wCLEfIaKca0,,,,,,,BP-FRO-14OZ-10463,Table-ready: Haagen-Dazs Vanilla Chocolate Chip (14 oz) at $8.99. Order online for curbside pickup.
Frozen,Novelty,Haagen-Dazs Vanilla Milk Chocolate Almond Ice Cream (32 oz),74570033102,4٫99,https://drive.google.com/uc?id=1N3UTLSDXQRWBPR3ubMkwDnr_M1hNSvXe,,,,,,,BP-FRO-32OZ-10464,"Haagen-Dazs Vanilla Milk Chocolate Almond Ice Cream (32 oz) at $4.99. Exceptional through and through. Buy online, enjoy tonight."
Frozen,Novelty,Haagen-Dazs Vanilla Milk Chocolate Ice Cream Bar (2 oz),74570013104,4٫99,https://drive.google.com/uc?id=1tWz1sI4rZ897CvCWsE4jgdRoezPvyQcP,,,,,,,BP-FRO-2OZ-10465,"Haagen-Dazs Vanilla Milk Chocolate Ice Cream Bar (2 oz) represents premium quality at $4.99. Crafted with care, priced to share. Add to cart for fast local delivery."
Frozen,Novelty,Haagen-Dazs Vanilla Swiss Almond Ice Cream (14 oz),74570094004,10٫99,https://drive.google.com/uc?id=1Tlg08FwbzftBIoBSgUA70VMgLUbpIqA7,,,,,,,BP-FRO-14OZ-10466,Trending now: Haagen-Dazs Vanilla Swiss Almond Ice Cream (14 oz) at $10.99. Buy now with free delivery over $50.
Frozen,Novelty,Helados Mexico Coco-Coconut Premium Ice Cream Bars (4 oz),6.82082E+11,1٫99,https://drive.google.com/uc?id=1-Nvdl1RMVbTTEc6B49r2Xs3VgXR7C19y,,,,,,,BP-FRO-4OZ-10467,Experience Helados Mexico Coco-Coconut Premium Ice Cream Bars (4 oz) for $1.99. In stock – order for delivery today.
Frozen,Novelty,Klondike Original Ice Cream Bars (2 oz),75856001105,5٫99,https://drive.google.com/uc?id=1mGmeL2FcEyajT7zkyxWnDHBpi4lncJEY,,,,,,,BP-FRO-2OZ-10468,Want Klondike Original Ice Cream Bars (2 oz)? Available same-day delivery for $5.99. Buy now with free delivery over $50.
Frozen,Novelty,Nestle Dibs Crunch Bite Sized Frozen Dairy Dessert Snacks (4 oz),41548825533,5٫99,https://drive.google.com/uc?id=1Lcr5AtWw3vofu0iiu-lE7x1B6CFIfIzs,,,,,,,BP-FRO-4OZ-10469,Smart shoppers choose Nestle Dibs Crunch Bite Sized Frozen Dairy Dessert Snacks (4 oz) – $5.99 for quality. Available for immediate pickup.
Gin,,Fords Gin (750 ml),81128005207,22٫99,https://drive.google.com/uc?id=1-Nvdl1RMVbTTEc6B49r2Xs3VgXR7C19y,,,,,,,BP-GIN-750-10470,Want Fords Gin (750 ml)? Available quick delivery for $22.99. Order now for same-day delivery.
Gin,,Hendrick's Gin (375 ml),83664873449,27٫99,https://drive.google.com/uc?id=14nq-SIkq6sUCiDT73QfjPtMwHeHNWYij,,,,,,,BP-GIN-375-10471,Stock up on Hendrick's Gin (375 ml) for $27.99. Shop online – pickup in-store today.
Gin,,New Amsterdam Gin (50 ml),85000004029,1٫99,https://drive.google.com/uc?id=1gGhHmGRL8F42H_fmhcrKnWBDvYkTCWj-,,,,,,,BP-GIN-50-10472,"Right-size portion: New Amsterdam Gin (50 ml) for $1.99. Exceptional quality, perfect quantity. Available local delivery available. Add to cart for fast local delivery."
Gin,,Tanqueray Gin (1.75 L),88110110505,39٫99,https://drive.google.com/uc?id=1taq-kAqzXv5Ztjjej_CzjuJggCEQpzrA,,,,,,,BP-GIN-1.75L-10473,Smart shoppers choose Tanqueray Gin (1.75 L) – $39.99 for quality. Buy now with free delivery over $50.
Gin,,Tanqueray Gin (375 ml),88110110642,16٫99,https://drive.google.com/uc?id=1m5tollmMeVb6mtSpKZzYMcs-L_-i_7FM,,,,,,,BP-GIN-375-10474,Want Tanqueray Gin (375 ml)? Available order online for $16.99. Fast delivery to your neighborhood.
Grocery,Bakery,Hostess Honey Bun Jumbo Glazed (4.75 oz),8.88109E+11,2٫99,https://drive.google.com/uc?id=1WV-ef8f0ZGYGHz7Jynkp8_0EcAd4U0MH,,,,,,,BP-GRO-4.75OZ-10475,Indulge in Hostess Honey Bun Jumbo Glazed (4.75 oz) for $2.99. In stock – order for delivery today.
Grocery,Chips & Crackers,Doritos Cool Ranch Flavored Tortilla Chips (2.75 oz),28400325042,3٫99,https://drive.google.com/uc?id=1oph1jy8i1y6nvHj9W8VyQ5pl6-n7hi37,,,,,,,BP-GRO-2.75OZ-10476,Doritos Cool Ranch Flavored Tortilla Chips (2.75 oz) at $3.99. Quality through and through. Delivered fresh to your doorstep.
Grocery,Chips & Crackers,Doritos Flamas Flavored Tortilla Chips (2.75 oz),28400031325,5٫99,https://drive.google.com/uc?id=1GVZG4Gzrdj4NcfhE8oQjd1E30-BE62PR,,,,,,,BP-GRO-2.75OZ-10477,Want Doritos Flamas Flavored Tortilla Chips (2.75 oz)? Available fast shipping for $5.99. Fast delivery to your neighborhood.
Grocery,Chips & Crackers,Doritos Flamin' Hot Nacho Cheese Tortilla Chips (9.75 oz),28400199247,4٫99,https://drive.google.com/uc?id=1-Nvdl1RMVbTTEc6B49r2Xs3VgXR7C19y,,,,,,,BP-GRO-9.75OZ-10478,Shop Doritos Flamin' Hot Nacho Cheese Tortilla Chips (9.75 oz) online – $4.99 with fast shipping. Quality quality guaranteed. Buy now with free delivery over $50.
Grocery,Chips & Crackers,Doritos Nacho Cheese Flavored Tortilla Chips (2.75 oz),28400420730,2٫99,https://drive.google.com/uc?id=1IOpHJdgbHr94jnwHq1mYm1ctM_U_7FJr,,,,,,,BP-GRO-2.75OZ-10479,Smart shoppers choose Doritos Nacho Cheese Flavored Tortilla Chips (2.75 oz) – $2.99 for quality. Order now for same-day delivery.
Grocery,Chips & Crackers,Doritos Salsa Verde Flavored Tortilla Chips (2.75 oz),28400038676,4٫99,https://drive.google.com/uc?id=13mHWd_k1l9LEwnn_Xh7wkOWzHnM6JKkL,,,,,,,BP-GRO-2.75OZ-10480,Experience Doritos Salsa Verde Flavored Tortilla Chips (2.75 oz) for $4.99. Order online for curbside pickup.
Grocery,Chips & Crackers,Doritos Spicy Nacho Bag (9.25 oz),28400516471,7٫99,https://drive.google.com/uc?id=1iUkiPGfvt1zD4BPzFEz_itMkJg1sP-0T,,,,,,,BP-GRO-9.25OZ-10481,Smart shoppers choose Doritos Spicy Nacho Bag (9.25 oz) – $7.99 for quality. Add to cart for fast local delivery.
Grocery,Chips & Crackers,Doritos Spicy Nacho Flavored Tortilla Chips (2.75 oz),28400325080,3٫99,https://drive.google.com/uc?id=1TykLO-xId9SXTKDl-BG4siw2r_Yx7CVZ,,,,,,,BP-GRO-2.75OZ-10482,"Doritos Spicy Nacho Flavored Tortilla Chips (2.75 oz) represents premium quality at $3.99. Crafted with care, priced to share. Order now for same-day delivery."
Grocery,Chips & Crackers,Doritos Tortilla Chips Flamin' Hot Nacho (2.75 oz),28400325226,3٫99,https://drive.google.com/uc?id=1NVE4YTTcR3Zjoabr_DeB2V3CXbC481Nj,,,,,,,BP-GRO-2.75OZ-10483,Party-ready: Doritos Tortilla Chips Flamin' Hot Nacho (2.75 oz) at $3.99. Buy now with free delivery over $50.
Grocery,Chips & Crackers,"Doritos Tortilla Chips, Flamin' Hot Limon (2.75 oz)",28400306980,3٫99,https://drive.google.com/uc?id=1DuKuJurZemXT454RrF122N0K6nXGkBRB,,,,,,,BP-GRO-2.75OZ-10484,"Right-size portion: Doritos Tortilla Chips, Flamin' Hot Limon (2.75 oz) for $3.99. Outstanding quality, perfect quantity. Available quick delivery. Add to cart for fast local delivery."
Grocery,Chips & Crackers,Fritos Bean Dip (9 oz),28400000789,6٫99,https://drive.google.com/uc?id=13y1uFl8cRcd63NxLUoDhQ3DSNZC2V7h5,,,,,,,BP-GRO-9OZ-10485,Bring to the party Fritos Bean Dip (9 oz) for $6.99. Buy now with free delivery over $50.
Grocery,Chips & Crackers,Fritos Chili Cheese Flavored Corn Chips (3.5 oz),28400156011,3٫99,https://drive.google.com/uc?id=1lkFs8MFogJeL08LkwpaW4N2bjTNadEKF,,,,,,,BP-GRO-3.5OZ-10486,Shop Fritos Chili Cheese Flavored Corn Chips (3.5 oz) online – $3.99 with neighborhood liquor store. Remarkable quality guaranteed. Order now for next-hour delivery.
Grocery,Chips & Crackers,Fritos Flavor Twists Honey BBQ (10 oz),28400327282,3٫99,https://drive.google.com/uc?id=1TKVhMtkenUC8v8l_n2ZdSBKI1gJt2-2h,,,,,,,BP-GRO-10OZ-10487,Want Fritos Flavor Twists Honey BBQ (10 oz)? Available same-day delivery for $3.99. Add to cart for fast local delivery.
Grocery,Chips & Crackers,Fritos Flavor Twists Honey BBQ Flavored Corn Chips (3.5 oz),28400327299,3٫99,https://drive.google.com/uc?id=1YBbaNwDLnl3yHpwAxgE5o9A54Jb9rGaW,,,,,,,BP-GRO-3.5OZ-10488,"Fritos Flavor Twists Honey BBQ Flavored Corn Chips (3.5 oz) represents exceptional quality at $3.99. Crafted with care, priced to share. Order now for same-day delivery."
Grocery,Chips & Crackers,Fritos Hot Bean Dip with Jalapeno Peppers (9 oz),28400000888,6٫99,https://drive.google.com/uc?id=1OJz20qZanE8wBTRmUzpAPxO9Ap9bnUlK,,,,,,,BP-GRO-9OZ-10489,"Right-size portion: Fritos Hot Bean Dip with Jalapeno Peppers (9 oz) for $6.99. Remarkable quality, perfect quantity. Available local delivery available. Delivered fresh to your doorstep."
Grocery,Chips & Crackers,Fritos Original Corn Chips (3.5 oz),28400327305,3٫99,https://drive.google.com/uc?id=1YNyyYMB6g0q8bit4ABbE4H-HX60cXTn6,,,,,,,BP-GRO-3.5OZ-10490,Great value alert: Fritos Original Corn Chips (3.5 oz) for $3.99. Buy now with free delivery over $50.
Grocery,Chips & Crackers,Kettle Potato Chips Jalapeno (5 oz),84114116352,6٫99,https://drive.google.com/uc?id=12iCxBRedts9lBAzmcHEfV4VxYTfX-0XH,,,,,,,BP-GRO-5OZ-10491,Kettle Potato Chips Jalapeno (5 oz) at $6.99. Exceptional through and through. Available for immediate pickup.
Grocery,Chips & Crackers,Kettle Potato Chips Sea Salt (5 oz),84114009975,4٫99,https://drive.google.com/uc?id=14WZx1NmfkTN2TXrAHmUBfdhfDsypV6TD,,,,,,,BP-GRO-5OZ-10492,Want Kettle Potato Chips Sea Salt (5 oz)? Available neighborhood liquor store for $4.99. Get it delivered to your door.
Grocery,Chips & Crackers,Kettle Potato Chips Sea Salt & Vinegar (5 oz),8.50668E+11,3٫99,https://drive.google.com/uc?id=1DzHQ5O7etGcjNEFRDRtAL-hii3mTK7w7,,,,,,,BP-GRO-5OZ-10493,"Smart shoppers choose Kettle Potato Chips Sea Salt & Vinegar (5 oz) – $3.99 for quality. Buy online, enjoy tonight."
Grocery,Chips & Crackers,Lay's Chile Limon Flavored Potato Chips (2.625 oz),28400420686,2٫99,https://drive.google.com/uc?id=1xhr5zYQFwevJXOQeZpxqAOO_8-Fd6RGq,,,,,,,BP-GRO-2.625OZ-10494,Want Lay's Chile Limon Flavored Potato Chips (2.625 oz)? Available same-day delivery for $2.99. In stock – order for delivery today.
Grocery,Chips & Crackers,Pringles BBQ Potato Chips (5.5 oz),38000183713,4٫99,https://drive.google.com/uc?id=1UUcjSNv2XmxFbxyVgwUEn33cZmg_Lepg,,,,,,,BP-GRO-5.5OZ-10495,Pringles BBQ Potato Chips (5.5 oz) at $4.99. Premium through and through. Buy now with free delivery over $50.
Grocery,Chips & Crackers,Pringles Original Potato Chips (5.2 oz),38000138416,4٫99,https://drive.google.com/uc?id=1isJQwKMqX5kCkttvA4gPHToEFi6mUJbu,,,,,,,BP-GRO-5.2OZ-10496,Pringles Original Potato Chips (5.2 oz) at $4.99. Premium quality throughout. Order now for next-hour delivery.
Grocery,Chips & Crackers,Pringles Sour Cream & Onion (5.5 oz),38000138430,4٫99,https://drive.google.com/uc?id=192_CCOM2FI_IwqLiWuR8iGWf3IOKe0Ha,,,,,,,BP-GRO-5.5OZ-10497,"Pringles Sour Cream & Onion (5.5 oz) at $4.99. Remarkable through and through. Buy online, enjoy tonight."
Grocery,Chips & Crackers,Ruffles Cheddar & Sour Cream Flavored Potato Chips (2.5 oz),28400324427,3٫99,https://drive.google.com/uc?id=1Wmp3njlk1fe3iHzfJtD9ljUo-doJbruR,,,,,,,BP-GRO-2.5OZ-10498,"Quality ingredients, proper process: Ruffles Cheddar & Sour Cream Flavored Potato Chips (2.5 oz) is $3.99. Quality results guaranteed. Fast delivery to your neighborhood."
Grocery,Chips & Crackers,Ruffles Flamin' Hot Flavored Potato Chips (2.5 oz),28400515733,3٫99,https://drive.google.com/uc?id=1TAI2DgRb7hdfdKL5YBgalEKP-zag1SCL,,,,,,,BP-GRO-2.5OZ-10499,"Quality ingredients, proper process: Ruffles Flamin' Hot Flavored Potato Chips (2.5 oz) is $3.99. Quality results guaranteed. Delivered fresh to your doorstep."
Grocery,Chips & Crackers,Ruffles Queso Cheese Flavored Potato Chips (2.5 oz),28400159647,4٫99,https://drive.google.com/uc?id=1HHWuNCVdRsRHgziuIyX6EEaXd6N9exhl,,,,,,,BP-GRO-2.5OZ-10500,Indulge in Ruffles Queso Cheese Flavored Potato Chips (2.5 oz) for $4.99. Order now for same-day delivery.
Grocery,Chips & Crackers,Tostitos Restaurant Style Tortilla Chips Bag (12 oz),28400517997,6٫99,https://drive.google.com/uc?id=1Oqnz15h4Uh46aQfv2lz-BjTtEUT63Wtc,,,,,,,BP-GRO-12OZ-10501,Tostitos Restaurant Style Tortilla Chips Bag (12 oz) at $6.99. Exceptional quality throughout. Buy now with free delivery over $50.
Grocery,Home Essentials,Arm & Hammer Pure Baking Soda (1 lb),33200011101,2٫99,https://drive.google.com/uc?id=1p4VZ7OqXdI8kWlO2DT4TRr0E8iO9G_ve,,,,,,,BP-GRO-1L-10502,Want Arm & Hammer Pure Baking Soda (1 lb)? Available in your area for $2.99. Available for immediate pickup.
Grocery,Home Essentials,"Bicycle Playing Cards, Standard",73854008089,5٫99,https://drive.google.com/uc?id=1Mt0FoKBdDxdhfmCAq9NyNQpKdubCpSFJ,,,,,,,BP-GRO-000-10503,"Right-size portion: Bicycle Playing Cards, Standard for $5.99. Remarkable quality, perfect quantity. Available near you. Fast delivery to your neighborhood."
Grocery,Home Essentials,"Duracell Batteries, Alkaline, AAA - 4 CT",41333844015,6٫99,https://drive.google.com/uc?id=1QepbvU5no90K5s4GGoiRW8LMVofmJ4LP,,,,,,,BP-GRO-000-10504,"Great value alert: Duracell Batteries, Alkaline, AAA - 4 CT for $6.99. Shop online – pickup in-store today."
Grocery,Home Essentials,"Duracell Battery, Alkaline, 9V1",41333116013,8٫99,https://drive.google.com/uc?id=1mnvZOvF-iG9uQbcgYXhIr_6S1WT_r8PQ,,,,,,,BP-GRO-000-10505,"Right-size portion: Duracell Battery, Alkaline, 9V1 for $8.99. Premium quality, perfect quantity. Available in your area. Available for immediate pickup."
Grocery,Home Essentials,Krazy Glue All Purpose (0.07 oz),70158000054,4٫99,https://drive.google.com/uc?id=1tG_wMYvOPVEVIS4qVmyzOrzgjytSCxZM,,,,,,,BP-GRO-0.07OZ-10506,Great value alert: Krazy Glue All Purpose (0.07 oz) for $4.99. Fast delivery to your neighborhood.
Grocery,Home Essentials,LA's Totally Awesome All Purpose Concentrated Cleaner (32 oz),7.22429E+11,5٫99,https://drive.google.com/uc?id=148dyLTazUWwhI8wX83aB_tfbOYf17k4-,,,,,,,BP-GRO-32OZ-10507,"Quality ingredients, proper process: LA's Totally Awesome All Purpose Concentrated Cleaner (32 oz) is $5.99. Remarkable results guaranteed. Order now for same-day delivery."
Grocery,Home Essentials,"Listerine Antiseptic, Cool Mint, (250 ml)",3.12547E+11,6٫99,https://drive.google.com/uc?id=13ZSbcpi-AQZoNsrQWaJXfzVM2ef7CXGK,,,,,,,BP-GRO-250-10508,"Listerine Antiseptic, Cool Mint, (250 ml) at $6.99. Quality through and through. In stock – order for delivery today."
Grocery,Home Essentials,Tampax Super Tampons Cardboard Applicator 10 count,73010314092,7٫99,https://drive.google.com/uc?id=10Csp67PkiiECtacGTZJnjXoSXFFZX1Wy,,,,,,,BP-GRO-000-10509,"Quality ingredients, proper process: Tampax Super Tampons Cardboard Applicator 10 count is $7.99. Remarkable results guaranteed. Delivered fresh to your doorstep."
Grocery,Home Essentials,"Vaseline Petroleum Jelly, 100% Pure, Original",3.05212E+11,6٫99,https://drive.google.com/uc?id=1onElriCvQsS6-aCnmmbnOxKkJ4ypV5A2,,,,,,,BP-GRO-000-10510,"Want Vaseline Petroleum Jelly, 100% Pure, Original? Available fast shipping for $6.99. Available for immediate pickup."
Grocery,Medicine,Advil Ibuprofen 24ct 200mg Coated Tablets,3.0573E+11,8٫99,https://drive.google.com/uc?id=1gxeR7x5Q6a6P0wGuY3eehmoE9omHmSfp,,,,,,,BP-GRO-000-10511,Smart shoppers choose Advil Ibuprofen 24ct 200mg Coated Tablets – $8.99 for quality. Fast delivery to your neighborhood.
Grocery,Medicine,Band Aid Flexible Fabric Adhesive Bandages 8 CT,3.8137E+11,2٫99,https://drive.google.com/uc?id=1pN_e6HM6jPRZe5gINjRTbg_ewrMMhEmi,,,,,,,BP-GRO-000-10512,Stock up on Band Aid Flexible Fabric Adhesive Bandages 8 CT for $2.99. Fast delivery to your neighborhood.
Grocery,Medicine,"Bayer Aspirin, 325 mg Coated Tablets - 24 CT",3.12844E+11,7٫99,https://drive.google.com/uc?id=1O6xLwbyIzEshKVo4bVe_Dvr18nvuIcEn,,,,,,,BP-GRO-000-10513,"Want Bayer Aspirin, 325 mg Coated Tablets - 24 CT? Available neighborhood liquor store for $7.99. Shop online – pickup in-store today."
Grocery,Medicine,Clear Eyes Handy Pocket Pal Redness Relief Eye Drops (0.2 oz),6.78112E+11,4٫99,https://drive.google.com/uc?id=13DdrxBODYYtgFQ5uLJzMfJWzGuNpRvHo,,,,,,,BP-GRO-0.2OZ-10514,Want Clear Eyes Handy Pocket Pal Redness Relief Eye Drops (0.2 oz)? Available neighborhood liquor store for $4.99. Shop online – pickup in-store today.
Grocery,Medicine,Halls Mentho-Lyptus - 9CT,3.12547E+11,2٫99,https://drive.google.com/uc?id=15OT4kO1MvSN-eoMVB5pwODDc63WxOzcf,,,,,,,BP-GRO-000-10515,"Quality ingredients, proper process: Halls Mentho-Lyptus - 9CT is $2.99. Exceptional results guaranteed. Delivered fresh to your doorstep."
Grocery,Medicine,Nyquil Nighttime Relief Cold & Flu (8 oz),3.239E+11,17٫99,https://drive.google.com/uc?id=10L1-rmqs6NQ48eL7Kku7xwXo-65z_OaM,,,,,,,BP-GRO-8OZ-10516,Nyquil Nighttime Relief Cold & Flu (8 oz) at $17.99. Outstanding quality throughout. Get it delivered to your door.
Grocery,Medicine,"Rolaids Extra Strength Antacid Tablets, Fruit 10ct",41167100240,2٫99,https://drive.google.com/uc?id=1OgM2gKdqAKQ0fcEnYxRzSy_CGbUaiMsx,,,,,,,BP-GRO-000-10517,"Want Rolaids Extra Strength Antacid Tablets, Fruit 10ct? Available neighborhood liquor store for $2.99. Add to cart for fast local delivery."
Grocery,Medicine,"Rolaids Extra Strength Antacid Tablets, Mint 10ct",41167100158,1٫99,https://drive.google.com/uc?id=1X_xjba9WLdrmIcdNn5dFEtReh4yQlRUe,,,,,,,BP-GRO-000-10518,"Stock up special: Rolaids Extra Strength Antacid Tablets, Mint 10ct is just $1.99. Multiple units of quality quality. Available neighborhood liquor store. Delivered fresh to your doorstep."
Grocery,Medicine,"Vicks DayQuil Cold & Flu, Non-Drowsy (8 oz)",3.239E+11,17٫99,https://drive.google.com/uc?id=12Gs4PEcHa3XFbUmy8PmvnWLf18Ch2TM6,,,,,,,BP-GRO-8OZ-10519,"Vicks DayQuil Cold & Flu, Non-Drowsy (8 oz) at $17.99. Premium quality throughout. Fast delivery to your neighborhood."
Grocery,Pantry,C&H Pure Cane Sugar 1 lb Box,15800030119,6٫99,https://drive.google.com/uc?id=1KT6y9gSZX0z4Y7fX7sWDDwWC6XdtLvec,,,,,,,BP-GRO-1L-10520,Experience C&H Pure Cane Sugar 1 lb Box for $6.99. In stock – order for delivery today.
Grocery,Pantry,French's Classic Yellow (8 oz),41500000251,2٫99,https://drive.google.com/uc?id=1QQUsn4t7XtxdsPz3Be5_Z3nv92vWvwfk,,,,,,,BP-GRO-8OZ-10521,Popular choice: French's Classic Yellow (8 oz) at $2.99. In stock – order for delivery today.
Grocery,Pantry,Maruchan Instant Lunch Hot & Spicy Chicken Flavor Ramen Noodle Soup,41789001437,1٫99,https://drive.google.com/uc?id=1CZYhS2u2XT5V968lCPS8iWr8yEcLxla3,,,,,,,BP-GRO-000-10522,Great value alert: Maruchan Instant Lunch Hot & Spicy Chicken Flavor Ramen Noodle Soup for $1.99. Add to cart for fast local delivery.
Grocery,Pantry,Nescafe Clasico Instant Coffee (3.5 oz),28000469429,11٫99,https://drive.google.com/uc?id=1TPBPKVhj9ANHgY1t_0rRTUFCWKV_jrWZ,,,,,,,BP-GRO-3.5OZ-10523,Nescafe Clasico Instant Coffee (3.5 oz) at $11.99. Quality quality throughout. In stock – order for delivery today.
Grocery,Pantry,"Pedigree Adult Dog Food (Roasted Chicken, Rice & Vegetable Flavor) 3.5lb",23100103631,19٫99,https://drive.google.com/uc?id=14eIXRMiRjziUKh2uBmxIBuN8gJLsRveB,,,,,,,BP-GRO-3.5L-10524,"Shop Pedigree Adult Dog Food (Roasted Chicken, Rice & Vegetable Flavor) 3.5lb online – $19.99 with in your area. Outstanding quality guaranteed. Available for immediate pickup."
Grocery,Pantry,Rosarita Traditional Refried Beans Can (16 oz),44300106321,2٫99,https://drive.google.com/uc?id=11h-wdzFy0CVMeoiz2ILN7HUgdUn9I-D5,,,,,,,BP-GRO-16OZ-10525,"Bring this to any gathering: Rosarita Traditional Refried Beans Can (16 oz) at $2.99. Buy online, enjoy tonight."
Grocery,Pantry,Tabasco Original Flavor (2 oz),11210000018,4٫99,https://drive.google.com/uc?id=1heBQc5dDD9XuA0-QyeywlhA0_EiEZaT_,,,,,,,BP-GRO-2OZ-10526,Tabasco Original Flavor (2 oz) at $4.99. Exceptional through and through. Add to cart for fast local delivery.
Grocery,Pantry,Tapatio (5 oz),77885710614,2٫99,https://drive.google.com/uc?id=1WBFfojSRcE5zr9QIILz5-OU65mR0bmNe,,,,,,,BP-GRO-5OZ-10527,Smart shoppers choose Tapatio (5 oz) – $2.99 for quality. In stock – order for delivery today.
Grocery,Pantry,Tostitos Medium Salsa (15.5 oz),28400055987,7٫99,https://drive.google.com/uc?id=1-hrvshT1GwbJgJXsLrXQ56pd_NiCLmpu,,,,,,,BP-GRO-15.5OZ-10528,Tostitos Medium Salsa (15.5 oz) at $7.99. Exceptional quality throughout. Order now for same-day delivery.
Grocery,Pantry,Tostitos Salsa Con Queso Medium (15 oz),28400070980,6٫99,https://drive.google.com/uc?id=1AIKUqZmoAl33jer_7VvOOJ_audF9Xcbm,,,,,,,BP-GRO-15OZ-10529,Staff pick: Tostitos Salsa Con Queso Medium (15 oz) at $6.99. Order now for same-day delivery.
Grocery,Pantry,Tuong Ot Sriracha (17 oz),24463061163,17٫99,https://drive.google.com/uc?id=1L8Of_HrgEcUErSOZD4ilgc1wczqLxr9E,,,,,,,BP-GRO-17OZ-10530,Want Tuong Ot Sriracha (17 oz)? Available order online for $17.99. Available for immediate pickup.
Grocery,Personal Care,Carmex Classic Lip Balm Tube (0.35 oz),83078113148,4٫99,https://drive.google.com/uc?id=1SzJTWxDV0ckypoXPBPeCnhm6HIzZib3W,,,,,,,BP-GRO-0.35OZ-10531,Shop Carmex Classic Lip Balm Tube (0.35 oz) online – $4.99 with neighborhood liquor store. Outstanding quality guaranteed. Order now for same-day delivery.
Grocery,Personal Care,ChapStick Cherry,36600813719,2٫99,https://drive.google.com/uc?id=1c_D6nOW32RxfcyUsYEycg7_Jx_kd6kxk,,,,,,,BP-GRO-000-10532,Smart shoppers choose ChapStick Cherry – $2.99 for quality. Order now for next-hour delivery.
Grocery,Personal Care,ChapStick Lip Moisturizer,36600828010,3٫99,https://drive.google.com/uc?id=1luSVYgths9hmxIYEd-DBmm9qNVQZ1PW5,,,,,,,BP-GRO-000-10533,"Right-size portion: ChapStick Lip Moisturizer for $3.99. Remarkable quality, perfect quantity. Available quick delivery. Fast delivery to your neighborhood."
Grocery,Personal Care,ChapStick Strawberry,36600814013,2٫99,https://drive.google.com/uc?id=1iX1HNKBnWv2pOhSTcOfcUl5uLCXKnpDZ,,,,,,,BP-GRO-000-10534,Shop ChapStick Strawberry online – $2.99 with neighborhood liquor store. Outstanding quality guaranteed. Get it delivered to your door.
Grocery,Personal Care,Colgate Extra Clean Toothbrush,35000555007,3٫99,https://drive.google.com/uc?id=12lVtcYAsgsLxIHMoUeMSjdX2uKRVv6dB,,,,,,,BP-GRO-000-10535,Shop Colgate Extra Clean Toothbrush online – $3.99 with order online. Premium quality guaranteed. Shop online – pickup in-store today.
Grocery,Personal Care,Tampax Regular Tampons Cardboard Applicator 10 Count,73010214095,7٫99,https://drive.google.com/uc?id=18E2knndSa2OWtjMLmnt1mdGQAk4P7EGo,,,,,,,BP-GRO-000-10536,"Quality ingredients, proper process: Tampax Regular Tampons Cardboard Applicator 10 Count is $7.99. Premium results guaranteed. Shop online – pickup in-store today."
Grocery,Personal Care,Trojan Bareskin Latex Condoms - 3CT,22600957058,5٫99,https://drive.google.com/uc?id=1-Nvdl1RMVbTTEc6B49r2Xs3VgXR7C19y,,,,,,,BP-GRO-000-10537,"Quality ingredients, proper process: Trojan Bareskin Latex Condoms - 3CT is $5.99. Remarkable results guaranteed. Add to cart for fast local delivery."
Grocery,Personal Care,Trojan Fire & Ice Dual Action Lubricated Condoms 3 CT,22600960034,5٫99,https://drive.google.com/uc?id=1-Nvdl1RMVbTTEc6B49r2Xs3VgXR7C19y,,,,,,,BP-GRO-000-10538,"Quality ingredients, proper process: Trojan Fire & Ice Dual Action Lubricated Condoms 3 CT is $5.99. Exceptional results guaranteed. Buy online, enjoy tonight."
Grocery,Personal Care,Trojan Pleasure Pack Lubricated Latex Condoms 3ct,22600953210,5٫99,https://drive.google.com/uc?id=1-Nvdl1RMVbTTEc6B49r2Xs3VgXR7C19y,,,,,,,BP-GRO-000-10539,Trojan Pleasure Pack Lubricated Latex Condoms 3ct at $5.99. Exceptional through and through. Add to cart for fast local delivery.
Grocery,Personal Care,Trojan Stimulations Ultra Ribbed Lubricated Latex Condoms 3ct,22600940500,5٫99,https://drive.google.com/uc?id=1-Nvdl1RMVbTTEc6B49r2Xs3VgXR7C19y,,,,,,,BP-GRO-000-10540,Great value alert: Trojan Stimulations Ultra Ribbed Lubricated Latex Condoms 3ct for $5.99. In stock – order for delivery today.
Grocery,Personal Care,Trojan-Enz Lubricated Latex Condoms 3ct,22600930501,5٫99,https://drive.google.com/uc?id=1-Nvdl1RMVbTTEc6B49r2Xs3VgXR7C19y,,,,,,,BP-GRO-000-10541,Great value alert: Trojan-Enz Lubricated Latex Condoms 3ct for $5.99. Get it delivered to your door.
Grocery,Salty Snacks,Alien Fresh Road Kill Beef Jerky (3.25 oz),8.51807E+11,15٫99,https://drive.google.com/uc?id=1-qAY4KL3aolDYv7pkb24YS0Fq4Qa39BO,,,,,,,BP-GRO-3.25OZ-10542,Everyday enjoyment: Alien Fresh Road Kill Beef Jerky (3.25 oz) at $15.99. Get it delivered to your door.
Grocery,Salty Snacks,Cheetos Crunchy Flamin' Hot Limon (3.25 oz),28400329507,3٫99,https://drive.google.com/uc?id=1WusqNUMtkRoGSJVILC7d1MLTgYalVJaT,,,,,,,BP-GRO-3.25OZ-10543,"Right-size portion: Cheetos Crunchy Flamin' Hot Limon (3.25 oz) for $3.99. Premium quality, perfect quantity. Available same-day delivery. Buy online, enjoy tonight."
Grocery,Salty Snacks,Cheetos Crunchy Xxtra Flamin' Hot (3.25 oz),28400329460,3٫99,https://drive.google.com/uc?id=11HI6r_U6-ybKjviHp85HG_u5D55FAbDE,,,,,,,BP-GRO-3.25OZ-10544,Smart shoppers choose Cheetos Crunchy Xxtra Flamin' Hot (3.25 oz) – $3.99 for quality. Delivered fresh to your doorstep.
Grocery,Salty Snacks,Cheetos Flamin' Hot Limon (8.5 oz),28400590020,6٫99,https://drive.google.com/uc?id=1RVse6Y-SPzxpKi0OuX62lynRdb24OgfN,,,,,,,BP-GRO-8.5OZ-10545,Everyday enjoyment: Cheetos Flamin' Hot Limon (8.5 oz) at $6.99. Order now for next-hour delivery.
Grocery,Salty Snacks,Funyuns (6 oz),28400282048,2٫99,https://drive.google.com/uc?id=1Ts0BwIDSgja7nhO3qUvyosRqxGltpFPd,,,,,,,BP-GRO-6OZ-10546,"Smart shoppers choose Funyuns (6 oz) – $2.99 for quality. Buy online, enjoy tonight."
Grocery,Salty Snacks,Funyuns Onion Flavored Rings Flamin' Hot Flavored 2.125 ( oz),28400331609,3٫99,https://drive.google.com/uc?id=13ddKxEKeu2n5ILZ9ZQxmT1OJCTyBwdiC,,,,,,,BP-GRO-000-10547,"Funyuns Onion Flavored Rings Flamin' Hot Flavored 2.125 ( oz) represents exceptional quality at $3.99. Crafted with care, priced to share. Add to cart for fast local delivery."
Grocery,Salty Snacks,Island Snacks Japanese Peanuts (6 oz),40129200585,4٫99,https://drive.google.com/uc?id=1FQWWJnp7IiSHs01mPDyUaQw7tEkYqZcZ,,,,,,,BP-GRO-6OZ-10548,Weeknight winner: Island Snacks Japanese Peanuts (6 oz) at $4.99. Order online for curbside pickup.
Grocery,Salty Snacks,Nut Harvest Whole Cashews Sea Salted (2.25 oz),28400034227,3٫99,https://drive.google.com/uc?id=10WIgd2pV6kfp67keKZ-R5Luq29c0OjFf,,,,,,,BP-GRO-2.25OZ-10549,Bring this to any gathering: Nut Harvest Whole Cashews Sea Salted (2.25 oz) at $3.99. Get it delivered to your door.
Grocery,Salty Snacks,Sabritas Turbos Flamas Flavored Corn Snacks (4 oz),28400019354,3٫99,https://drive.google.com/uc?id=12Zgc4B4D38i6fVtSPvvq1jVXALfrr6vI,,,,,,,BP-GRO-4OZ-10550,Great value alert: Sabritas Turbos Flamas Flavored Corn Snacks (4 oz) for $3.99. Available for immediate pickup.
Grocery,Salty Snacks,Spitz Chili Lime Sunflower Seeds Bag (6 oz),28400094078,4٫99,https://drive.google.com/uc?id=1R2p0ByDvOXxm_OjimlF5eZvhBltcZ1NT,,,,,,,BP-GRO-6OZ-10551,"Popular choice: Spitz Chili Lime Sunflower Seeds Bag (6 oz) at $4.99. Buy online, enjoy tonight."
Grocery,Salty Snacks,Spitz Sunflower Seeds Cracked Pepper (6 oz),28400096720,3٫99,https://drive.google.com/uc?id=1YNFCKrdqzjYoQiGCUQbUUmetIVnsHHPS,,,,,,,BP-GRO-6OZ-10552,Great value alert: Spitz Sunflower Seeds Cracked Pepper (6 oz) for $3.99. Order online for curbside pickup.
Hard Seltzer,Hard Seltzer,High Noon Hard Seltzer Black Cherry Cans (355 ml x 4 ct),71990000141,3٫99,https://drive.google.com/uc?id=1-Nvdl1RMVbTTEc6B49r2Xs3VgXR7C19y,,,,,,,BP-HZE-355-10553,"High Noon Hard Seltzer Black Cherry Cans (355 ml x 4 ct) represents premium quality at $3.99. Crafted with care, priced to share. Order now for same-day delivery."
Hard Seltzer,Hard Seltzer,High Noon Hard Seltzer Peach Cans (355 ml x 4 ct),85000431054,8٫99,https://drive.google.com/uc?id=12VIkV90JYd9Le6_cbWJf9Zdx54Yin0Wu,,,,,,,BP-HZE-355-10554,"Quality ingredients, proper process: High Noon Hard Seltzer Peach Cans (355 ml x 4 ct) is $8.99. Remarkable results guaranteed. Buy now with free delivery over $50."
Hard Seltzer,Hard Seltzer,High Noon Hard Seltzer Pineapple Can (355 ml),34100012335,12٫99,https://drive.google.com/uc?id=1-Nvdl1RMVbTTEc6B49r2Xs3VgXR7C19y,,,,,,,BP-HZE-355-10555,Indulge in High Noon Hard Seltzer Pineapple Can (355 ml) for $12.99. Shop online – pickup in-store today.
Hard Seltzer,Hard Seltzer,High Noon Mango Hard Seltzer Cans (355 ml x 4x ct),8.59809E+11,14٫99,https://drive.google.com/uc?id=1CZsWE1uvHZQ5okanUKHfi80AzpdOQeLS,,,,,,,BP-HZE-355-10556,Stock up special: High Noon Mango Hard Seltzer Cans (355 ml x 4x ct) is just $14.99. Multiple units of remarkable quality. Available order online. Delivered fresh to your doorstep.
Hard Seltzer,Hard Seltzer,Truly Wild Berry Can (24 oz),87692006770,2٫99,https://drive.google.com/uc?id=12tLdqjXAdXA5aqW-eBtlX3RTPYBGv0Ow,,,,,,,BP-HZE-24OZ-10557,Great value alert: Truly Wild Berry Can (24 oz) for $2.99. Order online for curbside pickup.
Household,,Advil Liqui-Gels 200 mg Ibuprofen Capsules (20 ct),3.0573E+11,6٫99,https://drive.google.com/uc?id=1HKWPFAi-_6WjHIEmRaYR-SiSFg5bh9D7,,,,,,,BP-HOU-000-10558,Advil Liqui-Gels 200 mg Ibuprofen Capsules (20 ct) at $6.99. Premium quality throughout. Delivered fresh to your doorstep.
Household,,Banana Boat Sport Sunscreen Clear Spf 50 (8 oz),79656031867,14٫99,https://drive.google.com/uc?id=1-Nvdl1RMVbTTEc6B49r2Xs3VgXR7C19y,,,,,,,BP-HOU-8OZ-10559,Smart shoppers choose Banana Boat Sport Sunscreen Clear Spf 50 (8 oz) – $14.99 for quality. Order now for next-hour delivery.
Household,,Febreze Air Hawaiian Aloha Air Freshener (8.8 oz),37000962601,4٫99,https://drive.google.com/uc?id=1NWRHgVY2Ecq9edCsMBNXnMHeDGarQ06V,,,,,,,BP-HOU-8.8OZ-10560,"Great value alert: Febreze Air Hawaiian Aloha Air Freshener (8.8 oz) for $4.99. Buy online, enjoy tonight."
Household,,Kingsford Match Light Charcoal (4 lb),44600304854,8٫99,https://drive.google.com/uc?id=14RsaUDEIR1AJ8-jUn34iDSEdjdC5TeEk,,,,,,,BP-HOU-4L-10561,"Want Kingsford Match Light Charcoal (4 lb)? Available order online for $8.99. Buy online, enjoy tonight."
Household,,Panda Soft & Strong Toilet Paper (4 ct),1.83689E+11,5٫99,https://drive.google.com/uc?id=1-Nvdl1RMVbTTEc6B49r2Xs3VgXR7C19y,,,,,,,BP-HOU-000-10562,"Panda Soft & Strong Toilet Paper (4 ct) represents premium quality at $5.99. Crafted with care, priced to share. Shop online – pickup in-store today."
Liqueur,Liqueur,99 Coconuts (50 ml),89000993154,1٫99,https://drive.google.com/uc?id=13flXgWrS5pgA2HOXu643cAtyYFI0caG0,,,,,,,BP-LIQ-50-10563,99 Coconuts (50 ml) at $1.99. Quality through and through. Shop online – pickup in-store today.
Liqueur,Liqueur,99 Watermelons (50 ml),89000991044,1٫99,https://drive.google.com/uc?id=14H8tDuBiACiSGHXwzIWgkOTAXWa3HhFs,,,,,,,BP-LIQ-50-10564,"Quality ingredients, proper process: 99 Watermelons (50 ml) is $1.99. Outstanding results guaranteed. Shop online – pickup in-store today."
Liqueur,Liqueur,Aperol Aperitivo Liqueur (750 ml),7.21059E+11,41٫99,https://drive.google.com/uc?id=1D2VjJkic05bloYT2k-mf-OEFLa3tN-5v,,,,,,,BP-LIQ-750-10565,Standard bottle size: Aperol Aperitivo Liqueur (750 ml) is $41.99. Premium liqueur in classic format. Available local delivery available. Add to cart for fast local delivery.
Liqueur,Liqueur,Baileys Irish Cream (375 ml),86767210098,22٫99,https://drive.google.com/uc?id=17aTTT7VX22W2MoKl17SsLd5WXe9l4ApE,,,,,,,BP-LIQ-375-10566,"Right-size portion: Baileys Irish Cream (375 ml) for $22.99. Quality quality, perfect quantity. Available in your area. Buy online, enjoy tonight."
Liqueur,Liqueur,Baileys Irish Cream (50 ml),86767210128,4٫99,https://drive.google.com/uc?id=1Akb08JPiexAw9fUep7uv7M6t1gdoAqlL,,,,,,,BP-LIQ-50-10567,Baileys Irish Cream (50 ml) at $4.99. Remarkable through and through. Buy now with free delivery over $50.
Liqueur,Liqueur,Baileys Irish Cream (750 ml),86767210067,36٫99,https://drive.google.com/uc?id=1QA6AME43o8d1kLxodO0f2QcQpIz_bExK,,,,,,,BP-LIQ-750-10568,Standard bottle size: Baileys Irish Cream (750 ml) is $36.99. Quality liqueur in classic format. Available near you. In stock – order for delivery today.
Liqueur,Liqueur,Cointreau (50 ml),87236565305,3٫99,https://drive.google.com/uc?id=1860NafVD7FI-8ufR_6lHpWW7AZthH0Lk,,,,,,,BP-LIQ-50-10569,Shop Cointreau (50 ml) online – $3.99 with neighborhood liquor store. Remarkable quality guaranteed. Delivered fresh to your doorstep.
Liqueur,Liqueur,Cointreau (750 ml),87236565107,55٫99,https://drive.google.com/uc?id=1EhB5oROyDy6JbA7iJCz159y_hxKc4pM3,,,,,,,BP-LIQ-750-10570,Anytime refreshment: Cointreau (750 ml) at $55.99. Shop online – pickup in-store today.
Liqueur,Liqueur,Cointreau Orange Liqueur (375 ml),87236565206,24٫99,https://drive.google.com/uc?id=14j-ZTUcrLk-ieSPnEhWz89Sz1VzP_3qC,,,,,,,BP-LIQ-375-10571,Indulge in Cointreau Orange Liqueur (375 ml) for $24.99. Add to cart for fast local delivery.
Liqueur,Liqueur,Disaronno Originale Amaretto (50 ml),50037014549,4٫99,https://drive.google.com/uc?id=1wL1X3T-8Aez-BvU4i-N3vYGBazKc2ieu,,,,,,,BP-LIQ-50-10572,"Quality ingredients, proper process: Disaronno Originale Amaretto (50 ml) is $4.99. Remarkable results guaranteed. In stock – order for delivery today."
Liqueur,Liqueur,Fernet Branca Liqueur Bottle (750 ml),84105307509,44٫99,https://drive.google.com/uc?id=18R6x-tVuOuMBV5ZAUkm4b6SfMFkZDD0v,,,,,,,BP-LIQ-750-10573,"Fernet Branca Liqueur Bottle (750 ml) at $44.99. Remarkable quality throughout. Buy online, enjoy tonight."
Liqueur,Liqueur,Fireball Cinnamon Whisky (750 ml),88004146689,21٫99,https://drive.google.com/uc?id=1TF_vJhe8mzlFHYY08kStLHDEFvBBC1Gk,,,,,,,BP-LIQ-750-10574,"Fireball Cinnamon Whisky (750 ml) represents remarkable quality at $21.99. Crafted with care, priced to share. Shop online – pickup in-store today."
Liqueur,Liqueur,Jack Daniels Tennessee Fire (750 ml),82184202777,24٫99,https://drive.google.com/uc?id=1e7eHQ7AfRQkrcufhHh_h1G8H_QjsTgbf,,,,,,,BP-LIQ-750-10575,Standard bottle size: Jack Daniels Tennessee Fire (750 ml) is $24.99. Quality liqueur in classic format. Available neighborhood liquor store. Buy now with free delivery over $50.
Liqueur,Liqueur,Jack Daniels Tennessee Honey (375 ml),82184000342,15٫99,https://drive.google.com/uc?id=106MghW05ucGKVw8T5mLSaOfKBG7EAI85,,,,,,,BP-LIQ-375-10576,Want Jack Daniels Tennessee Honey (375 ml)? Available order online for $15.99. Available for immediate pickup.
Liqueur,Liqueur,Jack Daniels Tennessee Honey (50 ml),82184000359,3٫99,https://drive.google.com/uc?id=1Fxkjc9GJFVypKTf44WTBkcL7U2RUcCNI,,,,,,,BP-LIQ-50-10577,Want Jack Daniels Tennessee Honey (50 ml)? Available local delivery available for $3.99. Delivered fresh to your doorstep.
Liqueur,Liqueur,Jack Daniels Tennessee Honey (750 ml),82184000335,27٫99,https://drive.google.com/uc?id=17BdlZ73tx7hJLCErEoL2wJlNX3bjfv0W,,,,,,,BP-LIQ-750-10578,"Jack Daniels Tennessee Honey (750 ml) at $27.99. Quality through and through. Buy online, enjoy tonight."
Liqueur,Liqueur,Jagermeister (200 ml),83089660402,8٫99,https://drive.google.com/uc?id=17GC8jp0xFDSMz9pZ2nZ33-wimbsQKonm,,,,,,,BP-LIQ-200-10579,Great value alert: Jagermeister (200 ml) for $8.99. In stock – order for delivery today.
Liqueur,Liqueur,Jagermeister (375 ml),83089660358,16٫99,https://drive.google.com/uc?id=1J8CThpstWi9HYzW-cL1ne4SEmueIQA-i,,,,,,,BP-LIQ-375-10580,Smart shoppers choose Jagermeister (375 ml) – $16.99 for quality. Shop online – pickup in-store today.
Liqueur,Liqueur,Jagermeister (50 ml),83089660105,4٫99,https://drive.google.com/uc?id=1HsQVgh9HaXy615uCzQJyaASlfTR0xYP_,,,,,,,BP-LIQ-50-10581,Customer favorite: Jagermeister (50 ml) at $4.99. Order now for same-day delivery.
Liqueur,Liqueur,Jagermeister (750 ml),83089524001,30٫99,https://drive.google.com/uc?id=1EL6w9mEEwVREO7YJu1WsxtUqNdGkw-DV,,,,,,,BP-LIQ-750-10582,Shop Jagermeister (750 ml) online – $30.99 with same-day delivery. Quality quality guaranteed. Order now for next-hour delivery.
Liqueur,Liqueur,Kahlua (375 ml),89540145631,17٫99,https://drive.google.com/uc?id=1P-QxPHvQNu-eey8Yb7m55Seo8HNn9us4,,,,,,,BP-LIQ-375-10583,Popular choice: Kahlua (375 ml) at $17.99. Buy now with free delivery over $50.
Liqueur,Liqueur,Martini & Rossi Dry Vermouth (750 ml),11034420054,14٫99,https://drive.google.com/uc?id=1UPrkSeZx90t3Ji4xeSyfW6StNGVdfwIv,,,,,,,BP-LIQ-750-10584,"Quality ingredients, proper process: Martini & Rossi Dry Vermouth (750 ml) is $14.99. Remarkable results guaranteed. Buy now with free delivery over $50."
Liqueur,Liqueur,Martini & Rossi Sweet Vermouth (750 ml),11034410055,16٫99,https://drive.google.com/uc?id=1mApGVCFC51SpLVA5q4hduW23fX-6ZJWj,,,,,,,BP-LIQ-750-10585,Gift-worthy: Martini & Rossi Sweet Vermouth (750 ml) at $16.99. Add to cart for fast local delivery.
Liqueur,Liqueur,Rum Chata (50 ml),8.90355E+11,2٫99,https://drive.google.com/uc?id=1avojq1N9yq6DxxfEiA6THQs_yfqtKigT,,,,,,,BP-LIQ-50-10586,"Right-size portion: Rum Chata (50 ml) for $2.99. Exceptional quality, perfect quantity. Available same-day delivery. Buy online, enjoy tonight."
Liqueur,Liqueur,Rumple Minze (50 ml),86767520227,4٫99,https://drive.google.com/uc?id=1vM3ijTVd9o6UGvoqDrIpNXKEm6P54bm_,,,,,,,BP-LIQ-50-10587,Rumple Minze (50 ml) at $4.99. Quality quality throughout. Delivered fresh to your doorstep.
Liqueur,Liqueur,Rumple Minze (750 ml),86767520067,31٫99,https://drive.google.com/uc?id=1LejZ7DPp4Jk0WBd2yvIMNNktIPlJ-LKC,,,,,,,BP-LIQ-750-10588,Popular choice: Rumple Minze (750 ml) at $31.99. Order now for same-day delivery.
Liqueur,Other Liqueurs,Fernet Branca (375 ml),84105307523,20٫99,https://drive.google.com/uc?id=1amLt8ZzksDm6KUTc3z4Rdn5X1Ac6Ts4I,,,,,,,BP-LIQ-375-10589,Smart shoppers choose Fernet Branca (375 ml) – $20.99 for quality. Buy now with free delivery over $50.
Medicine,,Aleve Naproxen Sodium Pain Reliever Tablets (24 ct),3.25866E+11,6٫99,https://drive.google.com/uc?id=1-Nvdl1RMVbTTEc6B49r2Xs3VgXR7C19y,,,,,,,BP-MED-000-10590,Local bestseller: Aleve Naproxen Sodium Pain Reliever Tablets (24 ct) at $6.99. Order now for next-hour delivery.
Mixers,Bar Mixers,Jose Cuervo Authentic Lime Margarita Light (1.75 L),8.11538E+11,20٫99,https://drive.google.com/uc?id=1Va8MZHeNNFG0RVa-rr3Sebp-Q8bfJkiY,,,,,,,BP-MIX-1.75L-10591,Party-ready: Jose Cuervo Authentic Lime Margarita Light (1.75 L) at $20.99. Order online for curbside pickup.
Mixers,Mixers & Ice,Angostura Bitters (4 oz),75496000407,16٫99,https://drive.google.com/uc?id=11-btcBB9iaaNfQBV2zO2Uu2M4PtYivIR,,,,,,,BP-MIX-4OZ-10592,Local bestseller: Angostura Bitters (4 oz) at $16.99. Buy now with free delivery over $50.
Mixers,Mixers & Ice,Calypso Lemonade Ocean Blue Bottle (16 oz),79581995241,2٫99,https://drive.google.com/uc?id=1dxataDaTsC3lBChtIWK4NhdCxMPVY7e_,,,,,,,BP-MIX-16OZ-10593,Smart shoppers choose Calypso Lemonade Ocean Blue Bottle (16 oz) – $2.99 for quality. Buy now with free delivery over $50.
Mixers,Mixers & Ice,Canada Dry Club Soda (1l),78000146455,3٫99,https://drive.google.com/uc?id=1LvQrzeav7gwxMi4LjRWPAoLwJb95xI2x,,,,,,,BP-MIX-1L-10594,"Right-size portion: Canada Dry Club Soda (1l) for $3.99. Quality quality, perfect quantity. Available order online. Get it delivered to your door."
Mixers,Mixers & Ice,Canada Dry Diet Tonic Water (1L),78000149456,3٫99,https://drive.google.com/uc?id=1DkRlXekmYevU1a_sS4eUDp73UMeALyIx,,,,,,,BP-MIX-1L-10595,"Quality ingredients, proper process: Canada Dry Diet Tonic Water (1L) is $3.99. Outstanding results guaranteed. Shop online – pickup in-store today."
Mixers,Mixers & Ice,Clamato Original Tomato Cocktail (16 oz),14800511758,3٫99,https://drive.google.com/uc?id=15--YbA6Lv5PAmyl3ue64RYtPQGG1ud2D,,,,,,,BP-MIX-16OZ-10596,Clamato Original Tomato Cocktail (16 oz) at $3.99. Quality quality throughout. Order now for next-hour delivery.
Mixers,Mixers & Ice,Clamato Picante (16 oz),14800512748,3٫99,https://drive.google.com/uc?id=1UdOs3N6Dd2rj7y0sJ3un3cRp_yA6aKSg,,,,,,,BP-MIX-16OZ-10597,Clamato Picante (16 oz) at $3.99. Premium quality throughout. Order now for next-hour delivery.
Mixers,Mixers & Ice,Clamato Picante Tomato Cocktail (),14800512755,5٫99,https://drive.google.com/uc?id=1WrKR6_mrtw7ehhJrozTTqygJzF4KT704,,,,,,,BP-MIX-000-10598,"Clamato Picante Tomato Cocktail () represents premium quality at $5.99. Crafted with care, priced to share. Shop online – pickup in-store today."
Mixers,Mixers & Ice,Jose Cuervo Margarita Mix Bottles (1 L),8.11538E+11,9٫99,https://drive.google.com/uc?id=18ivRlfDLbYJkB2Ao9TfnwKtic3xYj9Ap,,,,,,,BP-MIX-1L-10599,Want Jose Cuervo Margarita Mix Bottles (1 L)? Available neighborhood liquor store for $9.99. Delivered fresh to your doorstep.
Mixers,Mixers & Ice,Jose Cuervo Margarita Mix Bottles (1.75 L),8.11538E+11,10٫99,https://drive.google.com/uc?id=1DEbUblmPv5uL_qrZ7uYGQySBMwBTrzQX,,,,,,,BP-MIX-1.75L-10600,Smart shoppers choose Jose Cuervo Margarita Mix Bottles (1.75 L) – $10.99 for quality. Order online for curbside pickup.
Mixers,Mixers & Ice,Jose Cuervo Margarita Salt (177g),76381123454,6٫99,https://drive.google.com/uc?id=1unBRFaPsHV_1xyhJEhvVQMnthrPFT3X4,,,,,,,BP-MIX-000-10601,Shop Jose Cuervo Margarita Salt (177g) online – $6.99 with quick delivery. Outstanding quality guaranteed. Add to cart for fast local delivery.
Mixers,Mixers & Ice,Luxardo Maraschino Cherries 400g Jar,1.87229E+11,33٫99,https://drive.google.com/uc?id=1pJno3CFUrALKc1kpbkWiq-2xu4ykjGWh,,,,,,,BP-MIX-000-10602,Stock up special: Luxardo Maraschino Cherries 400g Jar is just $33.99. Multiple units of premium quality. Available local delivery available. Order now for same-day delivery.
Mixers,Mixers & Ice,Michelada Antojitos Drink Mix (24 oz),7.93573E+11,3٫99,https://drive.google.com/uc?id=1l0HMMnCvK5W19yvlsnTtidEFQ3KERl8w,,,,,,,BP-MIX-24OZ-10603,Michelada Antojitos Drink Mix (24 oz) at $3.99. Exceptional through and through. Buy now with free delivery over $50.
Mixers,Mixers & Ice,Powell & Mahoney Simple Syrup Bottles (375 ml),8.98406E+11,10٫99,https://drive.google.com/uc?id=1Bdm2CgH27_0MESrLVeZvegkfqi7pgczr,,,,,,,BP-MIX-375-10604,Bring to the party Powell & Mahoney Simple Syrup Bottles (375 ml) for $10.99. Get it delivered to your door.
Mixers,Mixers & Ice,Schweppes Tonic Bottles (1 L),78000218459,3٫99,https://drive.google.com/uc?id=1OmF-8emrr-qo_2x9eo9qMIMExhL3dA9P,,,,,,,BP-MIX-1L-10605,Want Schweppes Tonic Bottles (1 L)? Available neighborhood liquor store for $3.99. Get it delivered to your door.
Mixers,Mixers & Ice,Tres Agaves Bloody Maria Mix Bottles (1 L),8.54125E+11,13٫99,https://drive.google.com/uc?id=1VZgKqY4w3tuxI4EArbCj2PfZnXHlXdMb,,,,,,,BP-MIX-1L-10606,"Quality ingredients, proper process: Tres Agaves Bloody Maria Mix Bottles (1 L) is $13.99. Outstanding results guaranteed. Order now for next-hour delivery."
Mixers,Mixers & Ice,Tres Agaves Margarita Mix - Organic (1L),8.54125E+11,13٫99,https://drive.google.com/uc?id=1KTxLxP9U6V2UQjsH-VJYIYA30N1CWYt4,,,,,,,BP-MIX-1L-10607,Smart shoppers choose Tres Agaves Margarita Mix - Organic (1L) – $13.99 for quality. Available for immediate pickup.
Pantry,Baking,Sweet 'N Low Sweetener (1.75 oz),44800001027,3٫99,,,,,,,,BP-PAN-1.75OZ-10608,"Sweet 'N Low Sweetener (1.75 oz) represents exceptional quality at $3.99. Crafted with care, priced to share. Add to cart for fast local delivery."
Pantry,Canned Pasta,Kraft Original Macaroni & Cheese Dinner Box (7.25 oz),21000658831,2٫99,https://drive.google.com/uc?id=11DL9BGcCCneaUCt0fujiL7vfcjzCg8il,,,,,,,BP-PAN-7.25OZ-10609,"Quality ingredients, proper process: Kraft Original Macaroni & Cheese Dinner Box (7.25 oz) is $2.99. Exceptional results guaranteed. Fast delivery to your neighborhood."
Pantry,Canned Veggies,Del Monte Fresh Cut Whole Kernel Corn (15.3 oz),24000163022,2٫99,https://drive.google.com/uc?id=18olVyMPoL4TGypwpJKcE1-HeKehzhuG8,,,,,,,BP-PAN-15.3OZ-10610,Local bestseller: Del Monte Fresh Cut Whole Kernel Corn (15.3 oz) at $2.99. Delivered fresh to your doorstep.
Pantry,Coffee,Nescafe Clasico Dark Roast Instant Coffee (12 oz),28000466312,6٫99,,,,,,,,BP-PAN-12OZ-10611,Everyday enjoyment: Nescafe Clasico Dark Roast Instant Coffee (12 oz) at $6.99. Order online for curbside pickup.
Pantry,Condiments,Best Foods Real Mayonnaise (15 oz),48001213517,6٫99,https://drive.google.com/uc?id=1P9XrV6eCxMh1-xM2Ofhl-eWrlu_8lG9b,,,,,,,BP-PAN-15OZ-10612,Indulge in Best Foods Real Mayonnaise (15 oz) for $6.99. Get it delivered to your door.
Pantry,Condiments,Hunt's Tomato Ketchup (20 oz),27000382493,2٫99,https://drive.google.com/uc?id=171hLD1uLxirG835lGUrC7QZFAzWabHEq,,,,,,,BP-PAN-20OZ-10613,Hunt's Tomato Ketchup (20 oz) at $2.99. Quality quality throughout. Add to cart for fast local delivery.
Pantry,Condiments,ReaLemon Lemon Juice Bottle (8 oz),14800582239,2٫99,https://drive.google.com/uc?id=1ADtLTf-MYhIvYUQVt5cMVr5Yc25p-wK5,,,,,,,BP-PAN-8OZ-10614,"Quality ingredients, proper process: ReaLemon Lemon Juice Bottle (8 oz) is $2.99. Premium results guaranteed. Fast delivery to your neighborhood."
Pantry,Dressing,Wish-Bone Ranch Dressing (12 oz),41321005756,6٫99,https://drive.google.com/uc?id=13LAlYRoiqONBJvHt2GHSzSpOjRfX3y2Q,,,,,,,BP-PAN-12OZ-10615,"Bring to the party Wish-Bone Ranch Dressing (12 oz) for $6.99. Buy online, enjoy tonight."
Pantry,Pickles,Van Holten's Big Papa Hearty Dill Pickle (2 oz),38200000902,2٫99,https://drive.google.com/uc?id=1-Nvdl1RMVbTTEc6B49r2Xs3VgXR7C19y,,,,,,,BP-PAN-2OZ-10616,Van Holten's Big Papa Hearty Dill Pickle (2 oz) at $2.99. Remarkable quality throughout. Get it delivered to your door.
Pantry,Rice,Mahatma Extra Long Grain Enriched Rice (16 oz),17400106751,7٫99,,,,,,,,BP-PAN-16OZ-10617,"Mahatma Extra Long Grain Enriched Rice (16 oz) at $7.99. Outstanding quality throughout. Buy online, enjoy tonight."
Pantry,Sauces,El Yucateco Red Chile Habanero Hot Sauce (4 oz),8.16493E+11,3٫99,https://drive.google.com/uc?id=1-Nvdl1RMVbTTEc6B49r2Xs3VgXR7C19y,,,,,,,BP-PAN-4OZ-10618,El Yucateco Red Chile Habanero Hot Sauce (4 oz) at $3.99. Exceptional through and through. Add to cart for fast local delivery.
Pantry,Soup,Campbell's Condensed Chicken Noodle Soup (10.8 oz),51000012517,2٫99,https://drive.google.com/uc?id=1VSGZu9SsC3bM6Y1E2wENB75pU-uIOklu,,,,,,,BP-PAN-10.8OZ-10619,Shop Campbell's Condensed Chicken Noodle Soup (10.8 oz) online – $2.99 with in your area. Remarkable quality guaranteed. Get it delivered to your door.
Pantry,Soup,Maruchan Chicken Flavor Ramen Noodles (3 oz),41789002113,1٫99,https://drive.google.com/uc?id=1iw4i6oDGHLwFjp-H9ptaHSocThujOzY_,,,,,,,BP-PAN-3OZ-10620,Weeknight winner: Maruchan Chicken Flavor Ramen Noodles (3 oz) at $1.99. Order now for next-hour delivery.
Pantry,Soup,Nissin Cup Noodles with Shrimp (2.25 oz),70662030028,1٫99,https://drive.google.com/uc?id=1Y5MjBdVEntGGkju-i4ykZHPW1uB3txor,,,,,,,BP-PAN-2.25OZ-10621,Bring to the party Nissin Cup Noodles with Shrimp (2.25 oz) for $1.99. In stock – order for delivery today.
Pantry,Soup,Nongshim Bowl Noodle Soup Hot & Spicy (3 oz),31146250103,3٫99,https://drive.google.com/uc?id=1-Nvdl1RMVbTTEc6B49r2Xs3VgXR7C19y,,,,,,,BP-PAN-3OZ-10622,Smart shoppers choose Nongshim Bowl Noodle Soup Hot & Spicy (3 oz) – $3.99 for quality. Delivered fresh to your doorstep.
Pantry,Soup,Nongshim Bowl Noodle Soup Spicy Chicken (3 oz),31146262571,2٫99,https://drive.google.com/uc?id=1-Nvdl1RMVbTTEc6B49r2Xs3VgXR7C19y,,,,,,,BP-PAN-3OZ-10623,"Highly rated: Nongshim Bowl Noodle Soup Spicy Chicken (3 oz) at $2.99. Buy online, enjoy tonight."
Pantry,Soup,Nongshim Shin Ramyun Spicy Beef Ramen Noodle Soup (3.03 oz),31146150601,2٫99,https://drive.google.com/uc?id=1-Nvdl1RMVbTTEc6B49r2Xs3VgXR7C19y,,,,,,,BP-PAN-3.03OZ-10624,"Quality ingredients, proper process: Nongshim Shin Ramyun Spicy Beef Ramen Noodle Soup (3.03 oz) is $2.99. Quality results guaranteed. Get it delivered to your door."
Pantry,Spreads,Skippy Creamy Peanut Butter Jar (16.3 oz),37600110754,6٫99,https://drive.google.com/uc?id=13xZ1d5OkXXWp-XP2LKuDRLH3jR_i60D2,,,,,,,BP-PAN-16.3OZ-10625,Shop Skippy Creamy Peanut Butter Jar (16.3 oz) online – $6.99 with in your area. Exceptional quality guaranteed. Shop online – pickup in-store today.
Personal Care,Deodorant,Listerine Cool Mint Adult Mouthwash Plastic Bottle (3.2 oz),3.12547E+11,3٫99,https://drive.google.com/uc?id=1A1kkqqOa9s0oGHiIDQkET1aaVVJBCwB4,,,,,,,BP-PER-3.2OZ-10626,Stock up on Listerine Cool Mint Adult Mouthwash Plastic Bottle (3.2 oz) for $3.99. Order now for same-day delivery.
Personal Care,Oral Health,Colgate Cavity Protection Fluoride Toothpaste (2.5 oz),35000511058,3٫99,https://drive.google.com/uc?id=1-Nvdl1RMVbTTEc6B49r2Xs3VgXR7C19y,,,,,,,BP-PER-2.5OZ-10627,Smart shoppers choose Colgate Cavity Protection Fluoride Toothpaste (2.5 oz) – $3.99 for quality. Order now for next-hour delivery.
Rum,Flavored Rum,Capt Morgan Spiced Rum (1.75 L),87000201156,33٫99,https://drive.google.com/uc?id=1-jH0znvm33TI5Jze0cZrAJ7uQNtuV-g2,,,,,,,BP-RUM-1.75L-10628,Bring to the party Capt Morgan Spiced Rum (1.75 L) at $33.99. This smooth spirit is a mixology staple. Order online for curbside pickup.
Rum,Flavored Rum,Captain Morgan Original Spiced Rum (375 ml),87000002715,21٫99,https://drive.google.com/uc?id=1CGpUpzElSqOjQsI7aEeR61vj6RtrnSQT,,,,,,,BP-RUM-375-10629,"Captain Morgan Original Spiced Rum (375 ml) represents mature quality at $21.99. Crafted with care, priced to share. Add to cart for fast local delivery."
Rum,Flavored Rum,Kraken Black Spiced Rum (750 ml),8.11538E+11,27٫99,https://drive.google.com/uc?id=1So8r83bReka2pntwxY3Jdr29jXNSqZ0_,,,,,,,BP-RUM-750-10630,"Shop Kraken Black Spiced Rum (750 ml) online – $27.99 with neighborhood liquor store. Rich spirit, unbeatable price. Add to cart for fast local delivery."
Rum,Flavored Rum,Malibu Caribbean Rum with Coconut Liqueur (375 ml),89540449036,12٫99,https://drive.google.com/uc?id=1dLOOhTkZw5J4_5HnSPg08z43JupePGEy,,,,,,,BP-RUM-375-10631,"Shop Malibu Caribbean Rum with Coconut Liqueur (375 ml) online – $12.99 with quick delivery. Mature spirit, unbeatable price. Get it delivered to your door."
Rum,Flavored Rum,Sailor Jerry Spiced Rum (50 ml),83664869619,3٫99,https://drive.google.com/uc?id=130LoEZu1RuuD8TALwT02ECxFOvdUB7lf,,,,,,,BP-RUM-50-10632,Stock up on Sailor Jerry Spiced Rum (50 ml) at $3.99. This nuanced spirit is a neat sipper. Add to cart for fast local delivery.
Rum,Rum,Bacardi Gold (200 ml),80480025700,6٫99,https://drive.google.com/uc?id=10dDfF-4MIg_kfA8ElOjb5u9YzDdQrpBn,,,,,,,BP-RUM-200-10633,Smart shoppers choose Bacardi Gold (200 ml) – $6.99 for quality. Order online for curbside pickup.
Rum,Rum,Bacardi Superior (375 ml),80480015602,11٫99,https://drive.google.com/uc?id=1GhChbrKldF01m9yLaRcR-pwOXo8-ozKD,,,,,,,BP-RUM-375-10634,"Bacardi Superior (375 ml) represents smooth quality at $11.99. Crafted with care, priced to share. Get it delivered to your door."
Rum,Rum,Bacardi Superior (50 ml),80480016210,1٫99,https://drive.google.com/uc?id=1TmIX16ieOlTd4uSGk86jgRHjcrR4iVjg,,,,,,,BP-RUM-50-10635,Bacardi Superior (50 ml) at $1.99. Nuanced through and through. In stock – order for delivery today.
Rum,Rum,Capt Morgan White Rum (750 ml),82000766827,20٫99,https://drive.google.com/uc?id=1HbDy_gQ1cfrYFUKO6WtN5qVfUaY8DAOC,,,,,,,BP-RUM-750-10636,Capt Morgan White Rum (750 ml) at $20.99. Sophisticated quality throughout. Fast delivery to your neighborhood.
Rum,Rum,Flor De Cana Gold Label Rum (750 ml),26964177190,13٫99,https://drive.google.com/uc?id=1wK2eFJLF_Gzx6_mUVl-cEEXQcTa3B72x,,,,,,,BP-RUM-750-10637,Experience Flor De Cana Gold Label Rum (750 ml) at $13.99. This rich spirit is a rocks glass hero. Buy now with free delivery over $50.
Rum,Rum,Mount Gay Eclipse (750 ml),87236950033,27٫99,https://drive.google.com/uc?id=1YkEgKoJ_eiob-B2cmyL834wsiC5-awVb,,,,,,,BP-RUM-750-10638,Premium rum doesn't mean premium prices – Mount Gay Eclipse (750 ml) is $27.99. Mellow character included. Order now for next-hour delivery.
Seltzers & More,Hard Lemonade & Tea,Twisted Tea Pineapple Hard Iced Tea (24 oz),87692832317,5٫99,https://drive.google.com/uc?id=1PVzhN1o7tLqCyNmnnteIVfjqPe-D7YZn,,,,,,,BP-SEL-24OZ-10639,Twisted Tea Pineapple Hard Iced Tea (24 oz) at $5.99. Outstanding quality throughout. In stock – order for delivery today.
Seltzers & More,Hard Seltzer,High Noon Pineapple Vodka Hard Seltzer Can (700 ml),85000429266,13٫99,https://drive.google.com/uc?id=1948X8D075K4tSDNtG_ppKPFCC5-MWwqQ,,,,,,,BP-SEL-700-10640,High Noon Pineapple Vodka Hard Seltzer Can (700 ml) at $13.99. Remarkable through and through. Shop online – pickup in-store today.
Seltzers & More,Hard Seltzer,White Claw Hard Seltzer Black Cherry Can (12 oz),6.35985E+11,27٫99,https://drive.google.com/uc?id=16VFHKhHo2J1O1oJ4_42F6Pqc5nFtR_pT,,,,,,,BP-SEL-12OZ-10641,"Quality ingredients, proper process: White Claw Hard Seltzer Black Cherry Can (12 oz) is $27.99. Remarkable results guaranteed. Available for immediate pickup."
Seltzers & More,Hard Seltzer,White Claw Mango Hard Seltzer Can (19.2 oz),6.35985E+11,4٫99,https://drive.google.com/uc?id=1YZli35Fm7fLwDAdqgN_BBNSDzPmyvq0b,,,,,,,BP-SEL-19.2OZ-10642,Great value alert: White Claw Mango Hard Seltzer Can (19.2 oz) for $4.99. Shop online – pickup in-store today.
Seltzers & More,Hard Seltzer,White Claw Surf Variety Pack Hard Seltzer Cans (12 fl oz x 12 ct),6.35986E+11,26٫99,https://drive.google.com/uc?id=1nKttH2LBqaKwmSpFXcaCw79CD4klm5MF,,,,,,,BP-SEL-000-10643,Anytime refreshment: White Claw Surf Variety Pack Hard Seltzer Cans (12 fl oz x 12 ct) at $26.99. Order online for curbside pickup.
Seltzers & More,Hard Soda,Jarritos Mandarin Cantaritos Hard Soda Can (25 oz),18200263941,5٫99,https://drive.google.com/uc?id=1-Nvdl1RMVbTTEc6B49r2Xs3VgXR7C19y,,,,,,,BP-SEL-25OZ-10644,"Jarritos Mandarin Cantaritos Hard Soda Can (25 oz) represents quality quality at $5.99. Crafted with care, priced to share. Order now for next-hour delivery."
Seltzers & More,RTD Cocktails,Crown Royal Whisky RTD Cocktail Lemonade Cans (12 oz x 4 ct),82000798651,15٫99,https://drive.google.com/uc?id=1GEzLlCskgfHQp4vRxLlOV3zKxwBSvSm2,,,,,,,BP-SEL-12OZ-10645,Want Crown Royal Whisky RTD Cocktail Lemonade Cans (12 oz x 4 ct)? Available same-day delivery for $15.99. In stock – order for delivery today.
Snacks,Cheese Puffs,Cheetos Flamin' Hot (8.5 oz),28400589895,6٫99,https://drive.google.com/uc?id=1xNpQKwAE6nbUEYqZ8QZWn7JGJnNu5ISc,,,,,,,BP-SNA-8.5OZ-10646,Smart shoppers choose Cheetos Flamin' Hot (8.5 oz) – $6.99 for quality. Order now for same-day delivery.
Snacks,Chips,Doritos Nacho Cheese (9.25 oz),28400516464,7٫99,https://drive.google.com/uc?id=1t4OX2kCGoKJgl52en9LXo4jlFnPhCywU,,,,,,,BP-SNA-9.25OZ-10647,Doritos Nacho Cheese (9.25 oz) at $7.99. Premium quality throughout. Delivered fresh to your doorstep.
Snacks,Chips,Have'a Corn Chips (4 oz),39675777771,5٫99,https://drive.google.com/uc?id=1-Nvdl1RMVbTTEc6B49r2Xs3VgXR7C19y,,,,,,,BP-SNA-4OZ-10648,Gift-worthy: Have'a Corn Chips (4 oz) at $5.99. Order online for curbside pickup.
Snacks,Chips,Kettle Brand Krinkle Cut Salt & Fresh Ground Pepper Potato Chips (2 oz),84114032607,3٫99,https://drive.google.com/uc?id=1yUKe8iSFut1gTGQk7n6v0t2CXkcNQQ6b,,,,,,,BP-SNA-2OZ-10649,Experience Kettle Brand Krinkle Cut Salt & Fresh Ground Pepper Potato Chips (2 oz) for $3.99. Order now for same-day delivery.
Snacks,Chips,Lay's Baked Original Potato Chips (1.88 oz),28400183826,5٫99,https://drive.google.com/uc?id=1CgHRiRT0PqsJFz9IJWu6X9zie--yivD4,,,,,,,BP-SNA-1.88OZ-10650,Lay's Baked Original Potato Chips (1.88 oz) at $5.99. Outstanding through and through. Order online for curbside pickup.
Snacks,Chips,Lay's Chile Limon Potato Chips (7.75 oz),28400201322,5٫99,https://drive.google.com/uc?id=1RZuYZ9qHeVaMEt0Dqbj8pdoYj-JtgLGJ,,,,,,,BP-SNA-7.75OZ-10651,"Lay's Chile Limon Potato Chips (7.75 oz) represents exceptional quality at $5.99. Crafted with care, priced to share. In stock – order for delivery today."
Snacks,Chips,Lay's Salt & Vinegar Flavored Potato Chips (3 oz),28400200608,5٫99,https://drive.google.com/uc?id=1WVybTZ4i0BnInBuWIXhaWMsStsQ8lrwZ,,,,,,,BP-SNA-3OZ-10652,Want Lay's Salt & Vinegar Flavored Potato Chips (3 oz)? Available near you for $5.99. Order now for next-hour delivery.
Snacks,Chips,Popcorners Gluten Free Popped Corn Chips Kettle (3 oz),8.10607E+11,3٫99,https://drive.google.com/uc?id=17grJcwdpvrycYDOyikLrVMSmEf-5S4s3,,,,,,,BP-SNA-3OZ-10653,Popcorners Gluten Free Popped Corn Chips Kettle (3 oz) at $3.99. Outstanding through and through. Available for immediate pickup.
Snacks,Chips,Pringles BBQ Potato Chips (1.4 oz),38000138546,2٫99,https://drive.google.com/uc?id=14FGrWYknJ1yvvv_S-VBF4p8Eq8PkhHYd,,,,,,,BP-SNA-1.4OZ-10654,"Right-size portion: Pringles BBQ Potato Chips (1.4 oz) for $2.99. Remarkable quality, perfect quantity. Available order online. Order online for curbside pickup."
Snacks,Chips,Pringles Ranch Potato Chips (5.2 oz),38000138720,4٫99,https://drive.google.com/uc?id=1XDEYD4ILHOh0zA8kNFosri_yV8Ps_b2S,,,,,,,BP-SNA-5.2OZ-10655,"Experience Pringles Ranch Potato Chips (5.2 oz) for $4.99. Buy online, enjoy tonight."
Snacks,Chips,Ruffles Original Potato Chips (8.5 oz),28400516686,6٫99,https://drive.google.com/uc?id=1XFtqzniKzkCFJtzZ-nCHD5119tw89PwD,,,,,,,BP-SNA-8.5OZ-10656,Smart shoppers choose Ruffles Original Potato Chips (8.5 oz) – $6.99 for quality. Available for immediate pickup.
Snacks,Chips,Tostitos Hint of Lime Tortilla Chips (13 oz),28400064040,4٫99,https://drive.google.com/uc?id=1iQPHbKLCKlng4v6sG8cBL4s_PvBFZsmt,,,,,,,BP-SNA-13OZ-10657,Everyday enjoyment: Tostitos Hint of Lime Tortilla Chips (13 oz) at $4.99. Add to cart for fast local delivery.
Snacks,Chips & Crackers,Cheez-It Original (12.4 oz),24100106851,5٫99,https://drive.google.com/uc?id=19iHs3ub65L_FzkpLIN1wB3ZwEMLTYvI8,,,,,,,BP-SNA-12.4OZ-10658,"Quality ingredients, proper process: Cheez-It Original (12.4 oz) is $5.99. Quality results guaranteed. Order online for curbside pickup."
Snacks,Chips & Crackers,El Sabroso Guacachip Guacamole (3 oz),78907450341,3٫99,https://drive.google.com/uc?id=1QwnYfeKMQ7wJPyrRL59Qk53zULHjmHsh,,,,,,,BP-SNA-3OZ-10659,"El Sabroso Guacachip Guacamole (3 oz) at $3.99. Premium through and through. Buy online, enjoy tonight."
Snacks,Chips & Crackers,El Sabroso Salsitas Spicy Salsa Tortilla Rounds (3 oz),78907450396,3٫99,https://drive.google.com/uc?id=1AzEo7sRt4Fb-qTsNyIfvkJa_EufIYW6C,,,,,,,BP-SNA-3OZ-10660,"El Sabroso Salsitas Spicy Salsa Tortilla Rounds (3 oz) represents outstanding quality at $3.99. Crafted with care, priced to share. Delivered fresh to your doorstep."
Snacks,Chips & Crackers,Fritos Flamin' Hot (9.25 oz),28400589314,6٫99,https://drive.google.com/uc?id=1aWmydbO0m6mSR9UzKTXPJLc-MqU_uG-6,,,,,,,BP-SNA-9.25OZ-10661,Shop Fritos Flamin' Hot (9.25 oz) online – $6.99 with quick delivery. Exceptional quality guaranteed. Get it delivered to your door.
Snacks,Chips & Crackers,Kettle Brand Jalapeno (2 oz),84114115881,3٫99,https://drive.google.com/uc?id=1j8mdXNX1bdQNInxDG-FJliVl3pj4BOXw,,,,,,,BP-SNA-2OZ-10662,Kettle Brand Jalapeno (2 oz) at $3.99. Premium through and through. Add to cart for fast local delivery.
Snacks,Chips & Crackers,Kettle Brand Sea Salt (2 oz),84114033338,3٫99,https://drive.google.com/uc?id=1PbZg5-LBmbplz3SJgAxXs14crXuiWK6O,,,,,,,BP-SNA-2OZ-10663,Shop Kettle Brand Sea Salt (2 oz) online – $3.99 with same-day delivery. Premium quality guaranteed. Get it delivered to your door.
Snacks,Chips & Crackers,Lay's Classic (8 oz),28400199148,5٫99,https://drive.google.com/uc?id=1GG4ch4L2Nnl46FO4FDysfk7DlLzVe13s,,,,,,,BP-SNA-8OZ-10664,"Lay's Classic (8 oz) at $5.99. Exceptional through and through. Buy online, enjoy tonight."
Snacks,Chips & Crackers,Lay's Sour Cream & Onion (7.75 oz),28400199636,5٫99,https://drive.google.com/uc?id=1QUbV7FW_bXd9tMfcmQoJ1y4dusKNsUhI,,,,,,,BP-SNA-7.75OZ-10665,"Lay's Sour Cream & Onion (7.75 oz) represents quality quality at $5.99. Crafted with care, priced to share. Available for immediate pickup."
Snacks,Chips & Crackers,Lay's Wavy Original (7.75 oz),28400043809,5٫99,https://drive.google.com/uc?id=1k29MkgyAejbDsCPs2382FTQJNcycMvbb,,,,,,,BP-SNA-7.75OZ-10666,"Right-size portion: Lay's Wavy Original (7.75 oz) for $5.99. Remarkable quality, perfect quantity. Available local delivery available. Available for immediate pickup."
Snacks,Chips & Crackers,Pepperidge Farm Goldfish Flavor Blasted Xtra Cheddar (6.6 oz),14100085485,2٫99,https://drive.google.com/uc?id=17wctjJtUpRf4UXc1T9LaZxcjSNDO2WfG,,,,,,,BP-SNA-6.6OZ-10667,Want Pepperidge Farm Goldfish Flavor Blasted Xtra Cheddar (6.6 oz)? Available in your area for $2.99. Order online for curbside pickup.
Snacks,Chips & Crackers,Sabritas Doritos Dinamita Chile Limon (9.25 oz),28400009850,4٫99,https://drive.google.com/uc?id=1iHl7tb68_Y96JZjMV0VPD2hY2FwvNsrh,,,,,,,BP-SNA-9.25OZ-10668,"Sabritas Doritos Dinamita Chile Limon (9.25 oz) represents exceptional quality at $4.99. Crafted with care, priced to share. Buy online, enjoy tonight."
Snacks,Chocolate,"Hershey's Candy Bar, Cookies n Cream 1.55 ( oz)",34000002399,2٫99,https://drive.google.com/uc?id=1HGaFOTZngr6cx_Ny3IGkwwYZMXucCKSm,,,,,,,BP-SNA-000-10669,"Right-size portion: Hershey's Candy Bar, Cookies n Cream 1.55 ( oz) for $2.99. Exceptional quality, perfect quantity. Available same-day delivery. Add to cart for fast local delivery."
Snacks,Chocolate,Hershey's Milk Chocolate with Almonds bar (1.45 oz),34000002412,2٫99,https://drive.google.com/uc?id=1GE1BHhDSzL-BmcnjwCnizXc6WOagSJ3d,,,,,,,BP-SNA-1.45OZ-10670,Highly rated: Hershey's Milk Chocolate with Almonds bar (1.45 oz) at $2.99. Delivered fresh to your doorstep.
Snacks,Chocolate,Kit Kat (1.5 oz),34000002467,2٫99,https://drive.google.com/uc?id=1n9mur7knIq3twX2_O67RTurc7pl2o95n,,,,,,,BP-SNA-1.5OZ-10671,Great value alert: Kit Kat (1.5 oz) for $2.99. Buy now with free delivery over $50.
Snacks,Chocolate,Kit Kat Bar (3 oz),34000002290,4٫99,https://drive.google.com/uc?id=1TavVFNaiJ8J4jxJp4OaKVQ4bxMnQpL5m,,,,,,,BP-SNA-3OZ-10672,Kit Kat Bar (3 oz) at $4.99. Remarkable quality throughout. Order now for next-hour delivery.
Snacks,Chocolate,M&M's Milk Chocolate Share Size,40000004318,4٫99,https://drive.google.com/uc?id=1CFJSYsGX75VdoxK0Q3i5EjAo8R5GkwyY,,,,,,,BP-SNA-000-10673,Smart shoppers choose M&M's Milk Chocolate Share Size – $4.99 for quality. Shop online – pickup in-store today.
Snacks,Chocolate,M&M's Peanut Butter Share Size,40000002239,3٫99,https://drive.google.com/uc?id=1AZCYo7ECBgorEf0PHsoaDXjCV_MjK2_4,,,,,,,BP-SNA-000-10674,M&M's Peanut Butter Share Size at $3.99. Outstanding quality throughout. Get it delivered to your door.
Snacks,Chocolate,M&M's Peanut Share Size,40000004325,3٫99,https://drive.google.com/uc?id=153mSWMWte8aOtA8wfx53QSezaDOeAn2F,,,,,,,BP-SNA-000-10675,Crowd-pleaser: M&M's Peanut Share Size at $3.99. Add to cart for fast local delivery.
Snacks,Chocolate,Reese's Fast Break,34000000524,2٫99,https://drive.google.com/uc?id=1V4zV378ndpiE3iMff5vVAYD8EygBYA6g,,,,,,,BP-SNA-000-10676,Reese's Fast Break at $2.99. Premium quality throughout. Order now for next-hour delivery.
Snacks,Chocolate,Snickers Almond Candy Bar (3.2 oz),40000006275,4٫99,https://drive.google.com/uc?id=1CIp5Wr_Wa1wYRppckcl4bX66sjUKuvUh,,,,,,,BP-SNA-3.2OZ-10677,Snickers Almond Candy Bar (3.2 oz) at $4.99. Quality through and through. Order now for next-hour delivery.
Snacks,Chocolate,Snickers King Size,40000002635,3٫99,https://drive.google.com/uc?id=1C0cCG_NN-I7mb9o4JXXfmx5cfYXiFDcg,,,,,,,BP-SNA-000-10678,"Right-size portion: Snickers King Size for $3.99. Quality quality, perfect quantity. Available in your area. Add to cart for fast local delivery."
Snacks,Chocolate,Twix King Size (3.02 oz),40000004059,4٫99,https://drive.google.com/uc?id=1hvUlmBxWx8Q5_TIkWiVGARz_XcIEVBNQ,,,,,,,BP-SNA-3.02OZ-10679,Highly rated: Twix King Size (3.02 oz) at $4.99. Available for immediate pickup.
Snacks,Cookies,Gamesa Marias Vanilla Cookies (4.93 oz),6.867E+11,3٫99,https://drive.google.com/uc?id=1bjXozZhTHRRxGzduiGwKwS5oWu8PnH3H,,,,,,,BP-SNA-4.93OZ-10680,Gamesa Marias Vanilla Cookies (4.93 oz) at $3.99. Quality through and through. Order now for next-hour delivery.
Snacks,Cookies,Glico Pocky Strawberry Cream Covered Biscuit Sticks (1.41 oz),73141150057,2٫99,https://drive.google.com/uc?id=1LPEUgmiEZOTPdPKXvBmiWexzDlFrVV8E,,,,,,,BP-SNA-1.41OZ-10681,Date night perfect: Glico Pocky Strawberry Cream Covered Biscuit Sticks (1.41 oz) at $2.99. Buy now with free delivery over $50.
Snacks,Cookies,Lenny & Larry's the Complete Cookie Lemon Poppy Seed (4 oz),7.87693E+11,3٫99,https://drive.google.com/uc?id=1-Nvdl1RMVbTTEc6B49r2Xs3VgXR7C19y,,,,,,,BP-SNA-4OZ-10682,"Quality ingredients, proper process: Lenny & Larry's the Complete Cookie Lemon Poppy Seed (4 oz) is $3.99. Premium results guaranteed. Add to cart for fast local delivery."
Snacks,Cookies,Loacker Classic Chocolate Wafers (45 g),76580160182,2٫99,https://drive.google.com/uc?id=1-Nvdl1RMVbTTEc6B49r2Xs3VgXR7C19y,,,,,,,BP-SNA-000-10683,"Right-size portion: Loacker Classic Chocolate Wafers (45 g) for $2.99. Premium quality, perfect quantity. Available in your area. Buy now with free delivery over $50."
Snacks,Cookies,Marinela Barritas Pineapple Filled Cookies (3.74 oz),74323094251,3٫99,https://drive.google.com/uc?id=16X8mEomxDFxDGebsxyWJitMtnJUiLWHk,,,,,,,BP-SNA-3.74OZ-10684,Marinela Barritas Pineapple Filled Cookies (3.74 oz) at $3.99. Premium quality throughout. Order now for next-hour delivery.
Snacks,Cookies,Meiji Hello Panda Chocolate Creme Filled Cookies (7 oz),72320700045,1٫99,https://drive.google.com/uc?id=1-Nvdl1RMVbTTEc6B49r2Xs3VgXR7C19y,,,,,,,BP-SNA-7OZ-10685,Shop Meiji Hello Panda Chocolate Creme Filled Cookies (7 oz) online – $1.99 with order online. Outstanding quality guaranteed. Available for immediate pickup.
Snacks,Cookies,Meiji Hello Panda Strawberry Cream Filled Cookies (7 oz),72320700281,1٫99,https://drive.google.com/uc?id=1-Nvdl1RMVbTTEc6B49r2Xs3VgXR7C19y,,,,,,,BP-SNA-7OZ-10686,Shop Meiji Hello Panda Strawberry Cream Filled Cookies (7 oz) online – $1.99 with neighborhood liquor store. Quality quality guaranteed. Order online for curbside pickup.
Snacks,Cookies,Nabisco Chips Ahoy Mini Chocolate Chip Cookies (3 oz),44000006792,3٫99,https://drive.google.com/uc?id=1FvwOPQZ_czj2HEeyrT3fZHXTUEnPK2Ni,,,,,,,BP-SNA-3OZ-10687,Shop Nabisco Chips Ahoy Mini Chocolate Chip Cookies (3 oz) online – $3.99 with in your area. Premium quality guaranteed. Add to cart for fast local delivery.
Snacks,Cookies & Pastries,Grandma's Cookies Peanut Butter,28400001533,1٫99,https://drive.google.com/uc?id=1S4TJ6dvCVaHFT1UXVvqvnDidoaxYaB4P,,,,,,,BP-SNA-000-10688,"Quality ingredients, proper process: Grandma's Cookies Peanut Butter is $1.99. Quality results guaranteed. Delivered fresh to your doorstep."
Snacks,Cookies & Pastries,"Grandma's Cookies, Chocolate Brownie",28400079143,1٫99,https://drive.google.com/uc?id=1BgMSa_3zSfEnRhBQOxAMyTkRgZwkA0pE,,,,,,,BP-SNA-000-10689,"Popular choice: Grandma's Cookies, Chocolate Brownie at $1.99. Order online for curbside pickup."
Snacks,Cookies & Pastries,Grandma's Vanilla (3.25 oz),28400089913,1٫99,https://drive.google.com/uc?id=1949HPBCaDe66d3l-5fOtxcxublDgKQVA,,,,,,,BP-SNA-3.25OZ-10690,Grandma's Vanilla (3.25 oz) at $1.99. Outstanding through and through. Order online for curbside pickup.
Snacks,Cookies & Pastries,Kellogg's Pop Tarts Frosted Cherry (3.67 oz),38000318405,1٫99,https://drive.google.com/uc?id=13uztd8uamsKGodXVwmHpD9uSfCJqFCCh,,,,,,,BP-SNA-3.67OZ-10691,Weeknight winner: Kellogg's Pop Tarts Frosted Cherry (3.67 oz) at $1.99. Buy now with free delivery over $50.
Snacks,Cookies & Pastries,Kellogg's Rice Krispies Treats Original (1.3 oz),38000765414,2٫99,https://drive.google.com/uc?id=1SRievg9_-RiGGZM4BIdWuYlpXEwIdmJD,,,,,,,BP-SNA-1.3OZ-10692,Want Kellogg's Rice Krispies Treats Original (1.3 oz)? Available local delivery available for $2.99. Order online for curbside pickup.
Snacks,Cookies & Pastries,Lenny & Larry's The Complete Cookie Baked Nutrition - Chocolate Chip (4 oz),7.87693E+11,3٫99,https://drive.google.com/uc?id=1LDlZlCeKBeW8OEQks4uu65cBy5HQvVmR,,,,,,,BP-SNA-4OZ-10693,"Quality ingredients, proper process: Lenny & Larry's The Complete Cookie Baked Nutrition - Chocolate Chip (4 oz) is $3.99. Outstanding results guaranteed. Buy online, enjoy tonight."
Snacks,Cookies & Pastries,Lenny & Larry's The Complete Cookie Baked Nutrition - Snickerdoodle (4 oz),7.87693E+11,3٫99,https://drive.google.com/uc?id=1fTfm5xDpcrq2tNtkh030entAcrUwUMJc,,,,,,,BP-SNA-4OZ-10694,Shop Lenny & Larry's The Complete Cookie Baked Nutrition - Snickerdoodle (4 oz) online – $3.99 with quick delivery. Exceptional quality guaranteed. Order online for curbside pickup.
Snacks,Cookies & Pastries,Nabisco Mini Oreo Bite Size - Big Bag (3 oz),44000006808,3٫99,https://drive.google.com/uc?id=1GF_RLQk34w90NsYGn7IyzLALPVa-OQ7Z,,,,,,,BP-SNA-3OZ-10695,Want Nabisco Mini Oreo Bite Size - Big Bag (3 oz)? Available local delivery available for $3.99. Shop online – pickup in-store today.
Snacks,Crackers,Lunchables Ham & Cheddar Cracker Stackers (3.5 oz),44700360002,3٫99,https://drive.google.com/uc?id=1WPs-ycTapn1udwldhJ2ZXibDgIODj08g,,,,,,,BP-SNA-3.5OZ-10696,Great value alert: Lunchables Ham & Cheddar Cracker Stackers (3.5 oz) for $3.99. Fast delivery to your neighborhood.
Snacks,Crackers,Pepperidge Farm Goldfish Flavor Blasted Xtra Cheddar Crackers (2.45 oz),14100045557,3٫99,https://drive.google.com/uc?id=1bs3mQo91TINZ56QeisZwCEslVA2sE2V8,,,,,,,BP-SNA-2.45OZ-10697,"Stock up special: Pepperidge Farm Goldfish Flavor Blasted Xtra Cheddar Crackers (2.45 oz) is just $3.99. Multiple units of exceptional quality. Available same-day delivery. Buy online, enjoy tonight."
Snacks,Gum & Mints,Big Red Cinnamon Gum 15 CT,22000006684,3٫99,https://drive.google.com/uc?id=1PV0IMidYOUPMG9lIK63KEK99ITQxeXJA,,,,,,,BP-SNA-000-10698,Party-ready: Big Red Cinnamon Gum 15 CT at $3.99. Shop online – pickup in-store today.
Snacks,Gum & Mints,Extra Sugarfree Polar Ice Gum 15 CT,22000008985,3٫99,https://drive.google.com/uc?id=112oPc_3m4AGK3dZGikEi-SKBH-Z3sieG,,,,,,,BP-SNA-000-10699,Extra Sugarfree Polar Ice Gum 15 CT at $3.99. Premium quality throughout. Order now for next-hour delivery.
Snacks,Gum & Mints,Extra Sugarfree Watermelon Gum 15 CT,22000008381,3٫99,https://drive.google.com/uc?id=1TzJqhvr_NizOP-VzcCI8VFbYXd-48vMB,,,,,,,BP-SNA-000-10700,Smart shoppers choose Extra Sugarfree Watermelon Gum 15 CT – $3.99 for quality. In stock – order for delivery today.
Snacks,Gum & Mints,Hubba Bubba Strawberry Watermelon Gum 5 CT,22000000675,2٫99,https://drive.google.com/uc?id=1X2hghG295Xd9pPLYjFM5JneolWVufHrm,,,,,,,BP-SNA-000-10701,Experience Hubba Bubba Strawberry Watermelon Gum 5 CT for $2.99. In stock – order for delivery today.
Snacks,Gum & Mints,Ice Breaker Mints Coolmint (1.5 oz),34000000074,4٫99,https://drive.google.com/uc?id=1-bJrypjmIDfXZofFWQkDPEthzdcgfWj8,,,,,,,BP-SNA-1.5OZ-10702,Want Ice Breaker Mints Coolmint (1.5 oz)? Available local delivery available for $4.99. Order now for next-hour delivery.
Snacks,Gum & Mints,Ice Breakers Mints Wintergreen (1.5 oz),34000000098,4٫99,https://drive.google.com/uc?id=175W5oRZKYQxWpibqnR3SlGQYIm2PTHrB,,,,,,,BP-SNA-1.5OZ-10703,"Smart shoppers choose Ice Breakers Mints Wintergreen (1.5 oz) – $4.99 for quality. Buy online, enjoy tonight."
Snacks,Gum & Mints,Juicy Fruit Gum 15 CT,22000006677,3٫99,https://drive.google.com/uc?id=17LVLlk9GcwsKtriLVRNA62NpYaQAIv1z,,,,,,,BP-SNA-000-10704,"Juicy Fruit Gum 15 CT represents quality quality at $3.99. Crafted with care, priced to share. Shop online – pickup in-store today."
Snacks,Gum & Mints,Orbit White Sugarfree Peppermint Gum 15 CT,22000000897,3٫99,https://drive.google.com/uc?id=1Y_IK64kXIpdQTNTGtm6SIm4zzarWNbfm,,,,,,,BP-SNA-000-10705,Want Orbit White Sugarfree Peppermint Gum 15 CT? Available in your area for $3.99. Order online for curbside pickup.
Snacks,Gum & Mints,Wrigley's Winterfresh Gum 15 CT,22000006691,3٫99,https://drive.google.com/uc?id=16uUfAEsseN07YGN2YtEzEYJMTamKqooL,,,,,,,BP-SNA-000-10706,Customer favorite: Wrigley's Winterfresh Gum 15 CT at $3.99. In stock – order for delivery today.
Snacks,Gummy Candy,Life Savers Gummies 5 Flavors (4.2 oz),22000014641,4٫99,https://drive.google.com/uc?id=185MDKhzBRTERVjsMU4jPldzEDRc8jil0,,,,,,,BP-SNA-4.2OZ-10707,"Quality ingredients, proper process: Life Savers Gummies 5 Flavors (4.2 oz) is $4.99. Outstanding results guaranteed. Get it delivered to your door."
Snacks,Gummy Candy,Rip Rolls Green Apple Gummies (1.4 oz),9060000043,2٫99,https://drive.google.com/uc?id=1-Nvdl1RMVbTTEc6B49r2Xs3VgXR7C19y,,,,,,,BP-SNA-1.4OZ-10708,"Quality ingredients, proper process: Rip Rolls Green Apple Gummies (1.4 oz) is $2.99. Premium results guaranteed. Fast delivery to your neighborhood."
Snacks,Hard Candy,Baby Bottle Pop Watermelon (1.1 oz),41116005954,1٫99,https://drive.google.com/uc?id=1WCtqWiCDhNnisUwWJy5D4WEyyITLLd27,,,,,,,BP-SNA-1.1OZ-10709,"Right-size portion: Baby Bottle Pop Watermelon (1.1 oz) for $1.99. Quality quality, perfect quantity. Available near you. Add to cart for fast local delivery."
Snacks,Hard Candy,Ring Pop Blue Raspberry (0.5 oz),41116005190,1٫99,https://drive.google.com/uc?id=1SPXLxdw5UqRmK6XICML1A5XDoolMBRWu,,,,,,,BP-SNA-0.5OZ-10710,Stock up on Ring Pop Blue Raspberry (0.5 oz) for $1.99. Available for immediate pickup.
Snacks,Healthy Snacks,Blue Diamond Whole Natural (1.5 oz),41570051818,3٫99,https://drive.google.com/uc?id=16VCprF2b0PeDlfKvNvp3Zbd6mOHNyM6l,,,,,,,BP-SNA-1.5OZ-10711,Blue Diamond Whole Natural (1.5 oz) at $3.99. Quality quality throughout. Fast delivery to your neighborhood.
Snacks,Healthy Snacks,Clif Bar Chocolate Brownie - made with Organic Rolled Oats (2.4 oz),7.22252E+11,3٫99,https://drive.google.com/uc?id=1Cz_VbmZqQusi57WI6RTVvYdff9d4tJsA,,,,,,,BP-SNA-2.4OZ-10712,"Right-size portion: Clif Bar Chocolate Brownie - made with Organic Rolled Oats (2.4 oz) for $3.99. Premium quality, perfect quantity. Available fast shipping. Delivered fresh to your doorstep."
Snacks,Healthy Snacks,Clif Bar Chocolate Chip - made with Organic Rolled Oats (2.4 oz),7.22252E+11,3٫99,https://drive.google.com/uc?id=1QeYwyuxh0m732N1S1auWvnEDXaE1Ioxd,,,,,,,BP-SNA-2.4OZ-10713,Great value alert: Clif Bar Chocolate Chip - made with Organic Rolled Oats (2.4 oz) for $3.99. Available for immediate pickup.
Snacks,Healthy Snacks,Clif Bar Crunchy Peanut Butter - made with Organic Peanut Butter (2.4 oz),7.22252E+11,3٫99,https://drive.google.com/uc?id=1QM9lKhSgNLtojw2dH5x8GIjP6rcMG4N8,,,,,,,BP-SNA-2.4OZ-10714,Clif Bar Crunchy Peanut Butter - made with Organic Peanut Butter (2.4 oz) at $3.99. Remarkable quality throughout. Shop online – pickup in-store today.
Snacks,Healthy Snacks,Clif Bar White Chocolate Macadamia - made with Organic Rolled Oats (2.4 oz),7.22252E+11,3٫99,https://drive.google.com/uc?id=1L-ogRA8_accsSbpRus1QULXUxeRPnmP3,,,,,,,BP-SNA-2.4OZ-10715,"Clif Bar White Chocolate Macadamia - made with Organic Rolled Oats (2.4 oz) represents quality quality at $3.99. Crafted with care, priced to share. Order online for curbside pickup."
Snacks,Healthy Snacks,Clif Builder's Chocolate Mint (2.4 oz),7.22253E+11,3٫99,https://drive.google.com/uc?id=12IKMgVxJYxkR5jhSMgYzX5bA3eRBeI2g,,,,,,,BP-SNA-2.4OZ-10716,Customer favorite: Clif Builder's Chocolate Mint (2.4 oz) at $3.99. Buy now with free delivery over $50.
Snacks,Healthy Snacks,Clif Builder's Chocolate Peanut Butter (2.4 oz),7.22253E+11,3٫99,https://drive.google.com/uc?id=1OSEkzsbM-VFZndzBWMu459jX5syrLd1U,,,,,,,BP-SNA-2.4OZ-10717,"Quality ingredients, proper process: Clif Builder's Chocolate Peanut Butter (2.4 oz) is $3.99. Quality results guaranteed. Buy online, enjoy tonight."
Snacks,Healthy Snacks,David Roasted & Salted (2.25 oz),26200463728,2٫99,https://drive.google.com/uc?id=12eEgfwAebjHNHo2oYGjMzw3YSW0pNBdR,,,,,,,BP-SNA-2.25OZ-10718,Great value alert: David Roasted & Salted (2.25 oz) for $2.99. Shop online – pickup in-store today.
Snacks,Healthy Snacks,David Roasted & Salted (5 oz),26200463780,4٫99,https://drive.google.com/uc?id=1f9tpuDHhOn47rql3V9yZ9jQlnEnCdTpE,,,,,,,BP-SNA-5OZ-10719,"David Roasted & Salted (5 oz) represents quality quality at $4.99. Crafted with care, priced to share. Get it delivered to your door."
Snacks,Healthy Snacks,David Roasted & Salted (5.25 oz),26200467726,3٫99,https://drive.google.com/uc?id=163UFNFBx7r2ACvPAPeiSrWuZAECI6UpO,,,,,,,BP-SNA-5.25OZ-10720,"Experience David Roasted & Salted (5.25 oz) for $3.99. Buy online, enjoy tonight."
Snacks,Healthy Snacks,Gatorade Whey Protein Bar Chocolate Chip Count (2.8 oz),52000104325,4٫99,https://drive.google.com/uc?id=1k50tEnzTnZox2skXZTaVrfyuV5DxEb8U,,,,,,,BP-SNA-2.8OZ-10721,"Gatorade Whey Protein Bar Chocolate Chip Count (2.8 oz) at $4.99. Quality quality throughout. Buy online, enjoy tonight."
Snacks,Healthy Snacks,Grandma's Oatmeal Raisin Cookies Bag (3 oz),28400043366,1٫99,https://drive.google.com/uc?id=1Hpz-sAI1fIuJGJKrgByIA1S5ln2TJsex,,,,,,,BP-SNA-3OZ-10722,Show up in style with: Grandma's Oatmeal Raisin Cookies Bag (3 oz) at $1.99. Order now for same-day delivery.
Snacks,Healthy Snacks,Nature Valley Sweet & Salty Nut - Almond (1.2 oz),16000442818,1٫99,https://drive.google.com/uc?id=1cImU6Cv-9qbTFeNaQoXvMEMzHzu0NLsg,,,,,,,BP-SNA-1.2OZ-10723,Staff pick: Nature Valley Sweet & Salty Nut - Almond (1.2 oz) at $1.99. Available for immediate pickup.
Snacks,Healthy Snacks,Power Crunch French Vanilla Crme (1.4 oz),6.44226E+11,3٫99,https://drive.google.com/uc?id=1J2IXXjIsdH-HLEU8VE2vub7bKwQehrTH,,,,,,,BP-SNA-1.4OZ-10724,Customer favorite: Power Crunch French Vanilla Crme (1.4 oz) at $3.99. Get it delivered to your door.
Snacks,Healthy Snacks,Power Crunch Peanut Butter Crme (1.4 oz),6.44226E+11,3٫99,https://drive.google.com/uc?id=1NfkWgZWorbWPdHU-HjjzZ1hNaVEWPhiv,,,,,,,BP-SNA-1.4OZ-10725,"Power Crunch Peanut Butter Crme (1.4 oz) at $3.99. Exceptional through and through. Buy online, enjoy tonight."
Snacks,Healthy Snacks,Power Crunch Triple Chocolate (1.4 oz),6.44226E+11,3٫99,https://drive.google.com/uc?id=1gEe04cT1jkKFLNSObnreXAs9Z00mm1ST,,,,,,,BP-SNA-1.4OZ-10726,Smart shoppers choose Power Crunch Triple Chocolate (1.4 oz) – $3.99 for quality. Order now for same-day delivery.
Snacks,Ice Cream,Ben & Jerry 's Half Baked Pint,76840101320,8٫99,https://drive.google.com/uc?id=15XEHe-HtbFGi6Q_BSJRjc2CBesPv_aCO,,,,,,,BP-SNA-000-10727,"Quality ingredients, proper process: Ben & Jerry 's Half Baked Pint is $8.99. Remarkable results guaranteed. Order now for same-day delivery."
Snacks,Ice Cream,Ben & Jerry's Americone Dream Pint,76840102075,8٫99,https://drive.google.com/uc?id=1-QeRkfWOwl-HYJ5f9OjvJwW75Ya_Wtre,,,,,,,BP-SNA-000-10728,"Right-size portion: Ben & Jerry's Americone Dream Pint for $8.99. Quality quality, perfect quantity. Available near you. Add to cart for fast local delivery."
Snacks,Ice Cream,Ben & Jerry's Cherry Garcia Pint,76840100156,8٫99,https://drive.google.com/uc?id=1CXA1TsQO_WPVvx9FN_hsKLY3IEcmZ7MS,,,,,,,BP-SNA-000-10729,Ben & Jerry's Cherry Garcia Pint at $8.99. Remarkable through and through. In stock – order for delivery today.
Snacks,Ice Cream,Ben & Jerry's Chocolate Chip Cookie Dough Pint,76840100583,10٫99,https://drive.google.com/uc?id=181GgGoPVrwuuMMpsybpptWJ7QSkQo-iI,,,,,,,BP-SNA-000-10730,"Quality ingredients, proper process: Ben & Jerry's Chocolate Chip Cookie Dough Pint is $10.99. Premium results guaranteed. Shop online – pickup in-store today."
Snacks,Ice Cream,Ben & Jerry's Milk & Cookies Pint,76840076574,8٫99,https://drive.google.com/uc?id=1DsW80wNearB9z78jwkEw70enkANmx7ds,,,,,,,BP-SNA-000-10731,"Quality ingredients, proper process: Ben & Jerry's Milk & Cookies Pint is $8.99. Quality results guaranteed. Get it delivered to your door."
Snacks,Ice Cream,Ben & Jerry's The Tonight Dough Pint,76840485116,8٫99,https://drive.google.com/uc?id=1yduwhWu-FkJWeuB6AVLBlFPyYNkXMSrI,,,,,,,BP-SNA-000-10732,Ben & Jerry's The Tonight Dough Pint at $8.99. Premium through and through. In stock – order for delivery today.
Snacks,Ice Cream,Ben & Jerry's Vanilla Ice Cream Carton (16 oz),76840400058,8٫99,https://drive.google.com/uc?id=1OXPLzoPcpgooR76yWio8qfmszvaXGrnH,,,,,,,BP-SNA-16OZ-10733,Trending now: Ben & Jerry's Vanilla Ice Cream Carton (16 oz) at $8.99. Buy now with free delivery over $50.
Snacks,Ice Cream,Haagen Daz Chocolate Chocolate Chip Ice Cream Container (14 oz),74570084005,10٫99,https://drive.google.com/uc?id=1VVVSkXEmEDDym_bs1TPlZCqJMwnfZPFN,,,,,,,BP-SNA-14OZ-10734,"Quality ingredients, proper process: Haagen Daz Chocolate Chocolate Chip Ice Cream Container (14 oz) is $10.99. Premium results guaranteed. In stock – order for delivery today."
Snacks,Ice Cream,"Haagen Dazs Ice Cream, Caramel Cone Pint",74570650583,10٫99,https://drive.google.com/uc?id=1hvArnImDN6poaxNs_Wjfp-E7UglK6eoI,,,,,,,BP-SNA-000-10735,"Staff pick: Haagen Dazs Ice Cream, Caramel Cone Pint at $10.99. Available for immediate pickup."
Snacks,Ice Cream,"Haagen Dazs Ice Cream, Chocolate Pint",74570014002,10٫99,https://drive.google.com/uc?id=1XVGWFJ0u4mUwNrF3cfZU8gWOWDo2Dfhn,,,,,,,BP-SNA-000-10736,"Local bestseller: Haagen Dazs Ice Cream, Chocolate Pint at $10.99. Shop online – pickup in-store today."
Snacks,Ice Cream,"Haagen Dazs Ice Cream, Dulce de Leche Pint",74570810116,10٫99,https://drive.google.com/uc?id=15OdrKs7juqj4IjitoJ97qVLejQmXoxfp,,,,,,,BP-SNA-000-10737,"Haagen Dazs Ice Cream, Dulce de Leche Pint represents quality quality at $10.99. Crafted with care, priced to share. Add to cart for fast local delivery."
Snacks,Ice Cream,"Haagen Dazs Ice Cream, Strawberry Pint",74570024001,10٫99,https://drive.google.com/uc?id=13QbwP4KtGohegFXFLtqejxNY-qLiJiyU,,,,,,,BP-SNA-000-10738,"Right-size portion: Haagen Dazs Ice Cream, Strawberry Pint for $10.99. Remarkable quality, perfect quantity. Available quick delivery. Buy online, enjoy tonight."
Snacks,Ice Cream,Haagen-Dazs Ice Cream Rocky Road Pint,74570044085,10٫99,https://drive.google.com/uc?id=14Twubw4PeKlV45Joo1utQ49-3M0Buzbq,,,,,,,BP-SNA-000-10739,Haagen-Dazs Ice Cream Rocky Road Pint at $10.99. Premium through and through. Order now for same-day delivery.
Snacks,Ice Cream,Haagen-Dazs Vanilla Bean Ice Cream Container (14 oz),74570650576,10٫99,https://drive.google.com/uc?id=1f3eGUkc9IuleGFN8q8E6RfkDxfjjYXf2,,,,,,,BP-SNA-14OZ-10740,Great value alert: Haagen-Dazs Vanilla Bean Ice Cream Container (14 oz) for $10.99. In stock – order for delivery today.
Snacks,Ice Cream,M Magnum Double Caramel Ice Cream Bar Count (3.38 oz),77567132826,4٫99,https://drive.google.com/uc?id=1idnr2TwKWVUoxrfwf5CG2rh2Xac2FoXh,,,,,,,BP-SNA-3.38OZ-10741,M Magnum Double Caramel Ice Cream Bar Count (3.38 oz) at $4.99. Outstanding through and through. Add to cart for fast local delivery.
Snacks,Ice Cream & Novelty,"Haagen Dazs Ice Cream, Coffee Pint",74570034000,10٫99,https://drive.google.com/uc?id=1QG4pfXqXd860q2nepUcFIw0afLm03bXb,,,,,,,BP-SNA-000-10742,"Dinner party essential: Haagen Dazs Ice Cream, Coffee Pint at $10.99. Shop online – pickup in-store today."
Snacks,Jerky,Jack Link's Beef Tender Bites Jerky (2.85 oz),17082877369,6٫99,https://drive.google.com/uc?id=1t9A_60hcw5eRr0GZxG242zqQSZipJF1d,,,,,,,BP-SNA-2.85OZ-10743,"Quality ingredients, proper process: Jack Link's Beef Tender Bites Jerky (2.85 oz) is $6.99. Premium results guaranteed. Get it delivered to your door."
Snacks,Jerky,Jack Link's Thick Cut Hickory Smoked Bacon Jerky (2.85 oz),17082883872,11٫99,https://drive.google.com/uc?id=12QOt6I2kaw36UmhNEtLvsw7DBS8oPDId,,,,,,,BP-SNA-2.85OZ-10744,Indulge in Jack Link's Thick Cut Hickory Smoked Bacon Jerky (2.85 oz) for $11.99. Buy now with free delivery over $50.
Snacks,Jerky,Jack Link's Wild Heat Pegged Beef Stick (1.84 oz x 24 ct),17082006707,3٫99,https://drive.google.com/uc?id=1-Nvdl1RMVbTTEc6B49r2Xs3VgXR7C19y,,,,,,,BP-SNA-1.84OZ-10745,Jack Link's Wild Heat Pegged Beef Stick (1.84 oz x 24 ct) at $3.99. Remarkable through and through. Available for immediate pickup.
Snacks,Nuts & Seeds,David Jalapeno Sunflower Seed (3 oz),26200464725,3٫99,https://drive.google.com/uc?id=1Aebjh4uCKbsI7G38AILVmM-6O1C2POBb,,,,,,,BP-SNA-3OZ-10746,Experience David Jalapeno Sunflower Seed (3 oz) for $3.99. Add to cart for fast local delivery.
Snacks,Nuts & Seeds,Spitz Seasoned Sunflower Seeds (6 oz),28400094085,4٫99,https://drive.google.com/uc?id=1wfSbovsB9OYVq3ai320joqlLeOzOdX9u,,,,,,,BP-SNA-6OZ-10747,Smart shoppers choose Spitz Seasoned Sunflower Seeds (6 oz) – $4.99 for quality. Available for immediate pickup.
Snacks,Pretzels,Snack Factory Buffalo Wings Pretzel Crisps (3 oz),49508007302,3٫99,https://drive.google.com/uc?id=1YgRZ-8JJUkKFxHWjdEemcg_eidIGvA2O,,,,,,,BP-SNA-3OZ-10748,Stock up on Snack Factory Buffalo Wings Pretzel Crisps (3 oz) for $3.99. Add to cart for fast local delivery.
Snacks,Pretzels,Spitz Flamin' Hot Limon Flavored Sunflower Seeds (5.35 oz),28400604611,3٫99,https://drive.google.com/uc?id=1jYUy1bIbdPsvx7zcyJGF6iCG5cQ-HUcE,,,,,,,BP-SNA-5.35OZ-10749,"Spitz Flamin' Hot Limon Flavored Sunflower Seeds (5.35 oz) represents exceptional quality at $3.99. Crafted with care, priced to share. Shop online – pickup in-store today."
Snacks,Salsa & Dips,Fritos Jalapeno Cheddar Cheese Dip (9 oz),28400000246,6٫99,https://drive.google.com/uc?id=1--LVMSb_NCzUMb6fez-lKF2CtvarDopR,,,,,,,BP-SNA-9OZ-10750,Party-ready: Fritos Jalapeno Cheddar Cheese Dip (9 oz) at $6.99. Available for immediate pickup.
Snacks,Salsa & Dips,Tostitos Mild Chunky Salsa (16 oz),28400055970,6٫99,https://drive.google.com/uc?id=1VychB9du5gNA-vlFlA_eecYFoUfyFok8,,,,,,,BP-SNA-16OZ-10751,Want Tostitos Mild Chunky Salsa (16 oz)? Available near you for $6.99. Add to cart for fast local delivery.
Snacks,Salty Snacks,Bugles Nacho Cheese (3 oz),16000513792,4٫99,https://drive.google.com/uc?id=1UIg-fvQBrnboQ5hTsm7EeiqFG5_2xPgp,,,,,,,BP-SNA-3OZ-10752,"Bugles Nacho Cheese (3 oz) represents exceptional quality at $4.99. Crafted with care, priced to share. In stock – order for delivery today."
Snacks,Salty Snacks,Bugles Ranch (3 oz),16000512580,4٫99,https://drive.google.com/uc?id=1LDA9qcK6--HW6ul76EzLleg5IwR7DYbO,,,,,,,BP-SNA-3OZ-10753,"Quality ingredients, proper process: Bugles Ranch (3 oz) is $4.99. Premium results guaranteed. Order online for curbside pickup."
Snacks,Salty Snacks,Corn Nuts BBQ (4 oz),71159078240,3٫99,https://drive.google.com/uc?id=11SUQw9rtGP3LYbxrTqC4YxFg_cepP6p7,,,,,,,BP-SNA-4OZ-10754,Want Corn Nuts BBQ (4 oz)? Available in your area for $3.99. Order now for same-day delivery.
Snacks,Salty Snacks,Corn Nuts Chile Picante Con Limon (4 oz),71159076550,3٫99,https://drive.google.com/uc?id=1KhpsJztFG523lL78QX0lo65aYUvJEOBd,,,,,,,BP-SNA-4OZ-10755,Party-ready: Corn Nuts Chile Picante Con Limon (4 oz) at $3.99. Order now for next-hour delivery.
Snacks,Salty Snacks,Corn Nuts Original (4 oz),71159078196,3٫99,https://drive.google.com/uc?id=1REzqPfjT8emDCOBfb2yF7trs23jo_ITU,,,,,,,BP-SNA-4OZ-10756,Staff pick: Corn Nuts Original (4 oz) at $3.99. Buy now with free delivery over $50.
Snacks,Salty Snacks,Corn Nuts Ranch (4 oz),71159073115,4٫99,https://drive.google.com/uc?id=1ksJ3kb1BAUGq6drTJTZ27P-RsN495gCB,,,,,,,BP-SNA-4OZ-10757,Smart shoppers choose Corn Nuts Ranch (4 oz) – $4.99 for quality. Fast delivery to your neighborhood.
Snacks,Salty Snacks,Jack Link's Original (1.2 oz),17082000392,3٫99,https://drive.google.com/uc?id=1P73w5z43t5vTSA-WBxyU6vbJ20zZ4ajS,,,,,,,BP-SNA-1.2OZ-10758,Great value alert: Jack Link's Original (1.2 oz) for $3.99. Order now for same-day delivery.
Snacks,Salty Snacks,Jack Link's Premium Cuts Teriyaki (1 oz),17082000736,3٫99,https://drive.google.com/uc?id=1OYS_0L-P4n7s3b8yxzDMJV6pHfHMS2HZ,,,,,,,BP-SNA-1OZ-10759,"Jack Link's Premium Cuts Teriyaki (1 oz) at $3.99. Remarkable through and through. Buy online, enjoy tonight."
Snacks,Salty Snacks,Nabisco Ritz Bits Cheese - Big Bag (3 oz),44000006778,3٫99,https://drive.google.com/uc?id=1-Nvdl1RMVbTTEc6B49r2Xs3VgXR7C19y,,,,,,,BP-SNA-3OZ-10760,Smart shoppers choose Nabisco Ritz Bits Cheese - Big Bag (3 oz) – $3.99 for quality. Get it delivered to your door.
Snacks,Salty Snacks,Nabisco Ritz Bits Peanut Butter - Big Bag (3 oz),44000006785,3٫99,https://drive.google.com/uc?id=1-Nvdl1RMVbTTEc6B49r2Xs3VgXR7C19y,,,,,,,BP-SNA-3OZ-10761,Weeknight winner: Nabisco Ritz Bits Peanut Butter - Big Bag (3 oz) at $3.99. Buy now with free delivery over $50.
Snacks,Salty Snacks,Nut Harvest In Shell - Salted (1.75 oz),28400459587,3٫99,https://drive.google.com/uc?id=1J895Z7Q-hm361J1bgpEyxxZ1FON7I8c_,,,,,,,BP-SNA-1.75OZ-10762,Nut Harvest In Shell - Salted (1.75 oz) at $3.99. Outstanding through and through. Shop online – pickup in-store today.
Snacks,Salty Snacks,Planters Honey Roasted (4 oz),29000012578,2٫99,https://drive.google.com/uc?id=1LuAga-0orBaSJvRPAksnK84_gwba-EC4,,,,,,,BP-SNA-4OZ-10763,Smart shoppers choose Planters Honey Roasted (4 oz) – $2.99 for quality. Fast delivery to your neighborhood.
Snacks,Salty Snacks,Slim Jim Monster Original (1.94 oz),26200140605,4٫99,https://drive.google.com/uc?id=1RdtNiPLtnb4UJFB-QEegdVnbNqPfDFor,,,,,,,BP-SNA-1.94OZ-10764,"Slim Jim Monster Original (1.94 oz) represents remarkable quality at $4.99. Crafted with care, priced to share. Fast delivery to your neighborhood."
Snacks,Salty Snacks,Sun Chips French Onion (7 oz),28400152242,5٫99,https://drive.google.com/uc?id=13PIoMYKFwvsviGgshWjE9flLnb1jDgyQ,,,,,,,BP-SNA-7OZ-10765,Indulge in Sun Chips French Onion (7 oz) for $5.99. Shop online – pickup in-store today.
Snacks,Snack Mixes,Cheetos Crunchy Xxtra Flamin' Hot Cheese Flavored Snacks (2.75 oz),28400589871,6٫99,https://drive.google.com/uc?id=1FljO3Qa_ElNnMoMlMyrZ3xO69t5d66cX,,,,,,,BP-SNA-2.75OZ-10766,Shop Cheetos Crunchy Xxtra Flamin' Hot Cheese Flavored Snacks (2.75 oz) online – $6.99 with local delivery available. Quality quality guaranteed. Available for immediate pickup.
Snacks,Snack Mixes,Chester's Flamin' Hot Fries Flavored Corn & Potato Snacks (8 oz),28400331524,3٫99,https://drive.google.com/uc?id=1s_VP52ije8a4KNbGSbTdYeUu0FuBgtyO,,,,,,,BP-SNA-8OZ-10767,"Chester's Flamin' Hot Fries Flavored Corn & Potato Snacks (8 oz) represents remarkable quality at $3.99. Crafted with care, priced to share. Add to cart for fast local delivery."
Snacks,Snack Mixes,Nut Harvest Nut & Fruit Mix (3 oz),28400459594,2٫99,https://drive.google.com/uc?id=1KK9vr1HklkO_QrQ_2ToaefbiJW3wveXD,,,,,,,BP-SNA-3OZ-10768,Popular choice: Nut Harvest Nut & Fruit Mix (3 oz) at $2.99. Order online for curbside pickup.
Snacks,Snack Mixes,Sabritones Puffed Wheat Snacks Chile & Lime (4 oz),28400190800,2٫99,https://drive.google.com/uc?id=1WU_akHd8EBr0VcC7uwX5x6hJjL3AHDlN,,,,,,,BP-SNA-4OZ-10769,"Sabritones Puffed Wheat Snacks Chile & Lime (4 oz) represents quality quality at $2.99. Crafted with care, priced to share. In stock – order for delivery today."
Snacks,Sweets,Haribo Berries Gummi Candy (5 oz),42238705234,3٫99,https://drive.google.com/uc?id=1hMKIc9sPer6AJKJg4BDOwpjVG4UjBTij,,,,,,,BP-SNA-5OZ-10770,"Haribo Berries Gummi Candy (5 oz) represents quality quality at $3.99. Crafted with care, priced to share. Order now for same-day delivery."
Snacks,Sweets,Haribo Watermelon Gummi Candy (4.1 oz),42238723320,4٫99,https://drive.google.com/uc?id=1CWHPXyFV4Wsm8fO5B_H0a1QjUyU6mJ2q,,,,,,,BP-SNA-4.1OZ-10771,Indulge in Haribo Watermelon Gummi Candy (4.1 oz) for $4.99. Fast delivery to your neighborhood.
Snacks,Sweets,Hostess Coffee Cakes (3 oz),8.88109E+11,3٫99,https://drive.google.com/uc?id=16a6lXeZMPUE-4rsjU6NUOFVNodWOSbMt,,,,,,,BP-SNA-3OZ-10772,Hostess Coffee Cakes (3 oz) at $3.99. Exceptional quality throughout. Get it delivered to your door.
Snacks,Sweets,Hostess Zingers Iced Devil's Food Cake (3 oz),8.88109E+11,4٫99,https://drive.google.com/uc?id=1aiXhQkf35qQC68-EGBIE1fOWkuuoMSGt,,,,,,,BP-SNA-3OZ-10773,Table-ready: Hostess Zingers Iced Devil's Food Cake (3 oz) at $4.99. Delivered fresh to your doorstep.
Snacks,Sweets,Hostess Zingers Vanilla Cakes (3 oz),8.88109E+11,4٫99,https://drive.google.com/uc?id=1qm8ARgJXxSAEB2hpwlDuDf8QUP34a9nM,,,,,,,BP-SNA-3OZ-10774,"Hostess Zingers Vanilla Cakes (3 oz) represents outstanding quality at $4.99. Crafted with care, priced to share. Order online for curbside pickup."
Spiked,Hard Kombucha,JuneShine Blood Orange Mint Cans (12 oz x 6x ct),8.60275E+11,6٫99,https://drive.google.com/uc?id=1DlFBv2_gDUx8TOnzgs8y7v4fkmcoD2iB,,,,,,,BP-SPK-12OZ-10775,"Quality ingredients, proper process: JuneShine Blood Orange Mint Cans (12 oz x 6x ct) is $6.99. Outstanding results guaranteed. Buy online, enjoy tonight."
Spiked,Hard Lemonade,Mike's Hard Lemonade Bottles (12 oz x 6 ct),6.35985E+11,17٫99,https://drive.google.com/uc?id=19jb6Xl_QIXlypH5dzw2hTjrgkpAeT8gN,,,,,,,BP-SPK-12OZ-10776,Want Mike's Hard Lemonade Bottles (12 oz x 6 ct)? Available same-day delivery for $17.99. Shop online – pickup in-store today.
Spiked,Hard Lemonade,Mike's Harder Green Apple Can (16 oz),6.35985E+11,3٫99,https://drive.google.com/uc?id=1-Nvdl1RMVbTTEc6B49r2Xs3VgXR7C19y,,,,,,,BP-SPK-16OZ-10777,Mike's Harder Green Apple Can (16 oz) at $3.99. Exceptional through and through. Buy now with free delivery over $50.
Spiked,Hard Lemonade,Mike's Harder Pineapple Mandarin Can (23.5 oz),6.35985E+11,4٫99,https://drive.google.com/uc?id=1-Nvdl1RMVbTTEc6B49r2Xs3VgXR7C19y,,,,,,,BP-SPK-23.5OZ-10778,Great value alert: Mike's Harder Pineapple Mandarin Can (23.5 oz) for $4.99. Available for immediate pickup.
Spiked,Hard Malt Beverage,Smirnoff Ice Spicy Tamarind Bottles (11.2 oz x 6 ct),82000783534,16٫99,https://drive.google.com/uc?id=1-Nvdl1RMVbTTEc6B49r2Xs3VgXR7C19y,,,,,,,BP-SPK-11.2OZ-10779,Smart shoppers choose Smirnoff Ice Spicy Tamarind Bottles (11.2 oz x 6 ct) – $16.99 for quality. Shop online – pickup in-store today.
Spiked,Malt Liquor,Smirnoff Ice Bottles (11 oz x 6 ct),82000723851,15٫99,https://drive.google.com/uc?id=1EdmM-m4Jt08CzbRjcPX3-JGEKlCVEZ2p,,,,,,,BP-SPK-11OZ-10780,"Quality ingredients, proper process: Smirnoff Ice Bottles (11 oz x 6 ct) is $15.99. Exceptional results guaranteed. Buy now with free delivery over $50."
Spiked,Malt Liquor,Smirnoff Ice Screwdriver Bottle (24 oz),82000757481,15٫99,https://drive.google.com/uc?id=10NK228H5T0a8yj18yqy7g9y2sf4IWPNQ,,,,,,,BP-SPK-24OZ-10781,Smart shoppers choose Smirnoff Ice Screwdriver Bottle (24 oz) – $15.99 for quality. Order online for curbside pickup.
Spiked,RTD Cocktails,BuzzBallz Biggies Tequila 'Rita (1.75LT),8.51091E+11,29٫99,https://drive.google.com/uc?id=1poQVoKCr_HhDHx7A4XUoCa4EKYe7ovfh,,,,,,,BP-SPK-1.75L-10782,Handle-size value: BuzzBallz Biggies Tequila 'Rita (1.75LT) at $29.99. More premium spiked per dollar. Available fast shipping. Order now for same-day delivery.
Spiked,RTD Cocktails,Buzzballz Chocolate Tease Bottles (200 ml),8.51091E+11,29٫99,https://drive.google.com/uc?id=1WcaVvx1TM6ELvv_T1yy6APhYYSRRJFuX,,,,,,,BP-SPK-200-10783,"Right-size portion: Buzzballz Chocolate Tease Bottles (200 ml) for $29.99. Quality quality, perfect quantity. Available quick delivery. Shop online – pickup in-store today."
Spiked,RTD Cocktails,BuzzBallz Cran Blaster (200 ml),8.57641E+11,4٫99,https://drive.google.com/uc?id=1Z5t0y3ddqYCa4uTw8lgPeai74Lh_XdET,,,,,,,BP-SPK-200-10784,Great value alert: BuzzBallz Cran Blaster (200 ml) for $4.99. Get it delivered to your door.
Spiked,RTD Cocktails,BuzzBallz Forbidden Apple (200 ml),8.57641E+11,4٫99,https://drive.google.com/uc?id=11ofYeD5tWbj0qKqZt3pjjxRYspj_4voe,,,,,,,BP-SPK-200-10785,Want BuzzBallz Forbidden Apple (200 ml)? Available neighborhood liquor store for $4.99. Fast delivery to your neighborhood.
Spiked,RTD Cocktails,Buzzballz Horchata (200 ml),8.5453E+11,4٫99,,,,,,,,BP-SPK-200-10786,Bring this to any gathering: Buzzballz Horchata (200 ml) at $4.99. Delivered fresh to your doorstep.
Spiked,RTD Cocktails,BuzzBallz Lotta Colada (200 ml),8.57641E+11,5٫99,https://drive.google.com/uc?id=1ADA6JHfNld9GHfhd0mGOZGGiBwlYddLr,,,,,,,BP-SPK-200-10787,BuzzBallz Lotta Colada (200 ml) at $5.99. Premium through and through. Buy now with free delivery over $50.
Spiked,RTD Cocktails,Buzzballz Peachballz Bottles (200 ml),8.57641E+11,4٫99,https://drive.google.com/uc?id=1JB0sQLasB-Sz5r0_AImfHstACjb3Hqa5,,,,,,,BP-SPK-200-10788,Smart shoppers choose Buzzballz Peachballz Bottles (200 ml) – $4.99 for quality. Add to cart for fast local delivery.
Spiked,RTD Cocktails,BuzzBallz Tequila 'Rita (200 ml),8.57641E+11,4٫99,https://drive.google.com/uc?id=1KO4l0Jct_9YEFZw1LLSAf_zVMlD_jXWW,,,,,,,BP-SPK-200-10789,Bring to the party BuzzBallz Tequila 'Rita (200 ml) for $4.99. In stock – order for delivery today.
Spiked,RTD Cocktails,BuzzBallz Watermelon Smash (200 ml),8.552E+11,4٫99,https://drive.google.com/uc?id=1dlyveR4wnn7bX0ENcPx7k00BOmLzqhAk,,,,,,,BP-SPK-200-10790,Great value alert: BuzzBallz Watermelon Smash (200 ml) for $4.99. Add to cart for fast local delivery.
Spiked,RTD Cocktails,Crown Royal Peach Tea Canadian Whisky Cocktail Cans (12 oz x 4 ct),82000796213,15٫99,https://drive.google.com/uc?id=1POBNHnAlzRE4ego6M7Hzq-o3tAn2-RIm,,,,,,,BP-SPK-12OZ-10791,"Crown Royal Peach Tea Canadian Whisky Cocktail Cans (12 oz x 4 ct) represents remarkable quality at $15.99. Crafted with care, priced to share. Delivered fresh to your doorstep."
Spiked,RTD Cocktails,Crown Royal Washington Apple Canadian Whisky Cocktail Cans (12 oz x 4 ct),82000796237,15٫99,https://drive.google.com/uc?id=1CdefjEPRj2r7mdZgOvJOdW37xeKSXu3v,,,,,,,BP-SPK-12OZ-10792,Great value alert: Crown Royal Washington Apple Canadian Whisky Cocktail Cans (12 oz x 4 ct) for $15.99. Buy now with free delivery over $50.
Spiked,RTD Cocktails,Cutwater Cocktails Lime Margarita Cans (12 oz x 4 ct),8.16751E+11,17٫99,https://drive.google.com/uc?id=185BXb74OAiuwcTnL2WXhwMBItLeeeH0B,,,,,,,BP-SPK-12OZ-10793,"Quality ingredients, proper process: Cutwater Cocktails Lime Margarita Cans (12 oz x 4 ct) is $17.99. Outstanding results guaranteed. Delivered fresh to your doorstep."
Spiked,RTD Cocktails,Cutwater Mango Margarita Cans (12 oz x 4 ct),8.16751E+11,17٫99,https://drive.google.com/uc?id=1L8UHXxG7vHLyUw-3wzEd69FkCIbCYw8e,,,,,,,BP-SPK-12OZ-10794,"Quality ingredients, proper process: Cutwater Mango Margarita Cans (12 oz x 4 ct) is $17.99. Quality results guaranteed. Get it delivered to your door."
Spiked,RTD Cocktails,Cutwater Spicy Bloody Mary Bottles (12 oz x 4 ct),8.16751E+11,8٫99,https://drive.google.com/uc?id=1Gy9YVCeoN0UQs-nhxUONvGjUKiP6nzYr,,,,,,,BP-SPK-12OZ-10795,"Stock up special: Cutwater Spicy Bloody Mary Bottles (12 oz x 4 ct) is just $8.99. Multiple units of quality quality. Available neighborhood liquor store. Buy online, enjoy tonight."
Spiked,RTD Cocktails,Cutwater Spirits Grapefruit Tequila Paloma Cocktail Can (12 oz),8.16751E+11,4٫99,https://drive.google.com/uc?id=11jTpw0cpfkEcl1upvrTOK6avs_fus_FZ,,,,,,,BP-SPK-12OZ-10796,Shop Cutwater Spirits Grapefruit Tequila Paloma Cocktail Can (12 oz) online – $4.99 with quick delivery. Remarkable quality guaranteed. Shop online – pickup in-store today.
Spiked,RTD Cocktails,Cutwater Spirits Spicy Bloody Mary Cans (12 oz x 4 ct),8.16751E+11,4٫99,https://drive.google.com/uc?id=1SsW3xTs_cJMO28MRIjsaoxtoera5ixGv,,,,,,,BP-SPK-12OZ-10797,Cutwater Spirits Spicy Bloody Mary Cans (12 oz x 4 ct) at $4.99. Premium quality throughout. In stock – order for delivery today.
Spiked,RTD Cocktails,Cutwater Tiki Rum Mai Tai Can (12 oz),8.16751E+11,17٫99,https://drive.google.com/uc?id=12axFlB9adx347LhpNwxLRySOPyNaf6NH,,,,,,,BP-SPK-12OZ-10798,Shop Cutwater Tiki Rum Mai Tai Can (12 oz) online – $17.99 with in your area. Premium quality guaranteed. Get it delivered to your door.
Spiked,RTD Cocktails,High Noon Sun Sips Vodka & Soda Black Cherry (355 ml),85000429273,13٫99,https://drive.google.com/uc?id=1ZfBZ9y3qGoYZmkf52wns362BoYOYuk72,,,,,,,BP-SPK-355-10799,Shop High Noon Sun Sips Vodka & Soda Black Cherry (355 ml) online – $13.99 with quick delivery. Exceptional quality guaranteed. Order online for curbside pickup.
Spiked,RTD Cocktails,High Noon Sun Sips Vodka & Soda Pineapple (355 ml),85000034484,6٫99,https://drive.google.com/uc?id=15yCCZRgUt1q2CICpJsBUjKpX_rzQeHHN,,,,,,,BP-SPK-355-10800,Want High Noon Sun Sips Vodka & Soda Pineapple (355 ml)? Available same-day delivery for $6.99. Buy now with free delivery over $50.
Spiked,RTD Cocktails,High Noon Sun Sips Vodka & Soda Watermelon (355 ml),85000429259,13٫99,https://drive.google.com/uc?id=1P2uq_TII6D-jfwaxLMjBHfXtCdOAl97B,,,,,,,BP-SPK-355-10801,Indulge in High Noon Sun Sips Vodka & Soda Watermelon (355 ml) for $13.99. Available for immediate pickup.
Spiked,RTD Cocktails,Jose Cuervo Auth Lime Marg Bottles (1.75 L),8.11538E+11,21٫99,https://drive.google.com/uc?id=17z5gjKyQGEar6NifpHaMBQKorqiaJlDF,,,,,,,BP-SPK-1.75L-10802,"Quality ingredients, proper process: Jose Cuervo Auth Lime Marg Bottles (1.75 L) is $21.99. Remarkable results guaranteed. Buy online, enjoy tonight."
Spiked,RTD Cocktails,Ketel One Botanical Peach & Orange Blossom Vodka Spritz Cans (12 oz x 4 ct),88076185098,16٫99,https://drive.google.com/uc?id=1NQJohYDW0E04bID-KzvSW8bfS9lIfL2y,,,,,,,BP-SPK-12OZ-10803,Bring to the party Ketel One Botanical Peach & Orange Blossom Vodka Spritz Cans (12 oz x 4 ct) for $16.99. Fast delivery to your neighborhood.
Spiked,RTD Cocktails,Ketel One Botanical Vodka Spritz Cucumber & Mint Can (12 oz),88076185067,4٫99,https://drive.google.com/uc?id=1HBk3E4UGHb6ZqYiAaqounGZV-ea8P-bO,,,,,,,BP-SPK-12OZ-10804,Smart shoppers choose Ketel One Botanical Vodka Spritz Cucumber & Mint Can (12 oz) – $4.99 for quality. Order now for next-hour delivery.
Spiked,RTD Cocktails,Ketel One Botanical Vodka Spritz Grapefruit & Rose Cans (12 oz x 4 ct),88076185050,15٫99,https://drive.google.com/uc?id=1N8cbf2fgpvvXOizcaHY_JW9_cqb8uSGv,,,,,,,BP-SPK-12OZ-10805,Great value alert: Ketel One Botanical Vodka Spritz Grapefruit & Rose Cans (12 oz x 4 ct) for $15.99. Order now for same-day delivery.
Spiked,RTD Cocktails,Monaco Tequila Sun Crush Cocktail Can (12 oz),8.91278E+11,3٫99,https://drive.google.com/uc?id=1-Nvdl1RMVbTTEc6B49r2Xs3VgXR7C19y,,,,,,,BP-SPK-12OZ-10806,"Right-size portion: Monaco Tequila Sun Crush Cocktail Can (12 oz) for $3.99. Premium quality, perfect quantity. Available neighborhood liquor store. Get it delivered to your door."
Spiked,RTD Cocktails,On The Rocks Basil Hayden's The Manhattan Bottle (375 ml),8.5588E+11,16٫99,https://drive.google.com/uc?id=1-Nvdl1RMVbTTEc6B49r2Xs3VgXR7C19y,,,,,,,BP-SPK-375-10807,Smart shoppers choose On The Rocks Basil Hayden's The Manhattan Bottle (375 ml) – $16.99 for quality. Get it delivered to your door.
Spiked,RTD Cocktails,On the Rocks Cocktails Hornitos Margarita (375 ml x 4 ct),8.5588E+11,8٫99,https://drive.google.com/uc?id=1FBcr1_jvTUjvs7J4RguZJYr8vFhB5-Kx,,,,,,,BP-SPK-375-10808,Highly rated: On the Rocks Cocktails Hornitos Margarita (375 ml x 4 ct) at $8.99. Order now for next-hour delivery.
Spiked,RTD Cocktails,Rancho La Gloria Margarita De Agave (750 ml),8.69671E+11,11٫99,https://drive.google.com/uc?id=16FCON8wEda26xreqrfaNMEnJfsD3RnYo,,,,,,,BP-SPK-750-10809,Show up in style with: Rancho La Gloria Margarita De Agave (750 ml) at $11.99. Order online for curbside pickup.
Spiked,RTD Cocktails,The Club Gin Martini Bottle (200 ml),88004037864,3٫99,,,,,,,,BP-SPK-200-10810,"The Club Gin Martini Bottle (200 ml) represents outstanding quality at $3.99. Crafted with care, priced to share. Add to cart for fast local delivery."
Spiked,RTD Cocktails,The Club Margarita Can (200 ml),88004037840,3٫99,https://drive.google.com/uc?id=10ZHhzu_WmgnBeSvc_3tfGdc9Phlwf2Ds,,,,,,,BP-SPK-200-10811,Great value alert: The Club Margarita Can (200 ml) for $3.99. Add to cart for fast local delivery.
Spiked,RTD Cocktails,The Club Mudslide Bottle (200 ml),88004037901,3٫99,https://drive.google.com/uc?id=1dQQOimONjSxTNw-geNcFQtCwwIY_i1m4,,,,,,,BP-SPK-200-10812,"Great value alert: The Club Mudslide Bottle (200 ml) for $3.99. Buy online, enjoy tonight."
Spiked,RTD Cocktails,The Finnish Long Drink Traditional Can (355 ml),8.60272E+11,21٫99,https://drive.google.com/uc?id=1-Nvdl1RMVbTTEc6B49r2Xs3VgXR7C19y,,,,,,,BP-SPK-355-10813,"Right-size portion: The Finnish Long Drink Traditional Can (355 ml) for $21.99. Quality quality, perfect quantity. Available neighborhood liquor store. Available for immediate pickup."
Spiked,RTD Cocktails,The Finnish Long Drink Traditional Cans (12 oz x 6 ct),8.60272E+11,21٫99,https://drive.google.com/uc?id=1-Nvdl1RMVbTTEc6B49r2Xs3VgXR7C19y,,,,,,,BP-SPK-12OZ-10814,Shop The Finnish Long Drink Traditional Cans (12 oz x 6 ct) online – $21.99 with near you. Quality quality guaranteed. Add to cart for fast local delivery.
Spirits,,Chum Churum Peach Soju Bottle (375 ml),6.49242E+11,7٫99,,,,,,,,BP-SPI-375-10815,"Chum Churum Peach Soju Bottle (375 ml) represents exceptional quality at $7.99. Crafted with care, priced to share. In stock – order for delivery today."
Tequila,Anejo,Casamigos Anejo (50 ml),8.56724E+11,10٫99,https://drive.google.com/uc?id=1XUswmyBOCQlRkf80ONsZ6e3TWyOKuLp4,,,,,,,BP-TEQ-50-10816,100% blue weber agave: Casamigos Anejo (50 ml) for $10.99. Pure distillation creates clean flavor. In stock – order for delivery today.
Tequila,Anejo,Don Julio 1942 Tequila (750 ml),6.74545E+11,237٫99,https://drive.google.com/uc?id=1QBG85t_qQkHPe6TwiwFv50vNGz3v3nI4,,,,,,,BP-TEQ-750-10817,Experience Don Julio 1942 Tequila (750 ml) at $237.99. This neutral spirit is a neat sipper. Fast delivery to your neighborhood.
Tequila,Anejo,Don Julio Anejo 70th Anniversary (750 ml),6.74545E+11,111٫99,https://drive.google.com/uc?id=16D56XtFUXvYnWJHNpBEmXbNRw7mM3QRg,,,,,,,BP-TEQ-750-10818,Standard bottle size: Don Julio Anejo 70th Anniversary (750 ml) is $111.99. Clean tequila in classic format. Available same-day delivery. Add to cart for fast local delivery.
Tequila,Anejo,Don Julio Anejo Tequila (50 ml),6.74545E+11,10٫99,https://drive.google.com/uc?id=15jcHZL9ENLCuMNxyBD6YwogZvsc2jPnr,,,,,,,BP-TEQ-50-10819,"Table-ready: Don Julio Anejo Tequila (50 ml) is $10.99 well-spent. This clean spirit elevates any occasion. Buy online, enjoy tonight."
Tequila,Anejo,Milagro Anejo (750 ml),83664868971,48٫99,https://drive.google.com/uc?id=1Ttgl-ANG2-XAtSBzOt_AtKcww04q4FVF,,,,,,,BP-TEQ-750-10820,100% blue weber agave: Milagro Anejo (750 ml) for $48.99. Pure distillation creates clean flavor. Order now for next-hour delivery.
Tequila,Anejo,Patron Anejo (50 ml),7.21733E+11,10٫99,https://drive.google.com/uc?id=1WQoh9cVMeQvYvrP8k40pqIKvcExNnKOF,,,,,,,BP-TEQ-50-10821,"100% blue weber agave: Patron Anejo (50 ml) for $10.99. Pure distillation creates clean flavor. Buy online, enjoy tonight."
Tequila,Anejo,Patron Anejo (750 ml),7.21733E+11,78٫99,https://drive.google.com/uc?id=1D_ijmXuhwtNFawDO1lFCvWK1dj1_-yMC,,,,,,,BP-TEQ-750-10822,"Patron Anejo (750 ml): 100% agave from Jalisco, Mexico ($78.99). Neutral tequila crafted with tradition. Add to cart for fast local delivery."
Tequila,Anejo,Tequila Don Julio Anejo (750 ml),6.74545E+11,179٫99,https://drive.google.com/uc?id=1AbiY7Ahwtz-iW6wD4xi063OkzbPgbZ1D,,,,,,,BP-TEQ-750-10823,"Pure agave flavor shines: Tequila Don Julio Anejo (750 ml) at $179.99. Earthy, versatile, with hints of pepper and citrus. Shop online – pickup in-store today."
Tequila,Blanco/Silver,1800 Tequila Reserva Silver (375 ml),8.11538E+11,36٫99,https://drive.google.com/uc?id=1XKeDFpK02JWteHvSAtubpdPgjZozBNHx,,,,,,,BP-TEQ-375-10824,Indulge in 1800 Tequila Reserva Silver (375 ml) at $36.99. This premium spirit is a entertaining must-have. Buy now with free delivery over $50.
Tequila,Blanco/Silver,818 Tequila Blanco Bottle (750 ml),1.95894E+11,44٫99,https://drive.google.com/uc?id=10PggV_SAyBwBZR97iRJqW7_tP582kri2,,,,,,,BP-TEQ-750-10825,"Top-shelf taste, bottom-shelf price: 818 Tequila Blanco Bottle (750 ml) at $44.99. This silky spirit punches above its weight. Buy now with free delivery over $50."
Tequila,Blanco/Silver,Camarena Tequila Silver (750 ml),85000017326,29٫99,https://drive.google.com/uc?id=1EBgnWW38Ip7yeCOtve4P0ZHl-O9YIQmx,,,,,,,BP-TEQ-750-10826,Table-ready: Camarena Tequila Silver (750 ml) is $29.99 well-spent. This premium spirit elevates any occasion. Order now for next-hour delivery.
Tequila,Blanco/Silver,Casamigos Blanco Tequila (50 ml),8.56724E+11,7٫99,https://drive.google.com/uc?id=1MxMvvjl9Crh5uN_8gDGq9W15c9saKaEr,,,,,,,BP-TEQ-50-10827,"Right-size portion: Casamigos Blanco Tequila (50 ml) for $7.99. Pure quality, perfect quantity. Available same-day delivery. Delivered fresh to your doorstep."
Tequila,Blanco/Silver,Cazadores Blanco (50 ml),80480983512,3٫99,https://drive.google.com/uc?id=13z5oZ-7Cb53EnsSgZm7EpkcgtmldlUa9,,,,,,,BP-TEQ-50-10828,"Pure agave flavor shines: Cazadores Blanco (50 ml) at $3.99. Earthy, silky, with hints of pepper and citrus. Add to cart for fast local delivery."
Tequila,Blanco/Silver,Don Julio Blanco 1.75L,6.74545E+11,156٫99,https://drive.google.com/uc?id=1sCXSJUHxgwOXFZ9BzUewTPBqasUkU9fN,,,,,,,BP-TEQ-1.75L-10829,Bring to the party Don Julio Blanco 1.75L at $156.99. This premium spirit is a gift-worthy bottle. In stock – order for delivery today.
Tequila,Blanco/Silver,Don Julio Blanco Tequila (375 ml),6.74545E+11,27٫99,https://drive.google.com/uc?id=14w-fVVXs9mxLSzl1hV2ZQnN6tWcIHyG5,,,,,,,BP-TEQ-375-10830,"Don Julio Blanco Tequila (375 ml): 100% agave from Jalisco, Mexico ($27.99). Pristine tequila crafted with tradition. Buy online, enjoy tonight."
Tequila,Blanco/Silver,El Jimador Blanco (750 ml),7.44607E+11,27٫99,https://drive.google.com/uc?id=1BFBuQF7sSROfpUwfyEbHk2-DkcImlXun,,,,,,,BP-TEQ-750-10831,100% blue weber agave: El Jimador Blanco (750 ml) for $27.99. Neutral distillation creates clean flavor. Fast delivery to your neighborhood.
Tequila,Blanco/Silver,El Jimador Tequila Silver (200 ml),7.44607E+11,8٫99,https://drive.google.com/uc?id=1EVErSIIsYWr15GfevAoE4YRk1nxeLaa4,,,,,,,BP-TEQ-200-10832,"Shop El Jimador Tequila Silver (200 ml) online – $8.99 with neighborhood liquor store. Versatile spirit, unbeatable price. Fast delivery to your neighborhood."
Tequila,Blanco/Silver,el Jimador Tequila Silver (50 ml),7.44607E+11,29٫99,https://drive.google.com/uc?id=1WVvhWIxF4amxhJ4-VXdE_7oXFTx7Vq03,,,,,,,BP-TEQ-50-10833,"Pure agave flavor shines: el Jimador Tequila Silver (50 ml) at $29.99. Earthy, silky, with hints of pepper and citrus. Add to cart for fast local delivery."
Tequila,Blanco/Silver,Espolon Blanco Tequila (750 ml),7.2106E+11,33٫99,https://drive.google.com/uc?id=1WeVyW3TOyr2wpFNQMSlEdkNYe1c_gc5S,,,,,,,BP-TEQ-750-10834,Local bestseller: Espolon Blanco Tequila (750 ml) brings pure quality for $33.99. A go-to for home bartenders. Delivered fresh to your doorstep.
Tequila,Blanco/Silver,Herradura Blanco Tequila (750 ml),7.44607E+11,55٫99,https://drive.google.com/uc?id=16aOUz1LrCzaPP0Jk2-0f5ccBS-o5jt25,,,,,,,BP-TEQ-750-10835,100% blue weber agave: Herradura Blanco Tequila (750 ml) for $55.99. Premium distillation creates clean flavor. Available for immediate pickup.
Tequila,Blanco/Silver,Jose Cuervo Especial Tequila Silver (200 ml),8.11538E+11,20٫99,https://drive.google.com/uc?id=13DiVw19c1aj4bOTZcGBZns4GDw5S1y8M,,,,,,,BP-TEQ-200-10836,Jose Cuervo Especial Tequila Silver (200 ml): silky blanco tequila at $20.99. Pure agave flavor – perfect for margaritas. Fast delivery to your neighborhood.
Tequila,Blanco/Silver,LALO Blanco Tequila (750 ml),8.11041E+11,58٫99,https://drive.google.com/uc?id=1-Nvdl1RMVbTTEc6B49r2Xs3VgXR7C19y,,,,,,,BP-TEQ-750-10837,"LALO Blanco Tequila (750 ml): 100% agave from Jalisco, Mexico ($58.99). Clean tequila crafted with tradition. Order online for curbside pickup."
Tequila,Blanco/Silver,Milagro Silver (750 ml),83664868919,33٫99,https://drive.google.com/uc?id=1Wz2vKAHCIs54XaguMm1yd4WogR_3p-u9,,,,,,,BP-TEQ-750-10838,Crowd-pleaser: Milagro Silver (750 ml) is $33.99 well-spent. This silky spirit elevates any occasion. Order online for curbside pickup.
Tequila,Blanco/Silver,Patron Silver (1.75 L),7.21733E+11,138٫99,https://drive.google.com/uc?id=1P1j03HzUKQKEzDiGCqqDSRTo_2taZNGs,,,,,,,BP-TEQ-1.75L-10839,Dinner party essential: Patron Silver (1.75 L) is $138.99 well-spent. This crisp spirit elevates any occasion. Add to cart for fast local delivery.
Tequila,Blanco/Silver,Patron Silver (200 ml),7.21733E+11,20٫99,https://drive.google.com/uc?id=1Wfy-1nfx738b2I-oP7X7ZdBaz-Y2TDrb,,,,,,,BP-TEQ-200-10840,"Shop Patron Silver (200 ml) online – $20.99 with order online. Versatile spirit, unbeatable price. Delivered fresh to your doorstep."
Tequila,Blanco/Silver,Patron Silver (375 ml),7.21733E+11,31٫99,https://drive.google.com/uc?id=1nWyjYkfvVqSGrKSOaUjOvJxiwuoTVOd7,,,,,,,BP-TEQ-375-10841,"Shop Patron Silver (375 ml) online – $31.99 with near you. Crisp spirit, unbeatable price. Delivered fresh to your doorstep."
Tequila,Blanco/Silver,Patron Silver (750 ml),7.21733E+11,61٫99,https://drive.google.com/uc?id=1dPUTrRQp7skISXYs7vet3wGF-LMXNcMk,,,,,,,BP-TEQ-750-10842,"Pure agave flavor shines: Patron Silver (750 ml) at $61.99. Earthy, crisp, with hints of pepper and citrus. Available for immediate pickup."
Tequila,Blanco/Silver,Teremana Blanco Bottle (375 ml),8.50016E+11,22٫99,https://drive.google.com/uc?id=1-Nvdl1RMVbTTEc6B49r2Xs3VgXR7C19y,,,,,,,BP-TEQ-375-10843,Indulge in Teremana Blanco Bottle (375 ml) at $22.99. This clean spirit is a mixology staple. Shop online – pickup in-store today.
Tequila,Blanco/Silver,Teremana Tequila Blanco (750 ml),8.50016E+11,44٫99,https://drive.google.com/uc?id=1uZrEgA-3Rpl2hJKhrAJSdI4L6jk-uiCo,,,,,,,BP-TEQ-750-10844,Teremana Tequila Blanco (750 ml): pure blanco tequila at $44.99. Pure agave flavor – perfect for margaritas. Available for immediate pickup.
Tequila,Mezcal,Clase Azul Mezcal Durango Tequila (750 ml),81240501106,447٫99,https://drive.google.com/uc?id=1_3fcWZFAAZTQZcjdgU8QTSRf5PYHBaoL,,,,,,,BP-TEQ-750-10845,"Pure agave flavor shines: Clase Azul Mezcal Durango Tequila (750 ml) at $447.99. Earthy, neutral, with hints of pepper and citrus. In stock – order for delivery today."
Tequila,Mezcal,Del Maguey Vida Mezcal (750 ml),6.18397E+11,49٫99,https://drive.google.com/uc?id=15dLLlddNz-Lvxj4AyNANtgWIhlK6qixh,,,,,,,BP-TEQ-750-10846,Del Maguey Vida Mezcal (750 ml): clean tequila for $49.99. Cocktails or shots – your choice. Buy now with free delivery over $50.
Tequila,Mezcal,El Silencio Mezcal Espadin (750 ml),8.63415E+11,39٫99,https://drive.google.com/uc?id=1Utt0P38Nzgr2l2FV77qy_uy174WDH59R,,,,,,,BP-TEQ-750-10847,"Pure agave flavor shines: El Silencio Mezcal Espadin (750 ml) at $39.99. Earthy, pure, with hints of pepper and citrus. Order now for next-hour delivery."
Tequila,Reposado,Altos Reposado Tequila (750 ml),80432106853,36٫99,https://drive.google.com/uc?id=1R6ILmKdl5q0pIWpJN8ZqHrQHbT3dTgQp,,,,,,,BP-TEQ-750-10848,"Altos Reposado Tequila (750 ml): 100% agave from Jalisco, Mexico ($36.99). Silky tequila crafted with tradition. Delivered fresh to your doorstep."
Tequila,Reposado,Casamigos Reposado (1.75 L),8.56724E+11,156٫99,https://drive.google.com/uc?id=1wY0bYlmXybxYDqBkimPUsgOpdISWm8Ts,,,,,,,BP-TEQ-1.75L-10849,100% blue weber agave: Casamigos Reposado (1.75 L) for $156.99. Premium distillation creates clean flavor. Order now for same-day delivery.
Tequila,Reposado,Casamigos Reposado Tequila (375 ml),8.56724E+11,33٫99,https://drive.google.com/uc?id=17UQ2RJ3x8RhhJAUKfYxWrw86L_s6q_vd,,,,,,,BP-TEQ-375-10850,"Top-shelf taste, bottom-shelf price: Casamigos Reposado Tequila (375 ml) at $33.99. This premium spirit punches above its weight. Buy now with free delivery over $50."
Tequila,Reposado,Cazadores Reposada Tequila (375 ml),80480170035,21٫99,https://drive.google.com/uc?id=1E-JKQxccqy8t7f57KHcB4dELKrj8zIDC,,,,,,,BP-TEQ-375-10851,Searching for pristine tequila online? Cazadores Reposada Tequila (375 ml) is local delivery available at $21.99. Perfect for cocktails or neat. Order now for same-day delivery.
Tequila,Reposado,Cazadores Reposado (200 ml),80480170127,11٫99,https://drive.google.com/uc?id=1LJ3tBoUzaZB1eGwiS4o5ET3_9oKgINln,,,,,,,BP-TEQ-200-10852,"Right-size portion: Cazadores Reposado (200 ml) for $11.99. Neutral quality, perfect quantity. Available near you. In stock – order for delivery today."
Tequila,Reposado,Clase Azul Reposado Tequila (750 ml),81240049523,134٫99,https://drive.google.com/uc?id=1UM93mg6wCY15rxwxEgzFbZkhq957T-uT,,,,,,,BP-TEQ-750-10853,Searching for neutral tequila online? Clase Azul Reposado Tequila (750 ml) is same-day delivery at $134.99. Perfect for cocktails or neat. Add to cart for fast local delivery.
Tequila,Reposado,Corralejo Reposado Tequila (750 ml),7.20816E+11,39٫99,https://drive.google.com/uc?id=1FhPKG5CeT7NOdskU6PHBULXDiKjDiDVI,,,,,,,BP-TEQ-750-10854,"Pure agave flavor shines: Corralejo Reposado Tequila (750 ml) at $39.99. Earthy, pure, with hints of pepper and citrus. Order now for same-day delivery."
Tequila,Reposado,Don Julio Reposado Tequila (375 ml),6.74545E+11,40٫99,https://drive.google.com/uc?id=1wMO7zw_YFT3Kp4yPNiTYjDAMvfvGgzU7,,,,,,,BP-TEQ-375-10855,"Top-shelf taste, bottom-shelf price: Don Julio Reposado Tequila (375 ml) at $40.99. This versatile spirit punches above its weight. Order now for next-hour delivery."
Tequila,Reposado,Don Julio Reposado Tequila (50 ml),6.74545E+11,8٫99,https://drive.google.com/uc?id=1FWtvTDWi8TAQLXQqiotz-qsSF81SLT0p,,,,,,,BP-TEQ-50-10856,"Shop Don Julio Reposado Tequila (50 ml) online – $8.99 with local delivery available. Silky spirit, unbeatable price. Order now for next-hour delivery."
Tequila,Reposado,Espolon Reposado Tequila (750 ml),7.21059E+11,49٫99,https://drive.google.com/uc?id=1fo5mLi_DPus3jylXIm67MtPvY9RsB-9Z,,,,,,,BP-TEQ-750-10857,"Top-shelf taste, bottom-shelf price: Espolon Reposado Tequila (750 ml) at $49.99. This premium spirit punches above its weight. Delivered fresh to your doorstep."
Tequila,Reposado,Hornitos Reposado Tequila (750 ml),80686835028,31٫99,https://drive.google.com/uc?id=15JenD_fuo95gGOydrfP61RQgOAHH-yG-,,,,,,,BP-TEQ-750-10858,"Shop Hornitos Reposado Tequila (750 ml) online – $31.99 with local delivery available. Clean spirit, unbeatable price. Buy online, enjoy tonight."
Tequila,Reposado,Patron Reposado (200 ml),7.21733E+11,22٫99,https://drive.google.com/uc?id=1AF_7SlDR9D7pIVOvUYYUvIjyfwnvPXhP,,,,,,,BP-TEQ-200-10859,"Top-shelf taste, bottom-shelf price: Patron Reposado (200 ml) at $22.99. This pristine spirit punches above its weight. Order online for curbside pickup."
Tequila,Reposado,Patron Reposado (375 ml),7.21733E+11,33٫99,https://drive.google.com/uc?id=194_PxhtGiJ1dMiTAZ70hnXP6CaO3yg_3,,,,,,,BP-TEQ-375-10860,"Shop Patron Reposado (375 ml) online – $33.99 with local delivery available. Clean spirit, unbeatable price. Order now for same-day delivery."
Tequila,Reposado,Reposado Lovers,7.36041E+11,50٫99,https://drive.google.com/uc?id=1iFprR38Z3hlMs-BTzWq7wWagDjUFk-QK,,,,,,,BP-TEQ-000-10861,Customer favorite: Reposado Lovers brings pure quality for $50.99. A go-to for home bartenders. Shop online – pickup in-store today.
Tequila,Reposado,Sauza Hornitos Reposado Tequila (200 ml),80686835066,12٫99,https://drive.google.com/uc?id=16s7XGMsczjdNy0FNL6oQLIkOSww3xPbe,,,,,,,BP-TEQ-200-10862,Searching for premium tequila online? Sauza Hornitos Reposado Tequila (200 ml) is near you at $12.99. Perfect for cocktails or neat. Order now for same-day delivery.
Tequila,Reposado,Teremana Tequila Reposado (750 ml),8.50016E+11,51٫99,https://drive.google.com/uc?id=11b2wwoi0HNn1ruKBF_XuX4a94JxNJC-t,,,,,,,BP-TEQ-750-10863,Customer favorite: Teremana Tequila Reposado (750 ml) brings pristine quality for $51.99. A go-to for home bartenders. Buy now with free delivery over $50.
Tequila,Tequila,Hornitos Plata Tequila (750 ml),80686835325,30٫99,https://drive.google.com/uc?id=16Qxx8qeZV3hlh8aIU16L1uTk8k9_cbD2,,,,,,,BP-TEQ-750-10864,Premium tequila doesn't mean premium prices – Hornitos Plata Tequila (750 ml) is $30.99. Pristine character included. Order online for curbside pickup.
Tequila,Tequila,Jose Cuervo Gold (200 ml),8.11538E+11,8٫99,https://drive.google.com/uc?id=1PnO5CauYaaYnQwWzfzaZf3xn6qNFPV6F,,,,,,,BP-TEQ-200-10865,"Jose Cuervo Gold (200 ml): 100% agave from Jalisco, Mexico ($8.99). Silky tequila crafted with tradition. Order online for curbside pickup."
Tequila,Tequila,Sauza Hornitos Plata Tequila (375 ml),80686835349,44٫99,https://drive.google.com/uc?id=1JgY_cp21dJxylqHDMdMGKcojaAOo9Kyn,,,,,,,BP-TEQ-375-10866,Premium tequila doesn't mean premium prices – Sauza Hornitos Plata Tequila (375 ml) is $44.99. Premium character included. Order now for same-day delivery.
Vitamins,,Morning Recovery Sugar Free Bottle (100 ml),8.64515E+11,6٫99,,,,,,,,BP-VIT-100-10867,Stock up on Morning Recovery Sugar Free Bottle (100 ml) for $6.99. Shop online – pickup in-store today.
Vodka,Flavored Vodka,Absolut Apeach (750 ml),8.35229E+11,29٫99,https://drive.google.com/uc?id=1YxuIknnsPMQJ7P4OP2cmfB8JsUnl3Mql,,,,,,,BP-VOD-750-10868,"Crystal clear, premium smooth: Absolut Apeach (750 ml) is $29.99. Neutral canvas for any cocktail. Buy online, enjoy tonight."
Vodka,Flavored Vodka,Absolut Country of Sweden Mandarin Vodka (50 ml),8.35229E+11,33٫99,https://drive.google.com/uc?id=1BVHJxG7820h_-Mger0njXa72FrSnHbpZ,,,,,,,BP-VOD-50-10869,Customer favorite: Absolut Country of Sweden Mandarin Vodka (50 ml) brings pure quality for $33.99. A go-to for home bartenders. Shop online – pickup in-store today.
Vodka,Flavored Vodka,Ciroc Pineapple Vodka (375 ml),88076179073,19٫99,https://drive.google.com/uc?id=12pFOqzH1GsyAZGsDOqc8p0S0i2ETGeKT,,,,,,,BP-VOD-375-10870,Premium vodka doesn't mean premium prices – Ciroc Pineapple Vodka (375 ml) is $19.99. Silky character included. Shop online – pickup in-store today.
Vodka,Flavored Vodka,Ciroc Vodka Peach (375 ml),88076177390,22٫99,https://drive.google.com/uc?id=10G7Z5g--FMyIoSLSmenSRNx0OA_BAE1N,,,,,,,BP-VOD-375-10871,Trending now: Ciroc Vodka Peach (375 ml) brings silky quality for $22.99. A go-to for home bartenders. Get it delivered to your door.
Vodka,Flavored Vodka,Ciroc Vodka Summer Watermelon (750 ml),88076183728,33٫99,https://drive.google.com/uc?id=1O0uHCBk51F6cgOIFdJEQ72OyZC2TaoMt,,,,,,,BP-VOD-750-10872,Trending now: Ciroc Vodka Summer Watermelon (750 ml) brings pure quality for $33.99. A go-to for home bartenders. Shop online – pickup in-store today.
Vodka,Flavored Vodka,Effen Cucumber Vodka (750 ml),80686938248,27٫99,https://drive.google.com/uc?id=1TE0sSJdx5JowAF5S4zFv4uYEwRA9_5uW,,,,,,,BP-VOD-750-10873,"Shop Effen Cucumber Vodka (750 ml) online – $27.99 with quick delivery. Pure spirit, unbeatable price. In stock – order for delivery today."
Vodka,Flavored Vodka,Grey Goose Essences Watermelon Basil (750 ml),80480985721,33٫99,https://drive.google.com/uc?id=1Ditbfqh4JLdrFz0tuhO8PfJyXpFuNfrB,,,,,,,BP-VOD-750-10874,"Crystal clear, versatile smooth: Grey Goose Essences Watermelon Basil (750 ml) is $33.99. Neutral canvas for any cocktail. Buy online, enjoy tonight."
Vodka,Flavored Vodka,Grey Goose Le Melon Vodka (375 ml),80480004903,23٫99,https://drive.google.com/uc?id=196a300vRHvqWBhcjGs5r0KMmyB7nD0Ml,,,,,,,BP-VOD-375-10875,Gift-worthy: Grey Goose Le Melon Vodka (375 ml) is $23.99 well-spent. This versatile spirit elevates any occasion. In stock – order for delivery today.
Vodka,Flavored Vodka,Ketel One Botanical Grpfruit Rose (750 ml),85156775002,33٫99,https://drive.google.com/uc?id=1vipVEmQXtl19xHDyK_-0fvYC7cQXZ-Yj,,,,,,,BP-VOD-750-10876,"Shop Ketel One Botanical Grpfruit Rose (750 ml) online – $33.99 with fast shipping. Pristine spirit, unbeatable price. Get it delivered to your door."
Vodka,Flavored Vodka,Ketel One Botanical Peach Orange (750 ml),85156675005,33٫99,https://drive.google.com/uc?id=1QlXVjz7NBJ4lBI-_Nn55IKTotTFVMzlm,,,,,,,BP-VOD-750-10877,Staff pick: Ketel One Botanical Peach Orange (750 ml) brings silky quality for $33.99. A go-to for home bartenders. Add to cart for fast local delivery.
Vodka,Flavored Vodka,New Amsterdam Apple Vodka (375 ml),85000024867,10٫99,https://drive.google.com/uc?id=12rliIhv_NDrcYlsUpk2oWAaMlt8jojGb,,,,,,,BP-VOD-375-10878,New Amsterdam Apple Vodka (375 ml) offers premium vodka at $10.99. Mix it up or keep it simple on the rocks. Fast delivery to your neighborhood.
Vodka,Flavored Vodka,New Amsterdam Peach Vodka (1.75 L),85000021651,24٫99,https://drive.google.com/uc?id=1OGujmGOmL5Qkt22Co7KVPayKe2r0oeln,,,,,,,BP-VOD-1.75L-10879,New Amsterdam Peach Vodka (1.75 L) offers versatile vodka at $24.99. Mix it up or keep it simple on the rocks. Fast delivery to your neighborhood.
Vodka,Flavored Vodka,New Amsterdam Pineapple Vodka Bottle (50 ml),85000006214,1٫99,https://drive.google.com/uc?id=18_PywnPaAzywFs86aT7-Qn0aLgrYaquk,,,,,,,BP-VOD-50-10880,"New Amsterdam Pineapple Vodka Bottle (50 ml) represents pristine quality at $1.99. Crafted with care, priced to share. Order online for curbside pickup."
Vodka,Flavored Vodka,Smirnoff Green Apple (750 ml),82000001041,17٫99,https://drive.google.com/uc?id=1934rLA4QZKM_Y1i3c1Nl0DVsAWY3qVqb,,,,,,,BP-VOD-750-10881,Smirnoff Green Apple (750 ml) offers pristine vodka at $17.99. Mix it up or keep it simple on the rocks. Buy now with free delivery over $50.
Vodka,Flavored Vodka,Smirnoff Kissed Caramel (750 ml),82000759614,17٫99,https://drive.google.com/uc?id=18D3oNw5zQu3T4FOJobX-OEP5XkSWMhXk,,,,,,,BP-VOD-750-10882,Date night perfect: Smirnoff Kissed Caramel (750 ml) is $17.99 well-spent. This clean spirit elevates any occasion. Order online for curbside pickup.
Vodka,Flavored Vodka,Smirnoff Twist of Raspberry Vodka (750 ml),82000003960,17٫99,https://drive.google.com/uc?id=1wxQLiHTgSkFuZB8zh98wzKZXiy6S-K0J,,,,,,,BP-VOD-750-10883,Searching for crisp vodka online? Smirnoff Twist of Raspberry Vodka (750 ml) is fast shipping at $17.99. Perfect for cocktails or neat. Available for immediate pickup.
Vodka,Flavored Vodka,Smirnoff Watermelon (750 ml),82000001171,17٫99,https://drive.google.com/uc?id=1dD1pYexZBhbujmEsDzf5HgSe_QsXeHkD,,,,,,,BP-VOD-750-10884,Local bestseller: Smirnoff Watermelon (750 ml) brings silky quality for $17.99. A go-to for home bartenders. Order online for curbside pickup.
Vodka,Vodka,Absolut Country of Sweden Vodka (1.75L),8.35229E+11,43٫99,https://drive.google.com/uc?id=1KFPMHsU750D8OKuLdM5LrtedpBuFuBiu,,,,,,,BP-VOD-1.75L-10885,Premium vodka doesn't mean premium prices – Absolut Country of Sweden Vodka (1.75L) is $43.99. Pristine character included. Get it delivered to your door.
Vodka,Vodka,Absolut Country of Sweden Vodka (375 ml),8.35229E+11,16٫99,https://drive.google.com/uc?id=1-iIlNBqTIfPIqYqsSLR2RBtJPYQZP4kV,,,,,,,BP-VOD-375-10886,Premium vodka doesn't mean premium prices – Absolut Country of Sweden Vodka (375 ml) is $16.99. Premium character included. Fast delivery to your neighborhood.
Vodka,Vodka,Absolut Country of Sweden Vodka (50 ml),8.35229E+11,3٫99,https://drive.google.com/uc?id=17msz23jKmADoM6EeBkvV868EV17s4VLk,,,,,,,BP-VOD-50-10887,Absolut Country of Sweden Vodka (50 ml) offers pure vodka at $3.99. Mix it up or keep it simple on the rocks. Fast delivery to your neighborhood.
Vodka,Vodka,Belvedere Vodka (1.75L),87116069732,72٫99,https://drive.google.com/uc?id=1S9_yUuSAMoj0UPn0G89uA9JvDFKfKt-l,,,,,,,BP-VOD-1.75L-10888,Local bestseller: Belvedere Vodka (1.75L) brings versatile quality for $72.99. A go-to for home bartenders. Get it delivered to your door.
Vodka,Vodka,Blue Ice Potato Vodka (750 ml),8.15197E+11,26٫99,https://drive.google.com/uc?id=1Y7sDvr2eqIE9afH5rSEwRkhxa9MozOQj,,,,,,,BP-VOD-750-10889,"Blue Ice Potato Vodka (750 ml) represents silky quality at $26.99. Crafted with care, priced to share. Add to cart for fast local delivery."
Vodka,Vodka,Grey Goose (375 ml),80480280031,21٫99,https://drive.google.com/uc?id=1LEb9g9AnfxFDFEAkvPNW2lqDL91MOGkL,,,,,,,BP-VOD-375-10890,Anytime refreshment: Grey Goose (375 ml) is $21.99 well-spent. This silky spirit elevates any occasion. Shop online – pickup in-store today.
Vodka,Vodka,New Amsterdam Pink Whitney (750 ml),85000029626,16٫99,https://drive.google.com/uc?id=177pXalBQzRr172SLWl4x4Hc2kKQYAY6W,,,,,,,BP-VOD-750-10891,New Amsterdam Pink Whitney (750 ml) offers clean vodka at $16.99. Mix it up or keep it simple on the rocks. Buy now with free delivery over $50.
Vodka,Vodka,New Amsterdam Vodka (1.75 L),85000019511,27٫99,https://drive.google.com/uc?id=118usc16YLJGCweDfG9eysZ_pR4tGtL51,,,,,,,BP-VOD-1.75L-10892,"New Amsterdam Vodka (1.75 L) represents clean quality at $27.99. Crafted with care, priced to share. Add to cart for fast local delivery."
Vodka,Vodka,Platinum Vodka 7X PET (750 ml),88004012748,12٫99,https://drive.google.com/uc?id=1YrQEVSoFo-RB7Ms-mqrThdGN04hRdeqF,,,,,,,BP-VOD-750-10893,"Platinum Vodka 7X PET (750 ml) represents crisp quality at $12.99. Crafted with care, priced to share. Order now for same-day delivery."
Vodka,Vodka,Popov Vodka 80 Proof Bottle (200 ml),82000000440,3٫99,https://drive.google.com/uc?id=1y_Lwpv0e2cJ2xBHP8Gjv3aFLLdohhxp3,,,,,,,BP-VOD-200-10894,"Top-shelf taste, bottom-shelf price: Popov Vodka 80 Proof Bottle (200 ml) at $3.99. This versatile spirit punches above its weight. Order online for curbside pickup."
Vodka,Vodka,Skyy Vodka (200 ml),7.21059E+11,8٫99,https://drive.google.com/uc?id=13y9LjQBvTQ8nz4YpcR2kWBFxeKMYTA2Y,,,,,,,BP-VOD-200-10895,Indulge in Skyy Vodka (200 ml) at $8.99. This neutral spirit is a entertaining must-have. In stock – order for delivery today.
Vodka,Vodka,Skyy Vodka (375 ml),7.2106E+11,16٫99,https://drive.google.com/uc?id=18AY-bQg4rDVg6zyFwg12FNqTaHYuHnoi,,,,,,,BP-VOD-375-10896,Staff pick: Skyy Vodka (375 ml) brings versatile quality for $16.99. A go-to for home bartenders. Add to cart for fast local delivery.
Vodka,Vodka,Smirnoff 100 (750 ml),82000000105,23٫99,https://drive.google.com/uc?id=1SbVXUVtYJ3Ay3WuaL5YBQmHv-rCCEAZX,,,,,,,BP-VOD-750-10897,Standard bottle size: Smirnoff 100 (750 ml) is $23.99. Versatile vodka in classic format. Available near you. Available for immediate pickup.
Vodka,Vodka,Smirnoff No. 21 Vodka (1.75L),82000105701,27٫99,https://drive.google.com/uc?id=19HI3mBjce2BBRnvUKjsA9we1KYcMZNrt,,,,,,,BP-VOD-1.75L-10898,"Quality ingredients, proper process: Smirnoff No. 21 Vodka (1.75L) is $27.99. Neutral results guaranteed. Order now for next-hour delivery."
Vodka,Vodka,Smirnoff No. 21 Vodka (375 ml),82000005612,11٫99,https://drive.google.com/uc?id=1yUDrJ8-Cg2DxaQyJaB78Kxp6oHHLgzBo,,,,,,,BP-VOD-375-10899,"Smirnoff No. 21 Vodka (375 ml) represents pure quality at $11.99. Crafted with care, priced to share. Delivered fresh to your doorstep."
Vodka,Vodka,Smirnoff No. 21 Vodka (50 ml),82000004721,2٫99,https://drive.google.com/uc?id=18R9OE3nqt4YRIOZgfxQVRQ2jPDGnvrWs,,,,,,,BP-VOD-50-10900,Staff pick: Smirnoff No. 21 Vodka (50 ml) brings crisp quality for $2.99. A go-to for home bartenders. Available for immediate pickup.
Vodka,Vodka,Smirnoff Orange (50 ml),82000003908,2٫99,https://drive.google.com/uc?id=1MGapuTqY3LKZ89zga1GvrRiajfsUVXIU,,,,,,,BP-VOD-50-10901,Customer favorite: Smirnoff Orange (50 ml) brings clean quality for $2.99. A go-to for home bartenders. Fast delivery to your neighborhood.
Vodka,Vodka,Stolichnaya Elit Vodka (750 ml),8.11751E+11,61٫99,https://drive.google.com/uc?id=1XNUpSTLAjap7MAP5P2OHenLJzTKHsT1f,,,,,,,BP-VOD-750-10902,"Stolichnaya Elit Vodka (750 ml) represents clean quality at $61.99. Crafted with care, priced to share. Available for immediate pickup."
Vodka,Vodka,Svedka Vodka (1.75 L),6.17768E+11,25٫99,https://drive.google.com/uc?id=1cIleeAhDkdX7AeB5jlUD5n65-2OxzZjf,,,,,,,BP-VOD-1.75L-10903,Handle-size value: Svedka Vodka (1.75 L) at $25.99. More versatile vodka per dollar. Available neighborhood liquor store. Add to cart for fast local delivery.
Vodka,Vodka,Svedka Vodka (200 ml),6.17768E+11,7٫99,https://drive.google.com/uc?id=1C1fo8nUOtFPBPrBVwB0gdkJX42QdOta0,,,,,,,BP-VOD-200-10904,"Shop Svedka Vodka (200 ml) online – $7.99 with quick delivery. Clean spirit, unbeatable price. Add to cart for fast local delivery."
Vodka,Vodka,Svedka Vodka (375 ml),6.17768E+11,11٫99,https://drive.google.com/uc?id=1DdMe3POz9_ruEQ73wL4lsnmCrjJNNbmQ,,,,,,,BP-VOD-375-10905,"Top-shelf taste, bottom-shelf price: Svedka Vodka (375 ml) at $11.99. This crisp spirit punches above its weight. Order online for curbside pickup."
Vodka,Vodka,Svedka Vodka (750 ml),6.17768E+11,16٫99,https://drive.google.com/uc?id=1-6Y11T91hdblur7MEmeDo8ZUrCleRCAl,,,,,,,BP-VOD-750-10906,"Svedka Vodka (750 ml) represents pure quality at $16.99. Crafted with care, priced to share. Get it delivered to your door."
Vodka,Vodka,Taaka Vodka (200 ml),88004000066,3٫99,https://drive.google.com/uc?id=1Nw4n91pupFyDT6yEm6VixXXhypL4OQ6H,,,,,,,BP-VOD-200-10907,"Quality ingredients, proper process: Taaka Vodka (200 ml) is $3.99. Crisp results guaranteed. Order online for curbside pickup."
Vodka,Vodka,Taaka Vodka (375 ml),88004000073,5٫99,https://drive.google.com/uc?id=1BHjL0d5sfq88zduXFUHJja0HfJzrSUj-,,,,,,,BP-VOD-375-10908,Searching for neutral vodka online? Taaka Vodka (375 ml) is local delivery available at $5.99. Perfect for cocktails or neat. Add to cart for fast local delivery.
Vodka,Vodka,Tito's Handmade Vodka (1 L),6.19947E+11,33٫99,https://drive.google.com/uc?id=1AFiQsQNx6-icBNlHJ_OoQ04VF7aQ7RMF,,,,,,,BP-VOD-1L-10909,Experience Tito's Handmade Vodka (1 L) at $33.99. This premium spirit is a mixology staple. Fast delivery to your neighborhood.
Vodka,Vodka,Tito's Handmade Vodka (1.75 L),6.19947E+11,47٫99,https://drive.google.com/uc?id=1nMGHmvFATLTg_NgjC0emDEfcj5b_rfCr,,,,,,,BP-VOD-1.75L-10910,Stock up on Tito's Handmade Vodka (1.75 L) at $47.99. This pristine spirit is a happy hour starter. Buy now with free delivery over $50.
Vodka,Vodka,Tito's Handmade Vodka (200 ml),6.19947E+11,11٫99,https://drive.google.com/uc?id=1OBFmD8vhx-4qljo24d7KcZYESvCNHLy6,,,,,,,BP-VOD-200-10911,"Right-size portion: Tito's Handmade Vodka (200 ml) for $11.99. Premium quality, perfect quantity. Available order online. Order online for curbside pickup."
Vodka,Vodka,Tito's Handmade Vodka (375 ml),6.19947E+11,16٫99,https://drive.google.com/uc?id=1uyhugCUIfBYkFBGcR-uo2FoZxNCIdLB5,,,,,,,BP-VOD-375-10912,"Tito's Handmade Vodka (375 ml) represents silky quality at $16.99. Crafted with care, priced to share. Buy online, enjoy tonight."
Vodka,Vodka,Tito's Handmade Vodka (50 ml),6.19947E+11,3٫99,https://drive.google.com/uc?id=1NI9lKhVyJS_osQEi5sKoq9DJA84OX1Bu,,,,,,,BP-VOD-50-10913,"Tito's Handmade Vodka (50 ml) represents pristine quality at $3.99. Crafted with care, priced to share. Fast delivery to your neighborhood."
Vodka,Vodka,Tito's Handmade Vodka (750 ml),6.19947E+11,27٫99,https://drive.google.com/uc?id=1B03dtA4wtuTRUfCLv9oa0yJnRk41aCu2,,,,,,,BP-VOD-750-10914,"Tito's Handmade Vodka (750 ml) represents versatile quality at $27.99. Crafted with care, priced to share. Order now for next-hour delivery."
Whiskey,American Whiskey,Jack Daniel's Old No. 7 Tennessee Whiskey Black Label (1.75L),82184090428,51٫99,https://drive.google.com/uc?id=1W1m5zFi1QNIF_WbLKNAYjrIMuJRzQQHT,,,,,,,BP-WHI-1.75L-10915,Stock up on Jack Daniel's Old No. 7 Tennessee Whiskey Black Label (1.75L) at $51.99. This smooth spirit is a happy hour starter. Shop online – pickup in-store today.
Whiskey,American Whiskey,Jack Daniel's Old No. 7 Tennessee Whiskey Black Label (100 ml),82184081839,6٫99,https://drive.google.com/uc?id=1pyK8q7aYvhyxGmra6ujaI6N5PXQSoYtQ,,,,,,,BP-WHI-100-10916,"Jack Daniel's Old No. 7 Tennessee Whiskey Black Label (100 ml) represents nuanced quality at $6.99. Crafted with care, priced to share. Buy online, enjoy tonight."
Whiskey,American Whiskey,Jack Daniels Black (50 ml),82184000052,3٫99,https://drive.google.com/uc?id=18lcmvLh9pDQAJjwVZt0SNtRrrZj2Zc6h,,,,,,,BP-WHI-50-10917,Stock up on Jack Daniels Black (50 ml) at $3.99. This rich spirit is a entertaining must-have. Delivered fresh to your doorstep.
Whiskey,American Whiskey,Seagram's 7 Crown Blended American Whiskey (375 ml),87000007659,10٫99,https://drive.google.com/uc?id=1XU3-hjnCmcxlQ7CnIrVo_YtIJ152ZmzZ,,,,,,,BP-WHI-375-10918,"Shop Seagram's 7 Crown Blended American Whiskey (375 ml) online – $10.99 with in your area. Refined spirit, unbeatable price. Add to cart for fast local delivery."
Whiskey,American Whiskey,Southern Comfort 70 (50 ml),88544000021,2٫99,https://drive.google.com/uc?id=1Kdfyl0awtbNcu4New0rASLYl5RtxFYRW,,,,,,,BP-WHI-50-10919,Aged in oak barrels: Southern Comfort 70 (50 ml) at $2.99. Smooth whiskey for discerning drinkers. Order now for same-day delivery.
Whiskey,Bourbon,Angel's Envy Bourbon (750 ml),8.50047E+11,63٫99,https://drive.google.com/uc?id=1OmzfeT1aGzmXojANcLDE5w5CpcofUMns,,,,,,,BP-WHI-750-10920,Premium whiskey doesn't mean premium prices – Angel's Envy Bourbon (750 ml) is $63.99. Mature character included. Get it delivered to your door.
Whiskey,Bourbon,Blanton's The Original Single Barrel Bourbon Whiskey (750 ml),80244002039,167٫99,https://drive.google.com/uc?id=1Y9t4hkwvPF4hbZKbyWONvDpPOQ6whqj4,,,,,,,BP-WHI-750-10921,At least 51% corn mash: Blanton's The Original Single Barrel Bourbon Whiskey (750 ml) is bourbon done right ($167.99). Charred new oak creates that refined profile. Order now for next-hour delivery.
Whiskey,Bourbon,Bulleit Bourbon (750 ml),87000005525,39٫99,https://drive.google.com/uc?id=1KpVlwuyLp6kXRVqM2ZPj0RluaKKskwAP,,,,,,,BP-WHI-750-10922,Popular choice: Bulleit Bourbon (750 ml) brings mellow quality for $39.99. A go-to for home bartenders. Buy now with free delivery over $50.
Whiskey,Bourbon,Bulleit Bourbon Frontier Whiskey Kentucky Straight Bourbon Whiskey (375 ml),87000004122,22٫99,https://drive.google.com/uc?id=1IL3ZZogadwOK3tqjVa3Hlsyib1PE88uW,,,,,,,BP-WHI-375-10923,Trending now: Bulleit Bourbon Frontier Whiskey Kentucky Straight Bourbon Whiskey (375 ml) brings nuanced quality for $22.99. A go-to for home bartenders. Order now for same-day delivery.
Whiskey,Bourbon,Eagle Rare Kentucky Straight Bourbon Whiskey 10 Year (750 ml),88004021344,67٫99,https://drive.google.com/uc?id=1JjiaaPHBPh6Mh3ZDjF3XY71Hpt1aB8AG,,,,,,,BP-WHI-750-10924,Eagle Rare Kentucky Straight Bourbon Whiskey 10 Year (750 ml): sophisticated bourbon with caramel and vanilla ($67.99). Kentucky tradition in every pour. Delivered fresh to your doorstep.
Whiskey,Bourbon,Elijah Craig Small Batch Kentucky Straight Bourbon Whiskey (750 ml),96749000067,55٫99,https://drive.google.com/uc?id=1Cx9i9M-78VRnFjQ71n8rIGGnHLOIdSh_,,,,,,,BP-WHI-750-10925,"Show up in style with: Elijah Craig Small Batch Kentucky Straight Bourbon Whiskey (750 ml) is $55.99 well-spent. This mellow spirit elevates any occasion. Buy online, enjoy tonight."
Whiskey,Bourbon,Jim Beam (375 ml),80686001607,12٫99,https://drive.google.com/uc?id=1YQJj22tfBFhhentl3_2vo0bT4gNWb2KP,,,,,,,BP-WHI-375-10926,"Amber liquid, mellow character: Jim Beam (375 ml) at $12.99. Vanilla, caramel, and oak warm the soul. Add to cart for fast local delivery."
Whiskey,Bourbon,Jim Beam (750 ml),80686001409,20٫99,https://drive.google.com/uc?id=1TzGfJ-7Qtoze1gwMYdB3SKPdgK2CHbtL,,,,,,,BP-WHI-750-10927,Jim Beam (750 ml): smooth bourbon with caramel and vanilla ($20.99). Kentucky tradition in every pour. Order now for same-day delivery.
Whiskey,Bourbon,Larceny (750 ml),96749031559,41٫99,https://drive.google.com/uc?id=107rJDLVPfQy9riW3L5-RetN8W8rLpij5,,,,,,,BP-WHI-750-10928,Experience Larceny (750 ml) at $41.99. This complex spirit is a gift-worthy bottle. Shop online – pickup in-store today.
Whiskey,Bourbon,Maker's Mark Bourbon Whisky (200 ml),85246139462,11٫99,https://drive.google.com/uc?id=12MlEMSAqX83iuHp3Sts2VVN1mNGRDA05,,,,,,,BP-WHI-200-10929,Searching for mature whiskey online? Maker's Mark Bourbon Whisky (200 ml) is order online at $11.99. Perfect for cocktails or neat. Order now for next-hour delivery.
Whiskey,Bourbon,Maker's Mark Bourbon Whisky (50 ml),85246171561,5٫99,https://drive.google.com/uc?id=1WMD0LFtP3zv6GVpV7bQ64PYKqtpuHyd5,,,,,,,BP-WHI-50-10930,Local bestseller: Maker's Mark Bourbon Whisky (50 ml) brings sophisticated quality for $5.99. A go-to for home bartenders. Delivered fresh to your doorstep.
Whiskey,Bourbon,Maker's Mark Bourbon Whisky (750 ml),85246139431,42٫99,https://drive.google.com/uc?id=1c1fISUqll3lPy-TojMBnoKBFITT5vHQU,,,,,,,BP-WHI-750-10931,Bring to the party Maker's Mark Bourbon Whisky (750 ml) at $42.99. This sophisticated spirit is a gift-worthy bottle. Order online for curbside pickup.
Whiskey,Bourbon,Maker's Mark Kentucky Straight Bourbon Whisky (375 ml),85246185001,21٫99,https://drive.google.com/uc?id=1R9fuA-dNHPPJvJh0hdiV6c5buRDw-XW0,,,,,,,BP-WHI-375-10932,"Top-shelf taste, bottom-shelf price: Maker's Mark Kentucky Straight Bourbon Whisky (375 ml) at $21.99. This mellow spirit punches above its weight. Buy online, enjoy tonight."
Whiskey,Bourbon,Redbreast 12 Yr Irish Whiskey (750 ml),80432106419,184٫99,https://drive.google.com/uc?id=1vQcgBeMyfJ-Qo_EFTll3GRa2Ms2f9A22,,,,,,,BP-WHI-750-10933,"Top-shelf taste, bottom-shelf price: Redbreast 12 Yr Irish Whiskey (750 ml) at $184.99. This sophisticated spirit punches above its weight. In stock – order for delivery today."
Whiskey,Bourbon,Woodford Reserve Double Oaked Kentucky Straight Bourbon Whiskey (750 ml),81128001209,67٫99,https://drive.google.com/uc?id=1ZLZQp0kvPSx591CPjqAq4MVOy7GgNN6v,,,,,,,BP-WHI-750-10934,Woodford Reserve Double Oaked Kentucky Straight Bourbon Whiskey (750 ml): mellow bourbon with caramel and vanilla ($67.99). Kentucky tradition in every pour. Order online for curbside pickup.
Whiskey,Canadian Whisky,Crown Royal (1.75 L),87000700604,63٫99,https://drive.google.com/uc?id=170DvsdJhqGD_XfYvnHuh15TPppKt-noj,,,,,,,BP-WHI-1.75L-10935,Anytime refreshment: Crown Royal (1.75 L) is $63.99 well-spent. This mature spirit elevates any occasion. Order online for curbside pickup.
Whiskey,Canadian Whisky,Crown Royal (200 ml),87000007277,11٫99,https://drive.google.com/uc?id=1o3XmkxPNKLVZesVI2qQLnFAw7bz6VNr7,,,,,,,BP-WHI-200-10936,Premium whiskey doesn't mean premium prices – Crown Royal (200 ml) is $11.99. Nuanced character included. Order now for same-day delivery.
Whiskey,Canadian Whisky,Crown Royal (375 ml),87000007604,20٫99,https://drive.google.com/uc?id=1-eVW6FuiW1oMSTWfdqX5MBWfwBrG7Jk-,,,,,,,BP-WHI-375-10937,Experience Crown Royal (375 ml) at $20.99. This nuanced spirit is a cocktail foundation. Fast delivery to your neighborhood.
Whiskey,Canadian Whisky,Crown Royal Fine de Luxe Blended Canadian Whisky (750 ml),87000007253,33٫99,https://drive.google.com/uc?id=15jDj8oR5tF0eXrBdyk_c9-iwpUT-ohrE,,,,,,,BP-WHI-750-10938,"Shop Crown Royal Fine de Luxe Blended Canadian Whisky (750 ml) online – $33.99 with same-day delivery. Sophisticated spirit, unbeatable price. Buy now with free delivery over $50."
Whiskey,Canadian Whisky,Pendleton Blended Canadian Whiskey (750 ml),84104115914,22٫99,https://drive.google.com/uc?id=1wU9IZcUtWlSEE-sq4GxcHpZq4OZ11ZI2,,,,,,,BP-WHI-750-10939,Party-ready: Pendleton Blended Canadian Whiskey (750 ml) is $22.99 well-spent. This complex spirit elevates any occasion. Fast delivery to your neighborhood.
Whiskey,Flavored Whisky,Crown Royal Peach (750 ml),82000782919,33٫99,https://drive.google.com/uc?id=1QkaFUHY4AnYDjKLwOWvgKl7KrQ3seeMu,,,,,,,BP-WHI-750-10940,"Top-shelf taste, bottom-shelf price: Crown Royal Peach (750 ml) at $33.99. This sophisticated spirit punches above its weight. Buy now with free delivery over $50."
Whiskey,Flavored Whisky,Crown Royal Regal Apple (750 ml),82000771562,33٫99,https://drive.google.com/uc?id=1MzUb1E0DTOLEw3l9pXG836EZv8iRDa0O,,,,,,,BP-WHI-750-10941,Customer favorite: Crown Royal Regal Apple (750 ml) brings sophisticated quality for $33.99. A go-to for home bartenders. Add to cart for fast local delivery.
Whiskey,Flavored Whisky,Crown Royal Vanilla (750 ml),82000776598,33٫99,https://drive.google.com/uc?id=1H4spVg238Eqn5321z-z2dIdeHfVzKYc9,,,,,,,BP-WHI-750-10942,Standard bottle size: Crown Royal Vanilla (750 ml) is $33.99. Sophisticated whiskey in classic format. Available neighborhood liquor store. Available for immediate pickup.
Whiskey,Flavored Whisky,Fireball Cinnamon Whisky (1.75 L),88004009281,33٫99,https://drive.google.com/uc?id=18O_CBzGrIjTEnIC0qXdUXgqZ1bXxMet4,,,,,,,BP-WHI-1.75L-10943,Premium whiskey doesn't mean premium prices – Fireball Cinnamon Whisky (1.75 L) is $33.99. Refined character included. Fast delivery to your neighborhood.
Whiskey,Flavored Whisky,Fireball Cinnamon Whisky (200 ml),88004144739,5٫99,https://drive.google.com/uc?id=14gVHJsp0eDsVyt83vTXKZisrQZyWftDk,,,,,,,BP-WHI-200-10944,Local bestseller: Fireball Cinnamon Whisky (200 ml) brings refined quality for $5.99. A go-to for home bartenders. Order online for curbside pickup.
Whiskey,Flavored Whisky,Fireball Cinnamon Whisky (375 ml),88004144722,8٫99,https://drive.google.com/uc?id=1gF7Zz8kl-HStuEHiuDJA_tBCYGgfKY9e,,,,,,,BP-WHI-375-10945,"Top-shelf taste, bottom-shelf price: Fireball Cinnamon Whisky (375 ml) at $8.99. This nuanced spirit punches above its weight. Fast delivery to your neighborhood."
Whiskey,Irish Whiskey,Jameson Irish Whiskey (1.75 L),80432500187,67٫99,https://drive.google.com/uc?id=16rnpu-HgDns2ba5NEgTjIKfOTdhTiqeC,,,,,,,BP-WHI-1.75L-10946,"Amber liquid, mature character: Jameson Irish Whiskey (1.75 L) at $67.99. Vanilla, caramel, and oak warm the soul. Fast delivery to your neighborhood."
Whiskey,Irish Whiskey,Jameson Irish Whiskey (375 ml),80432500149,20٫99,https://drive.google.com/uc?id=15a2Mm-F7AqGMr_8or5l0l9iMNlcJ3mBp,,,,,,,BP-WHI-375-10947,"Jameson Irish Whiskey (375 ml) brings mellow whiskey character for $20.99. Neat, rocks, or cocktails welcome. Buy now with free delivery over $50."
Whiskey,Irish Whiskey,Jameson Irish Whiskey Orange (750 ml),80432117330,39٫99,https://drive.google.com/uc?id=1H5PRM9_VTEzuwIjzWVCnQD82mkc1D4Mz,,,,,,,BP-WHI-750-10948,Searching for rich whiskey online? Jameson Irish Whiskey Orange (750 ml) is near you at $39.99. Perfect for cocktails or neat. Fast delivery to your neighborhood.
Whiskey,Irish Whiskey,Tullamore Dew The Legendary Irish Whiskey (750 ml),83664872466,27٫99,https://drive.google.com/uc?id=1QAoz_bWnOroxRjXNx04RNQfqvE7bGQjs,,,,,,,BP-WHI-750-10949,Present-perfect: Tullamore Dew The Legendary Irish Whiskey (750 ml) is $27.99 well-spent. This complex spirit elevates any occasion. Buy now with free delivery over $50.
Whiskey,Other Whisky,Suntory Whisky Toki (750 ml),80686957010,55٫99,https://drive.google.com/uc?id=10xtc40gTw963IOMdphCWoCOQK14kqUIy,,,,,,,BP-WHI-750-10950,"Shop Suntory Whisky Toki (750 ml) online – $55.99 with local delivery available. Mature spirit, unbeatable price. Fast delivery to your neighborhood."
Whiskey,Rye Whiskey,Angels Envy Finished Rye Rye Whiskey Finished in Caribbean Rum Casks (750 ml),8.50047E+11,111٫99,https://drive.google.com/uc?id=10Dpe0ie4Xv_GYsT6zpzYIsXic1qOpso1,,,,,,,BP-WHI-750-10951,"Angels Envy Finished Rye Rye Whiskey Finished in Caribbean Rum Casks (750 ml) brings mature whiskey character for $111.99. Neat, rocks, or cocktails welcome. Order now for next-hour delivery."
Whiskey,Rye Whiskey,Bulleit Rye Whiskey (375 ml),82000766087,21٫99,https://drive.google.com/uc?id=1IC2RKZwxSFQNcnVjyvnRKBRl2IT0dPDH,,,,,,,BP-WHI-375-10952,Aged in oak barrels: Bulleit Rye Whiskey (375 ml) at $21.99. Mellow whiskey for discerning drinkers. Get it delivered to your door.
Whiskey,Rye Whiskey,Bulleit Rye Whiskey (750 ml),82000752967,38٫99,https://drive.google.com/uc?id=1xJJlu0gtEPnMRhrYPSuiKZYdKXmebF_-,,,,,,,BP-WHI-750-10953,"Bulleit Rye Whiskey (750 ml) brings mature whiskey character for $38.99. Neat, rocks, or cocktails welcome. Available for immediate pickup."
Whiskey,Rye Whiskey,WhistlePig 12 Yr Old World Rye (750 ml),8.5146E+11,145٫99,https://drive.google.com/uc?id=1XUGAfpfmXfsfcRGTo89HEdlPmxw_ufNe,,,,,,,BP-WHI-750-10954,Staff pick: WhistlePig 12 Yr Old World Rye (750 ml) brings nuanced quality for $145.99. A go-to for home bartenders. Order now for same-day delivery.
Whiskey,Scotch,Chivas Regal (750 ml),80432400395,33٫99,https://drive.google.com/uc?id=1NXnkV-jG8mC8eump9sgqjuTbXF6HD1dc,,,,,,,BP-WHI-750-10955,Anytime refreshment: Chivas Regal (750 ml) is $33.99 well-spent. This sophisticated spirit elevates any occasion. In stock – order for delivery today.
Wine,Blush Wine,Sutter Home White Zinfandel (187 ml),85200000098,2٫99,https://drive.google.com/uc?id=11tlA15gnK2B9woh8lK_zgcHhX6yBlRr0,,,,,,,BP-WIN-187-10956,"Sommeliers appreciate Sutter Home White Zinfandel (187 ml) at $2.99. Crisp wine with proper structure and finish. Buy online, enjoy tonight."
Wine,Cabernet Sauvignon,19 Crimes Cabernet Sauvignon (750 ml),12354001350,15٫99,https://drive.google.com/uc?id=1SgIMkVNu_a9ZtAd_v2bqwxP6FiLbC263,,,,,,,BP-WIN-750-10957,Party-ready: 19 Crimes Cabernet Sauvignon (750 ml) brings robust wine for $15.99. Impress without stress. Delivered fresh to your doorstep.
Wine,Cabernet Sauvignon,Austin Hope Paso Robles Cabernet Sauvignon Bottle (750 ml),6.57892E+11,78٫99,https://drive.google.com/uc?id=1Mp_wpoNHGDoou8ooAOlkvrYseiYpq92_,,,,,,,BP-WIN-750-10958,Shop Austin Hope Paso Robles Cabernet Sauvignon Bottle (750 ml) online – $78.99 with quick delivery. Concentrated wine that over-delivers. Order online for curbside pickup.
Wine,Cabernet Sauvignon,Barefoot Cellars Cabernet (1.5 L),18341151015,14٫99,https://drive.google.com/uc?id=10Rde38_fuFDbmRcz9dFGu6cgX0BX9zB9,,,,,,,BP-WIN-1.5L-10959,Shop Barefoot Cellars Cabernet (1.5 L) online – $14.99 with in your area. Elegant wine that over-delivers. Get it delivered to your door.
Wine,Cabernet Sauvignon,Barefoot Cellars Cabernet (750 ml),18341751017,8٫99,https://drive.google.com/uc?id=1GmZ_6pmh0BVUqdtnihj1O_xl6EK-T03J,,,,,,,BP-WIN-750-10960,"Barefoot Cellars Cabernet (750 ml) represents velvety quality at $8.99. Crafted with care, priced to share. In stock – order for delivery today."
Wine,Cabernet Sauvignon,Beringer Founders' Estate Cabernet Sauvignon (750 ml),89819000999,1٫99,https://drive.google.com/uc?id=17SMEvXO0Bmw6aHp7QUq5p8bdGEQhTS7d,,,,,,,BP-WIN-750-10961,Restaurant-quality wine at home: Beringer Founders' Estate Cabernet Sauvignon (750 ml) is $1.99. Skip the corkage fee – fast shipping. Shop online – pickup in-store today.
Wine,Cabernet Sauvignon,Bota Box Cabernet (3 L),82242010450,25٫99,https://drive.google.com/uc?id=1sU3VsHhxJO1-E23VGWphQScZ292Awq0s,,,,,,,BP-WIN-3L-10962,Sommeliers appreciate Bota Box Cabernet (3 L) at $25.99. Elegant wine with proper structure and finish. Order now for same-day delivery.
Wine,Cabernet Sauvignon,Carnivor Cabernet Sauvignon (750 ml),85000020425,15٫99,https://drive.google.com/uc?id=1M-t1xu2_W1SnaD7KSaNwmwvPPqHEZt4S,,,,,,,BP-WIN-750-10963,Standard bottle size: Carnivor Cabernet Sauvignon (750 ml) is $15.99. Concentrated wine in classic format. Available local delivery available. Add to cart for fast local delivery.
Wine,Cabernet Sauvignon,Caymus Cabernet (750 ml),17224712107,111٫99,https://drive.google.com/uc?id=1SVAG3zw4GlGv0GRjd7wgUXyVaGG9Agto,,,,,,,BP-WIN-750-10964,Sommeliers appreciate Caymus Cabernet (750 ml) at $111.99. Concentrated wine with proper structure and finish. Order online for curbside pickup.
Wine,Cabernet Sauvignon,Ch Ste Michelle Cabernet (750 ml),88586601835,22٫99,https://drive.google.com/uc?id=1Yx1TAMzlBSvMDkUn66jf-ox3R3VPbys5,,,,,,,BP-WIN-750-10965,Restaurant-quality wine at home: Ch Ste Michelle Cabernet (750 ml) is $22.99. Skip the corkage fee – order online. Available for immediate pickup.
Wine,Cabernet Sauvignon,Clos du Bois Cabernet (750 ml),87356405123,16٫99,https://drive.google.com/uc?id=1FJOh3gHiUlleMtQ1FJimb-QBX6_3u0kL,,,,,,,BP-WIN-750-10966,Staff pick: Clos du Bois Cabernet (750 ml) offers robust character at $16.99. Wine lovers keep coming back for more. Add to cart for fast local delivery.
Wine,Cabernet Sauvignon,DAOU Cabernet Sauvignon (750 ml),8.90409E+11,39٫99,https://drive.google.com/uc?id=1LO4wBwPF_2ntQxUXsNeGesFGzCHiagpy,,,,,,,BP-WIN-750-10967,Quality meets affordability: DAOU Cabernet Sauvignon (750 ml) delivers elegant wine at $39.99. Exceptional value per bottle. Available for immediate pickup.
Wine,Cabernet Sauvignon,Dark Horse Cabernet Sauvignon (750 ml),85000020302,11٫99,https://drive.google.com/uc?id=1JLK9SFOOA15qqyWHyF2z_BF6BZbFM6WN,,,,,,,BP-WIN-750-10968,Quality meets affordability: Dark Horse Cabernet Sauvignon (750 ml) delivers full-bodied wine at $11.99. Exceptional value per bottle. Add to cart for fast local delivery.
Wine,Cabernet Sauvignon,Edna Valley Cabernet (750 ml),18138209028,20٫99,https://drive.google.com/uc?id=1AbNIlRHgoBI4M7kAw9bJN_QM446wDSFT,,,,,,,BP-WIN-750-10969,Restaurant-quality wine at home: Edna Valley Cabernet (750 ml) is $20.99. Skip the corkage fee – near you. Fast delivery to your neighborhood.
Wine,Cabernet Sauvignon,Estancia Cabernet (750 ml),83085300265,17٫99,https://drive.google.com/uc?id=199FOmfbrFgUjHOlBXjaIJSSJdEHtmSi3,,,,,,,BP-WIN-750-10970,"Estancia Cabernet (750 ml) represents robust quality at $17.99. Crafted with care, priced to share. Fast delivery to your neighborhood."
Wine,Cabernet Sauvignon,Ghost Pines Cabernet (750 ml),85000016237,25٫99,https://drive.google.com/uc?id=1wM497HL1zKGZfKNzS2wVZ_fFvxOWX0RQ,,,,,,,BP-WIN-750-10971,Restaurant-quality wine at home: Ghost Pines Cabernet (750 ml) is $25.99. Skip the corkage fee – same-day delivery. Order online for curbside pickup.
Wine,Cabernet Sauvignon,Gnarly Head Cabernet (750 ml),82242290432,12٫99,https://drive.google.com/uc?id=1EkuKmZ5hzaTH1nSC0ASRQM5J2PjawciV,,,,,,,BP-WIN-750-10972,"Deep ruby color, structured body: Gnarly Head Cabernet (750 ml) is $12.99. Blackberry, cassis, and oak on the palate. Buy online, enjoy tonight."
Wine,Cabernet Sauvignon,Hess Select Cabernet Sauvignon (750 ml),7.17889E+11,21٫99,https://drive.google.com/uc?id=1doG_0Ru115M1cqEBwFiR_DlZWwuNFxN_,,,,,,,BP-WIN-750-10973,Quality meets affordability: Hess Select Cabernet Sauvignon (750 ml) delivers robust wine at $21.99. Exceptional value per bottle. In stock – order for delivery today.
Wine,Cabernet Sauvignon,J Lohr Cabernet Seven Oaks (750 ml),89121288122,24٫99,https://drive.google.com/uc?id=1mt_Bforfr7Wa67g3M_YOsscTplNn7iPB,,,,,,,BP-WIN-750-10974,Shop J Lohr Cabernet Seven Oaks (750 ml) online – $24.99 with order online. Structured wine that over-delivers. Shop online – pickup in-store today.
Wine,Cabernet Sauvignon,Joel Gott Cabernet 815 (750 ml),1.88985E+11,22٫99,https://drive.google.com/uc?id=1YXqttJ3OMZAS8XXt9BHs_dyTxVi4LF1a,,,,,,,BP-WIN-750-10975,"Deep ruby color, velvety body: Joel Gott Cabernet 815 (750 ml) is $22.99. Blackberry, cassis, and oak on the palate. Order now for same-day delivery."
Wine,Cabernet Sauvignon,Juggernaut Cabernet Sauvignon (750 ml),80887551017,25٫99,https://drive.google.com/uc?id=1BsXsBFiXLIRECQtSvqaFhVXEyGaWAdUh,,,,,,,BP-WIN-750-10976,Sommeliers appreciate Juggernaut Cabernet Sauvignon (750 ml) at $25.99. Rich wine with proper structure and finish. Available for immediate pickup.
Wine,Cabernet Sauvignon,Justin Cabernet Paso Robles (750 ml),7.33953E+11,44٫99,https://drive.google.com/uc?id=1GoqL7RgIAMJ2A6rLKNx5by4v6Q7vJuV2,,,,,,,BP-WIN-750-10977,Quality meets affordability: Justin Cabernet Paso Robles (750 ml) delivers layered wine at $44.99. Exceptional value per bottle. Buy now with free delivery over $50.
Wine,Cabernet Sauvignon,Layer Cake Cabernet Sauvignon (750 ml),8.96599E+11,17٫99,https://drive.google.com/uc?id=1bIY-aBv5QqctQsKAWptDI2wo1xO7ngOU,,,,,,,BP-WIN-750-10978,"Deep ruby color, rich body: Layer Cake Cabernet Sauvignon (750 ml) is $17.99. Blackberry, cassis, and oak on the palate. Fast delivery to your neighborhood."
Wine,Cabernet Sauvignon,Liberty Creek Cabernet (500 ml),85000021828,5٫99,https://drive.google.com/uc?id=1gXNMXxKkGBoq2a9xMyvvRFFpbq7t9qIt,,,,,,,BP-WIN-500-10979,"Liberty Creek Cabernet (500 ml): structured red with dark fruit and oak ($5.99). Pairs with steak, burgers, or bold cheeses. Buy online, enjoy tonight."
Wine,Cabernet Sauvignon,Liberty School Cabernet Paso (750 ml),6.57892E+11,22٫99,https://drive.google.com/uc?id=1K9fPR6Gb4lJXM2NbtIlKJokURwi4mFok,,,,,,,BP-WIN-750-10980,Need rich wine for tonight? Liberty School Cabernet Paso (750 ml) at $22.99 is your answer. Pairs beautifully with dinner or sipping solo. Add to cart for fast local delivery.
Wine,Cabernet Sauvignon,Meiomi Cabernet Sauvignon (750 ml),86003251274,33٫99,https://drive.google.com/uc?id=1AqSiR0xxa-gGsdbxE7pOoeOjKUXAIfN4,,,,,,,BP-WIN-750-10981,Bring to the party Meiomi Cabernet Sauvignon (750 ml) – a layered wine for $33.99. This date night essential ships fast. Buy now with free delivery over $50.
Wine,Cabernet Sauvignon,Michael David Cabernet Freakshow (750 ml),6.52935E+11,26٫99,https://drive.google.com/uc?id=1NgcK6pUT6pH4Rar19VUCmypKLP4ZgDmf,,,,,,,BP-WIN-750-10982,Stock up on Michael David Cabernet Freakshow (750 ml) – a structured wine for $26.99. This food pairing champion ships fast. In stock – order for delivery today.
Wine,Cabernet Sauvignon,Mondavi Napa Cabernet (750 ml),86003061910,12٫99,https://drive.google.com/uc?id=1LZm1mMaUBG9b3pJcIYoiTb7M7wSwdhRK,,,,,,,BP-WIN-750-10983,Bring to the party Mondavi Napa Cabernet (750 ml) – a elegant wine for $12.99. This cellar-worthy ships fast. Add to cart for fast local delivery.
Wine,Cabernet Sauvignon,Murphy Goode Cabernet (750 ml),83722870045,20٫99,https://drive.google.com/uc?id=1GKxB6czT9LYV9oxVabgYSpZCE6A6SCZG,,,,,,,BP-WIN-750-10984,"Murphy Goode Cabernet (750 ml): elegant red with dark fruit and oak ($20.99). Pairs with steak, burgers, or bold cheeses. Buy now with free delivery over $50."
Wine,Cabernet Sauvignon,Nickel Cab Quicksilver Bottle (750 ml),6.86014E+11,179٫99,https://drive.google.com/uc?id=1G4wGcutCInsCTaPBlqlIX_R-nZMIWwGX,,,,,,,BP-WIN-750-10985,Experience Nickel Cab Quicksilver Bottle (750 ml) – a structured wine for $179.99. This date night essential ships fast. Order now for same-day delivery.
Wine,Cabernet Sauvignon,Roth Cabernet Alexander Valley (750 ml),6.98744E+11,33٫99,https://drive.google.com/uc?id=10mAHEa_XYzRRiZUHIkAFVcOlMckKa1Km,,,,,,,BP-WIN-750-10986,Stock up special: Roth Cabernet Alexander Valley (750 ml) is just $33.99. Multiple units of structured quality. Available order online. Order now for next-hour delivery.
Wine,Cabernet Sauvignon,Silver Oak Alexander Valley Cabernet Sauvignon (750 ml),7.85214E+11,111٫99,https://drive.google.com/uc?id=1QhMLPKw0-xaUDXErQ7twdi761F06d642,,,,,,,BP-WIN-750-10987,"Silver Oak Alexander Valley Cabernet Sauvignon (750 ml) represents robust quality at $111.99. Crafted with care, priced to share. Fast delivery to your neighborhood."
Wine,Cabernet Sauvignon,Souverain Cabernet Sauvignon (750 ml),88553093496,14٫99,https://drive.google.com/uc?id=1lpo0ptGgG50d8ImvgnMsDPLtd3xI931P,,,,,,,BP-WIN-750-10988,"Deep ruby color, robust body: Souverain Cabernet Sauvignon (750 ml) is $14.99. Blackberry, cassis, and oak on the palate. Buy now with free delivery over $50."
Wine,Cabernet Sauvignon,Stags' Leap Cabernet Napa (750 ml),88593700200,111٫99,https://drive.google.com/uc?id=1mdpJFP7v_uzBPL8WnEAaZsCujlZ2RP6q,,,,,,,BP-WIN-750-10989,Need full-bodied wine for tonight? Stags' Leap Cabernet Napa (750 ml) at $111.99 is your answer. Pairs beautifully with dinner or sipping solo. In stock – order for delivery today.
Wine,Cabernet Sauvignon,Sutter Home Cabernet (187 ml),85200000050,2٫99,https://drive.google.com/uc?id=1tfgd3kMar6VKc-fecHbyFUT7ciDfwsTa,,,,,,,BP-WIN-187-10990,Sommeliers appreciate Sutter Home Cabernet (187 ml) at $2.99. Velvety wine with proper structure and finish. In stock – order for delivery today.
Wine,Cabernet Sauvignon,The Prisoner Cabernet Sauvignon (750 ml),86003255142,72٫99,https://drive.google.com/uc?id=1Gai6ddbNA7qkC69W2cZGV7SMxOdZ3LaU,,,,,,,BP-WIN-750-10991,Quality meets affordability: The Prisoner Cabernet Sauvignon (750 ml) delivers full-bodied wine at $72.99. Exceptional value per bottle. Shop online – pickup in-store today.
Wine,Champagne,Andre Brut (750 ml),85000007488,8٫99,https://drive.google.com/uc?id=1ZsOH6qF028wioKl2ERsNRvkiGkD2T_5Y,,,,,,,BP-WIN-750-10992,Sommeliers appreciate Andre Brut (750 ml) at $8.99. Balanced wine with proper structure and finish. In stock – order for delivery today.
Wine,Champagne,Barefoot Cellars Bubbly Brut (750 ml),18341751260,13٫99,https://drive.google.com/uc?id=1VSsPBhWwQ028thwy3l4TiP92gbo_EOpF,,,,,,,BP-WIN-750-10993,Crisp and bright: Barefoot Cellars Bubbly Brut (750 ml) for $13.99. Fruit-forward wine that pleases. Delivered fresh to your doorstep.
Wine,Champagne,Barefoot Cellars Bubbly Extra Dry (750 ml),18341751253,13٫99,https://drive.google.com/uc?id=16jzDWHmCOWatUKRCpRiPoukfYQLZZdmP,,,,,,,BP-WIN-750-10994,Quality meets affordability: Barefoot Cellars Bubbly Extra Dry (750 ml) delivers bright wine at $13.99. Exceptional value per bottle. Delivered fresh to your doorstep.
Wine,Champagne,Chandon California Brut Sparkling (750 ml),85155000013,29٫99,https://drive.google.com/uc?id=1VNUjLq3Af3q0hfGHazDpbXiGZauhU04b,,,,,,,BP-WIN-750-10995,Standard bottle size: Chandon California Brut Sparkling (750 ml) is $29.99. Mineral wine in classic format. Available quick delivery. Fast delivery to your neighborhood.
Wine,Champagne,Cook's Brut Champagne Blend (187 ml),83804047211,13٫99,https://drive.google.com/uc?id=1T00uBOHiYtQgUxfM883R3xQ2UiFTibOK,,,,,,,BP-WIN-187-10996,Weeknight winner: Cook's Brut Champagne Blend (187 ml) brings refreshing wine for $13.99. Impress without stress. Get it delivered to your door.
Wine,Champagne,Cooks Brut (187 ml),83804074712,16٫99,https://drive.google.com/uc?id=1VMK6YyTI_byXHxkQjMkPv-Gp0ECTfh0p,,,,,,,BP-WIN-187-10997,"Right-size portion: Cooks Brut (187 ml) for $16.99. Zesty quality, perfect quantity. Available quick delivery. Order online for curbside pickup."
Wine,Champagne,Cooks Extra Dry (750 ml),83804047235,13٫99,https://drive.google.com/uc?id=16pYupRXwJcv-27e1o5eQprSe_Nnu4Aqq,,,,,,,BP-WIN-750-10998,"Cooks Extra Dry (750 ml) showcases crisp white wine character for $13.99. Serve chilled with seafood or enjoy solo. Buy online, enjoy tonight."
Wine,Champagne,Domaine Ste Michelle Extra Dry (750 ml),88586600258,17٫99,https://drive.google.com/uc?id=1ej40FrFgyfiCmeKncEaCHOZYKjAuE20x,,,,,,,BP-WIN-750-10999,Indulge in Domaine Ste Michelle Extra Dry (750 ml) – a balanced wine for $17.99. This dinner party star ships fast. Shop online – pickup in-store today.
Wine,Champagne,Freixenet Cordon Negro Brut Champagne Blend (187 ml),33293003113,4٫99,https://drive.google.com/uc?id=1GV_c0A9Vp1ks2D8_pweFiH1udgNnPnVT,,,,,,,BP-WIN-187-11000,Indulge in Freixenet Cordon Negro Brut Champagne Blend (187 ml) – a balanced wine for $4.99. This gift-worthy selection ships fast. Fast delivery to your neighborhood.
Wine,Champagne,House Wine Brut Bubbles Champagne Blend Sparkling Wine Aluminium Can (375 ml),8.48375E+11,6٫99,https://drive.google.com/uc?id=1dXOw9TFVgqA9vIKj8yhWzCh0DGNKyBVC,,,,,,,BP-WIN-375-11001,Quality meets affordability: House Wine Brut Bubbles Champagne Blend Sparkling Wine Aluminium Can (375 ml) delivers zesty wine at $6.99. Exceptional value per bottle. Delivered fresh to your doorstep.
Wine,Champagne,Korbel Brut (750 ml),84704091328,19٫99,https://drive.google.com/uc?id=1D0QivVR7pa89B00E-_-EPSXwS_1ITnW8,,,,,,,BP-WIN-750-11002,Standard bottle size: Korbel Brut (750 ml) is $19.99. Mineral wine in classic format. Available fast shipping. In stock – order for delivery today.
Wine,Champagne,Korbel Extra Dry (750 ml),84704091472,19٫99,https://drive.google.com/uc?id=11QsTunF5N-3pOJB8kqtR8Q7BfD3q1d8J,,,,,,,BP-WIN-750-11003,Shop Korbel Extra Dry (750 ml) online – $19.99 with same-day delivery. Mineral wine that over-delivers. In stock – order for delivery today.
Wine,Champagne,Luc Belaire Bleu Addition Limited (750 ml),8.13497E+11,40٫99,https://drive.google.com/uc?id=1-Nvdl1RMVbTTEc6B49r2Xs3VgXR7C19y,,,,,,,BP-WIN-750-11004,Restaurant-quality wine at home: Luc Belaire Bleu Addition Limited (750 ml) is $40.99. Skip the corkage fee – quick delivery. Add to cart for fast local delivery.
Wine,Champagne,Moet & Chandon Brut Imperial Champagne Blend (750 ml),88110551056,78٫99,https://drive.google.com/uc?id=1-13Hq4OIPbPdr_VLtmjQfbUqN1doHucu,,,,,,,BP-WIN-750-11005,Highly rated: Moet & Chandon Brut Imperial Champagne Blend (750 ml) offers refreshing character at $78.99. Wine lovers keep coming back for more. Buy now with free delivery over $50.
Wine,Champagne,Moet & Chandon Ice Imperial (750 ml),81753818029,83٫99,https://drive.google.com/uc?id=13lXS0kVeepA0CH5jDD9xzHjbeQTcwmQZ,,,,,,,BP-WIN-750-11006,Mineral and bright: Moet & Chandon Ice Imperial (750 ml) for $83.99. Fruit-forward wine that pleases. Order now for next-hour delivery.
Wine,Champagne,Mumm Napa Brut Prestige Champagne Blend (750 ml),8.52832E+11,27٫99,https://drive.google.com/uc?id=10DsLCrULGuTJo5fVnsgJ7a5GBE0p2c0h,,,,,,,BP-WIN-750-11007,Gift-worthy: Mumm Napa Brut Prestige Champagne Blend (750 ml) brings mineral wine for $27.99. Impress without stress. Buy now with free delivery over $50.
Wine,Champagne,Mumm Napa Brut Rose (750 ml),8.52832E+11,27٫99,https://drive.google.com/uc?id=1kW0XayMq12Vmvy_Qk1xMIm64VWEF3wEO,,,,,,,BP-WIN-750-11008,Quality meets affordability: Mumm Napa Brut Rose (750 ml) delivers mineral wine at $27.99. Exceptional value per bottle. Order online for curbside pickup.
Wine,Champagne,Roederer Estate Brut (750 ml),97546102008,40٫99,https://drive.google.com/uc?id=1LueNnLU8j4s4ddxrCPwiLF2JaZBSQPza,,,,,,,BP-WIN-750-11009,"Sommeliers appreciate Roederer Estate Brut (750 ml) at $40.99. Vibrant wine with proper structure and finish. Buy online, enjoy tonight."
Wine,Champagne,Veuve Clicquot Yellow Label Brut (750 ml),81753050207,89٫99,https://drive.google.com/uc?id=1VOccb2Jt_Xj5ibjtx40h0-hd-6yKv5iP,,,,,,,BP-WIN-750-11010,Shop Veuve Clicquot Yellow Label Brut (750 ml) online – $89.99 with near you. Zesty wine that over-delivers. Delivered fresh to your doorstep.
Wine,Chardonnay,14 Hands Chardonnay (750 ml),88586001765,16٫99,https://drive.google.com/uc?id=1IsMsXV4h-OOY97cCLhr1PLchSGZOkq6t,,,,,,,BP-WIN-750-11011,Standard bottle size: 14 Hands Chardonnay (750 ml) is $16.99. Bright wine in classic format. Available fast shipping. Get it delivered to your door.
Wine,Chardonnay,Barefoot Cellars Chardonnay (1.5 L),18341151053,14٫99,https://drive.google.com/uc?id=1uByP_LhMHSakiVqkw49H_-gW7veediIv,,,,,,,BP-WIN-1.5L-11012,Show up in style with: Barefoot Cellars Chardonnay (1.5 L) brings vibrant wine for $14.99. Impress without stress. Order now for same-day delivery.
Wine,Chardonnay,Barefoot Cellars Chardonnay (750 ml),18341751055,9٫99,https://drive.google.com/uc?id=11iJdUGGXSjRYf1ibH1JpYlS3wrVOHj1T,,,,,,,BP-WIN-750-11013,Sommeliers appreciate Barefoot Cellars Chardonnay (750 ml) at $9.99. Refreshing wine with proper structure and finish. Get it delivered to your door.
Wine,Chardonnay,Bogle Chardonnay (750 ml),80887493928,12٫99,https://drive.google.com/uc?id=1ZlwE3VZuIE_kuTu4tA3yyq3fsn1b2TY8,,,,,,,BP-WIN-750-11014,Popular choice: Bogle Chardonnay (750 ml) offers mineral character at $12.99. Wine lovers keep coming back for more. Shop online – pickup in-store today.
Wine,Chardonnay,Butter Chardonnay (750 ml),8.50832E+11,22٫99,https://drive.google.com/uc?id=1QdObmrFxAu6P1YAw1tbw6d8WGjMFI61C,,,,,,,BP-WIN-750-11015,"Local bestseller: Butter Chardonnay (750 ml) offers refreshing character at $22.99. Wine lovers keep coming back for more. Buy online, enjoy tonight."
Wine,Chardonnay,Cakebread Cellars Napa Valley Chardonnay (750 ml),84692478941,55٫99,https://drive.google.com/uc?id=1eAytOX9rMhEKkH3xOwgFXvfXoxZBSLgs,,,,,,,BP-WIN-750-11016,Cakebread Cellars Napa Valley Chardonnay (750 ml) showcases balanced white wine character for $55.99. Serve chilled with seafood or enjoy solo. Available for immediate pickup.
Wine,Chardonnay,Ch Ste Michelle Chardonnay (750 ml),88586603846,17٫99,https://drive.google.com/uc?id=1DZB3d3_WyWx1oka80taeAwZsuwDVyMPu,,,,,,,BP-WIN-750-11017,Need mineral wine for tonight? Ch Ste Michelle Chardonnay (750 ml) at $17.99 is your answer. Pairs beautifully with dinner or sipping solo. In stock – order for delivery today.
Wine,Chardonnay,Chalk Hill Chardonnay Sonoma Coast (750 ml),16236000028,33٫99,https://drive.google.com/uc?id=1_eC_CRQi2R8oTASzxZhosDPVY2UE4F2P,,,,,,,BP-WIN-750-11018,Shop Chalk Hill Chardonnay Sonoma Coast (750 ml) online – $33.99 with near you. Balanced wine that over-delivers. Fast delivery to your neighborhood.
Wine,Chardonnay,Clos du Bois Chardonnay (750 ml),87356510124,14٫99,https://drive.google.com/uc?id=1ID7XWgl3jOxnx7sdf94-TrrGhmoYj8KX,,,,,,,BP-WIN-750-11019,Restaurant-quality wine at home: Clos du Bois Chardonnay (750 ml) is $14.99. Skip the corkage fee – quick delivery. In stock – order for delivery today.
Wine,Chardonnay,Cupcake Vineyards Butterkissed Chardonnay (750 ml),81308004396,12٫99,https://drive.google.com/uc?id=1qi8t51IQ3M20zkrrvwiiUlZYNVx4rOa-,,,,,,,BP-WIN-750-11020,Present-perfect: Cupcake Vineyards Butterkissed Chardonnay (750 ml) brings crisp wine for $12.99. Impress without stress. Shop online – pickup in-store today.
Wine,Chardonnay,Edna Valley Chardonnay (750 ml),18138201022,15٫99,https://drive.google.com/uc?id=1Guk9LIDbNKmIC8SrCYQHBmGnKUeWBD0W,,,,,,,BP-WIN-750-11021,"Present-perfect: Edna Valley Chardonnay (750 ml) brings crisp wine for $15.99. Impress without stress. Buy online, enjoy tonight."
Wine,Chardonnay,Estancia Chardonnay (750 ml),83085300586,14٫99,https://drive.google.com/uc?id=1DopSo9xwQlFnQX-rINsLP42X24KzLgfW,,,,,,,BP-WIN-750-11022,Estancia Chardonnay (750 ml) showcases mineral white wine character for $14.99. Serve chilled with seafood or enjoy solo. Order now for same-day delivery.
Wine,Chardonnay,Ferrari-Carano Chardonnay (750 ml),7.42651E+11,31٫99,https://drive.google.com/uc?id=1q8hR9BPROTTYdW-gchVTRQT14s-nlYm-,,,,,,,BP-WIN-750-11023,Ferrari-Carano Chardonnay (750 ml) showcases aromatic white wine character for $31.99. Serve chilled with seafood or enjoy solo. Shop online – pickup in-store today.
Wine,Chardonnay,Hahn SLH Chardonnay (750 ml),86788015573,20٫99,https://drive.google.com/uc?id=1KQg8NO8NkyXkg321iCrwYmMod1AzUtJh,,,,,,,BP-WIN-750-11024,Restaurant-quality wine at home: Hahn SLH Chardonnay (750 ml) is $20.99. Skip the corkage fee – fast shipping. In stock – order for delivery today.
Wine,Chardonnay,Joel Gott Chardonnay (750 ml),1.88985E+11,16٫99,https://drive.google.com/uc?id=1lys2T4vGeObgCDw8gF-8NZXvMr_4j_qw,,,,,,,BP-WIN-750-11025,Bring this to any gathering: Joel Gott Chardonnay (750 ml) brings crisp wine for $16.99. Impress without stress. Order online for curbside pickup.
Wine,Chardonnay,Kendall Jackson Chardonnay (750 ml),81584013105,22٫99,https://drive.google.com/uc?id=1ojiQNGBkUm3Pp_MESecOBd6I6RcN81WF,,,,,,,BP-WIN-750-11026,Restaurant-quality wine at home: Kendall Jackson Chardonnay (750 ml) is $22.99. Skip the corkage fee – local delivery available. Order now for next-hour delivery.
Wine,Chardonnay,La Crema Chardonnay Sonoma Coast (750 ml),49331002222,26٫99,https://drive.google.com/uc?id=1MHJK-FrRpY9DQE-bETTPZGC3Xk6y-jxD,,,,,,,BP-WIN-750-11027,Restaurant-quality wine at home: La Crema Chardonnay Sonoma Coast (750 ml) is $26.99. Skip the corkage fee – order online. Add to cart for fast local delivery.
Wine,Chardonnay,Layer Cake Chardonnay (750 ml),8.96599E+11,16٫99,https://drive.google.com/uc?id=17CSr8_IpydOGDNWWrEqP_Qq-ElB8EYv_,,,,,,,BP-WIN-750-11028,Shop Layer Cake Chardonnay (750 ml) online – $16.99 with order online. Mineral wine that over-delivers. Order now for same-day delivery.
Wine,Chardonnay,Liberty Creek Chardonnay (500 ml),85000021811,4٫99,https://drive.google.com/uc?id=1mVeKHYT9G8ARFojByI7acXMvXAq9a4NK,,,,,,,BP-WIN-500-11029,Sommeliers appreciate Liberty Creek Chardonnay (500 ml) at $4.99. Bright wine with proper structure and finish. Shop online – pickup in-store today.
Wine,Chardonnay,Mondavi Chardonnay Napa (750 ml),86003451865,22٫99,https://drive.google.com/uc?id=15tubZSkhMgjP-GEFgMlzBzKSd-HBxnQ-,,,,,,,BP-WIN-750-11030,Experience Mondavi Chardonnay Napa (750 ml) – a aromatic wine for $22.99. This food pairing champion ships fast. Get it delivered to your door.
Wine,Chardonnay,Murphy Goode Chardonnay California (750 ml),83722880020,19٫99,https://drive.google.com/uc?id=1Np9CvVoMG4ifIjGg1qtkDetVIdfCA7Lo,,,,,,,BP-WIN-750-11031,"Buttery, refreshing Chardonnay: Murphy Goode Chardonnay California (750 ml) at $19.99. Apple, vanilla, and toast dance together. Buy online, enjoy tonight."
Wine,Chardonnay,Robert Mondavi Private Selection Chardonnay (750 ml),86003461925,12٫99,https://drive.google.com/uc?id=1ON5ha5vLgiQpUmqJ4F2fod5DXpLLOK-Q,,,,,,,BP-WIN-750-11032,"Buttery, crisp Chardonnay: Robert Mondavi Private Selection Chardonnay (750 ml) at $12.99. Apple, vanilla, and toast dance together. Order now for same-day delivery."
Wine,Chardonnay,Rodney Strong Chardonnay (750 ml),87512913257,24٫99,https://drive.google.com/uc?id=13tvriFpgR1vpW_o0GSy_Nvg4cDf8O9Er,,,,,,,BP-WIN-750-11033,Table-ready: Rodney Strong Chardonnay (750 ml) brings crisp wine for $24.99. Impress without stress. Order now for same-day delivery.
Wine,Chardonnay,Souverain Chardonnay (750 ml),88553812202,13٫99,https://drive.google.com/uc?id=1E52a5fYSPh97IHkucIuWYgikPuPxoUmz,,,,,,,BP-WIN-750-11034,Table-ready: Souverain Chardonnay (750 ml) brings vibrant wine for $13.99. Impress without stress. Get it delivered to your door.
Wine,Chardonnay,Sutter Home Chardonnay (187 ml),85200000067,2٫99,https://drive.google.com/uc?id=1VH_1hm6eGEcMy7f0jee5rLIo5uo6ElYd,,,,,,,BP-WIN-187-11035,"Sutter Home Chardonnay (187 ml) represents bright quality at $2.99. Crafted with care, priced to share. Order now for next-hour delivery."
Wine,Chardonnay,Sutter Home Chardonnay Bottle (500 ml),85200001361,5٫99,https://drive.google.com/uc?id=15gS0Lrez7piKSWDXljGmcA5jTD7APXH0,,,,,,,BP-WIN-500-11036,"Right-size portion: Sutter Home Chardonnay Bottle (500 ml) for $5.99. Vibrant quality, perfect quantity. Available in your area. In stock – order for delivery today."
Wine,Chardonnay,Tisdale Chardonnay (750 ml),85000011430,4٫99,https://drive.google.com/uc?id=1ynVMtDLkwx7yyJ5v1Px5WbCeHAM_1YBJ,,,,,,,BP-WIN-750-11037,Shop Tisdale Chardonnay (750 ml) online – $4.99 with order online. Aromatic wine that over-delivers. Delivered fresh to your doorstep.
Wine,Chardonnay,Wente Chardonnay Morning Fog (750 ml),89636190002,19٫99,https://drive.google.com/uc?id=14xGq-ekt09QzGklsL678E92vsMpC_txU,,,,,,,BP-WIN-750-11038,Wente Chardonnay Morning Fog (750 ml) showcases crisp white wine character for $19.99. Serve chilled with seafood or enjoy solo. Order online for curbside pickup.
Wine,Chardonnay,William Hill Chardonnay North Cst (750 ml),85000021590,15٫99,https://drive.google.com/uc?id=1yy8ItqpFhrG7U1Kd7odIKguRpw9Aghp9,,,,,,,BP-WIN-750-11039,Popular choice: William Hill Chardonnay North Cst (750 ml) offers zesty character at $15.99. Wine lovers keep coming back for more. Available for immediate pickup.
Wine,Chardonnay,Woodbridge Mondavi Chardonnay (750 ml),86003000087,8٫99,https://drive.google.com/uc?id=13GDAktBUJQ7s5kNIf9IzVPOzmuVgOufE,,,,,,,BP-WIN-750-11040,Standard bottle size: Woodbridge Mondavi Chardonnay (750 ml) is $8.99. Zesty wine in classic format. Available neighborhood liquor store. Buy now with free delivery over $50.
Wine,Chardonnay,Yellow Tail Chardonnay (750 ml),31259008929,11٫99,https://drive.google.com/uc?id=17Lwg1aeh_T2vB4cuFzwpkZvgCxjwUfsr,,,,,,,BP-WIN-750-11041,Restaurant-quality wine at home: Yellow Tail Chardonnay (750 ml) is $11.99. Skip the corkage fee – order online. Shop online – pickup in-store today.
Wine,Fruit Wine,Stella Rosa Berry (750 ml),87872632225,16٫99,https://drive.google.com/uc?id=1TYTjvVamcEOP3toPRdcr7gt6kVHSpLBa,,,,,,,BP-WIN-750-11042,Highly rated: Stella Rosa Berry (750 ml) offers refreshing character at $16.99. Wine lovers keep coming back for more. Order online for curbside pickup.
Wine,Fruit Wine,Stella Rosa Pink (750 ml),87872632232,16٫99,https://drive.google.com/uc?id=1ZK5uck9seZ5KGYUp71ebWM5GLq71VuTD,,,,,,,BP-WIN-750-11043,Stella Rosa Pink (750 ml) showcases crisp white wine character for $16.99. Serve chilled with seafood or enjoy solo. Fast delivery to your neighborhood.
Wine,Merlot,Coppola Diamond Merlot (750 ml),7.39959E+11,20٫99,https://drive.google.com/uc?id=1PoGHOaxWBC6MEWOjpkyFmc-8d6TaL_u_,,,,,,,BP-WIN-750-11044,Quality meets affordability: Coppola Diamond Merlot (750 ml) delivers elegant wine at $20.99. Exceptional value per bottle. Shop online – pickup in-store today.
Wine,Other Reds,19 Crimes Shiraz (750 ml),12354001848,14٫99,https://drive.google.com/uc?id=1OgJhM0f3P4JK79YuXSQB7EE4k7e-W8qP,,,,,,,BP-WIN-750-11045,Restaurant-quality wine at home: 19 Crimes Shiraz (750 ml) is $14.99. Skip the corkage fee – neighborhood liquor store. Fast delivery to your neighborhood.
Wine,Other Reds,19 Crimes Snoop Dogg Cali Red (750 ml),12354004290,19٫99,https://drive.google.com/uc?id=12KsfzkQrtEwKUJpwjSdDqWzmgfzNzerF,,,,,,,BP-WIN-750-11046,Restaurant-quality wine at home: 19 Crimes Snoop Dogg Cali Red (750 ml) is $19.99. Skip the corkage fee – local delivery available. Delivered fresh to your doorstep.
Wine,Other Reds,Coppola Diamond Claret (750 ml),7.39958E+11,22٫99,https://drive.google.com/uc?id=1OGGg8gtl_P9ekLUQr-n3XKLqP8uEUmem,,,,,,,BP-WIN-750-11047,"Coppola Diamond Claret (750 ml): concentrated red with dark fruit and oak ($22.99). Pairs with steak, burgers, or bold cheeses. Available for immediate pickup."
Wine,Other Reds,Gabbiano Sangiovese (750 ml),89819501458,12٫99,https://drive.google.com/uc?id=12pKY-dTNzhXu1a-fZOhTWrDCELzCW1_C,,,,,,,BP-WIN-750-11048,"Gabbiano Sangiovese (750 ml) represents structured quality at $12.99. Crafted with care, priced to share. Order online for curbside pickup."
Wine,Other Reds,Justin Justification (750 ml),7.33953E+11,78٫99,https://drive.google.com/uc?id=1v-zAbIWauOyLv8w1KXQ2NPSzXxzIvWIW,,,,,,,BP-WIN-750-11049,Sommeliers appreciate Justin Justification (750 ml) at $78.99. Layered wine with proper structure and finish. Available for immediate pickup.
Wine,Other Reds,Riunite Lambrusco (750 ml),80516135144,7٫99,https://drive.google.com/uc?id=19WJGvNFFEzh-_qe5dj0PgPftyQLj7I5_,,,,,,,BP-WIN-750-11050,Bring this to any gathering: Riunite Lambrusco (750 ml) brings velvety wine for $7.99. Impress without stress. In stock – order for delivery today.
Wine,Other Reds,Yellow Tail Shiraz (750 ml),31259008943,8٫99,https://drive.google.com/uc?id=11jhunyJQ1AR1AF9XhJeFEfz3mREU0VOz,,,,,,,BP-WIN-750-11051,"Deep ruby color, rich body: Yellow Tail Shiraz (750 ml) is $8.99. Blackberry, cassis, and oak on the palate. Get it delivered to your door."
Wine,Other Whites,Barefoot Cellars Moscato (1.5 L),85000016671,14٫99,https://drive.google.com/uc?id=1TH9h_K4AXQNT4cvj57JERO67w3OmW6ia,,,,,,,BP-WIN-1.5L-11052,Present-perfect: Barefoot Cellars Moscato (1.5 L) brings refreshing wine for $14.99. Impress without stress. Available for immediate pickup.
Wine,Other Whites,Barefoot Cellars Moscato (750 ml),85000016688,8٫99,https://drive.google.com/uc?id=11auWY7Z20lFTaA6ahgKQDHNmq2YPR8Ai,,,,,,,BP-WIN-750-11053,Restaurant-quality wine at home: Barefoot Cellars Moscato (750 ml) is $8.99. Skip the corkage fee – fast shipping. Delivered fresh to your doorstep.
Wine,Other Whites,Charles Smith Kung Fu Riesling (750 ml),86003253001,16٫99,https://drive.google.com/uc?id=1FvUp_1UfTY1_Pm2-YnO4eHxfK1oYLQMk,,,,,,,BP-WIN-750-11054,Restaurant-quality wine at home: Charles Smith Kung Fu Riesling (750 ml) is $16.99. Skip the corkage fee – quick delivery. In stock – order for delivery today.
Wine,Other Whites,Edna Valley Sauvignon Blanc (750 ml),18138202029,15٫99,https://drive.google.com/uc?id=1CWX_jn0BkpsnqF7KYcTQUh3Hx7vQeUA2,,,,,,,BP-WIN-750-11055,"Edna Valley Sauvignon Blanc (750 ml) represents mineral quality at $15.99. Crafted with care, priced to share. In stock – order for delivery today."
Wine,Other Whites,Ferrari-Carano Fume Blanc (750 ml),7.42651E+11,22٫99,https://drive.google.com/uc?id=1AtsdqFa_7lnpuwJhnn4c8_gUQyYrljXC,,,,,,,BP-WIN-750-11056,Standard bottle size: Ferrari-Carano Fume Blanc (750 ml) is $22.99. Mineral wine in classic format. Available local delivery available. Shop online – pickup in-store today.
Wine,Other Whites,Sutter Home Chenin Blanc Bottle (187 ml),85200618743,7٫99,https://drive.google.com/uc?id=1-Nvdl1RMVbTTEc6B49r2Xs3VgXR7C19y,,,,,,,BP-WIN-187-11057,"Right-size portion: Sutter Home Chenin Blanc Bottle (187 ml) for $7.99. Crisp quality, perfect quantity. Available fast shipping. Get it delivered to your door."
Wine,Pinot Grigio,Barefoot Cellars Pinot Grigio (1.5 L),85000014431,14٫99,https://drive.google.com/uc?id=1nYdb-jstte-v3UIUBZLdfplsgTyVV3tN,,,,,,,BP-WIN-1.5L-11058,Sommeliers appreciate Barefoot Cellars Pinot Grigio (1.5 L) at $14.99. Vibrant wine with proper structure and finish. Add to cart for fast local delivery.
Wine,Pinot Grigio,Barefoot Cellars Pinot Grigio (750 ml),85000014448,10٫99,https://drive.google.com/uc?id=1GNO_E3hsneaF8L8Ar4kWzwWxCvaZg_52,,,,,,,BP-WIN-750-11059,Restaurant-quality wine at home: Barefoot Cellars Pinot Grigio (750 ml) is $10.99. Skip the corkage fee – fast shipping. In stock – order for delivery today.
Wine,Pinot Grigio,Cavit Collection Pinot Grigio (750 ml),86785000084,11٫99,https://drive.google.com/uc?id=1Nt_vB2fUXI4SEcuDZ5A139qmTnVLmUAW,,,,,,,BP-WIN-750-11060,Highly rated: Cavit Collection Pinot Grigio (750 ml) offers bright character at $11.99. Wine lovers keep coming back for more. Available for immediate pickup.
Wine,Pinot Grigio,Chloe Pinot Grigio (750 ml),81308003337,14٫99,https://drive.google.com/uc?id=1HHsJVkVn9Ub56V_vxBeZ_i_jtrl8Ov84,,,,,,,BP-WIN-750-11061,Need bright wine for tonight? Chloe Pinot Grigio (750 ml) at $14.99 is your answer. Pairs beautifully with dinner or sipping solo. Delivered fresh to your doorstep.
Wine,Pinot Grigio,Cupcake Pinot Grigio Trentino (750 ml),81308001067,12٫99,https://drive.google.com/uc?id=13-y6a6q9nQueOnnmGhvWGh8-_qLFUm91,,,,,,,BP-WIN-750-11062,Quality meets affordability: Cupcake Pinot Grigio Trentino (750 ml) delivers balanced wine at $12.99. Exceptional value per bottle. Shop online – pickup in-store today.
Wine,Pinot Grigio,Edna Valley Vineyard Pinot Grigio (750 ml),85000023136,15٫99,https://drive.google.com/uc?id=1i-S20nCr-8lcZuOjn8E4FvXk7SwYNd5m,,,,,,,BP-WIN-750-11063,Sommeliers appreciate Edna Valley Vineyard Pinot Grigio (750 ml) at $15.99. Vibrant wine with proper structure and finish. Order now for same-day delivery.
Wine,Pinot Grigio,La Crema Pinot Gris (750 ml),49331003120,24٫99,https://drive.google.com/uc?id=198eo92EuZYeElh3PlvVZbn5BgnlchRlA,,,,,,,BP-WIN-750-11064,"La Crema Pinot Gris (750 ml) represents vibrant quality at $24.99. Crafted with care, priced to share. In stock – order for delivery today."
Wine,Pinot Grigio,Liberty Creek Winemaker's Selection Pinot Grigio (500 ml),85000022719,5٫99,https://drive.google.com/uc?id=1PY4F2kE7XOSNHCdCCTfkK3yxnLg4GD_0,,,,,,,BP-WIN-500-11065,Stock up special: Liberty Creek Winemaker's Selection Pinot Grigio (500 ml) is just $5.99. Multiple units of mineral quality. Available in your area. Get it delivered to your door.
Wine,Pinot Grigio,Mezzacorona Pinot Grigio (750 ml),87241881063,10٫99,https://drive.google.com/uc?id=1FrAZk5-DETVfLwDK6IettBzUZqZO6SE6,,,,,,,BP-WIN-750-11066,Trending now: Mezzacorona Pinot Grigio (750 ml) offers bright character at $10.99. Wine lovers keep coming back for more. Available for immediate pickup.
Wine,Pinot Grigio,Mondavi Prvt Sel Pinot Grigio (750 ml),86003002692,12٫99,https://drive.google.com/uc?id=10NBNc4xCl28vNaeiv1nDLzm6zY9ijm-x,,,,,,,BP-WIN-750-11067,Everyday enjoyment: Mondavi Prvt Sel Pinot Grigio (750 ml) brings vibrant wine for $12.99. Impress without stress. Delivered fresh to your doorstep.
Wine,Pinot Grigio,Oyster Bay Pinot Gris (750 ml),8.70661E+11,20٫99,https://drive.google.com/uc?id=1P9qazP1jbfga05yhWRRCcy03YKwW0l2Z,,,,,,,BP-WIN-750-11068,Quality meets affordability: Oyster Bay Pinot Gris (750 ml) delivers balanced wine at $20.99. Exceptional value per bottle. Delivered fresh to your doorstep.
Wine,Pinot Grigio,Ruffino Lumina Pinot Grigio (750 ml),83085903213,14٫99,https://drive.google.com/uc?id=1S6dvKdlELgbq4ADX3zZKkGo-TvKFlnz0,,,,,,,BP-WIN-750-11069,Ruffino Lumina Pinot Grigio (750 ml) showcases bright white wine character for $14.99. Serve chilled with seafood or enjoy solo. Shop online – pickup in-store today.
Wine,Pinot Grigio,Santa Margherita Pinot Grigio (750 ml),86891022871,31٫99,https://drive.google.com/uc?id=1IfzE-yDSVukc_V-XIB90qr0jFygLqUy_,,,,,,,BP-WIN-750-11070,Bring to the party Santa Margherita Pinot Grigio (750 ml) – a balanced wine for $31.99. This food pairing champion ships fast. Order now for same-day delivery.
Wine,Pinot Grigio,Scarpetta Pinot Grigio (750 ml),8.00886E+12,17٫99,https://drive.google.com/uc?id=1-Nvdl1RMVbTTEc6B49r2Xs3VgXR7C19y,,,,,,,BP-WIN-750-11071,Staff pick: Scarpetta Pinot Grigio (750 ml) offers crisp character at $17.99. Wine lovers keep coming back for more. Order now for same-day delivery.
Wine,Pinot Grigio,Sutter Home Pinot Grigio (187 ml),85200118755,7٫99,https://drive.google.com/uc?id=1CqQPXobhCSI2CErT_agIGcVpS0W8g1W7,,,,,,,BP-WIN-187-11072,Sommeliers appreciate Sutter Home Pinot Grigio (187 ml) at $7.99. Mineral wine with proper structure and finish. Order online for curbside pickup.
Wine,Pinot Grigio,Sutter Home Pinot Grigio Plastic Bottle (187 ml),85200000142,2٫99,https://drive.google.com/uc?id=14TNHsVXJYcMvEn5IEy-TmLKLcRV85XUS,,,,,,,BP-WIN-187-11073,"Sutter Home Pinot Grigio Plastic Bottle (187 ml) represents refreshing quality at $2.99. Crafted with care, priced to share. Shop online – pickup in-store today."
Wine,Pinot Grigio,Woodbridge Mondavi Pinot Grigio (1.5 L),86003001657,14٫99,https://drive.google.com/uc?id=1UzLHThWYq8baUaWLDThpvvt1bqlSh15j,,,,,,,BP-WIN-1.5L-11074,Restaurant-quality wine at home: Woodbridge Mondavi Pinot Grigio (1.5 L) is $14.99. Skip the corkage fee – order online. Buy now with free delivery over $50.
Wine,Pinot Noir,A to Z Wineworks Pinot Noir (750 ml),8.92931E+11,25٫99,https://drive.google.com/uc?id=11zJhwoPSBOK4ImcQEYt3AWt7OlL1uyJz,,,,,,,BP-WIN-750-11075,Full-bodied and bright: A to Z Wineworks Pinot Noir (750 ml) for $25.99. Fruit-forward wine that pleases. Shop online – pickup in-store today.
Wine,Pinot Noir,Barefoot Cellars Pinot Noir (1.5 L),85000017364,14٫99,https://drive.google.com/uc?id=1zFjpsxkukW5CTtoizXdGVC99b5PmwqFi,,,,,,,BP-WIN-1.5L-11076,"Right-size portion: Barefoot Cellars Pinot Noir (1.5 L) for $14.99. Structured quality, perfect quantity. Available local delivery available. Delivered fresh to your doorstep."
Wine,Pinot Noir,Barefoot Cellars Pinot Noir (750 ml),85000017074,8٫99,https://drive.google.com/uc?id=1jbdRw2XDHOE6yj-yPBs65AolmdURTJt6,,,,,,,BP-WIN-750-11077,Shop Barefoot Cellars Pinot Noir (750 ml) online – $8.99 with local delivery available. Elegant wine that over-delivers. In stock – order for delivery today.
Wine,Pinot Noir,Beringer Founders' Est Pinot Noir (750 ml),89819001972,13٫99,https://drive.google.com/uc?id=1H07WmqMIDCXemtScNBEhtdNed3sPy8Ba,,,,,,,BP-WIN-750-11078,Stock up on Beringer Founders' Est Pinot Noir (750 ml) – a velvety wine for $13.99. This versatile crowd-pleaser ships fast. Order now for next-hour delivery.
Wine,Pinot Noir,Bogle Pinot Noir California (750 ml),80887493966,13٫99,https://drive.google.com/uc?id=1T3YhJUBTrFsQ5MFeCzoj1_EayyVxbBU9,,,,,,,BP-WIN-750-11079,Bogle Pinot Noir California (750 ml) showcases elegant white wine character for $13.99. Serve chilled with seafood or enjoy solo. Available for immediate pickup.
Wine,Pinot Noir,Coppola Diamond Pinot Noir (750 ml),7.39958E+11,12٫99,https://drive.google.com/uc?id=1T1TpQEYQ-sPkSTgL-yELRgzfbvWeC_Nq,,,,,,,BP-WIN-750-11080,Trending now: Coppola Diamond Pinot Noir (750 ml) offers full-bodied character at $12.99. Wine lovers keep coming back for more. In stock – order for delivery today.
Wine,Pinot Noir,Edna Valley Pinot Noir (750 ml),18138204023,24٫99,https://drive.google.com/uc?id=1VbHgowzCmk6bVUnDJZZvNqpqC5wzuITP,,,,,,,BP-WIN-750-11081,Restaurant-quality wine at home: Edna Valley Pinot Noir (750 ml) is $24.99. Skip the corkage fee – order online. In stock – order for delivery today.
Wine,Pinot Noir,Elouan Pinot Noir (750 ml),8.65776E+11,26٫99,https://drive.google.com/uc?id=1O8_9FLJBZ75u81kyZAaJAQGiwy7KyKzN,,,,,,,BP-WIN-750-11082,Standard bottle size: Elouan Pinot Noir (750 ml) is $26.99. Robust wine in classic format. Available local delivery available. Delivered fresh to your doorstep.
Wine,Pinot Noir,Erath Pinot Noir (750 ml),84687001017,24٫99,https://drive.google.com/uc?id=1NjJWrFkCWik77c_tRfMV6IwLCZa4aBcr,,,,,,,BP-WIN-750-11083,Erath Pinot Noir (750 ml) showcases elegant white wine character for $24.99. Serve chilled with seafood or enjoy solo. Shop online – pickup in-store today.
Wine,Pinot Noir,Flowers Pinot Noir (750 ml),8.59369E+11,72٫99,https://drive.google.com/uc?id=1GHv0M66hP-SevirVJ9ePuvkRnwh9ICeA,,,,,,,BP-WIN-750-11084,"Flowers Pinot Noir (750 ml) represents robust quality at $72.99. Crafted with care, priced to share. Get it delivered to your door."
Wine,Pinot Noir,Josh Cellars Pinot Noir (750 ml),8.57744E+11,19٫99,https://drive.google.com/uc?id=1k6zvEtcmANt6EJse-fnl9_BaiBs4Jmsy,,,,,,,BP-WIN-750-11085,Quality meets affordability: Josh Cellars Pinot Noir (750 ml) delivers structured wine at $19.99. Exceptional value per bottle. In stock – order for delivery today.
Wine,Pinot Noir,Le Grand Noir Pinot Noir (750 ml),84279975054,15٫99,https://drive.google.com/uc?id=1-Lt5GJlbz42sRR8nnDp-FneSvLNdjoWQ,,,,,,,BP-WIN-750-11086,Experience Le Grand Noir Pinot Noir (750 ml) – a full-bodied wine for $15.99. This versatile crowd-pleaser ships fast. In stock – order for delivery today.
Wine,Pinot Noir,Matua Pinot Noir (750 ml),89819236015,16٫99,https://drive.google.com/uc?id=1BS8IN2g4uWq2b0Gj7uAiiYfc8uAvLw1R,,,,,,,BP-WIN-750-11087,Customer favorite: Matua Pinot Noir (750 ml) offers rich character at $16.99. Wine lovers keep coming back for more. Order now for same-day delivery.
Wine,Pinot Noir,Meiomi Pinot Noir (750 ml),8.55165E+11,32٫99,https://drive.google.com/uc?id=1JbOsgzMwi5dN-xz_ZDR5NPvEJtt60Z6B,,,,,,,BP-WIN-750-11088,Quality meets affordability: Meiomi Pinot Noir (750 ml) delivers elegant wine at $32.99. Exceptional value per bottle. Buy now with free delivery over $50.
Wine,Pinot Noir,Menage a Trois Luscious Pinot Noir (750 ml),99988071577,13٫99,https://drive.google.com/uc?id=1Ed0WzM8IN3QrCvtfmWlAkcpfF-dOilrQ,,,,,,,BP-WIN-750-11089,Bring to the party Menage a Trois Luscious Pinot Noir (750 ml) – a robust wine for $13.99. This cellar-worthy ships fast. Shop online – pickup in-store today.
Wine,Pinot Noir,Murphy Goode Pinot Noir (750 ml),83722023489,20٫99,https://drive.google.com/uc?id=1NdV4EqDHN-blfqZ0FYaxq_GaERpIoCa6,,,,,,,BP-WIN-750-11090,Need elegant wine for tonight? Murphy Goode Pinot Noir (750 ml) at $20.99 is your answer. Pairs beautifully with dinner or sipping solo. Shop online – pickup in-store today.
Wine,Pinot Noir,Oyster Bay Pinot Noir (750 ml),8.70661E+11,24٫99,https://drive.google.com/uc?id=1U6_s0pk54jb6oQnIClJe42K2bidgS64M,,,,,,,BP-WIN-750-11091,Quality meets affordability: Oyster Bay Pinot Noir (750 ml) delivers elegant wine at $24.99. Exceptional value per bottle. Get it delivered to your door.
Wine,Pinot Noir,Prophecy Pinot Noir (750 ml),85000023105,14٫99,https://drive.google.com/uc?id=1K5tHjsXUsKpBiHm9qrVOY4T6rS4UHk-X,,,,,,,BP-WIN-750-11092,Sommeliers appreciate Prophecy Pinot Noir (750 ml) at $14.99. Robust wine with proper structure and finish. Order now for same-day delivery.
Wine,Pinot Noir,Raeburn Pinot Noir (750 ml),8.51718E+11,33٫99,https://drive.google.com/uc?id=1PBjwDIzy9swL0-2rIwwHIeOwjQjONv0j,,,,,,,BP-WIN-750-11093,Trending now: Raeburn Pinot Noir (750 ml) offers concentrated character at $33.99. Wine lovers keep coming back for more. Order now for same-day delivery.
Wine,Pinot Noir,Sea Glass Pinot Noir (750 ml),85200005789,19٫99,https://drive.google.com/uc?id=1LVvikj_WA62hWkTcPlet1czcqw14WSHl,,,,,,,BP-WIN-750-11094,Restaurant-quality wine at home: Sea Glass Pinot Noir (750 ml) is $19.99. Skip the corkage fee – quick delivery. Add to cart for fast local delivery.
Wine,Pinot Noir,Talbott Pinot Noir Kali Hart (750 ml),7.09192E+11,29٫99,https://drive.google.com/uc?id=1-u2HgW1ZGIUJc3dLVHoD79ID-M7ykWqG,,,,,,,BP-WIN-750-11095,Shop Talbott Pinot Noir Kali Hart (750 ml) online – $29.99 with neighborhood liquor store. Velvety wine that over-delivers. Order now for same-day delivery.
Wine,Pinot Noir,Tisdale Pinot Noir (750 ml),85000018057,4٫99,https://drive.google.com/uc?id=1U8M9rHCl-WZCuSx4tnGwF1KB_L-AuC8H,,,,,,,BP-WIN-750-11096,"Tisdale Pinot Noir (750 ml) represents robust quality at $4.99. Crafted with care, priced to share. Shop online – pickup in-store today."
Wine,Red Blend,Caymus Red Blend The Walking Fool Suisun Valley (750 ml),17224710011,43٫99,https://drive.google.com/uc?id=11j51paj3FNFFBZCl3O0aCmy6f8-FKwce,,,,,,,BP-WIN-750-11097,Shop Caymus Red Blend The Walking Fool Suisun Valley (750 ml) online – $43.99 with in your area. Rich wine that over-delivers. Delivered fresh to your doorstep.
Wine,Red Blends,Apothic Inferno Whiskey Barrel Red (750 ml),85000024904,15٫99,https://drive.google.com/uc?id=1daaQzJQtLfD1GIVS90KPyXmP_b0TD6Fk,,,,,,,BP-WIN-750-11098,Gift-worthy: Apothic Inferno Whiskey Barrel Red (750 ml) brings robust wine for $15.99. Impress without stress. In stock – order for delivery today.
Wine,Red Blends,Apothic Red (750 ml),85000017746,13٫99,https://drive.google.com/uc?id=1DgkBOuFl9VsHrIU3GRhEIe3VTi_dAT1M,,,,,,,BP-WIN-750-11099,"Apothic Red (750 ml): structured red with dark fruit and oak ($13.99). Pairs with steak, burgers, or bold cheeses. Order now for next-hour delivery."
Wine,Red Blends,Dark Horse Red Blend (750 ml),85000020746,11٫99,https://drive.google.com/uc?id=1TMYk65wSwH7dwrAOfh5CLVZo32cRsz0W,,,,,,,BP-WIN-750-11100,Sommeliers appreciate Dark Horse Red Blend (750 ml) at $11.99. Layered wine with proper structure and finish. Available for immediate pickup.
Wine,Red Blends,Josh Cellars Legacy Red Blend (750 ml),31259048024,21٫99,https://drive.google.com/uc?id=1WcWMrMdd-lIb51pMC2CM4ArCVbiuphb0,,,,,,,BP-WIN-750-11101,Standard bottle size: Josh Cellars Legacy Red Blend (750 ml) is $21.99. Rich wine in classic format. Available order online. Add to cart for fast local delivery.
Wine,Red Blends,Justin Isosceles (750 ml),7.33953E+11,100٫99,https://drive.google.com/uc?id=15NStsPreHPtnWFJnqNZmWBtnUw6c-WIH,,,,,,,BP-WIN-750-11102,"Deep ruby color, layered body: Justin Isosceles (750 ml) is $100.99. Blackberry, cassis, and oak on the palate. Buy online, enjoy tonight."
Wine,Red Blends,Menage a Trois Silk (750 ml),99988071362,12٫99,https://drive.google.com/uc?id=1AWyZ_EuNnapoAA3lMMT2Qp3vACYP8h1j,,,,,,,BP-WIN-750-11103,"Deep ruby color, structured body: Menage a Trois Silk (750 ml) is $12.99. Blackberry, cassis, and oak on the palate. Buy online, enjoy tonight."
Wine,Red Blends,Ruffino Chianti (750 ml),83085903022,16٫99,https://drive.google.com/uc?id=1W6FpHILvzwqkX-mghDlS6hayBHT4msqz,,,,,,,BP-WIN-750-11104,Need robust wine for tonight? Ruffino Chianti (750 ml) at $16.99 is your answer. Pairs beautifully with dinner or sipping solo. Available for immediate pickup.
Wine,Red Blends,Stella Rosa Red (750 ml),87872630139,16٫99,https://drive.google.com/uc?id=17JCqs4-9ukg1Bk9KPGDSDDdK_vdYe70q,,,,,,,BP-WIN-750-11105,Experience Stella Rosa Red (750 ml) – a velvety wine for $16.99. This special occasion pick ships fast. Available for immediate pickup.
Wine,Red Blends,Stella Rosa Stella Black (750 ml),87872633369,16٫99,https://drive.google.com/uc?id=1rXkR6J8afGAtX-HcxurNp42HV_xDFpLI,,,,,,,BP-WIN-750-11106,Shop Stella Rosa Stella Black (750 ml) online – $16.99 with neighborhood liquor store. Rich wine that over-delivers. Shop online – pickup in-store today.
Wine,Red Blends,The Prisoner Red Blend (750 ml),8.59369E+11,55٫99,https://drive.google.com/uc?id=1eP5QA3zWxlT-nv4tYIBa23B1hbciqBjX,,,,,,,BP-WIN-750-11107,Shop The Prisoner Red Blend (750 ml) online – $55.99 with order online. Elegant wine that over-delivers. Order now for same-day delivery.
Wine,Rose,Lamarca La Marca Prosecco Rosé 2019 (750 ml),85000017739,22٫99,https://drive.google.com/uc?id=1H9jj_ZyUBck0mpO5rgzt1Qj36A9l1WGn,,,,,,,BP-WIN-750-11108,Indulge in Lamarca La Marca Prosecco Rosé 2019 (750 ml) – a aromatic wine for $22.99. This dinner party star ships fast. Get it delivered to your door.
Wine,Rose,Whispering Angel Rosé Bottle (750 ml),88320001969,27٫99,https://drive.google.com/uc?id=16YzywOjarcRJ24iNtJkHW4AVuCY8RJLT,,,,,,,BP-WIN-750-11109,Sommeliers appreciate Whispering Angel Rosé Bottle (750 ml) at $27.99. Mineral wine with proper structure and finish. Shop online – pickup in-store today.
Wine,Sauvignon Blanc,Barefoot Cellars Sauvignon Blanc (750 ml),18341751024,9٫99,https://drive.google.com/uc?id=1YfbpgMVIBgOjQ7qoTdfORWA7aOIePIWB,,,,,,,BP-WIN-750-11110,Anytime refreshment: Barefoot Cellars Sauvignon Blanc (750 ml) brings balanced wine for $9.99. Impress without stress. Buy now with free delivery over $50.
Wine,Sauvignon Blanc,Cakebread Sauvignon Blanc (750 ml),84692479146,95٫99,https://drive.google.com/uc?id=15fSA3pOGreSLaAW3PcHIcxOZeX8ivHpu,,,,,,,BP-WIN-750-11111,Quality meets affordability: Cakebread Sauvignon Blanc (750 ml) delivers crisp wine at $95.99. Exceptional value per bottle. Available for immediate pickup.
Wine,Sauvignon Blanc,Ch Souverain Sauvignon Blanc (750 ml),88553094059,13٫99,https://drive.google.com/uc?id=1uSN5b1qVpavjLl_N7DhJcUpRAccPZEhF,,,,,,,BP-WIN-750-11112,Need aromatic wine for tonight? Ch Souverain Sauvignon Blanc (750 ml) at $13.99 is your answer. Pairs beautifully with dinner or sipping solo. Buy now with free delivery over $50.
Wine,Sauvignon Blanc,Chloe Sauvignon Blanc (750 ml),81308011011,14٫99,https://drive.google.com/uc?id=19ZBRs37pv_XWFLpPMu6spn5PRiMp10dB,,,,,,,BP-WIN-750-11113,Popular choice: Chloe Sauvignon Blanc (750 ml) offers bright character at $14.99. Wine lovers keep coming back for more. Order online for curbside pickup.
Wine,Sauvignon Blanc,Cupcake Sauv Blanc Marlborough (750 ml),81308000435,13٫99,https://drive.google.com/uc?id=1z-hJQP3LUJbUjvzS9hzu-6USSWRXivCj,,,,,,,BP-WIN-750-11114,Standard bottle size: Cupcake Sauv Blanc Marlborough (750 ml) is $13.99. Refreshing wine in classic format. Available in your area. Delivered fresh to your doorstep.
Wine,Sauvignon Blanc,Daou Sauvignon Blanc (750 ml),8.90409E+11,23٫99,https://drive.google.com/uc?id=1UrwyizS7yBtewxS0wNKf4Pt8GtoVW2cH,,,,,,,BP-WIN-750-11115,Trending now: Daou Sauvignon Blanc (750 ml) offers aromatic character at $23.99. Wine lovers keep coming back for more. In stock – order for delivery today.
Wine,Sauvignon Blanc,Dark Horse Sauvignon Blanc (750 ml),85000022924,11٫99,https://drive.google.com/uc?id=1YjSoHYQ3B0Q4WrMsGK-q8NAC6QgHMSNw,,,,,,,BP-WIN-750-11116,Standard bottle size: Dark Horse Sauvignon Blanc (750 ml) is $11.99. Balanced wine in classic format. Available quick delivery. Order now for next-hour delivery.
Wine,Sauvignon Blanc,Emmolo Sauvignon Blanc (750 ml),8.31526E+11,33٫99,https://drive.google.com/uc?id=1-Nvdl1RMVbTTEc6B49r2Xs3VgXR7C19y,,,,,,,BP-WIN-750-11117,Sommeliers appreciate Emmolo Sauvignon Blanc (750 ml) at $33.99. Bright wine with proper structure and finish. Buy now with free delivery over $50.
Wine,Sauvignon Blanc,House Wine Sauvignon Blanc (375 ml),8.48375E+11,6٫99,https://drive.google.com/uc?id=1XX2Z_OiBliQk0vplMdKmkSgxDrNyVYLB,,,,,,,BP-WIN-375-11118,"House Wine Sauvignon Blanc (375 ml) represents zesty quality at $6.99. Crafted with care, priced to share. Available for immediate pickup."
Wine,Sauvignon Blanc,Joel Gott Sauvignon Blanc (750 ml),1.88985E+11,17٫99,https://drive.google.com/uc?id=1J2SZp1Y9UTkAMdYIa7f84kyfgkWNWacI,,,,,,,BP-WIN-750-11119,Joel Gott Sauvignon Blanc (750 ml) showcases refreshing white wine character for $17.99. Serve chilled with seafood or enjoy solo. Shop online – pickup in-store today.
Wine,Sauvignon Blanc,Justin Sauvignon Blanc (750 ml),7.33952E+11,25٫99,https://drive.google.com/uc?id=13YBEWgn9kfxJZ5L5S-0gf991dROIR1Z-,,,,,,,BP-WIN-750-11120,Restaurant-quality wine at home: Justin Sauvignon Blanc (750 ml) is $25.99. Skip the corkage fee – neighborhood liquor store. In stock – order for delivery today.
Wine,Sauvignon Blanc,Kendall Jackson Sauv Blanc (750 ml),81584130406,15٫99,https://drive.google.com/uc?id=1iZG7oZmRphM5Hle8RMqTnG0mThZTZyR9,,,,,,,BP-WIN-750-11121,Sommeliers appreciate Kendall Jackson Sauv Blanc (750 ml) at $15.99. Bright wine with proper structure and finish. Order now for same-day delivery.
Wine,Sauvignon Blanc,Kim Crawford Sauvignon Blanc (750 ml),6.89352E+11,24٫99,https://drive.google.com/uc?id=1g-sqR8zAPj7durJjNiDcWbKlBmshIToN,,,,,,,BP-WIN-750-11122,"Quality meets affordability: Kim Crawford Sauvignon Blanc (750 ml) delivers refreshing wine at $24.99. Exceptional value per bottle. Buy online, enjoy tonight."
Wine,Sauvignon Blanc,Nobilo Regional Collection Sauvignon Blanc (750 ml),81434315304,16٫99,https://drive.google.com/uc?id=1dxhqiPHj5pBqFBf6bjp6-VrpgmFlbjbL,,,,,,,BP-WIN-750-11123,Quality meets affordability: Nobilo Regional Collection Sauvignon Blanc (750 ml) delivers balanced wine at $16.99. Exceptional value per bottle. Order online for curbside pickup.
Wine,Sauvignon Blanc,Oyster Bay Sauvignon Blanc (750 ml),8.70661E+11,20٫99,https://drive.google.com/uc?id=15pT288yjBLzbBygg2YDusUIHzWlhqv_C,,,,,,,BP-WIN-750-11124,Standard bottle size: Oyster Bay Sauvignon Blanc (750 ml) is $20.99. Balanced wine in classic format. Available quick delivery. Get it delivered to your door.
Wine,Sauvignon Blanc,Prophecy Sauvignon Blanc (750 ml),85000023112,14٫99,https://drive.google.com/uc?id=16_j7hZR6PWk1f3SqpE8QFSEhlzh9bRc4,,,,,,,BP-WIN-750-11125,Highly rated: Prophecy Sauvignon Blanc (750 ml) offers zesty character at $14.99. Wine lovers keep coming back for more. Get it delivered to your door.
Wine,Sauvignon Blanc,Sea Glass Sauvignon Blanc (750 ml),85200005758,16٫99,https://drive.google.com/uc?id=1ClWFg6FAHdsTFftB7qAw5YQWm6EGFRyO,,,,,,,BP-WIN-750-11126,Indulge in Sea Glass Sauvignon Blanc (750 ml) – a crisp wine for $16.99. This cellar-worthy ships fast. Order now for next-hour delivery.
Wine,Sauvignon Blanc,Starborough Sauvignon Blanc (750 ml),85000016602,14٫99,https://drive.google.com/uc?id=14GCj8k5BcKJYLyYvuFs1JFhpyGAxEG__,,,,,,,BP-WIN-750-11127,Sommeliers appreciate Starborough Sauvignon Blanc (750 ml) at $14.99. Mineral wine with proper structure and finish. Add to cart for fast local delivery.
Wine,Sauvignon Blanc,Whitehaven Sauvignon Blanc (750 ml),85000012017,24٫99,https://drive.google.com/uc?id=1OoZlb986A7lLmzn_kGaKg7LPqi2i_Tn7,,,,,,,BP-WIN-750-11128,Highly rated: Whitehaven Sauvignon Blanc (750 ml) offers vibrant character at $24.99. Wine lovers keep coming back for more. Get it delivered to your door.
Wine,Sparkling Rosé,Chandon California Rose Sparkling (750 ml),85155000402,27٫99,https://drive.google.com/uc?id=116W5QnAApMJVHFXTdM9eRuRvQMx8jOXu,,,,,,,BP-WIN-750-11129,Sommeliers appreciate Chandon California Rose Sparkling (750 ml) at $27.99. Bright wine with proper structure and finish. Shop online – pickup in-store today.
Wine,Sparkling Rosé,Cupcake Rose (750 ml),81308004143,11٫99,https://drive.google.com/uc?id=1EFCXtQaf5tamfVHG1aJcu4RLKfrEbZvf,,,,,,,BP-WIN-750-11130,Shop Cupcake Rose (750 ml) online – $11.99 with quick delivery. Bright wine that over-delivers. Add to cart for fast local delivery.
Wine,Sparkling Rosé,Fleur de Mer Rose (750 ml),85000024706,25٫99,https://drive.google.com/uc?id=1B8_r3lX7fmZdFK4Ds9Tb6DWOZbF9jVWy,,,,,,,BP-WIN-750-11131,Quality meets affordability: Fleur de Mer Rose (750 ml) delivers balanced wine at $25.99. Exceptional value per bottle. Order now for next-hour delivery.
Wine,Sparkling Rosé,House Wine Rose (375 ml),8.48375E+11,6٫99,https://drive.google.com/uc?id=1c-GXvDWJjct5E-VtfGcSrNF9WY4Z3D4H,,,,,,,BP-WIN-375-11132,Quality meets affordability: House Wine Rose (375 ml) delivers refreshing wine at $6.99. Exceptional value per bottle. Delivered fresh to your doorstep.
Wine,Sparkling Rosé,Josh Cellars Rose (750 ml),31259001043,19٫99,https://drive.google.com/uc?id=14Z9M29KlEbqqHJSEOqt7c6SpuyOU-cTg,,,,,,,BP-WIN-750-11133,Crowd-pleaser: Josh Cellars Rose (750 ml) brings vibrant wine for $19.99. Impress without stress. Get it delivered to your door.
Wine,Sparkling Rosé,Luc Belaire Rare Rose Blend (750 ml),8.13497E+11,31٫99,https://drive.google.com/uc?id=1-Azrvl8nNZWW6uISVjEIYMGe2DMIDn0H,,,,,,,BP-WIN-750-11134,Sommeliers appreciate Luc Belaire Rare Rose Blend (750 ml) at $31.99. Bright wine with proper structure and finish. Add to cart for fast local delivery.
Wine,Sparkling Wine,Chandon Blanc de Pinot Noir (750 ml),85155000037,27٫99,https://drive.google.com/uc?id=1Hw33yRkv2tSB-x0aAUpLymGKjpi6Oecg,,,,,,,BP-WIN-750-11135,"Chandon Blanc de Pinot Noir (750 ml) showcases refreshing white wine character for $27.99. Serve chilled with seafood or enjoy solo. Buy online, enjoy tonight."
Wine,Sparkling Wine,Cooks Brut (1.5 L),83804043152,16٫99,https://drive.google.com/uc?id=1Tq78wbnqFvxMcT_kxtIKo_XKg5DdGRLp,,,,,,,BP-WIN-1.5L-11136,Need crisp wine for tonight? Cooks Brut (1.5 L) at $16.99 is your answer. Pairs beautifully with dinner or sipping solo. Order online for curbside pickup.
Wine,Sparkling Wine,Cooks Extra Dry (1.5 L),83804043169,16٫99,https://drive.google.com/uc?id=11s1StccT9HMIghS8ngJHv97rltxJeDo-,,,,,,,BP-WIN-1.5L-11137,Shop Cooks Extra Dry (1.5 L) online – $16.99 with local delivery available. Aromatic wine that over-delivers. Order online for curbside pickup.
Wine,Sparkling Wine,Cupcake Prosecco (750 ml),81308001326,14٫99,https://drive.google.com/uc?id=1Dae5osaJ9dkxkREwZ3j0XgGOqzeCUmV6,,,,,,,BP-WIN-750-11138,Quality meets affordability: Cupcake Prosecco (750 ml) delivers bright wine at $14.99. Exceptional value per bottle. Available for immediate pickup.
Wine,Sparkling Wine,Gloria Ferrer Brut (750 ml),33293111009,22٫99,https://drive.google.com/uc?id=1Kw0rmexMh_G-VZROPBdo9xCRCLlkwlQz,,,,,,,BP-WIN-750-11139,"Show up in style with: Gloria Ferrer Brut (750 ml) brings balanced wine for $22.99. Impress without stress. Buy online, enjoy tonight."
Wine,Sparkling Wine,La Marca Prosecco (750 ml),85000022436,8٫99,https://drive.google.com/uc?id=14cJshoS6t6o8_bss0TU_JeOF0joUqEZr,,,,,,,BP-WIN-750-11140,Quality meets affordability: La Marca Prosecco (750 ml) delivers refreshing wine at $8.99. Exceptional value per bottle. Available for immediate pickup.
Wine,Sparkling Wine,Ruffino Prosecco (750 ml),83085904081,20٫99,https://drive.google.com/uc?id=14jxtA5K4uAXeXq_ne_AB1L1pQILuDCvb,,,,,,,BP-WIN-750-11141,Party-ready: Ruffino Prosecco (750 ml) brings crisp wine for $20.99. Impress without stress. Add to cart for fast local delivery.
Wine,Sparkling Wine,Wilson Creek Almond Sparkling (750 ml),8.07239E+11,19٫99,https://drive.google.com/uc?id=1ZdxN41Mxr0O-sk5scXdPZaTYvwIK2Q6L,,,,,,,BP-WIN-750-11142,Sommeliers appreciate Wilson Creek Almond Sparkling (750 ml) at $19.99. Aromatic wine with proper structure and finish. Order now for same-day delivery.
Wine,Zinfandel,Bogle Zinfandel Old Vine (750 ml),80887493850,16٫99,https://drive.google.com/uc?id=1MQTlB9ePS6AT2F34Ru0QL2dbw9Chcznh,,,,,,,BP-WIN-750-11143,Aromatic and bright: Bogle Zinfandel Old Vine (750 ml) for $16.99. Fruit-forward wine that pleases. Buy now with free delivery over $50.
Wine,Zinfandel,Four Vines Zinfandel Lodi (750 ml),7.61181E+11,24٫99,https://drive.google.com/uc?id=1O0blTwYBhFD-4dsVmpw7Fx2vBIOcOhss,,,,,,,BP-WIN-750-11144,Standard bottle size: Four Vines Zinfandel Lodi (750 ml) is $24.99. Mineral wine in classic format. Available local delivery available. Get it delivered to your door.
Wine,Zinfandel,Gnarly Head Old Vine Zin (750 ml),82242294935,12٫99,https://drive.google.com/uc?id=1JxOQLESCihRVYzSCJ9zJ_nN6F1ZgW0is,,,,,,,BP-WIN-750-11145,Gnarly Head Old Vine Zin (750 ml) showcases crisp white wine character for $12.99. Serve chilled with seafood or enjoy solo. Order now for next-hour delivery.
Wine,Zinfandel,Saldo Zinfandel (750 ml),8.59369E+11,27٫99,https://drive.google.com/uc?id=1lCuu1t1kbIQE8d_F03Q4U_LN5nXsKEc9,,,,,,,BP-WIN-750-11146,Standard bottle size: Saldo Zinfandel (750 ml) is $27.99. Balanced wine in classic format. Available quick delivery. Get it delivered to your door.
