sku,upc,image_url
"BP-40084176","40084176","https://res.cloudinary.com/ddhs5dd6l/image/upload/v1773945017/balport-products/seeded/kv5yhc5jazvwnwscay1w.jpg"
"BP-40144399","BP-40144399","https://res.cloudinary.com/ddhs5dd6l/image/upload/v1774015027/balport-products/hfqxffpbfrfbhxa3kd2u.jpg"
"BP-40345123","BP-40345123","https://res.cloudinary.com/ddhs5dd6l/image/upload/v1774014804/balport-products/jixjvxs6prlshkvuuyrt.webp"
"BP-41508015","BP-41508015","https://res.cloudinary.com/ddhs5dd6l/image/upload/v1774014867/balport-products/zuy8j0erzyfth0zmizba.webp"
"BP-59070689","BP-59070689","https://res.cloudinary.com/ddhs5dd6l/image/upload/v1774014929/balport-products/lxuzmazohlccbk7npo4d.jpg"
"BP-75050061","75050061","https://res.cloudinary.com/ddhs5dd6l/image/upload/v1773945027/balport-products/seeded/pcjsdvpx5rsnm7a9tyvc.jpg"
"BP-80052760","80052760","https://res.cloudinary.com/ddhs5dd6l/image/upload/v1773945029/balport-products/seeded/weqotjayfjpzii3qtdrg.jpg"
"BP-80177609","80177609","https://res.cloudinary.com/ddhs5dd6l/image/upload/v1773945030/balport-products/seeded/fkwghtm8z8cl5lnobd2s.jpg"
"BP-80761761","80761761","https://res.cloudinary.com/ddhs5dd6l/image/upload/v1773945032/balport-products/seeded/ha0xeotkcvhaatqg2u01.jpg"
"BP-80769507","80769507","https://res.cloudinary.com/ddhs5dd6l/image/upload/v1773945034/balport-products/seeded/rntbyqqnmqzckzne15on.jpg"
"BP-80874652","80874652","https://res.cloudinary.com/ddhs5dd6l/image/upload/v1773945036/balport-products/seeded/lukdghembwrraij2ghmu.jpg"
"BP-9060000029","9060000029","https://res.cloudinary.com/ddhs5dd6l/image/upload/v1773945039/balport-products/seeded/heb3ciob56qgnb55klbj.jpg"
"BP-9060000036","9060000036","https://res.cloudinary.com/ddhs5dd6l/image/upload/v1773945040/balport-products/seeded/i6bviu0ij6vqcguzsnng.jpg"
"BP-9060000081","BP-9060000081","https://res.cloudinary.com/ddhs5dd6l/image/upload/v1774015314/balport-products/n5zhky4dyysfzdjvzvlq.webp"
"BP-9800001033","9800001033","https://res.cloudinary.com/ddhs5dd6l/image/upload/v1773945044/balport-products/seeded/d4jekv4baxpmkyu7tqur.jpg"
"BP-9800007462","9800007462","https://res.cloudinary.com/ddhs5dd6l/image/upload/v1773945046/balport-products/seeded/n49zvn2ad2lufguze4fm.jpg"
"BP-9800007615","9800007615","https://res.cloudinary.com/ddhs5dd6l/image/upload/v1773945047/balport-products/seeded/gi5brrjusbzzqqaiaugk.jpg"
"BP-9800123018","9800123018","https://res.cloudinary.com/ddhs5dd6l/image/upload/v1773945049/balport-products/seeded/z0zkfp0audblgcwkcwik.jpg"
"BP-9800800056","9800800056","https://res.cloudinary.com/ddhs5dd6l/image/upload/v1773945050/balport-products/seeded/lxdyijkqhmfovzhs2h1f.jpg"
"BP-9800802203","9800802203","https://res.cloudinary.com/ddhs5dd6l/image/upload/v1773945052/balport-products/seeded/ktsltt3cpgsd7d6jb0bg.jpg"
"BP-9800895007","9800895007","https://res.cloudinary.com/ddhs5dd6l/image/upload/v1773945054/balport-products/seeded/sjj4gacjs0qap7akw8v1.jpg"
"BP-10465208903","10465208903","https://res.cloudinary.com/ddhs5dd6l/image/upload/v1773945056/balport-products/seeded/gtuet84eiqu1ilekvlrl.jpg"
"BP-10465709608","10465709608","https://res.cloudinary.com/ddhs5dd6l/image/upload/v1773945057/balport-products/seeded/j7zhf6s8mrghx4op2xj0.jpg"
"BP-10700021526","10700021526","https://res.cloudinary.com/balport/image/upload/v1/placeholder.jpg"
"BP-10700024404","BP-10700024404","https://res.cloudinary.com/ddhs5dd6l/image/upload/v1773945059/balport-products/seeded/xkeyx7mzrlm8z1my2g6z.jpg"
"BP-10700530202","10700530202","https://res.cloudinary.com/ddhs5dd6l/image/upload/v1773945061/balport-products/seeded/poysqshplszexx44kmzz.jpg"
"BP-10700557100","10700557100","https://res.cloudinary.com/ddhs5dd6l/image/upload/v1773945063/balport-products/seeded/z9cr3al8kxr19ihez52p.jpg"
"BP-10700557308","10700557308","https://res.cloudinary.com/ddhs5dd6l/image/upload/v1773945065/balport-products/seeded/kenvgtb2j5cgb7ri1fp7.jpg"
"BP-10700702029","10700702029","https://res.cloudinary.com/balport/image/upload/v1/placeholder.jpg"
"BP-10700702302","10700702302","https://res.cloudinary.com/ddhs5dd6l/image/upload/v1773945069/balport-products/seeded/bvrk5wsa06vpldsqlepc.jpg"
"BP-10700702623","10700702623","https://res.cloudinary.com/ddhs5dd6l/image/upload/v1773945071/balport-products/seeded/itfai0pxzozcabxtujp9.jpg"
"BP-10700807229","10700807229","https://res.cloudinary.com/ddhs5dd6l/image/upload/v1773945074/balport-products/seeded/e6xxpmq0qeswuoroly34.jpg"
"BP-10700807274","10700807274","https://res.cloudinary.com/ddhs5dd6l/image/upload/v1773945076/balport-products/seeded/ndhcwaxthvw4rfjcyg2b.jpg"
"BP-10900080316","10900080316","https://res.cloudinary.com/ddhs5dd6l/image/upload/v1773945078/balport-products/seeded/qvxyommqlclrjfurbi14.jpg"
"BP-10986002226","10986002226","https://res.cloudinary.com/ddhs5dd6l/image/upload/v1773945080/balport-products/seeded/poevhllazgcfks4sjli6.jpg"
"BP-10986002813","10986002813","https://res.cloudinary.com/ddhs5dd6l/image/upload/v1773945082/balport-products/seeded/ctczjwnbzzmmgkxvdueb.jpg"
"BP-10986010351","10986010351","https://res.cloudinary.com/ddhs5dd6l/image/upload/v1773945084/balport-products/seeded/as0ji5krmcccb8usbnvi.jpg"
"BP-10986010863","10986010863","https://res.cloudinary.com/ddhs5dd6l/image/upload/v1773945086/balport-products/seeded/wtunusaipmzgi0s3vghl.jpg"
"BP-11034410055","11034410055","https://res.cloudinary.com/ddhs5dd6l/image/upload/v1773945093/balport-products/seeded/mk2y4y21xgybsbsp5pkk.jpg"
"BP-11034420054","11034420054","https://res.cloudinary.com/ddhs5dd6l/image/upload/v1773945095/balport-products/seeded/hjcboc57fptc14jxxavu.jpg"
"BP-11034420078","11034420078","https://res.cloudinary.com/ddhs5dd6l/image/upload/v1773945097/balport-products/seeded/mta4e3smeciohccuhqlt.jpg"
"BP-11210000018","11210000018","https://res.cloudinary.com/ddhs5dd6l/image/upload/v1773945099/balport-products/seeded/fvu7ls9hilmznyfuqxhf.jpg"
"BP-11594275668","11594275668","https://res.cloudinary.com/ddhs5dd6l/image/upload/v1773945101/balport-products/seeded/mw7ndtqbkbfze3lyci2u.jpg"
"BP-11594275675","11594275675","https://res.cloudinary.com/ddhs5dd6l/image/upload/v1773945103/balport-products/seeded/ozmlflcomd9jmbhi4xmc.jpg"
"BP-11594275699","11594275699","https://res.cloudinary.com/ddhs5dd6l/image/upload/v1773945106/balport-products/seeded/ug9wxlls4odpbbzhma61.jpg"
"BP-11594275705","11594275705","https://res.cloudinary.com/ddhs5dd6l/image/upload/v1773945108/balport-products/seeded/nqwctbt3d7i48y2gbwq2.jpg"
"BP-11594275712","11594275712","https://res.cloudinary.com/ddhs5dd6l/image/upload/v1773945110/balport-products/seeded/xlrome8pvqk1eusv4xi4.jpg"
"BP-12000000133","12000000133","https://res.cloudinary.com/ddhs5dd6l/image/upload/v1773945112/balport-products/seeded/nlnglxaxxn3gi3ef3lqe.jpg"
"BP-12000000850","12000000850","https://res.cloudinary.com/ddhs5dd6l/image/upload/v1773945114/balport-products/seeded/oeha5ghbr5gtlajhxkpp.jpg"
"BP-12000001291","12000001291","https://res.cloudinary.com/ddhs5dd6l/image/upload/v1773945116/balport-products/seeded/imhfsbkvmgzg0fkfmpav.jpg"
"BP-12000001314","12000001314","https://res.cloudinary.com/ddhs5dd6l/image/upload/v1773945117/balport-products/seeded/atsc05mxyptkum0u8dto.jpg"
"BP-12000001345","12000001345","https://res.cloudinary.com/ddhs5dd6l/image/upload/v1773945120/balport-products/seeded/iangzkc2wjs35dpimtns.jpg"
"BP-12000001574","12000001574","https://res.cloudinary.com/ddhs5dd6l/image/upload/v1773945122/balport-products/seeded/gg3djcjl9k1sthzqejzy.jpg"
"BP-12000001598","12000001598","https://res.cloudinary.com/ddhs5dd6l/image/upload/v1773945123/balport-products/seeded/t6t6kpyzpyog8i5asa9f.jpg"
"BP-12000001772","12000001772","https://res.cloudinary.com/ddhs5dd6l/image/upload/v1773945126/balport-products/seeded/xrpv2txnxxhie2isa0nk.jpg"
"BP-12000001802","12000001802","https://res.cloudinary.com/ddhs5dd6l/image/upload/v1773945128/balport-products/seeded/mckq6or2hnmk789bu0qi.jpg"
"BP-12000002090","12000002090","https://res.cloudinary.com/ddhs5dd6l/image/upload/v1773945130/balport-products/seeded/sjjdao4adtdgecfoodln.jpg"
"BP-12000002304","12000002304","https://res.cloudinary.com/ddhs5dd6l/image/upload/v1773945131/balport-products/seeded/p5p7qj1ltrflmvckzbzm.jpg"
"BP-12000002946","12000002946","https://res.cloudinary.com/ddhs5dd6l/image/upload/v1773945134/balport-products/seeded/whficd0n5we31gnkel1p.jpg"
"BP-12000002977","12000002977","https://res.cloudinary.com/ddhs5dd6l/image/upload/v1773945137/balport-products/seeded/rpfeiquza7ds7g3udb1u.jpg"
"BP-12000004520","12000004520","https://res.cloudinary.com/ddhs5dd6l/image/upload/v1773945141/balport-products/seeded/h9pmkshorybzu7tfy6yl.jpg"
"BP-12000005596","12000005596","https://res.cloudinary.com/ddhs5dd6l/image/upload/v1773945143/balport-products/seeded/tv52oubg9yempootrcuf.jpg"
"BP-12000007293","12000007293","https://res.cloudinary.com/ddhs5dd6l/image/upload/v1773945146/balport-products/seeded/wvp3tjl1nogrs3zjhu1z.jpg"
"BP-12000008801","12000008801","https://res.cloudinary.com/ddhs5dd6l/image/upload/v1773945148/balport-products/seeded/tzdwgz8dvm96voappvll.jpg"
"BP-12000016721","12000016721","https://res.cloudinary.com/ddhs5dd6l/image/upload/v1773945150/balport-products/seeded/ockt67gtkv6l5ddo68xo.jpg"
"BP-12000018800","12000018800","https://res.cloudinary.com/ddhs5dd6l/image/upload/v1773945152/balport-products/seeded/otkowkuvu8tjzxiizuzs.jpg"
"BP-12000021381","12000021381","https://res.cloudinary.com/ddhs5dd6l/image/upload/v1773945154/balport-products/seeded/xii0og8nzdd6bgvkhk3f.jpg"
"BP-12000024528","12000024528","https://res.cloudinary.com/ddhs5dd6l/image/upload/v1773945156/balport-products/seeded/vo6jql6f4mcmolelzfjl.jpg"
"BP-12000027215","12000027215","https://res.cloudinary.com/ddhs5dd6l/image/upload/v1773945158/balport-products/seeded/cle2pe0snxapqokogxcr.jpg"
"BP-12000028458","12000028458","https://res.cloudinary.com/ddhs5dd6l/image/upload/v1773945160/balport-products/seeded/jw3jebpyfeghyosecfdt.jpg"
"BP-12000028472","12000028472","https://res.cloudinary.com/ddhs5dd6l/image/upload/v1773945163/balport-products/seeded/xa2co7ek9pqugqwfhsfu.jpg"
"BP-12000028496","12000028496","https://res.cloudinary.com/ddhs5dd6l/image/upload/v1773945165/balport-products/seeded/uyns97j2ijwxurnu9rwg.jpg"
"BP-12000030284","12000030284","https://res.cloudinary.com/ddhs5dd6l/image/upload/v1773945167/balport-products/seeded/rrw22eleieh9f9j301mg.jpg"
"BP-12000038488","12000038488","https://res.cloudinary.com/ddhs5dd6l/image/upload/v1773945169/balport-products/seeded/ae2c0xdgmfgod1pbh9nc.jpg"
"BP-12000046445","12000046445","https://res.cloudinary.com/ddhs5dd6l/image/upload/v1773945171/balport-products/seeded/ybzvtvltqukozcqkmkc7.jpg"
"BP-12000064500","12000064500","https://res.cloudinary.com/ddhs5dd6l/image/upload/v1773945173/balport-products/seeded/lxcsrja5pxvglipjzod8.jpg"
"BP-12000071751","12000071751","https://res.cloudinary.com/ddhs5dd6l/image/upload/v1773945175/balport-products/seeded/skc2hwurpuhkiifthhw4.jpg"
"BP-12000101908","12000101908","https://res.cloudinary.com/ddhs5dd6l/image/upload/v1773945177/balport-products/seeded/j8rkhadg5wju4qdm9bwi.jpg"
"BP-12000130274","12000130274","https://res.cloudinary.com/ddhs5dd6l/image/upload/v1773945179/balport-products/seeded/z0g2tk9uc4fxfxilauu8.jpg"
"BP-12000140709","12000140709","https://res.cloudinary.com/ddhs5dd6l/image/upload/v1773945181/balport-products/seeded/ievhs1rrklstrtbrezs2.jpg"
"BP-12000151095","12000151095","https://res.cloudinary.com/ddhs5dd6l/image/upload/v1773945183/balport-products/seeded/t5dzfhfro5jyedsq0x0e.jpg"
"BP-12000161155","12000161155","https://res.cloudinary.com/ddhs5dd6l/image/upload/v1773945184/balport-products/seeded/wgv3uaixwax5a9ozn6j8.jpg"
"BP-12000161230","12000161230","https://res.cloudinary.com/ddhs5dd6l/image/upload/v1773945187/balport-products/seeded/hxnth2apeiyxln3mwkxw.jpg"
"BP-12000171635","12000171635","https://res.cloudinary.com/ddhs5dd6l/image/upload/v1773945189/balport-products/seeded/klvgqey0azspy2bhcugx.jpg"
"BP-12000171741","12000171741","https://res.cloudinary.com/ddhs5dd6l/image/upload/v1773945191/balport-products/seeded/yh3mdadt928dd11p0bpk.jpg"
"BP-12000171758","12000171758","https://res.cloudinary.com/ddhs5dd6l/image/upload/v1773945200/balport-products/seeded/fuwoskbtragu73jwyomw.jpg"
"BP-12000171765","12000171765","https://res.cloudinary.com/ddhs5dd6l/image/upload/v1773945202/balport-products/seeded/i0wcqwm2xmc7peoqbdhh.jpg"
"BP-12000171864","12000171864","https://res.cloudinary.com/ddhs5dd6l/image/upload/v1773945204/balport-products/seeded/vn0z7hb1q6w3ubvzx1w2.jpg"
"BP-12000171956","12000171956","https://res.cloudinary.com/ddhs5dd6l/image/upload/v1773945207/balport-products/seeded/jjjtrzj5xxvhbwifflvj.jpg"
"BP-12000190889","12000190889","https://res.cloudinary.com/ddhs5dd6l/image/upload/v1773945209/balport-products/seeded/aca6vkmbrh4tw2df2qhs.jpg"
"BP-12000192760","12000192760","https://res.cloudinary.com/ddhs5dd6l/image/upload/v1773945211/balport-products/seeded/mqsziyba0emrsijcrdz7.jpg"
"BP-12000192869","12000192869","https://res.cloudinary.com/ddhs5dd6l/image/upload/v1773945213/balport-products/seeded/ufgrcyvjavnd3hekyxa0.jpg"
"BP-12000192906","12000192906","https://res.cloudinary.com/ddhs5dd6l/image/upload/v1773945215/balport-products/seeded/c2ejq20rpxr98lrr265h.jpg"
"BP-12000202384","12000202384","https://res.cloudinary.com/ddhs5dd6l/image/upload/v1773945217/balport-products/seeded/wk6on1sd9a2phdwuhir0.jpg"
"BP-12000203978","12000203978","https://res.cloudinary.com/ddhs5dd6l/image/upload/v1773945219/balport-products/seeded/fnfleoqo0ak3kszyt0xr.png"
"BP-12000207846","12000207846","https://res.cloudinary.com/ddhs5dd6l/image/upload/v1773945221/balport-products/seeded/hs5olz3zdkf9cp0vhmwb.jpg"
"BP-12000221767","12000221767","https://res.cloudinary.com/ddhs5dd6l/image/upload/v1773945223/balport-products/seeded/lxqz4h2fd5i47zojrnzp.jpg"
"BP-12000286179","12000286179","https://res.cloudinary.com/ddhs5dd6l/image/upload/v1773945227/balport-products/seeded/mfiakuramooxbqjpvrni.jpg"
"BP-12000286186","12000286186","https://res.cloudinary.com/ddhs5dd6l/image/upload/v1773945231/balport-products/seeded/dwazua9khgtyxrj0osch.jpg"
"BP-12000286193","12000286193","https://res.cloudinary.com/ddhs5dd6l/image/upload/v1773945233/balport-products/seeded/aoeus9ynpq6eoqn4zabt.jpg"
"BP-12000286209","12000286209","https://res.cloudinary.com/ddhs5dd6l/image/upload/v1773945237/balport-products/seeded/oi9ln2aqz4x8ssrxjtat.jpg"
"BP-12000286223","12000286223","https://res.cloudinary.com/ddhs5dd6l/image/upload/v1773945248/balport-products/seeded/zprcac7jq6knnt3qpy73.jpg"
"BP-12000384196","12000384196","https://res.cloudinary.com/ddhs5dd6l/image/upload/v1773945250/balport-products/seeded/zljlpnoetmxiqfovubwn.jpg"
"BP-12000504044","12000504044","https://res.cloudinary.com/ddhs5dd6l/image/upload/v1773945253/balport-products/seeded/ocqzyhy9jookwmj8s43y.jpg"
"BP-12000567490","12000567490","https://res.cloudinary.com/ddhs5dd6l/image/upload/v1773945256/balport-products/seeded/dfdnwc09kexpo3kyxhhu.jpg"
"BP-12000809941","12000809941","https://res.cloudinary.com/ddhs5dd6l/image/upload/v1773945258/balport-products/seeded/axpatr8879wu0parjy9f.jpg"
"BP-12000809965","12000809965","https://res.cloudinary.com/ddhs5dd6l/image/upload/v1773945259/balport-products/seeded/li1uymci9ovfwztzxxvu.jpg"
"BP-12000809996","12000809996","https://res.cloudinary.com/ddhs5dd6l/image/upload/v1773945261/balport-products/seeded/brvx6zibb68lhf1jfnfn.jpg"
"BP-12000813313","12000813313","https://res.cloudinary.com/ddhs5dd6l/image/upload/v1773945263/balport-products/seeded/dvonihsnblcxxosbzybb.jpg"
"BP-12005000091","12005000091","https://res.cloudinary.com/ddhs5dd6l/image/upload/v1773945265/balport-products/seeded/ty41hvivceae75sqadhp.jpg"
"BP-12044000274","12044000274","https://res.cloudinary.com/ddhs5dd6l/image/upload/v1773945266/balport-products/seeded/mdl5ps9f1xazvjgznoz5.jpg"
"BP-12086009945","12086009945","https://res.cloudinary.com/ddhs5dd6l/image/upload/v1773945268/balport-products/seeded/nnhf3qws9lgmasbvyd0g.jpg"
"BP-12086965319","12086965319","https://res.cloudinary.com/ddhs5dd6l/image/upload/v1773945270/balport-products/seeded/t0ka91dkr7nngpl1lmwe.jpg"
"BP-12354000995","12354000995","https://res.cloudinary.com/ddhs5dd6l/image/upload/v1773945303/balport-products/seeded/ahwibdmatz5v3e4182gm.jpg"
"BP-12354001350","12354001350","https://res.cloudinary.com/ddhs5dd6l/image/upload/v1773945306/balport-products/seeded/tojiek2jzvqcy9xefikp.jpg"
"BP-12354001688","12354001688","https://res.cloudinary.com/ddhs5dd6l/image/upload/v1773945308/balport-products/seeded/tbwjdymcjywlwabgahfm.jpg"
"BP-12354001848","12354001848","https://res.cloudinary.com/ddhs5dd6l/image/upload/v1773945311/balport-products/seeded/ucstf9u4cyo0anythr8y.jpg"
"BP-12354001947","12354001947","https://res.cloudinary.com/ddhs5dd6l/image/upload/v1773945313/balport-products/seeded/dza750mcomzbq7iafwrf.jpg"
"BP-12354004290","12354004290","https://res.cloudinary.com/ddhs5dd6l/image/upload/v1773945315/balport-products/seeded/ded9fiib5egbfyafybva.png"
"BP-12354005006","12354005006","https://res.cloudinary.com/ddhs5dd6l/image/upload/v1773945316/balport-products/seeded/ctvcmd8dz5qrxylhlanj.png"
"BP-12546011112","12546011112","https://res.cloudinary.com/ddhs5dd6l/image/upload/v1773945323/balport-products/seeded/xvziwjdffy0selmzwqdh.jpg"
"BP-12546011136","12546011136","https://res.cloudinary.com/ddhs5dd6l/image/upload/v1773945341/balport-products/seeded/nl1krb6w2wr3tyepavhy.png"
"BP-12546011426","12546011426","https://res.cloudinary.com/ddhs5dd6l/image/upload/v1773945343/balport-products/seeded/v6oaecqpaye4ooitoqet.jpg"
"BP-12546011440","12546011440","https://res.cloudinary.com/ddhs5dd6l/image/upload/v1773945345/balport-products/seeded/zwng70kh6sneacoos84c.jpg"
"BP-12546011563","12546011563","https://res.cloudinary.com/ddhs5dd6l/image/upload/v1773945347/balport-products/seeded/tts2hyfeif76u1qin2jf.jpg"
"BP-12546011587","12546011587","https://res.cloudinary.com/ddhs5dd6l/image/upload/v1773945350/balport-products/seeded/y7wfzzovnzdfdjp0hyqc.jpg"
"BP-12546315098","12546315098","https://res.cloudinary.com/ddhs5dd6l/image/upload/v1773945352/balport-products/seeded/uii0qtau1hqn5pams8ie.jpg"
"BP-12547433654","12547433654","https://res.cloudinary.com/ddhs5dd6l/image/upload/v1773945354/balport-products/seeded/h05qbuwpoth6llgps7hh.jpg"
"BP-12587000106","12587000106","https://res.cloudinary.com/ddhs5dd6l/image/upload/v1773945356/balport-products/seeded/v3nokufpbkxrk6uns1ni.jpg"
"BP-12587000700","12587000700","https://res.cloudinary.com/ddhs5dd6l/image/upload/v1773945358/balport-products/seeded/xn45dlmklhoqsp84xadr.jpg"
"BP-12587000809","12587000809","https://res.cloudinary.com/ddhs5dd6l/image/upload/v1773945359/balport-products/seeded/r4kcxvvwwbnwmoqpbnai.jpg"
"BP-12587788172","12587788172","https://res.cloudinary.com/ddhs5dd6l/image/upload/v1773945361/balport-products/seeded/dmbjal2yc39dm9fdnilx.jpg"
"BP-12957100016","12957100016","https://res.cloudinary.com/ddhs5dd6l/image/upload/v1773945363/balport-products/seeded/eacemsghguyfbeyrrts7.jpg"
"BP-12993101619","12993101619","https://res.cloudinary.com/ddhs5dd6l/image/upload/v1773945364/balport-products/seeded/jonrxgbfv0xjon72jsqs.jpg"
"BP-12993102012","12993102012","https://res.cloudinary.com/ddhs5dd6l/image/upload/v1773945366/balport-products/seeded/ju6lt34eedzaewdljkmo.jpg"
"BP-13000001243","13000001243","https://res.cloudinary.com/ddhs5dd6l/image/upload/v1773945368/balport-products/seeded/fkabxboxewkzeooyynum.jpg"
"BP-13000006293","13000006293","https://res.cloudinary.com/ddhs5dd6l/image/upload/v1773945370/balport-products/seeded/zcizto2jyox9phb5y3hy.jpg"
"BP-13024070010","13024070010","https://res.cloudinary.com/ddhs5dd6l/image/upload/v1773945372/balport-products/seeded/kws2pffmgg3onug6wimu.jpg"
"BP-13528800014","13528800014","https://res.cloudinary.com/ddhs5dd6l/image/upload/v1773945373/balport-products/seeded/l8hui2bby5cbmoigevtz.jpg"
"BP-14045031165","14045031165","https://res.cloudinary.com/ddhs5dd6l/image/upload/v1773945375/balport-products/seeded/xwh8orwoonmztuaxhcol.jpg"
"BP-14100045526","14100045526","https://res.cloudinary.com/ddhs5dd6l/image/upload/v1773945376/balport-products/seeded/hcnnk3osio3l7b765wie.jpg"
"BP-14100045557","14100045557","https://res.cloudinary.com/ddhs5dd6l/image/upload/v1773945378/balport-products/seeded/vtzb8jc3ktkcvwgxaomd.jpg"
"BP-14100054016","14100054016","https://res.cloudinary.com/ddhs5dd6l/image/upload/v1773945379/balport-products/seeded/scgwndo7jrb9jgqotflj.jpg"
"BP-14100085485","14100085485","https://res.cloudinary.com/ddhs5dd6l/image/upload/v1773945381/balport-products/seeded/gh01qqanxiaqe8k3lsoh.jpg"
"BP-14113700467","14113700467","https://res.cloudinary.com/ddhs5dd6l/image/upload/v1773945383/balport-products/seeded/f2cbsi5rs8clkrsy2rs3.jpg"
"BP-14113702164","14113702164","https://res.cloudinary.com/ddhs5dd6l/image/upload/v1773945384/balport-products/seeded/szvmqmfuae8i2k3v5rtg.jpg"
"BP-14113702324","14113702324","https://res.cloudinary.com/ddhs5dd6l/image/upload/v1773945386/balport-products/seeded/ue7rl48k6lozoreiwcl4.jpg"
"BP-14113910132","14113910132","https://res.cloudinary.com/ddhs5dd6l/image/upload/v1773945388/balport-products/seeded/tpw8bwkik3wifje6heib.jpg"
"BP-14113910712","14113910712","https://res.cloudinary.com/ddhs5dd6l/image/upload/v1773945390/balport-products/seeded/rbsarh0a483hlpl2ayyg.jpg"
"BP-14113910873","14113910873","https://res.cloudinary.com/ddhs5dd6l/image/upload/v1773945392/balport-products/seeded/t18unaspdcf5fxqc0jod.jpg"
"BP-14113910934","14113910934","https://res.cloudinary.com/ddhs5dd6l/image/upload/v1773945394/balport-products/seeded/iydqg9wqtxcfxysxo8ia.gif"
"BP-14113911856","14113911856","https://res.cloudinary.com/ddhs5dd6l/image/upload/v1773945395/balport-products/seeded/kiqj7cgqftkz3c2uwbu3.jpg"
"BP-14113913317","14113913317","https://res.cloudinary.com/ddhs5dd6l/image/upload/v1773945396/balport-products/seeded/g3ub0ogbxhuaoysm9won.jpg"
"BP-14113913331","14113913331","https://res.cloudinary.com/ddhs5dd6l/image/upload/v1773945398/balport-products/seeded/ttgsxat1vo46ryjulnw5.jpg"
"BP-14113913447","14113913447","https://res.cloudinary.com/ddhs5dd6l/image/upload/v1773945400/balport-products/seeded/cr3ks2if2rihw28dyoyc.jpg"
"BP-14200000647","14200000647","https://res.cloudinary.com/ddhs5dd6l/image/upload/v1773945402/balport-products/seeded/m3zl9ekk2afte5ujlkuu.jpg"
"BP-14200000692","14200000692","https://res.cloudinary.com/ddhs5dd6l/image/upload/v1773945404/balport-products/seeded/ebpmpogr8yqxoyt2wstg.jpg"
"BP-14200002566","14200002566","https://res.cloudinary.com/ddhs5dd6l/image/upload/v1773945405/balport-products/seeded/yaia5ytrpiggnmzophlb.jpg"
"BP-14200007080","14200007080","https://res.cloudinary.com/ddhs5dd6l/image/upload/v1773945407/balport-products/seeded/h3vv6fabnojqgvomylnc.jpg"
"BP-14800511758","14800511758","https://res.cloudinary.com/ddhs5dd6l/image/upload/v1773945408/balport-products/seeded/swn1wwozpczjmw3osf4z.jpg"
"BP-14800512748","14800512748","https://res.cloudinary.com/ddhs5dd6l/image/upload/v1773945410/balport-products/seeded/pactovn29i9l8zphf1jd.jpg"
"BP-14800512755","14800512755","https://res.cloudinary.com/ddhs5dd6l/image/upload/v1773945415/balport-products/seeded/s1gsm9iu06eugruan2bm.jpg"
"BP-14800513240","14800513240","https://res.cloudinary.com/ddhs5dd6l/image/upload/v1773945426/balport-products/seeded/fwkqwvb0tcsm9gf7ejfz.jpg"
"BP-14800582048","14800582048","https://res.cloudinary.com/ddhs5dd6l/image/upload/v1773945428/balport-products/seeded/ytzqzghidypwhpvppvhi.jpg"
"BP-14800582154","14800582154","https://res.cloudinary.com/ddhs5dd6l/image/upload/v1773945429/balport-products/seeded/pxioieweroioert6ogx4.jpg"
"BP-14800582215","14800582215","https://res.cloudinary.com/ddhs5dd6l/image/upload/v1773945431/balport-products/seeded/zbvopcdled8ttz7wtle1.jpg"
"BP-14800582239","14800582239","https://res.cloudinary.com/ddhs5dd6l/image/upload/v1773945434/balport-products/seeded/i5xnxvicpoacyi3vosby.jpg"
"BP-14974500091","14974500091","https://res.cloudinary.com/ddhs5dd6l/image/upload/v1773945436/balport-products/seeded/oh7p9cuawmuwdqoy5imw.jpg"
"BP-15800030119","15800030119","https://res.cloudinary.com/ddhs5dd6l/image/upload/v1773945438/balport-products/seeded/xsvomdnykrofzoggyriy.jpg"
"BP-15917026968","15917026968","https://res.cloudinary.com/ddhs5dd6l/image/upload/v1773945440/balport-products/seeded/z80ncxz2limqvcouhhx6.jpg"
"BP-15917026975","15917026975","https://res.cloudinary.com/ddhs5dd6l/image/upload/v1773945443/balport-products/seeded/clynukuy1daeibql7kw2.jpg"
"BP-16000136090","16000136090","https://res.cloudinary.com/ddhs5dd6l/image/upload/v1773945450/balport-products/seeded/wta4a0vfki5u0zjq2zzw.jpg"
"BP-16000137042","16000137042","https://res.cloudinary.com/ddhs5dd6l/image/upload/v1773945452/balport-products/seeded/jyi0egvotmz5qfo1koqm.jpg"
"BP-16000141568","16000141568","https://res.cloudinary.com/ddhs5dd6l/image/upload/v1773945455/balport-products/seeded/sc7hu7zprpcmjbkpjjli.jpg"
"BP-16000141599","16000141599","https://res.cloudinary.com/ddhs5dd6l/image/upload/v1773945457/balport-products/seeded/tvty9d2krga2g50gxrot.jpg"
"BP-16000172616","16000172616","https://res.cloudinary.com/ddhs5dd6l/image/upload/v1773945459/balport-products/seeded/kjoa2fyoerajoah1sidb.png"
"BP-16000172715","16000172715","https://res.cloudinary.com/ddhs5dd6l/image/upload/v1773945461/balport-products/seeded/qss1t7r8bmqk1epssfcw.png"
"BP-16000196131","16000196131","https://res.cloudinary.com/ddhs5dd6l/image/upload/v1773945464/balport-products/seeded/aajhgqtda99sadcht4a6.jpg"
"BP-16000204324","16000204324","https://res.cloudinary.com/ddhs5dd6l/image/upload/v1773945466/balport-products/seeded/ocoktdb8mvmgn1qnxa2e.jpg"
"BP-16000214897","16000214897","https://res.cloudinary.com/ddhs5dd6l/image/upload/v1773945468/balport-products/seeded/hrrlvk2stxkb16gczpme.jpg"
"BP-16000214927","16000214927","https://res.cloudinary.com/ddhs5dd6l/image/upload/v1773945469/balport-products/seeded/rcvmnspp03oly4zvz3fj.jpg"
"BP-16000214934","16000214934","https://res.cloudinary.com/ddhs5dd6l/image/upload/v1773945471/balport-products/seeded/jdeaujhqxxkpxb6aopku.jpg"
"BP-16000214941","16000214941","https://res.cloudinary.com/ddhs5dd6l/image/upload/v1773945473/balport-products/seeded/ebkwmrzdi20btd14h95i.jpg"
"BP-16000215535","16000215535","https://res.cloudinary.com/ddhs5dd6l/image/upload/v1773945474/balport-products/seeded/kwlh9a9zbkgdrhe8yb5c.jpg"
"BP-16000226616","16000226616","https://res.cloudinary.com/ddhs5dd6l/image/upload/v1773945476/balport-products/seeded/jypdquy5bb9ozcweexlp.jpg"
"BP-16000228481","16000228481","https://res.cloudinary.com/ddhs5dd6l/image/upload/v1773945478/balport-products/seeded/okyajpxv5hkbdxmokw2a.jpg"
"BP-16000264694","16000264694","https://res.cloudinary.com/ddhs5dd6l/image/upload/v1773945480/balport-products/seeded/imre7zhaipwtamzgjodx.jpg"
"BP-16000264793","16000264793","https://res.cloudinary.com/ddhs5dd6l/image/upload/v1773945482/balport-products/seeded/kxflfmx8chbplqa7gss1.jpg"
"BP-16000368309","16000368309","https://res.cloudinary.com/ddhs5dd6l/image/upload/v1773945483/balport-products/seeded/i3fj9hfbolhtseokp5hw.jpg"
"BP-16000442818","16000442818","https://res.cloudinary.com/ddhs5dd6l/image/upload/v1773945485/balport-products/seeded/xlopeehkq9etbhfb5brm.jpg"
"BP-16000512580","16000512580","https://res.cloudinary.com/ddhs5dd6l/image/upload/v1773945488/balport-products/seeded/pyczxea6frtzyred8bg0.jpg"
"BP-16000513792","16000513792","https://res.cloudinary.com/ddhs5dd6l/image/upload/v1773945490/balport-products/seeded/fqemmaxo7ubd1013wwy9.jpg"
"BP-16000515284","16000515284","https://res.cloudinary.com/ddhs5dd6l/image/upload/v1773945491/balport-products/seeded/ka7xi8hrgsalfwhnjf0j.jpg"
"BP-16236000028","16236000028","https://res.cloudinary.com/ddhs5dd6l/image/upload/v1773945493/balport-products/seeded/jpjxs5rf8jmwicw2foyi.jpg"
"BP-16236000042","16236000042","https://res.cloudinary.com/ddhs5dd6l/image/upload/v1773945494/balport-products/seeded/orqb5hqo3o0dy2n0gpc5.jpg"
"BP-16236002046","16236002046","https://res.cloudinary.com/ddhs5dd6l/image/upload/v1773945496/balport-products/seeded/ktsfzzqekqfylvtlacsi.jpg"
"BP-16236020002","16236020002","https://res.cloudinary.com/ddhs5dd6l/image/upload/v1773945497/balport-products/seeded/xt0dym2rgsk8yily3wfh.jpg"
"BP-16500980414","16500980414","https://res.cloudinary.com/ddhs5dd6l/image/upload/v1773945499/balport-products/seeded/pb0glhhyu12sqcnxbkkf.jpg"
"BP-16571910303","16571910303","https://res.cloudinary.com/ddhs5dd6l/image/upload/v1773945501/balport-products/seeded/ulqdkxfsa2s6nsxtao03.jpg"
"BP-16571910310","16571910310","https://res.cloudinary.com/ddhs5dd6l/image/upload/v1773945503/balport-products/seeded/yemqurlmeaz0r1y0sxdi.jpg"
"BP-16571910327","16571910327","https://res.cloudinary.com/ddhs5dd6l/image/upload/v1773945505/balport-products/seeded/ktrtkytuzeu7mfbbemc5.jpg"
"BP-16571910372","16571910372","https://res.cloudinary.com/ddhs5dd6l/image/upload/v1773945507/balport-products/seeded/cskoqlmu0nwkztehzdt5.jpg"
"BP-16571911256","16571911256","https://res.cloudinary.com/ddhs5dd6l/image/upload/v1773945509/balport-products/seeded/tn7mbfedshe2yaaxihcp.jpg"
"BP-16571940331","16571940331","https://res.cloudinary.com/ddhs5dd6l/image/upload/v1773945510/balport-products/seeded/b5exsl97bhfieaopblpe.jpg"
"BP-16571940355","16571940355","https://res.cloudinary.com/ddhs5dd6l/image/upload/v1773945512/balport-products/seeded/cp8y54kiurprwubhotks.jpg"
"BP-16571950842","16571950842","https://res.cloudinary.com/ddhs5dd6l/image/upload/v1773945514/balport-products/seeded/gxejbz5w6wzl7yx5f8bl.jpg"
"BP-16571950859","16571950859","https://res.cloudinary.com/ddhs5dd6l/image/upload/v1773945516/balport-products/seeded/qqjnycfwscnssvmn7rdu.jpg"
"BP-16571952105","16571952105","https://res.cloudinary.com/ddhs5dd6l/image/upload/v1773945520/balport-products/seeded/xyvaldxg5kxygjtoqzmd.jpg"
"BP-16571952679","16571952679","https://res.cloudinary.com/ddhs5dd6l/image/upload/v1773945523/balport-products/seeded/xn6vstxwmhuhjvk2sgtp.jpg"
"BP-16571959203","16571959203","https://res.cloudinary.com/ddhs5dd6l/image/upload/v1773945524/balport-products/seeded/hsmuptlybealqaqhuy7a.jpg"
"BP-16571959241","16571959241","https://res.cloudinary.com/ddhs5dd6l/image/upload/v1773945526/balport-products/seeded/vv9fc3ghbp0qgciciunz.jpg"
"BP-16600000043","16600000043","https://res.cloudinary.com/ddhs5dd6l/image/upload/v1773945527/balport-products/seeded/um2icmugwlwu7hiqp95p.jpg"
"BP-16600000050","16600000050","https://res.cloudinary.com/ddhs5dd6l/image/upload/v1773945529/balport-products/seeded/pnkdb0omfkimnolhvh4r.jpg"
"BP-16600001422","16600001422","https://res.cloudinary.com/ddhs5dd6l/image/upload/v1773945531/balport-products/seeded/nvrxdkvcadsrxnhscn55.jpg"
"BP-16757641755","16757641755","https://res.cloudinary.com/ddhs5dd6l/image/upload/v1773945533/balport-products/seeded/sfdeiu0ctklemozaxed1.jpg"
"BP-16757642752","16757642752","https://res.cloudinary.com/ddhs5dd6l/image/upload/v1773945534/balport-products/seeded/pgbnjgvpruluhqimsd00.jpg"
"BP-17082000033","17082000033","https://res.cloudinary.com/ddhs5dd6l/image/upload/v1773945537/balport-products/seeded/vexdgwztzsgxi8oycbi3.jpg"
"BP-17082000231","17082000231","https://res.cloudinary.com/ddhs5dd6l/image/upload/v1773945540/balport-products/seeded/zhldbqomjmdzvxxfwtkb.jpg"
"BP-17082000392","17082000392","https://res.cloudinary.com/ddhs5dd6l/image/upload/v1773945541/balport-products/seeded/dnq5rtfxl5z04hwgtugm.jpg"
"BP-17082000408","17082000408","https://res.cloudinary.com/ddhs5dd6l/image/upload/v1773945543/balport-products/seeded/rfmiks9f6yybrsjnwje8.jpg"
"BP-17082000736","17082000736","https://res.cloudinary.com/ddhs5dd6l/image/upload/v1773945545/balport-products/seeded/xxvbswlfobqgiueiqrdw.jpg"
"BP-17082005380","17082005380","https://res.cloudinary.com/ddhs5dd6l/image/upload/v1773945547/balport-products/seeded/p2gy2lgdvzenpsrqxwdk.jpg"
"BP-17082006707","17082006707","https://res.cloudinary.com/ddhs5dd6l/image/upload/v1773945550/balport-products/seeded/alrctomavl1uyuugqabv.jpg"
"BP-17082011671","17082011671","https://res.cloudinary.com/ddhs5dd6l/image/upload/v1773945551/balport-products/seeded/xmxb6iyjfnimxqvlnojv.jpg"
"BP-17082015112","17082015112","https://res.cloudinary.com/ddhs5dd6l/image/upload/v1773945555/balport-products/seeded/nmp6huep8k8pnihmwsgf.jpg"
"BP-17082877369","17082877369","https://res.cloudinary.com/ddhs5dd6l/image/upload/v1773945557/balport-products/seeded/e5cmm0snzyt4jjk9ai30.jpg"
"BP-17082883872","17082883872","https://res.cloudinary.com/ddhs5dd6l/image/upload/v1773945558/balport-products/seeded/abd5ezo9rb2esuhiahxg.jpg"
"BP-17082883889","17082883889","https://res.cloudinary.com/ddhs5dd6l/image/upload/v1773945560/balport-products/seeded/k3aow6xh2xpcw5zzlwu4.png"
"BP-17082883896","17082883896","https://res.cloudinary.com/ddhs5dd6l/image/upload/v1773945563/balport-products/seeded/fwtmuokqimkicz8q61r9.jpg"
"BP-17082883902","BP-17082883902","https://res.cloudinary.com/ddhs5dd6l/image/upload/v1774010386/balport-products/ig4dqjqxzppe9dfwytf9.webp"
"BP-17082883919","17082883919","https://res.cloudinary.com/ddhs5dd6l/image/upload/v1773945571/balport-products/seeded/aetbjn74lts9pbnq0jgm.png"
"BP-17082883926","17082883926","https://res.cloudinary.com/ddhs5dd6l/image/upload/v1773945573/balport-products/seeded/a6fz1t5ykjclkgmgzakc.png"
"BP-17082885845","17082885845","https://res.cloudinary.com/ddhs5dd6l/image/upload/v1773945575/balport-products/seeded/lquz3ax89wtuyubvseab.jpg"
"BP-17082885852","17082885852","https://res.cloudinary.com/ddhs5dd6l/image/upload/v1773945577/balport-products/seeded/vzlwldzfpxiuupw3tsib.jpg"
"BP-17082885869","17082885869","https://res.cloudinary.com/ddhs5dd6l/image/upload/v1773945580/balport-products/seeded/bcd3anyfkharhsy0mgms.jpg"
"BP-17082889638","17082889638","https://res.cloudinary.com/ddhs5dd6l/image/upload/v1773945582/balport-products/seeded/akbjh2zfzazonk8305ut.jpg"
"BP-17082889669","17082889669","https://res.cloudinary.com/ddhs5dd6l/image/upload/v1773945584/balport-products/seeded/zuqxmio9t1lqyfilldmh.jpg"
"BP-17082889690","17082889690","https://res.cloudinary.com/ddhs5dd6l/image/upload/v1773945586/balport-products/seeded/ampobzhqlf2ajeltvnxv.jpg"
"BP-17224710004","17224710004","https://res.cloudinary.com/ddhs5dd6l/image/upload/v1773945587/balport-products/seeded/kdtubzgmj5pnlmbstm4o.jpg"
"BP-17224710011","17224710011","https://res.cloudinary.com/ddhs5dd6l/image/upload/v1773945589/balport-products/seeded/w15olnvbmddekv11gqcn.jpg"
"BP-17224710202","17224710202","https://res.cloudinary.com/ddhs5dd6l/image/upload/v1773945591/balport-products/seeded/inofwkl1pixlfsqolspw.jpg"
"BP-17224712107","17224712107","https://res.cloudinary.com/ddhs5dd6l/image/upload/v1773945593/balport-products/seeded/ykkyek8mhkwwzpuwilh1.jpg"
"BP-17224713104","17224713104","https://res.cloudinary.com/ddhs5dd6l/image/upload/v1773945595/balport-products/seeded/kvwt3caifhanrusgbzvf.jpg"
"BP-17224720102","17224720102","https://res.cloudinary.com/ddhs5dd6l/image/upload/v1773945597/balport-products/seeded/gdkitlw3gsjzxxbtqu6i.jpg"
"BP-17224750123","17224750123","https://res.cloudinary.com/ddhs5dd6l/image/upload/v1773945599/balport-products/seeded/ro55lwoyyuz6ztpcgwcn.jpg"
"BP-17224760122","17224760122","https://res.cloudinary.com/ddhs5dd6l/image/upload/v1773945600/balport-products/seeded/avmnat0bvtektpvogrla.jpg"
"BP-17224770107","17224770107","https://res.cloudinary.com/ddhs5dd6l/image/upload/v1773945602/balport-products/seeded/m4caizq21sslqt0wws9y.gif"
"BP-17400106751","17400106751","https://res.cloudinary.com/ddhs5dd6l/image/upload/v1773945604/balport-products/seeded/m4ukyzyypufix8onpasa.jpg"
"BP-18138104026","18138104026","https://res.cloudinary.com/ddhs5dd6l/image/upload/v1773945606/balport-products/seeded/j0s21dynsojsyzu3raq2.jpg"
"BP-18138201022","18138201022","https://res.cloudinary.com/ddhs5dd6l/image/upload/v1773945608/balport-products/seeded/z85yrugmnn6dityftvw8.jpg"
"BP-18138202029","18138202029","https://res.cloudinary.com/ddhs5dd6l/image/upload/v1773945610/balport-products/seeded/no0m0vpb83whykqpacsx.jpg"
"BP-18138204023","18138204023","https://res.cloudinary.com/ddhs5dd6l/image/upload/v1773945612/balport-products/seeded/r5vdrolzfpuxqf9sfq68.jpg"
"BP-18138209028","18138209028","https://res.cloudinary.com/ddhs5dd6l/image/upload/v1773945613/balport-products/seeded/f8rqekborpyrgujo4bga.jpg"
"BP-18138565025","18138565025","https://res.cloudinary.com/ddhs5dd6l/image/upload/v1773945615/balport-products/seeded/si5uhw5wfyjoptqtrqf0.jpg"
"BP-18200000164","18200000164","https://res.cloudinary.com/ddhs5dd6l/image/upload/v1773945617/balport-products/seeded/aiphzboc8bwh5ay9pwxh.jpg"
"BP-18200000188","18200000188","https://res.cloudinary.com/ddhs5dd6l/image/upload/v1773945620/balport-products/seeded/fdy4wutbcaikldpsazhl.jpg"
"BP-18200000324","18200000324","https://res.cloudinary.com/ddhs5dd6l/image/upload/v1773945621/balport-products/seeded/hjwremloojdln1lhw1g1.jpg"
"BP-18200000645","18200000645","https://res.cloudinary.com/ddhs5dd6l/image/upload/v1773945624/balport-products/seeded/y00o4ulowbyugbemrtvj.jpg"
"BP-18200000676","18200000676","https://res.cloudinary.com/ddhs5dd6l/image/upload/v1773945627/balport-products/seeded/yfdqkfhlpx7jmknvadir.jpg"
"BP-18200000812","18200000812","https://res.cloudinary.com/ddhs5dd6l/image/upload/v1773945629/balport-products/seeded/fqggznoharnxy8yqgsne.jpg"
"BP-18200000829","18200000829","https://res.cloudinary.com/ddhs5dd6l/image/upload/v1773945631/balport-products/seeded/eephqi23tgvfvaq1kadq.jpg"
"BP-18200001062","18200001062","https://res.cloudinary.com/ddhs5dd6l/image/upload/v1773945633/balport-products/seeded/xrhmvkfakt6vqv0oochu.jpg"
"BP-18200001260","18200001260","https://res.cloudinary.com/ddhs5dd6l/image/upload/v1773945635/balport-products/seeded/ouwycp0huns1nsitbho4.jpg"
"BP-18200001307","18200001307","https://res.cloudinary.com/ddhs5dd6l/image/upload/v1773945638/balport-products/seeded/r73ucjz59tda1ampg9yz.jpg"
"BP-18200001574","18200001574","https://res.cloudinary.com/ddhs5dd6l/image/upload/v1773945643/balport-products/seeded/u5aovc0gurrbf4xfokvw.jpg"
"BP-18200001741","18200001741","https://res.cloudinary.com/ddhs5dd6l/image/upload/v1773945646/balport-products/seeded/z4rnmxxvwntnqecnhwvc.jpg"
"BP-18200001789","18200001789","https://res.cloudinary.com/ddhs5dd6l/image/upload/v1773945648/balport-products/seeded/m8qnwdxykx7cckl2wwae.jpg"
"BP-18200002144","18200002144","https://res.cloudinary.com/ddhs5dd6l/image/upload/v1773945650/balport-products/seeded/w4epzq5k3uqtml5uy7el.jpg"
"BP-18200002304","18200002304","https://res.cloudinary.com/ddhs5dd6l/image/upload/v1773945652/balport-products/seeded/rpeupzbyod6j20ydysi5.jpg"
"BP-18200002434","18200002434","https://res.cloudinary.com/ddhs5dd6l/image/upload/v1773945658/balport-products/seeded/stqwnv5fwcms8aksgbrl.jpg"
"BP-18200002489","18200002489","https://res.cloudinary.com/ddhs5dd6l/image/upload/v1773945660/balport-products/seeded/y30lghe6p7f3xhskj8wo.gif"
"BP-18200002496","18200002496","https://res.cloudinary.com/ddhs5dd6l/image/upload/v1773945662/balport-products/seeded/dktm6dhymukmtcfjte3o.jpg"
"BP-18200002519","18200002519","https://res.cloudinary.com/ddhs5dd6l/image/upload/v1773945663/balport-products/seeded/fv1ojh7znx7hbyhtx5ha.gif"
"BP-18200002724","18200002724","https://res.cloudinary.com/ddhs5dd6l/image/upload/v1773945665/balport-products/seeded/z80xtmfcbgfxglhwyn7d.jpg"
"BP-18200004735","18200004735","https://res.cloudinary.com/ddhs5dd6l/image/upload/v1773945667/balport-products/seeded/rsi3mqmqelo2tao2cwxy.jpg"
"BP-18200005329","18200005329","https://res.cloudinary.com/ddhs5dd6l/image/upload/v1773945669/balport-products/seeded/dvni3g5q6p3eq5ti1esc.jpg"
"BP-18200005442","18200005442","https://res.cloudinary.com/ddhs5dd6l/image/upload/v1773945672/balport-products/seeded/lupvdnikrh8iiexfholh.jpg"
"BP-18200006470","18200006470","https://res.cloudinary.com/ddhs5dd6l/image/upload/v1773945674/balport-products/seeded/cefvuesynutvll25dk5e.jpg"
"BP-18200007699","18200007699","https://res.cloudinary.com/ddhs5dd6l/image/upload/v1773945677/balport-products/seeded/ekryt1ycdi2bspj0m0i4.jpg"
"BP-18200007712","18200007712","https://res.cloudinary.com/ddhs5dd6l/image/upload/v1773945680/balport-products/seeded/a0xwmnv3u4kycj3juib4.jpg"
"BP-18200007736","18200007736","https://res.cloudinary.com/ddhs5dd6l/image/upload/v1773945682/balport-products/seeded/otm7onvmexlmda5ekbab.jpg"
"BP-18200007842","18200007842","https://res.cloudinary.com/ddhs5dd6l/image/upload/v1773945685/balport-products/seeded/v2llnnmjva2qrfplq8rr.jpg"
"BP-18200008337","18200008337","https://res.cloudinary.com/ddhs5dd6l/image/upload/v1773945688/balport-products/seeded/ivbhucwgqd8srmyhu8xn.jpg"
"BP-18200008344","18200008344","https://res.cloudinary.com/ddhs5dd6l/image/upload/v1773945691/balport-products/seeded/ldrqww6okykzqqg1qfcf.jpg"
"BP-18200008634","18200008634","https://res.cloudinary.com/ddhs5dd6l/image/upload/v1773945695/balport-products/seeded/eijm7uzvlorondb0lusq.jpg"
"BP-18200008665","18200008665","https://res.cloudinary.com/ddhs5dd6l/image/upload/v1773945697/balport-products/seeded/i2gwdaoxd5brvqezqrqw.jpg"
"BP-18200009563","18200009563","https://res.cloudinary.com/ddhs5dd6l/image/upload/v1773945700/balport-products/seeded/kkjt7nhnrudn300jphcb.jpg"
"BP-18200009648","18200009648","https://res.cloudinary.com/ddhs5dd6l/image/upload/v1773945703/balport-products/seeded/jkoats4uxmfvockvznkm.jpg"
"BP-18200009785","18200009785","https://res.cloudinary.com/ddhs5dd6l/image/upload/v1773945706/balport-products/seeded/plwosgmsaoepzzkqutz4.jpg"
"BP-18200029929","18200029929","https://res.cloudinary.com/ddhs5dd6l/image/upload/v1773945709/balport-products/seeded/ujprem2s5j6etwbwdzcg.jpg"
"BP-18200059896","18200059896","https://res.cloudinary.com/ddhs5dd6l/image/upload/v1773945711/balport-products/seeded/joulfhorytcdgirdry0d.jpg"
"BP-18200059902","18200059902","https://res.cloudinary.com/ddhs5dd6l/image/upload/v1773945714/balport-products/seeded/ov6yyahamgqrde8npwjm.jpg"
"BP-18200069918","18200069918","https://res.cloudinary.com/ddhs5dd6l/image/upload/v1773945716/balport-products/seeded/bniq6crahkih3dd940my.jpg"
"BP-18200109874","18200109874","https://res.cloudinary.com/ddhs5dd6l/image/upload/v1773945719/balport-products/seeded/wosoo1vkbxp53757f9we.jpg"
"BP-18200110252","18200110252","https://res.cloudinary.com/ddhs5dd6l/image/upload/v1773945721/balport-products/seeded/jq6rfwt24ocjlogcjvpq.jpg"
"BP-18200110474","18200110474","https://res.cloudinary.com/ddhs5dd6l/image/upload/v1773945724/balport-products/seeded/vfj3gbgmln0fgiqvi8dh.jpg"
"BP-18200111822","18200111822","https://res.cloudinary.com/ddhs5dd6l/image/upload/v1773945726/balport-products/seeded/ycrajhcgcgnhnxj7gy0m.jpg"
"BP-18200112188","18200112188","https://res.cloudinary.com/ddhs5dd6l/image/upload/v1773945729/balport-products/seeded/hs2hhjfkvkjwaue5ngkv.jpg"
"BP-18200113086","18200113086","https://res.cloudinary.com/ddhs5dd6l/image/upload/v1773945732/balport-products/seeded/xid0pywl8xskeoufkksb.jpg"
"BP-18200119859","18200119859","https://res.cloudinary.com/ddhs5dd6l/image/upload/v1773945734/balport-products/seeded/xsndtwyocywt6801pw0j.jpg"
"BP-18200139864","18200139864","https://res.cloudinary.com/ddhs5dd6l/image/upload/v1773945737/balport-products/seeded/xxnoxgwihvhjhrax2npl.jpg"
"BP-18200150302","18200150302","https://res.cloudinary.com/ddhs5dd6l/image/upload/v1773945740/balport-products/seeded/poxa1ubogfiuwkjnhuqb.jpg"
"BP-18200150470","18200150470","https://res.cloudinary.com/ddhs5dd6l/image/upload/v1773945743/balport-products/seeded/bty5jbyalfswj14n5qzu.jpg"
"BP-18200159831","18200159831","https://res.cloudinary.com/ddhs5dd6l/image/upload/v1773945745/balport-products/seeded/bsmaxpq0egdyrqkt1hgp.jpg"
"BP-18200169847","18200169847","https://res.cloudinary.com/ddhs5dd6l/image/upload/v1773945748/balport-products/seeded/s2u3cb7gkathjx5d2wip.jpg"
"BP-18200179914","18200179914","https://res.cloudinary.com/ddhs5dd6l/image/upload/v1773945753/balport-products/seeded/h64uw4estwgm04bqlfdq.jpg"
"BP-18200179990","18200179990","https://res.cloudinary.com/ddhs5dd6l/image/upload/v1773945758/balport-products/seeded/acz3l6ouokiydccm1rqn.jpg"
"BP-18200189821","18200189821","https://res.cloudinary.com/ddhs5dd6l/image/upload/v1773945760/balport-products/seeded/gxdvx4uxdtfzs3nyllut.jpg"
"BP-18200189920","18200189920","https://res.cloudinary.com/ddhs5dd6l/image/upload/v1773945762/balport-products/seeded/np4jxft8ml69f9ndmpfk.jpg"
"BP-18200200021","18200200021","https://res.cloudinary.com/ddhs5dd6l/image/upload/v1773945764/balport-products/seeded/oqslb1zoy5ydgsozslv2.jpg"
"BP-18200200113","18200200113","https://res.cloudinary.com/ddhs5dd6l/image/upload/v1773945768/balport-products/seeded/jj1k4s9f03etm0uadyj9.jpg"
"BP-18200200380","18200200380","https://res.cloudinary.com/ddhs5dd6l/image/upload/v1773945771/balport-products/seeded/sbsv4lwskh7x7fxhsr7m.jpg"
"BP-18200200397","18200200397","https://res.cloudinary.com/ddhs5dd6l/image/upload/v1773945773/balport-products/seeded/n3sqwpghgzzy1nodbusm.jpg"
"BP-18200200595","18200200595","https://res.cloudinary.com/ddhs5dd6l/image/upload/v1773945775/balport-products/seeded/ekfwrr4ebjv8snnwd289.jpg"
"BP-18200200687","18200200687","https://res.cloudinary.com/ddhs5dd6l/image/upload/v1773945777/balport-products/seeded/uhigoj6lfuq66njwdig0.jpg"
"BP-18200200694","18200200694","https://res.cloudinary.com/ddhs5dd6l/image/upload/v1773945779/balport-products/seeded/mfbhsvnwic4yvnijfxug.jpg"
"BP-18200200793","18200200793","https://res.cloudinary.com/ddhs5dd6l/image/upload/v1773945782/balport-products/seeded/lqq4d5m1fp8azf3fghbj.jpg"
"BP-18200200809","18200200809","https://res.cloudinary.com/ddhs5dd6l/image/upload/v1773945784/balport-products/seeded/eit3tplinf5vtjzbhqoo.jpg"
"BP-18200200823","18200200823","https://res.cloudinary.com/ddhs5dd6l/image/upload/v1773945787/balport-products/seeded/b9vhfl1c99xuwpxwvuk6.jpg"
"BP-18200200830","18200200830","https://res.cloudinary.com/ddhs5dd6l/image/upload/v1773945789/balport-products/seeded/io8rmivgtcu2ogvwptai.jpg"
"BP-18200200878","18200200878","https://res.cloudinary.com/ddhs5dd6l/image/upload/v1773945791/balport-products/seeded/i5zgrgvfyghtivkuhwbj.png"
"BP-18200201325","18200201325","https://res.cloudinary.com/ddhs5dd6l/image/upload/v1773945794/balport-products/seeded/jjunpfryims6xypdziof.jpg"
"BP-18200201448","18200201448","https://res.cloudinary.com/ddhs5dd6l/image/upload/v1773945796/balport-products/seeded/lnck5opiltupztejs6lg.jpg"
"BP-18200201790","18200201790","https://res.cloudinary.com/ddhs5dd6l/image/upload/v1773945799/balport-products/seeded/g5hootgfiw8tlmowqmxh.jpg"
"BP-18200201806","18200201806","https://res.cloudinary.com/ddhs5dd6l/image/upload/v1773945801/balport-products/seeded/psniii67iheisjwod9iv.jpg"
"BP-18200202179","18200202179","https://res.cloudinary.com/ddhs5dd6l/image/upload/v1773945803/balport-products/seeded/qwvkxnp9vvqqgwslg9v1.jpg"
"BP-18200202490","18200202490","https://res.cloudinary.com/ddhs5dd6l/image/upload/v1773945805/balport-products/seeded/quauzll7uxu7ahupapoo.png"
"BP-18200202506","18200202506","https://res.cloudinary.com/ddhs5dd6l/image/upload/v1773945807/balport-products/seeded/i8nqkltx8manq7ezltwn.jpg"
"BP-18200202582","18200202582","https://res.cloudinary.com/ddhs5dd6l/image/upload/v1773945809/balport-products/seeded/b4runqyhohjxegliq1wb.jpg"
"BP-18200202728","18200202728","https://res.cloudinary.com/ddhs5dd6l/image/upload/v1773945810/balport-products/seeded/rshke0eezesambac0ane.jpg"
"BP-18200202988","18200202988","https://res.cloudinary.com/ddhs5dd6l/image/upload/v1773945812/balport-products/seeded/omlpozhdd6uivpah7lgt.jpg"
"BP-18200203138","18200203138","https://res.cloudinary.com/ddhs5dd6l/image/upload/v1773945814/balport-products/seeded/dqlxw2sl6gmucwufiheh.jpg"
"BP-18200203527","18200203527","https://res.cloudinary.com/ddhs5dd6l/image/upload/v1773945816/balport-products/seeded/potuqvyqy9kpinland14.jpg"
"BP-18200203534","18200203534","https://res.cloudinary.com/ddhs5dd6l/image/upload/v1773945818/balport-products/seeded/euudlkvoseqddgmyob2x.jpg"
"BP-18200204012","18200204012","https://res.cloudinary.com/ddhs5dd6l/image/upload/v1773945821/balport-products/seeded/gg7egyfogdyjxdd7me95.png"
"BP-18200204227","18200204227","https://res.cloudinary.com/ddhs5dd6l/image/upload/v1773945826/balport-products/seeded/gr9g3z21liguvbnqypfs.png"
"BP-18200204241","18200204241","https://res.cloudinary.com/ddhs5dd6l/image/upload/v1773945828/balport-products/seeded/shse40pouvkmhtbhh5nx.jpg"
"BP-18200204456","18200204456","https://res.cloudinary.com/ddhs5dd6l/image/upload/v1773945830/balport-products/seeded/bzpgatfw8tmqvvxpwn3d.jpg"
"BP-18200209918","18200209918","https://res.cloudinary.com/ddhs5dd6l/image/upload/v1773945833/balport-products/seeded/uviccs6jg6ejrfcncp2v.jpg"
"BP-18200209987","18200209987","https://res.cloudinary.com/ddhs5dd6l/image/upload/v1773945835/balport-products/seeded/pdj8pn1qxm3p2dvm95lk.jpg"
"BP-18200209994","18200209994","https://res.cloudinary.com/ddhs5dd6l/image/upload/v1773945838/balport-products/seeded/pnhhgv3ttjyhoilytkjx.jpg"
"BP-18200219795","18200219795","https://res.cloudinary.com/ddhs5dd6l/image/upload/v1773945841/balport-products/seeded/uahmlquc3mhe8m9gvpcd.jpg"
"BP-18200219856","18200219856","https://res.cloudinary.com/ddhs5dd6l/image/upload/v1773945843/balport-products/seeded/wugbsg36v1u1uugyquq7.jpg"
"BP-18200219863","18200219863","https://res.cloudinary.com/ddhs5dd6l/image/upload/v1773945846/balport-products/seeded/xdc3a9r796daqryhycey.jpg"
"BP-18200219917","18200219917","https://res.cloudinary.com/ddhs5dd6l/image/upload/v1773945849/balport-products/seeded/uplxfszrqka1vimlny8o.jpg"
"BP-18200219979","18200219979","https://res.cloudinary.com/ddhs5dd6l/image/upload/v1773945852/balport-products/seeded/amtrfttet3pbylmmweqm.jpg"
"BP-18200219986","18200219986","https://res.cloudinary.com/ddhs5dd6l/image/upload/v1773945853/balport-products/seeded/zqidrpjpebgtk5t6utvs.jpg"
"BP-18200229855","18200229855","https://res.cloudinary.com/ddhs5dd6l/image/upload/v1773945856/balport-products/seeded/d1xsixamitp1usnbvxqw.jpg"
"BP-18200229893","18200229893","https://res.cloudinary.com/ddhs5dd6l/image/upload/v1773945858/balport-products/seeded/r0daxmgo5e4lkhjsttwf.jpg"
"BP-18200249815","18200249815","https://res.cloudinary.com/ddhs5dd6l/image/upload/v1773945860/balport-products/seeded/gpwi9h7bdgkpuxqhlphk.jpg"
"BP-18200250002","18200250002","https://res.cloudinary.com/ddhs5dd6l/image/upload/v1773945863/balport-products/seeded/bgprjp6zfhonfmed8wzh.jpg"
"BP-18200250019","18200250019","https://res.cloudinary.com/ddhs5dd6l/image/upload/v1773945865/balport-products/seeded/zf4ypsevbnconq0dkjyc.jpg"
"BP-18200250026","18200250026","https://res.cloudinary.com/ddhs5dd6l/image/upload/v1773945868/balport-products/seeded/revjxutrzuifrl92qxk9.jpg"
"BP-18200250040","18200250040","https://res.cloudinary.com/ddhs5dd6l/image/upload/v1773945870/balport-products/seeded/ny1lrom2aw5eoelay3bk.jpg"
"BP-18200250101","18200250101","https://res.cloudinary.com/ddhs5dd6l/image/upload/v1773945872/balport-products/seeded/p1al53ni2k8hp4mrut1z.jpg"
"BP-18200250118","18200250118","https://res.cloudinary.com/ddhs5dd6l/image/upload/v1773945875/balport-products/seeded/pt5pk1cxunfejifjmg3e.jpg"
"BP-18200255083","18200255083","https://res.cloudinary.com/ddhs5dd6l/image/upload/v1773945877/balport-products/seeded/uwlqo5yk3qzp1q1dhsgy.jpg"
"BP-18200255090","18200255090","https://res.cloudinary.com/ddhs5dd6l/image/upload/v1773945879/balport-products/seeded/iqpijhysjolybid43pbt.jpg"
"BP-18200255106","18200255106","https://res.cloudinary.com/ddhs5dd6l/image/upload/v1773945882/balport-products/seeded/xayvtk1swq6nprietuei.jpg"
"BP-18200255274","18200255274","https://res.cloudinary.com/ddhs5dd6l/image/upload/v1773945884/balport-products/seeded/rscwnqim6ztlk4r1jbnn.jpg"
"BP-18200255380","18200255380","https://res.cloudinary.com/ddhs5dd6l/image/upload/v1773945888/balport-products/seeded/gocsvwebgnozpfqvy2nw.jpg"
"BP-18200255434","18200255434","https://res.cloudinary.com/ddhs5dd6l/image/upload/v1773945899/balport-products/seeded/ibl8jtmxztjvmfo8vxao.jpg"
"BP-18200258169","18200258169","https://res.cloudinary.com/ddhs5dd6l/image/upload/v1773945901/balport-products/seeded/hpidjkhkmpqtyegi2fdk.jpg"
"BP-18200258336","18200258336","https://res.cloudinary.com/ddhs5dd6l/image/upload/v1773945904/balport-products/seeded/lixzwgrkuqtuhyn1tbwi.jpg"
"BP-18200258923","18200258923","https://res.cloudinary.com/ddhs5dd6l/image/upload/v1773945906/balport-products/seeded/bipya5rqszjjq7q80k1t.jpg"
"BP-18200259012","18200259012","https://res.cloudinary.com/ddhs5dd6l/image/upload/v1773945908/balport-products/seeded/fdloiz6rerf4lxghtjui.jpg"
"BP-18200259043","18200259043","https://res.cloudinary.com/ddhs5dd6l/image/upload/v1773945910/balport-products/seeded/qfqu4qlxq5j6sezxlth1.jpg"
"BP-18200259081","18200259081","https://res.cloudinary.com/ddhs5dd6l/image/upload/v1773945912/balport-products/seeded/upmqt6nix81zaec7krb1.jpg"
"BP-18200259104","18200259104","https://res.cloudinary.com/ddhs5dd6l/image/upload/v1773945914/balport-products/seeded/pdt8ak7gip1vy232glfc.jpg"
"BP-18200259142","18200259142","https://res.cloudinary.com/ddhs5dd6l/image/upload/v1773945916/balport-products/seeded/ls6oog3giiaamipn7ysu.jpg"
"BP-18200259401","18200259401","https://res.cloudinary.com/ddhs5dd6l/image/upload/v1773945918/balport-products/seeded/db6lekwvnez5cwdzkmdl.jpg"
"BP-18200259463","18200259463","https://res.cloudinary.com/ddhs5dd6l/image/upload/v1773945921/balport-products/seeded/d0iy37pg4dxzk2eajxz3.jpg"
"BP-18200259760","18200259760","https://res.cloudinary.com/ddhs5dd6l/image/upload/v1773945924/balport-products/seeded/taegzr9uukyc6vvopvli.jpg"
"BP-18200260094","18200260094","https://res.cloudinary.com/ddhs5dd6l/image/upload/v1773945926/balport-products/seeded/ppfnsocpyxzbtfinbjay.jpg"
"BP-18200260315","18200260315","https://res.cloudinary.com/ddhs5dd6l/image/upload/v1773945929/balport-products/seeded/knczzh5cphdvdfuon3bd.jpg"
"BP-18200260322","18200260322","https://res.cloudinary.com/ddhs5dd6l/image/upload/v1773945931/balport-products/seeded/nnzzrndfcm4lxayzyamw.jpg"
"BP-18200260674","18200260674","https://res.cloudinary.com/ddhs5dd6l/image/upload/v1773945933/balport-products/seeded/oq4onxxzdo8t0pmmmkgf.jpg"
"BP-18200260698","18200260698","https://res.cloudinary.com/ddhs5dd6l/image/upload/v1773945935/balport-products/seeded/ysit3fudwlv7erjaszgg.png"
"BP-18200260803","18200260803","https://res.cloudinary.com/ddhs5dd6l/image/upload/v1773945938/balport-products/seeded/t9ozs8bzm2jzbxsvorqq.jpg"
"BP-18200261107","18200261107","https://res.cloudinary.com/ddhs5dd6l/image/upload/v1773945939/balport-products/seeded/mgupzaei8py3ubiz1dln.jpg"
"BP-18200261244","18200261244","https://res.cloudinary.com/ddhs5dd6l/image/upload/v1773945941/balport-products/seeded/er09n1qkda5nwewproh4.jpg"
"BP-18200261626","18200261626","https://res.cloudinary.com/ddhs5dd6l/image/upload/v1773945943/balport-products/seeded/jvtntz3fmoi6jehpobic.jpg"
"BP-18200261930","18200261930","https://res.cloudinary.com/ddhs5dd6l/image/upload/v1773945946/balport-products/seeded/srlp1vpoymfmwigwgfm3.jpg"
"BP-18200263941","18200263941","https://res.cloudinary.com/ddhs5dd6l/image/upload/v1773945948/balport-products/seeded/nhathb8tmapnvbi5am4j.png"
"BP-18200272189","18200272189","https://res.cloudinary.com/ddhs5dd6l/image/upload/v1773945951/balport-products/seeded/psyfukgydw7ntegkpkg2.jpg"
"BP-18200284274","18200284274","https://res.cloudinary.com/ddhs5dd6l/image/upload/v1773945955/balport-products/seeded/qwucpc32bwcyppzw7l2p.jpg"
"BP-18200284434","18200284434","https://res.cloudinary.com/ddhs5dd6l/image/upload/v1773945967/balport-products/seeded/su9zxg5qgpjugzebbpms.jpg"
"BP-18200530302","18200530302","https://res.cloudinary.com/ddhs5dd6l/image/upload/v1773945970/balport-products/seeded/w5kczudutffxgwtpgfkh.jpg"
"BP-18200530470","18200530470","https://res.cloudinary.com/ddhs5dd6l/image/upload/v1773945972/balport-products/seeded/hwckly2nkgg1vayjchc3.jpg"
"BP-18200532184","18200532184","https://res.cloudinary.com/ddhs5dd6l/image/upload/v1773945975/balport-products/seeded/fsb0je5vklmx2ugghxes.jpg"
"BP-18200610301","18200610301","https://res.cloudinary.com/ddhs5dd6l/image/upload/v1773945977/balport-products/seeded/go5fiam1onioxy7ogs1q.jpg"
"BP-18200860317","18200860317","https://res.cloudinary.com/ddhs5dd6l/image/upload/v1773945979/balport-products/seeded/bunyko3alfcsdnnidmpx.jpg"
"BP-18200959998","18200959998","https://res.cloudinary.com/ddhs5dd6l/image/upload/v1773945982/balport-products/seeded/dbwmuesr67ndu2j4tzli.jpg"
"BP-18200967214","18200967214","https://res.cloudinary.com/ddhs5dd6l/image/upload/v1773945984/balport-products/seeded/o4r54avkax1ynxl8bo8c.jpg"
"BP-18200969348","18200969348","https://res.cloudinary.com/ddhs5dd6l/image/upload/v1773945986/balport-products/seeded/wgoqbq6quozy65w5dncd.jpg"
"BP-18200970030","18200970030","https://res.cloudinary.com/ddhs5dd6l/image/upload/v1773945989/balport-products/seeded/czfclxlgen4zzhqfuugt.jpg"
"BP-18200970085","18200970085","https://res.cloudinary.com/ddhs5dd6l/image/upload/v1773945992/balport-products/seeded/rj3tccmismzoypil12oy.jpg"
"BP-18200970092","18200970092","https://res.cloudinary.com/ddhs5dd6l/image/upload/v1773945995/balport-products/seeded/sbyfel9s46ntczvdvq0m.jpg"
"BP-18341151015","18341151015","https://res.cloudinary.com/ddhs5dd6l/image/upload/v1773945998/balport-products/seeded/vqphjpcuferxs3x76ixk.jpg"
"BP-18341151022","18341151022","https://res.cloudinary.com/ddhs5dd6l/image/upload/v1773946000/balport-products/seeded/iftyeeqxfqkmckk8qn5p.jpg"
"BP-18341151053","18341151053","https://res.cloudinary.com/ddhs5dd6l/image/upload/v1773946002/balport-products/seeded/zj8zacmqar9ygfobtxhz.jpg"
"BP-18341151107","18341151107","https://res.cloudinary.com/ddhs5dd6l/image/upload/v1773946004/balport-products/seeded/zamyacxqnpwt8tl3tz6s.jpg"
"BP-18341751017","18341751017","https://res.cloudinary.com/ddhs5dd6l/image/upload/v1773946005/balport-products/seeded/kqbbvjncijkzuw5zo4tw.jpg"
"BP-18341751024","18341751024","https://res.cloudinary.com/ddhs5dd6l/image/upload/v1773946007/balport-products/seeded/cme9xqfpqwqprxjfn3be.jpg"
"BP-18341751055","18341751055","https://res.cloudinary.com/ddhs5dd6l/image/upload/v1773946009/balport-products/seeded/zmc0uogfxtwhxcfwfsxt.jpg"
"BP-18341751109","18341751109","https://res.cloudinary.com/ddhs5dd6l/image/upload/v1773946010/balport-products/seeded/rwfg7lk5ywjrok8m84to.jpg"
"BP-18341751253","18341751253","https://res.cloudinary.com/ddhs5dd6l/image/upload/v1773946012/balport-products/seeded/x6tyos907dmwyk8lxhbo.jpg"
"BP-18341751260","18341751260","https://res.cloudinary.com/ddhs5dd6l/image/upload/v1773946014/balport-products/seeded/acefo455zrnu1g6bqstj.jpg"
"BP-18700000022","18700000022","https://res.cloudinary.com/ddhs5dd6l/image/upload/v1773946017/balport-products/seeded/scyutli5hx05zbwwailu.jpg"
"BP-18804059315","18804059315","https://res.cloudinary.com/ddhs5dd6l/image/upload/v1773946018/balport-products/seeded/qsbfojfaopqcpmrfiijn.jpg"
"BP-18804059674","18804059674","https://res.cloudinary.com/ddhs5dd6l/image/upload/v1773946020/balport-products/seeded/avdkpw3mxdlfxmub0hid.jpg"
"BP-19000083425","19000083425","https://res.cloudinary.com/ddhs5dd6l/image/upload/v1773946021/balport-products/seeded/spewc1vzfhprfl1rh4e9.jpg"
"BP-19000083449","19000083449","https://res.cloudinary.com/ddhs5dd6l/image/upload/v1773946023/balport-products/seeded/nic07nnauh023kkabglf.jpg"
"BP-19000170491","19000170491","https://res.cloudinary.com/ddhs5dd6l/image/upload/v1773946025/balport-products/seeded/v1bbm8zkzoqyscm0ysb2.jpg"
"BP-19320001987","19320001987","https://res.cloudinary.com/ddhs5dd6l/image/upload/v1773946032/balport-products/seeded/lmij5djcdzba0xqkcuwy.jpg"
"BP-19320015441","19320015441","https://res.cloudinary.com/ddhs5dd6l/image/upload/v1773946038/balport-products/seeded/uamova85qadnytygzwqp.jpg"
"BP-19800001162","19800001162","https://res.cloudinary.com/ddhs5dd6l/image/upload/v1773946040/balport-products/seeded/zl4aw6lgbvmnsf9j5esy.jpg"
"BP-19800701956","19800701956","https://res.cloudinary.com/ddhs5dd6l/image/upload/v1773946042/balport-products/seeded/eperulccznyuxe8n9awv.jpg"
"BP-19855112004","19855112004","https://res.cloudinary.com/ddhs5dd6l/image/upload/v1773946044/balport-products/seeded/yitjsewrqmbhpedw6rqh.jpg"
"BP-19855272005","19855272005","https://res.cloudinary.com/ddhs5dd6l/image/upload/v1773946045/balport-products/seeded/kwovaznlkjjxfiw9l9th.jpg"
"BP-19962536038","19962536038","https://res.cloudinary.com/ddhs5dd6l/image/upload/v1773946049/balport-products/seeded/zvi006rjvgq6utjlnlst.jpg"
"BP-20212030039","20212030039","https://res.cloudinary.com/ddhs5dd6l/image/upload/v1773946050/balport-products/seeded/fppqcl8ba299jqzaycrl.jpg"
"BP-20507000112","20507000112","https://res.cloudinary.com/ddhs5dd6l/image/upload/v1773946052/balport-products/seeded/mcspouph2ihuk6vkiprp.jpg"
"BP-20709002532","20709002532","https://res.cloudinary.com/ddhs5dd6l/image/upload/v1773946054/balport-products/seeded/rjzdkhaamlltbqendfqq.jpg"
"BP-20709012081","20709012081","https://res.cloudinary.com/ddhs5dd6l/image/upload/v1773946056/balport-products/seeded/vqomfci7pvjxcv5angvi.jpg"
"BP-20709012302","20709012302","https://res.cloudinary.com/ddhs5dd6l/image/upload/v1773946058/balport-products/seeded/n0geejddj6figg6dnaiw.jpg"
"BP-20709012319","20709012319","https://res.cloudinary.com/ddhs5dd6l/image/upload/v1773946060/balport-products/seeded/j6tej1veuf0po3e4zdy9.jpg"
"BP-20709012562","20709012562","https://res.cloudinary.com/ddhs5dd6l/image/upload/v1773946062/balport-products/seeded/u6b4jwmxp9n1sqkb8zb1.jpg"
"BP-21000010875","21000010875","https://res.cloudinary.com/ddhs5dd6l/image/upload/v1773946065/balport-products/seeded/htih1qrgz2twnioxuyy3.jpg"
"BP-21000028092","21000028092","https://res.cloudinary.com/ddhs5dd6l/image/upload/v1773946066/balport-products/seeded/dimnjsqboqy5fjnncb3e.jpg"
"BP-21000052288","21000052288","https://res.cloudinary.com/ddhs5dd6l/image/upload/v1773946069/balport-products/seeded/qs82ot6ssyeryz4ot5xj.jpg"
"BP-21000658831","21000658831","https://res.cloudinary.com/ddhs5dd6l/image/upload/v1773946072/balport-products/seeded/eqgdvo8ilrxtwgvd6nev.jpg"
"BP-21136010374","21136010374","https://res.cloudinary.com/ddhs5dd6l/image/upload/v1773946075/balport-products/seeded/awi62evhkxwdn0jedylr.jpg"
"BP-21136010541","21136010541","https://res.cloudinary.com/ddhs5dd6l/image/upload/v1773946077/balport-products/seeded/n1wjkr98lvjqce21khml.jpg"
"BP-21136010626","21136010626","https://res.cloudinary.com/ddhs5dd6l/image/upload/v1773946079/balport-products/seeded/ln9jtyszfz9pznge81bx.jpg"
"BP-21136110449","21136110449","https://res.cloudinary.com/ddhs5dd6l/image/upload/v1773946081/balport-products/seeded/hqjupmxzcrqxcgyle8rt.jpg"
"BP-21136180558","21136180558","https://res.cloudinary.com/ddhs5dd6l/image/upload/v1773946082/balport-products/seeded/wfno8w2ec9sd8wlmzlye.jpg"
"BP-21136180589","21136180589","https://res.cloudinary.com/ddhs5dd6l/image/upload/v1773946084/balport-products/seeded/dwvnxtoqdntdtfkly2rk.jpg"
"BP-21136180596","21136180596","https://res.cloudinary.com/ddhs5dd6l/image/upload/v1773946085/balport-products/seeded/bnlaqs990n1g4i1caakd.jpg"
"BP-21136180619","21136180619","https://res.cloudinary.com/ddhs5dd6l/image/upload/v1773946087/balport-products/seeded/ct2uwex7enbyiea8qlnh.jpg"
"BP-21136180879","21136180879","https://res.cloudinary.com/ddhs5dd6l/image/upload/v1773946088/balport-products/seeded/q3jlkfskloubjbtoeb4i.jpg"
"BP-21136180947","21136180947","https://res.cloudinary.com/ddhs5dd6l/image/upload/v1773946090/balport-products/seeded/f3yarcgzm5dnts6e54mi.jpg"
"BP-21136181364","21136181364","https://res.cloudinary.com/ddhs5dd6l/image/upload/v1773946092/balport-products/seeded/widobhpu4k0w0y5pajwh.jpg"
"BP-21136181388","21136181388","https://res.cloudinary.com/ddhs5dd6l/image/upload/v1773946095/balport-products/seeded/vgbtsdug4vvwthdfqawn.jpg"
"BP-21136181616","21136181616","https://res.cloudinary.com/ddhs5dd6l/image/upload/v1773946096/balport-products/seeded/ujw5bupulqdyeqjskzqv.jpg"
"BP-21136181623","21136181623","https://res.cloudinary.com/ddhs5dd6l/image/upload/v1773946098/balport-products/seeded/c8tv4miqap25yk7avkre.jpg"
"BP-21136181630","21136181630","https://res.cloudinary.com/ddhs5dd6l/image/upload/v1773946099/balport-products/seeded/l80pk0zap6k1d019bkah.jpg"
"BP-21136181685","21136181685","https://res.cloudinary.com/ddhs5dd6l/image/upload/v1773946101/balport-products/seeded/doq5t5z7dqti3pshd2bk.jpg"
"BP-21136181715","21136181715","https://res.cloudinary.com/ddhs5dd6l/image/upload/v1773946102/balport-products/seeded/nbpecye0yiosvbxqvx5f.jpg"
"BP-21200010224","BP-21200010224","https://res.cloudinary.com/ddhs5dd6l/image/upload/v1773946106/balport-products/seeded/abhrrx0ofxjg42bjnv9z.jpg"
"BP-21200010231","BP-21200010231","https://res.cloudinary.com/ddhs5dd6l/image/upload/v1773946107/balport-products/seeded/fp2uwj9b90xhqs1qekb4.jpg"
"BP-21854005003","21854005003","https://res.cloudinary.com/ddhs5dd6l/image/upload/v1773946109/balport-products/seeded/cweezqycxstjsvg61s6y.jpg"
"BP-22000000675","22000000675","https://res.cloudinary.com/ddhs5dd6l/image/upload/v1773946112/balport-products/seeded/jf2tuz95a24uwmanlj1w.jpg"
"BP-22000000897","22000000897","https://res.cloudinary.com/ddhs5dd6l/image/upload/v1773946114/balport-products/seeded/w8augzeamrsbped7l1f1.jpg"
"BP-22000000941","22000000941","https://res.cloudinary.com/ddhs5dd6l/image/upload/v1773946116/balport-products/seeded/udmhley6h4axad87tih3.jpg"
"BP-22000002709","22000002709","https://res.cloudinary.com/ddhs5dd6l/image/upload/v1773946118/balport-products/seeded/onau6mnwkyo56ndydegn.jpg"
"BP-22000002785","22000002785","https://res.cloudinary.com/ddhs5dd6l/image/upload/v1773946119/balport-products/seeded/y1cdruc4d3o8iip3c6fv.jpg"
"BP-22000004345","22000004345","https://res.cloudinary.com/ddhs5dd6l/image/upload/v1773946121/balport-products/seeded/j4gojudfwvu2hnoxq76r.jpg"
"BP-22000004833","22000004833","https://res.cloudinary.com/ddhs5dd6l/image/upload/v1773946123/balport-products/seeded/iuaawisxknb4yoxtew3x.jpg"
"BP-22000004840","22000004840","https://res.cloudinary.com/ddhs5dd6l/image/upload/v1773946125/balport-products/seeded/lusdtwuaobd4hozn5l9u.jpg"
"BP-22000004864","22000004864","https://res.cloudinary.com/ddhs5dd6l/image/upload/v1773946128/balport-products/seeded/jc5nsixxrc7blsrovuug.jpg"
"BP-22000004888","22000004888","https://res.cloudinary.com/ddhs5dd6l/image/upload/v1773946130/balport-products/seeded/cswltzvomvfuyfqultvx.jpg"
"BP-22000004895","22000004895","https://res.cloudinary.com/ddhs5dd6l/image/upload/v1773946133/balport-products/seeded/w3plqri6kb6t7nzyfxg8.png"
"BP-22000005120","22000005120","https://res.cloudinary.com/ddhs5dd6l/image/upload/v1773946136/balport-products/seeded/wvf6hwg0wvmhnutapctr.jpg"
"BP-22000005144","22000005144","https://res.cloudinary.com/ddhs5dd6l/image/upload/v1773946138/balport-products/seeded/tdusffk8nh4sbdjfzahx.jpg"
"BP-22000006653","22000006653","https://res.cloudinary.com/ddhs5dd6l/image/upload/v1773946140/balport-products/seeded/kagrphb0otyjzgdphbzi.jpg"
"BP-22000006660","22000006660","https://res.cloudinary.com/ddhs5dd6l/image/upload/v1773946142/balport-products/seeded/ykeikthbpmd7jcptra8g.jpg"
"BP-22000006677","22000006677","https://res.cloudinary.com/ddhs5dd6l/image/upload/v1773946145/balport-products/seeded/sxren2oikotczh1iobwz.jpg"
"BP-22000006684","22000006684","https://res.cloudinary.com/ddhs5dd6l/image/upload/v1773946147/balport-products/seeded/fykw0x4odjpjywgkynle.jpg"
"BP-22000006691","22000006691","https://res.cloudinary.com/ddhs5dd6l/image/upload/v1773946149/balport-products/seeded/taushftvo7yiyya2ybo6.jpg"
"BP-22000007681","22000007681","https://res.cloudinary.com/ddhs5dd6l/image/upload/v1773946152/balport-products/seeded/zasvukjrjqcyde44uf9i.jpg"
"BP-22000007698","22000007698","https://res.cloudinary.com/ddhs5dd6l/image/upload/v1773946154/balport-products/seeded/e4cg4yvsrg1yhhn7e6sy.jpg"
"BP-22000008381","22000008381","https://res.cloudinary.com/ddhs5dd6l/image/upload/v1773946158/balport-products/seeded/vudnqpjjjcbwvvlqnksn.jpg"
"BP-22000008404","22000008404","https://res.cloudinary.com/ddhs5dd6l/image/upload/v1773946160/balport-products/seeded/kytv58rabahfmzaiplkn.jpg"
"BP-22000008459","22000008459","https://res.cloudinary.com/ddhs5dd6l/image/upload/v1773946162/balport-products/seeded/gfp6ne9kxgyoeireojuk.jpg"
"BP-22000008916","22000008916","https://res.cloudinary.com/ddhs5dd6l/image/upload/v1773946164/balport-products/seeded/sgrv3e5h7nrxiowsrrat.jpg"
"BP-22000008985","22000008985","https://res.cloudinary.com/ddhs5dd6l/image/upload/v1773946166/balport-products/seeded/mr1gtlqdlymj7afystej.jpg"
"BP-22000008992","22000008992","https://res.cloudinary.com/ddhs5dd6l/image/upload/v1773946168/balport-products/seeded/kklw9ortppo8xzhbzpia.jpg"
"BP-22000009951","22000009951","https://res.cloudinary.com/ddhs5dd6l/image/upload/v1773946171/balport-products/seeded/xgdcrubsqe4y5rkqb2jy.jpg"
"BP-22000012098","22000012098","https://res.cloudinary.com/ddhs5dd6l/image/upload/v1773946174/balport-products/seeded/mfrhpif8gnzv0xz7rebg.jpg"
"BP-22000013194","22000013194","https://res.cloudinary.com/ddhs5dd6l/image/upload/v1773946175/balport-products/seeded/yzgsbfplrwhwv5syiq5k.png"
"BP-22000013200","22000013200","https://res.cloudinary.com/ddhs5dd6l/image/upload/v1773946177/balport-products/seeded/x7rz5b8xdi6vlox6giws.jpg"
"BP-22000013316","22000013316","https://res.cloudinary.com/ddhs5dd6l/image/upload/v1773946181/balport-products/seeded/ghbv1bilk8cag6rqu20s.jpg"
"BP-22000013477","22000013477","https://res.cloudinary.com/ddhs5dd6l/image/upload/v1773946183/balport-products/seeded/lgbfcomsc8v7p7bskmcs.jpg"
"BP-22000014139","22000014139","https://res.cloudinary.com/ddhs5dd6l/image/upload/v1773946186/balport-products/seeded/ccbbjzffuy6gaywnydgv.jpg"
"BP-22000014634","22000014634","https://res.cloudinary.com/ddhs5dd6l/image/upload/v1773946187/balport-products/seeded/zyfwmoye9emv1rmsgnsn.jpg"
"BP-22000014641","22000014641","https://res.cloudinary.com/ddhs5dd6l/image/upload/v1773946189/balport-products/seeded/c3dmrstbyotv0o3j57tz.jpg"
"BP-22000015532","22000015532","https://res.cloudinary.com/ddhs5dd6l/image/upload/v1773946192/balport-products/seeded/lmrll62so7cx3bo9sygd.jpg"
"BP-22000016690","22000016690","https://res.cloudinary.com/ddhs5dd6l/image/upload/v1773946194/balport-products/seeded/fhorf7ynwahcefpqflnu.jpg"
"BP-22000016935","22000016935","https://res.cloudinary.com/ddhs5dd6l/image/upload/v1773946195/balport-products/seeded/qkoijkoqmnff6ecif4g6.jpg"
"BP-22000017871","22000017871","https://res.cloudinary.com/ddhs5dd6l/image/upload/v1773946198/balport-products/seeded/t21zxudiav6kc49bgnsy.jpg"
"BP-22000017888","22000017888","https://res.cloudinary.com/ddhs5dd6l/image/upload/v1773946202/balport-products/seeded/xkujvpz3hthys7jxra6m.png"
"BP-22000017895","22000017895","https://res.cloudinary.com/ddhs5dd6l/image/upload/v1773946207/balport-products/seeded/pfyzbsfbkb6wbabdqy6w.jpg"
"BP-22000017901","22000017901","https://res.cloudinary.com/ddhs5dd6l/image/upload/v1773946209/balport-products/seeded/sdyyjpxujbpovsgwqqca.jpg"
"BP-22000019080","22000019080","https://res.cloudinary.com/ddhs5dd6l/image/upload/v1773946211/balport-products/seeded/ficychswzorttp2a8irf.jpg"
"BP-22000019233","22000019233","https://res.cloudinary.com/ddhs5dd6l/image/upload/v1773946213/balport-products/seeded/m59owhtm1r8q7ryvnulx.jpg"
"BP-22000019882","22000019882","https://res.cloudinary.com/ddhs5dd6l/image/upload/v1773946215/balport-products/seeded/ofats7nonv9gedjpjydg.jpg"
"BP-22000020369","22000020369","https://res.cloudinary.com/ddhs5dd6l/image/upload/v1773946218/balport-products/seeded/s5iifuo4sf6fvjunxn3t.jpg"
"BP-22000021694","22000021694","https://res.cloudinary.com/ddhs5dd6l/image/upload/v1773946221/balport-products/seeded/yreezg2vw4bkjo0dlk9m.jpg"
"BP-22000021908","22000021908","https://res.cloudinary.com/ddhs5dd6l/image/upload/v1773946223/balport-products/seeded/zxbgxzazqau1t9rxzw3p.jpg"
"BP-22000021977","22000021977","https://res.cloudinary.com/ddhs5dd6l/image/upload/v1773946225/balport-products/seeded/olizs5i7piqmcncidi99.jpg"
"BP-22000073815","22000073815","https://res.cloudinary.com/ddhs5dd6l/image/upload/v1773946227/balport-products/seeded/owwgzg8t17aveschx6ff.jpg"
"BP-22000076038","22000076038","https://res.cloudinary.com/ddhs5dd6l/image/upload/v1773946229/balport-products/seeded/krg6brkr9vx8k6gux1ev.jpg"
"BP-22000116024","22000116024","https://res.cloudinary.com/ddhs5dd6l/image/upload/v1773946230/balport-products/seeded/gnamrt7zfa43qmgbh9x6.jpg"
"BP-22000117014","22000117014","https://res.cloudinary.com/ddhs5dd6l/image/upload/v1773946233/balport-products/seeded/sa5mircmi1bdy2d04gtq.jpg"
"BP-22000120304","22000120304","https://res.cloudinary.com/ddhs5dd6l/image/upload/v1773946234/balport-products/seeded/w5scinqfdygum7kxifap.jpg"
"BP-22000159311","22000159311","https://res.cloudinary.com/ddhs5dd6l/image/upload/v1773946236/balport-products/seeded/fajke5coztprh2wojuzm.jpg"
"BP-22000159335","22000159335","https://res.cloudinary.com/ddhs5dd6l/image/upload/v1773946238/balport-products/seeded/m863wcj6t8bgj0kkd3yo.jpg"
"BP-22000159342","22000159342","https://res.cloudinary.com/ddhs5dd6l/image/upload/v1773946241/balport-products/seeded/ccwn72zgswulouc1x1nq.jpg"
"BP-22000159359","22000159359","https://res.cloudinary.com/ddhs5dd6l/image/upload/v1773946244/balport-products/seeded/xpjko7rwdlyxwokof1jc.jpg"
"BP-22000282170","22000282170","https://res.cloudinary.com/ddhs5dd6l/image/upload/v1773946246/balport-products/seeded/c7ixjqgbziq1mtdqhy2r.jpg"
"BP-22000282323","22000282323","https://res.cloudinary.com/ddhs5dd6l/image/upload/v1773946249/balport-products/seeded/gu65npoyk7ij0tztmfpm.jpg"
"BP-22000282354","22000282354","https://res.cloudinary.com/ddhs5dd6l/image/upload/v1773946252/balport-products/seeded/ebx8qb97tbndtsuwudej.jpg"
"BP-22000283818","22000283818","https://res.cloudinary.com/ddhs5dd6l/image/upload/v1773946254/balport-products/seeded/hqpcvd2yr7go5kxgcfec.jpg"
"BP-22000283863","22000283863","https://res.cloudinary.com/ddhs5dd6l/image/upload/v1773946256/balport-products/seeded/mtunki65lu8o96xczowt.jpg"
"BP-22000285942","22000285942","https://res.cloudinary.com/ddhs5dd6l/image/upload/v1773946258/balport-products/seeded/hwaztvzefr0dxjhpubpf.jpg"
"BP-22000285966","22000285966","https://res.cloudinary.com/ddhs5dd6l/image/upload/v1773946259/balport-products/seeded/gxpucsuecn66ofp2abdp.jpg"
"BP-22000289599","22000289599","https://res.cloudinary.com/ddhs5dd6l/image/upload/v1773946261/balport-products/seeded/wtrgsa4m0bzzo9sa8u9y.jpg"
"BP-22000289735","22000289735","https://res.cloudinary.com/ddhs5dd6l/image/upload/v1773946263/balport-products/seeded/mpk4uyvzdqa7euqt6njr.jpg"
"BP-22000290090","22000290090","https://res.cloudinary.com/ddhs5dd6l/image/upload/v1773946265/balport-products/seeded/b0rhrrmnp1va9nhzad2j.jpg"
"BP-22000292780","22000292780","https://res.cloudinary.com/ddhs5dd6l/image/upload/v1773946267/balport-products/seeded/ryvkohsfngiu44uutp3j.jpg"
"BP-22000295644","22000295644","https://res.cloudinary.com/ddhs5dd6l/image/upload/v1773946269/balport-products/seeded/pxp5xmvxhrcrjvkhbxki.jpg"
"BP-22000298829","22000298829","https://res.cloudinary.com/ddhs5dd6l/image/upload/v1773946271/balport-products/seeded/rwown7orekyfevoqcn0n.jpg"
"BP-22000301253","22000301253","https://res.cloudinary.com/ddhs5dd6l/image/upload/v1773946273/balport-products/seeded/ktx44oakelozus4v1zcn.jpg"
"BP-22000301284","22000301284","https://res.cloudinary.com/ddhs5dd6l/image/upload/v1773946276/balport-products/seeded/auz3iclj8vjtmnw0xg2o.jpg"
"BP-22000302991","22000302991","https://res.cloudinary.com/ddhs5dd6l/image/upload/v1773946278/balport-products/seeded/g0qhktlntmcnmfwnn7si.jpg"
"BP-22100000049","22100000049","https://res.cloudinary.com/ddhs5dd6l/image/upload/v1773946280/balport-products/seeded/jyxulscp6bzxes7tssql.jpg"
"BP-22100000711","22100000711","https://res.cloudinary.com/ddhs5dd6l/image/upload/v1773946281/balport-products/seeded/moyvs05vgowgo44upc5z.jpg"
"BP-22100001572","22100001572","https://res.cloudinary.com/ddhs5dd6l/image/upload/v1773946283/balport-products/seeded/l4nh2gf7sdykrxrafzjs.jpg"
"BP-22100001701","22100001701","https://res.cloudinary.com/ddhs5dd6l/image/upload/v1773946285/balport-products/seeded/vqbyreyk5ntzjglzg8kz.jpg"
"BP-22100001718","22100001718","https://res.cloudinary.com/ddhs5dd6l/image/upload/v1773946286/balport-products/seeded/zz1ptwbraebedozetru6.jpg"
"BP-22100002586","22100002586","https://res.cloudinary.com/ddhs5dd6l/image/upload/v1773946288/balport-products/seeded/ydewfitmcjxgsytpipzm.jpg"
"BP-22100002883","22100002883","https://res.cloudinary.com/ddhs5dd6l/image/upload/v1773946290/balport-products/seeded/up904ncd9nt8igyji4gd.jpg"
"BP-22100002890","22100002890","https://res.cloudinary.com/ddhs5dd6l/image/upload/v1773946292/balport-products/seeded/rl1lf2us6pkgvy2farwc.jpg"
"BP-22100004122","22100004122","https://res.cloudinary.com/ddhs5dd6l/image/upload/v1773946294/balport-products/seeded/jam2jrv0v5ijj5ybs0ml.jpg"
"BP-22100075009","22100075009","https://res.cloudinary.com/ddhs5dd6l/image/upload/v1773946296/balport-products/seeded/cn36ff3cuexi0ugnyjso.png"
"BP-22110079806","22110079806","https://res.cloudinary.com/ddhs5dd6l/image/upload/v1773946298/balport-products/seeded/hvuhbr9x2amlxwmbjly1.jpg"
"BP-22200941525","22200941525","https://res.cloudinary.com/ddhs5dd6l/image/upload/v1773946301/balport-products/seeded/khgx8e0ijicpylnfd7lz.png"
"BP-22200951043","22200951043","https://res.cloudinary.com/ddhs5dd6l/image/upload/v1773946303/balport-products/seeded/m8zwgv3o1bmaizz7xul1.jpg"
"BP-22200963435","22200963435","https://res.cloudinary.com/ddhs5dd6l/image/upload/v1773946304/balport-products/seeded/s61jrdbk7iacouutgces.jpg"
"BP-22200963695","22200963695","https://res.cloudinary.com/ddhs5dd6l/image/upload/v1773946306/balport-products/seeded/nx32nzam7rriqrgrmoug.jpg"
"BP-22224200691","22224200691","https://res.cloudinary.com/ddhs5dd6l/image/upload/v1773946308/balport-products/seeded/xzyxg7tcs0znjfcixut3.jpg"
"BP-22224200714","22224200714","https://res.cloudinary.com/ddhs5dd6l/image/upload/v1773946313/balport-products/seeded/jbe5ee24qn5issydvf78.jpg"
"BP-22224206495","22224206495","https://res.cloudinary.com/ddhs5dd6l/image/upload/v1773946315/balport-products/seeded/h9dam32td9nsxpdamrby.png"
"BP-22224206747","22224206747","https://res.cloudinary.com/ddhs5dd6l/image/upload/v1773946317/balport-products/seeded/axonzrlyurgjfhid3aac.jpg"
"BP-22224213042","22224213042","https://res.cloudinary.com/ddhs5dd6l/image/upload/v1773946318/balport-products/seeded/irf2sqj5wvohhn9pt953.jpg"
"BP-22600020158","22600020158","https://res.cloudinary.com/ddhs5dd6l/image/upload/v1773946320/balport-products/seeded/zhlfgewum2ktuaekcfrt.jpg"
"BP-22600228882","22600228882","https://res.cloudinary.com/ddhs5dd6l/image/upload/v1773946322/balport-products/seeded/i3bf73ylsghofjhznydn.jpg"
"BP-22600642039","22600642039","https://res.cloudinary.com/ddhs5dd6l/image/upload/v1773946324/balport-products/seeded/mnodd66l5faa6mjqyohb.jpg"
"BP-22600646037","22600646037","https://res.cloudinary.com/ddhs5dd6l/image/upload/v1773946326/balport-products/seeded/oxieipy4forjdvhpvlfx.jpg"
"BP-22600800101","22600800101","https://res.cloudinary.com/ddhs5dd6l/image/upload/v1773946328/balport-products/seeded/d6p1rcmvdzwaqwkmx536.jpg"
"BP-22600920502","22600920502","https://res.cloudinary.com/ddhs5dd6l/image/upload/v1773946330/balport-products/seeded/ynnudmhhcwlo8cwkmdyz.jpg"
"BP-22600926207","22600926207","https://res.cloudinary.com/ddhs5dd6l/image/upload/v1773946333/balport-products/seeded/kwe00txpjkoucggeufuv.jpg"
"BP-22600927204","22600927204","https://res.cloudinary.com/ddhs5dd6l/image/upload/v1773946335/balport-products/seeded/xf4oks8ijbb10hiviyfx.jpg"
"BP-22600930501","22600930501","https://res.cloudinary.com/ddhs5dd6l/image/upload/v1773946338/balport-products/seeded/lds0enjzg4q5hlekf1nt.jpg"
"BP-22600931508","22600931508","https://res.cloudinary.com/ddhs5dd6l/image/upload/v1773946340/balport-products/seeded/hxma7bc07uepeyimegqc.jpg"
"BP-22600940500","22600940500","https://res.cloudinary.com/ddhs5dd6l/image/upload/v1773946342/balport-products/seeded/dtn3hli84fyke5afreon.jpg"
"BP-22600947219","22600947219","https://res.cloudinary.com/ddhs5dd6l/image/upload/v1773946343/balport-products/seeded/ntvthjtlcm0ywgtwle88.jpg"
"BP-22600953210","22600953210","https://res.cloudinary.com/ddhs5dd6l/image/upload/v1773946345/balport-products/seeded/n0vbeu7dgzafpntf7zrp.jpg"
"BP-22600957010","22600957010","https://res.cloudinary.com/ddhs5dd6l/image/upload/v1773946347/balport-products/seeded/ao1dmwxfyqjguoaaognq.jpg"
"BP-22600957058","22600957058","https://res.cloudinary.com/ddhs5dd6l/image/upload/v1773946351/balport-products/seeded/ewagdwmzvxgzi6ecn6tk.jpg"
"BP-22600960034","22600960034","https://res.cloudinary.com/ddhs5dd6l/image/upload/v1773946354/balport-products/seeded/utwdwtv93avrihvjkset.jpg"
"BP-22600973201","22600973201","https://res.cloudinary.com/ddhs5dd6l/image/upload/v1773946357/balport-products/seeded/wnnlqjkjtzzafob7hpeb.jpg"
"BP-22652191202","22652191202","https://res.cloudinary.com/ddhs5dd6l/image/upload/v1773946359/balport-products/seeded/ddyxlomrijuhye9vuf86.jpg"
"BP-22652191448","22652191448","https://res.cloudinary.com/ddhs5dd6l/image/upload/v1773946360/balport-products/seeded/iicmtddtjmx3xcwufznw.jpg"
"BP-22652192018","22652192018","https://res.cloudinary.com/ddhs5dd6l/image/upload/v1773946362/balport-products/seeded/lai152lgnslbl9zch8n9.jpg"
"BP-22652192025","22652192025","https://res.cloudinary.com/ddhs5dd6l/image/upload/v1773946364/balport-products/seeded/q2h7yjn1ogihnjqvvclj.jpg"
"BP-22652192056","22652192056","https://res.cloudinary.com/ddhs5dd6l/image/upload/v1773946366/balport-products/seeded/rv2a1alotoqpp1xkdw1i.jpg"
"BP-22652192087","22652192087","https://res.cloudinary.com/ddhs5dd6l/image/upload/v1773946367/balport-products/seeded/lgmxomgg5ypaeysiqyyn.jpg"
"BP-22652192315","22652192315","https://res.cloudinary.com/ddhs5dd6l/image/upload/v1773946368/balport-products/seeded/ntepeafosi4agza5bxwe.jpg"
"BP-22652240009","22652240009","https://res.cloudinary.com/ddhs5dd6l/image/upload/v1773946370/balport-products/seeded/nxfyrsrplo4srk1g7kar.png"
"BP-22652240016","22652240016","https://res.cloudinary.com/ddhs5dd6l/image/upload/v1773946372/balport-products/seeded/cii9nlstshxulkvljrej.png"
"BP-22652240153","22652240153","https://res.cloudinary.com/ddhs5dd6l/image/upload/v1773946373/balport-products/seeded/fdcnnpvigavic7ccbmoh.jpg"
"BP-22652240214","22652240214","https://res.cloudinary.com/ddhs5dd6l/image/upload/v1773946375/balport-products/seeded/pdxcmufs6byq7ze1tyck.jpg"
"BP-22652240368","22652240368","https://res.cloudinary.com/ddhs5dd6l/image/upload/v1773946376/balport-products/seeded/gr3y1epshhxlrddmrvok.jpg"
"BP-22652240375","22652240375","https://res.cloudinary.com/ddhs5dd6l/image/upload/v1773946377/balport-products/seeded/ak0druofyx6karfl3za2.jpg"
"BP-22652240382","22652240382","https://res.cloudinary.com/ddhs5dd6l/image/upload/v1773946379/balport-products/seeded/tm0gfpoyiyxdj22vjigm.jpg"
"BP-22652240665","22652240665","https://res.cloudinary.com/ddhs5dd6l/image/upload/v1773946380/balport-products/seeded/efrol62q03bne08bjtot.jpg"
"BP-22652240719","22652240719","https://res.cloudinary.com/ddhs5dd6l/image/upload/v1773946382/balport-products/seeded/rkrm2p7pcmf6o5v53jxy.jpg"
"BP-23100010182","23100010182","https://res.cloudinary.com/ddhs5dd6l/image/upload/v1773946384/balport-products/seeded/izt9dmnxudpsep8xscio.jpg"
"BP-23100010786","23100010786","https://res.cloudinary.com/ddhs5dd6l/image/upload/v1773946386/balport-products/seeded/peqryaivkfegebfumphw.jpg"
"BP-23100015309","23100015309","https://res.cloudinary.com/ddhs5dd6l/image/upload/v1773946387/balport-products/seeded/xxnxky9np4p2t6wpsf6g.jpg"
"BP-23100103631","23100103631","https://res.cloudinary.com/ddhs5dd6l/image/upload/v1773946390/balport-products/seeded/zfsggdfu5agj0p4lfcs8.jpg"
"BP-23100103655","23100103655","https://res.cloudinary.com/ddhs5dd6l/image/upload/v1773946391/balport-products/seeded/so1n3fasxqnderdn9lnh.jpg"
"BP-23604231014","23604231014","https://res.cloudinary.com/ddhs5dd6l/image/upload/v1773946393/balport-products/seeded/jxiyhgh3x41femvgn6jy.jpg"
"BP-23604231076","23604231076","https://res.cloudinary.com/ddhs5dd6l/image/upload/v1773946395/balport-products/seeded/uuasfpk00ktc17gpw3aq.jpg"
"BP-23604231281","23604231281","https://res.cloudinary.com/ddhs5dd6l/image/upload/v1773946396/balport-products/seeded/z1j6xo9wndaaxvd2enr5.jpg"
"BP-23968397692","23968397692","https://res.cloudinary.com/ddhs5dd6l/image/upload/v1773946399/balport-products/seeded/iklolup6ff1j0ghduyit.jpg"
"BP-24000163022","24000163022","https://res.cloudinary.com/ddhs5dd6l/image/upload/v1773946400/balport-products/seeded/w5uucptc6qhclinjwrpt.jpg"
"BP-24100106851","24100106851","https://res.cloudinary.com/ddhs5dd6l/image/upload/v1773946402/balport-products/seeded/e0nsiwjmxv3eijr39hfb.jpg"
"BP-24100116263","24100116263","https://res.cloudinary.com/ddhs5dd6l/image/upload/v1773946404/balport-products/seeded/cwnojncgkecivifikiij.jpg"
"BP-24100117734","24100117734","https://res.cloudinary.com/ddhs5dd6l/image/upload/v1773946405/balport-products/seeded/wtqdjyupfcbr2wf8kp48.jpg"
"BP-24100191345","24100191345","https://res.cloudinary.com/ddhs5dd6l/image/upload/v1773946408/balport-products/seeded/y3krdu8zdpehwhos8fl2.jpg"
"BP-24100203628","24100203628","https://res.cloudinary.com/ddhs5dd6l/image/upload/v1773946410/balport-products/seeded/nangkgowec85nvys2nwv.jpg"
"BP-24100315345","24100315345","https://res.cloudinary.com/ddhs5dd6l/image/upload/v1773946412/balport-products/seeded/nwmkpb3mgkztzg5zfzwy.jpg"
"BP-24100372775","24100372775","https://res.cloudinary.com/ddhs5dd6l/image/upload/v1773946413/balport-products/seeded/hquw91odiilvihrup3uh.jpg"
"BP-24100573820","24100573820","https://res.cloudinary.com/ddhs5dd6l/image/upload/v1773946416/balport-products/seeded/uizlpzbbzagdref2o7f6.jpg"
"BP-24291150350","24291150350","https://res.cloudinary.com/ddhs5dd6l/image/upload/v1773946419/balport-products/seeded/od5us8tvija9ow3oga7k.jpg"
"BP-24291150695","24291150695","https://res.cloudinary.com/ddhs5dd6l/image/upload/v1773946421/balport-products/seeded/xgr0jgadpuqazf4ld7xv.jpg"
"BP-24291151067","24291151067","https://res.cloudinary.com/ddhs5dd6l/image/upload/v1773946422/balport-products/seeded/stl33n0jvxslfdoehsab.jpg"
"BP-24300041013","24300041013","https://res.cloudinary.com/ddhs5dd6l/image/upload/v1773946425/balport-products/seeded/x8rac2qzcrjxgrfkev1u.jpg"
"BP-24463061163","24463061163","https://res.cloudinary.com/ddhs5dd6l/image/upload/v1773946426/balport-products/seeded/bsfzydiqeggsb47ywceu.jpg"
"BP-24600010511","24600010511","https://res.cloudinary.com/ddhs5dd6l/image/upload/v1773946428/balport-products/seeded/glk9fyx1qnf0a8ywwr16.jpg"
"BP-24866470005","24866470005","https://res.cloudinary.com/ddhs5dd6l/image/upload/v1773946430/balport-products/seeded/uk3c6nzjbh5at5vywgnl.jpg"
"BP-25000000188","25000000188","https://res.cloudinary.com/ddhs5dd6l/image/upload/v1773946431/balport-products/seeded/jawfvf3qofei0syvjg2w.jpg"
"BP-25000000249","25000000249","https://res.cloudinary.com/ddhs5dd6l/image/upload/v1773946433/balport-products/seeded/ylzxhz4uic7aije7pek2.jpg"
"BP-25000040887","25000040887","https://res.cloudinary.com/ddhs5dd6l/image/upload/v1773946436/balport-products/seeded/ptjgnsforx6tud1thjcu.jpg"
"BP-25000044908","25000044908","https://res.cloudinary.com/ddhs5dd6l/image/upload/v1773946437/balport-products/seeded/mfy6owiqgdlchmgphywk.jpg"
"BP-25000044984","25000044984","https://res.cloudinary.com/ddhs5dd6l/image/upload/v1773946439/balport-products/seeded/ehmppc8rki3agdynxict.jpg"
"BP-25000051791","25000051791","https://res.cloudinary.com/ddhs5dd6l/image/upload/v1773946443/balport-products/seeded/edhvgasv3menzaajogai.jpg"
"BP-25000058011","25000058011","https://res.cloudinary.com/ddhs5dd6l/image/upload/v1773946454/balport-products/seeded/dewf5qrg8xmndlseimih.jpg"
"BP-25000061516","25000061516","https://res.cloudinary.com/ddhs5dd6l/image/upload/v1773946455/balport-products/seeded/l1jzxn90d0tz1tptsnd8.jpg"
"BP-25000100000","25000100000","https://res.cloudinary.com/ddhs5dd6l/image/upload/v1773946457/balport-products/seeded/acxiiksuaaq2u2kio26k.jpg"
"BP-25000102110","25000102110","https://res.cloudinary.com/ddhs5dd6l/image/upload/v1773946459/balport-products/seeded/sxe3ovizclq3ayjioraq.jpg"
"BP-25000134050","25000134050","https://res.cloudinary.com/ddhs5dd6l/image/upload/v1773946460/balport-products/seeded/ybooa3h3nyh2nghdskt7.jpg"
"BP-25000136788","25000136788","https://res.cloudinary.com/ddhs5dd6l/image/upload/v1773946462/balport-products/seeded/gogkldc4czav2xkglu1c.jpg"
"BP-25000136801","25000136801","https://res.cloudinary.com/ddhs5dd6l/image/upload/v1773946463/balport-products/seeded/fcwi8dvta7a3fuxqq0zp.jpg"
"BP-25500304014","25500304014","https://res.cloudinary.com/ddhs5dd6l/image/upload/v1773946465/balport-products/seeded/fezohwuhqjsvpyachl3t.jpg"
"BP-25700003304","25700003304","https://res.cloudinary.com/ddhs5dd6l/image/upload/v1773946467/balport-products/seeded/cjdtejwdzd16s2ghqdbw.jpg"
"BP-25700013563","25700013563","https://res.cloudinary.com/ddhs5dd6l/image/upload/v1773946468/balport-products/seeded/crnern9fc90zu8ev9uv4.jpg"
"BP-26200101927","26200101927","https://res.cloudinary.com/ddhs5dd6l/image/upload/v1773946480/balport-products/seeded/lf4ooe4e5wv6irxfc83d.jpg"
"BP-26200117003","26200117003","https://res.cloudinary.com/ddhs5dd6l/image/upload/v1773946483/balport-products/seeded/tqhntm7smnh6l8qu0erz.jpg"
"BP-26200117508","26200117508","https://res.cloudinary.com/ddhs5dd6l/image/upload/v1773946485/balport-products/seeded/govqt4yohb6nqqdffnpg.jpg"
"BP-26200140605","26200140605","https://res.cloudinary.com/ddhs5dd6l/image/upload/v1773946487/balport-products/seeded/wvpv0k3mofyswwxl35cj.jpg"
"BP-26200238913","26200238913","https://res.cloudinary.com/ddhs5dd6l/image/upload/v1773946489/balport-products/seeded/cp3n0hx89suml67nddov.jpg"
"BP-26200238920","26200238920","https://res.cloudinary.com/ddhs5dd6l/image/upload/v1773946494/balport-products/seeded/rufnt2wbvolnhzi4mwwd.jpg"
"BP-26200461359","26200461359","https://res.cloudinary.com/ddhs5dd6l/image/upload/v1773946496/balport-products/seeded/htrqmgkxdpmbdeotmqu1.jpg"
"BP-26200463728","26200463728","https://res.cloudinary.com/ddhs5dd6l/image/upload/v1773946498/balport-products/seeded/u7s3sflqx3mtkvoudyib.jpg"
"BP-26200463780","26200463780","https://res.cloudinary.com/ddhs5dd6l/image/upload/v1773946500/balport-products/seeded/dw80vhuluf2iosdqbny4.jpg"
"BP-26200464725","26200464725","https://res.cloudinary.com/ddhs5dd6l/image/upload/v1773946503/balport-products/seeded/zhvb6plbamilhsyf4ots.jpg"
"BP-26200465722","26200465722","https://res.cloudinary.com/ddhs5dd6l/image/upload/v1773946505/balport-products/seeded/sh5aq4vad30pccqaszxc.jpg"
"BP-26200467726","26200467726","https://res.cloudinary.com/ddhs5dd6l/image/upload/v1773946508/balport-products/seeded/av1jzviosemy8enbtukv.jpg"
"BP-26400700067","26400700067","https://res.cloudinary.com/ddhs5dd6l/image/upload/v1773946510/balport-products/seeded/f6glguiqmwocxoy21vt8.jpg"
"BP-26400700081","26400700081","https://res.cloudinary.com/ddhs5dd6l/image/upload/v1773946512/balport-products/seeded/gnewrelajhpmcuxxtwch.jpg"
"BP-26400700104","26400700104","https://res.cloudinary.com/ddhs5dd6l/image/upload/v1773946514/balport-products/seeded/xy2k2cebbx5mqrla1hbv.jpg"
"BP-26861102974","26861102974","https://res.cloudinary.com/ddhs5dd6l/image/upload/v1773946515/balport-products/seeded/simfxvuv7ycc69lz0ffi.jpg"
"BP-26964177190","26964177190","https://res.cloudinary.com/ddhs5dd6l/image/upload/v1773946516/balport-products/seeded/f72npnv2aa39kap4gbq6.jpg"
"BP-27000382493","BP-27000382493","https://res.cloudinary.com/ddhs5dd6l/image/upload/v1774008383/balport-products/efmeqceiwbjxiyitac9t.jpg"
"BP-27000390054","27000390054","https://res.cloudinary.com/ddhs5dd6l/image/upload/v1773946521/balport-products/seeded/arepdgjqeujdlcsvsqco.jpg"
"BP-27541000054","27541000054","https://res.cloudinary.com/ddhs5dd6l/image/upload/v1773946533/balport-products/seeded/hl8r2iamfwel8wqdgqpq.jpg"
"BP-27541000252","27541000252","https://res.cloudinary.com/ddhs5dd6l/image/upload/v1773946534/balport-products/seeded/ensc0h25aakcb7bcsumn.jpg"
"BP-27541000481","27541000481","https://res.cloudinary.com/ddhs5dd6l/image/upload/v1773946535/balport-products/seeded/b06okdvfuzxfv6giuhl7.jpg"
"BP-27541000689","27541000689","https://res.cloudinary.com/ddhs5dd6l/image/upload/v1773946539/balport-products/seeded/jabqp4ytoe73hwapojor.jpg"
"BP-27541001235","27541001235","https://res.cloudinary.com/ddhs5dd6l/image/upload/v1773946542/balport-products/seeded/obv2diy6exbbc8dck3at.jpg"
"BP-27800063165","27800063165","https://res.cloudinary.com/ddhs5dd6l/image/upload/v1773946543/balport-products/seeded/minmbafyrnc3wvvsw70x.jpg"
"BP-27800072723","27800072723","https://res.cloudinary.com/ddhs5dd6l/image/upload/v1773946544/balport-products/seeded/dkcr5cw4ny1lfhwzynsf.jpg"
"BP-27800073560","27800073560","https://res.cloudinary.com/ddhs5dd6l/image/upload/v1773946546/balport-products/seeded/ozm8ko4oujlhbzaj2diz.jpg"
"BP-27800073577","27800073577","https://res.cloudinary.com/ddhs5dd6l/image/upload/v1773946547/balport-products/seeded/m8eyhyozqokelewqvvrm.jpg"
"BP-28000131708","28000131708","https://res.cloudinary.com/ddhs5dd6l/image/upload/v1773946549/balport-products/seeded/lod6v5ssiu6waicgfs6t.jpg"
"BP-28000466312","BP-28000466312","https://res.cloudinary.com/ddhs5dd6l/image/upload/v1773946552/balport-products/seeded/masqgk1nukgdupqbawsx.jpg"
"BP-28000467012","28000467012","https://res.cloudinary.com/ddhs5dd6l/image/upload/v1773946554/balport-products/seeded/dyphjyyi02gbqd5zhwld.jpg"
"BP-28000469429","28000469429","https://res.cloudinary.com/ddhs5dd6l/image/upload/v1773946556/balport-products/seeded/abeya9zuqwkuvskocew6.png"
"BP-28000515751","28000515751","https://res.cloudinary.com/ddhs5dd6l/image/upload/v1773946558/balport-products/seeded/w2iqhzixrd2jhvuxf3zz.jpg"
"BP-28000772123","28000772123","https://res.cloudinary.com/ddhs5dd6l/image/upload/v1773946560/balport-products/seeded/ledyea97rykuticwscyz.jpg"
"BP-28000895044","28000895044","https://res.cloudinary.com/ddhs5dd6l/image/upload/v1773946562/balport-products/seeded/eff5hkqtrrmzwloh34ys.jpg"
"BP-28000896256","28000896256","https://res.cloudinary.com/ddhs5dd6l/image/upload/v1773946564/balport-products/seeded/k5y35pgrmliyreikciem.jpg"
"BP-28400000222","28400000222","https://res.cloudinary.com/ddhs5dd6l/image/upload/v1773946609/balport-products/seeded/msfmij3al8wmxnymecfv.jpg"
"BP-28400000246","28400000246","https://res.cloudinary.com/ddhs5dd6l/image/upload/v1773946612/balport-products/seeded/bdt4cdtjwc2x61hyqotx.jpg"
"BP-28400001533","28400001533","https://res.cloudinary.com/ddhs5dd6l/image/upload/v1773946618/balport-products/seeded/s680ubl7ekqggtyca2xx.jpg"
"BP-28400009850","28400009850","https://res.cloudinary.com/ddhs5dd6l/image/upload/v1773946619/balport-products/seeded/vh7lbhjchqaafvndsrda.jpg"
"BP-28400019354","28400019354","https://res.cloudinary.com/ddhs5dd6l/image/upload/v1773946621/balport-products/seeded/mpjrpbc2scbppfggez47.jpg"
"BP-28400019378","28400019378","https://res.cloudinary.com/ddhs5dd6l/image/upload/v1773946623/balport-products/seeded/dufoqtyteubybdstlsiw.jpg"
"BP-28400019705","28400019705","https://res.cloudinary.com/ddhs5dd6l/image/upload/v1773946626/balport-products/seeded/mgwnj4nsvqrlhqnlycqr.jpg"
"BP-28400031325","28400031325","https://res.cloudinary.com/ddhs5dd6l/image/upload/v1773946628/balport-products/seeded/wrzvfw8wp1mqjby2va6t.jpg"
"BP-28400034227","28400034227","https://res.cloudinary.com/ddhs5dd6l/image/upload/v1773946630/balport-products/seeded/cazitugujzblzh2lupvx.jpg"
"BP-28400034821","28400034821","https://res.cloudinary.com/ddhs5dd6l/image/upload/v1773946633/balport-products/seeded/ocef5tcumudcydoef6ub.jpg"
"BP-28400038676","28400038676","https://res.cloudinary.com/ddhs5dd6l/image/upload/v1773946634/balport-products/seeded/ubvpashbd9cysfvntyio.jpg"
"BP-28400043366","28400043366","https://res.cloudinary.com/ddhs5dd6l/image/upload/v1773946637/balport-products/seeded/lspjxrvoxazzv1txanhj.jpg"
"BP-28400043809","28400043809","https://res.cloudinary.com/ddhs5dd6l/image/upload/v1773946640/balport-products/seeded/rwljnvuy9zavqm6qejep.jpg"
"BP-28400047906","28400047906","https://res.cloudinary.com/ddhs5dd6l/image/upload/v1773946642/balport-products/seeded/zv2ewcecbqmsha7tfysb.jpg"
"BP-28400055970","28400055970","https://res.cloudinary.com/ddhs5dd6l/image/upload/v1773946644/balport-products/seeded/axwfgeeeqwhqebu8jl37.jpg"
"BP-28400055987","28400055987","https://res.cloudinary.com/ddhs5dd6l/image/upload/v1773946645/balport-products/seeded/uhawnfcgf5tlgipz7e0z.jpg"
"BP-28400064040","28400064040","https://res.cloudinary.com/ddhs5dd6l/image/upload/v1773946648/balport-products/seeded/ic3nkrq2eojl053z2hyt.jpg"
"BP-28400070560","28400070560","https://res.cloudinary.com/ddhs5dd6l/image/upload/v1773946650/balport-products/seeded/jher3jcglb6zefn1wpbq.jpg"
"BP-28400071031","28400071031","https://res.cloudinary.com/ddhs5dd6l/image/upload/v1773946660/balport-products/seeded/nx8rrl3xg6xyoyv9fhh6.jpg"
"BP-28400079143","28400079143","https://res.cloudinary.com/ddhs5dd6l/image/upload/v1773946662/balport-products/seeded/qq7znn7msft2qv3qdwms.jpg"
"BP-28400084048","28400084048","https://res.cloudinary.com/ddhs5dd6l/image/upload/v1773946664/balport-products/seeded/fp6inszbrolvi0dmn5qj.jpg"
"BP-28400084055","28400084055","https://res.cloudinary.com/ddhs5dd6l/image/upload/v1773946668/balport-products/seeded/xf6gw8hcit2otnriaexc.jpg"
"BP-28400089913","28400089913","https://res.cloudinary.com/ddhs5dd6l/image/upload/v1773946670/balport-products/seeded/lqriytvwfd2sofrwd3cz.jpg"
"BP-28400091565","28400091565","https://res.cloudinary.com/ddhs5dd6l/image/upload/v1773946671/balport-products/seeded/dvmiyuelyfno5f7gznne.jpg"
"BP-28400094054","28400094054","https://res.cloudinary.com/ddhs5dd6l/image/upload/v1773946675/balport-products/seeded/d9jkmgb1onhjik2hhfv0.jpg"
"BP-28400094061","28400094061","https://res.cloudinary.com/ddhs5dd6l/image/upload/v1773946676/balport-products/seeded/weqktdabxrvbqqt0tiny.jpg"
"BP-28400094078","28400094078","https://res.cloudinary.com/ddhs5dd6l/image/upload/v1773946678/balport-products/seeded/ba1zupqtrljia5gnzu9n.jpg"
"BP-28400094085","28400094085","https://res.cloudinary.com/ddhs5dd6l/image/upload/v1773946680/balport-products/seeded/kfperwee2eu8hsjmxs3h.jpg"
"BP-28400094092","28400094092","https://res.cloudinary.com/ddhs5dd6l/image/upload/v1773946682/balport-products/seeded/foaselqcxij3vb2iyyfp.jpg"
"BP-28400096720","28400096720","https://res.cloudinary.com/ddhs5dd6l/image/upload/v1773946684/balport-products/seeded/skiamphd9bh0jiatzv7h.jpg"
"BP-28400098120","28400098120","https://res.cloudinary.com/ddhs5dd6l/image/upload/v1773946685/balport-products/seeded/zcizabgpmudh6zita03c.jpg"
"BP-28400147392","28400147392","https://res.cloudinary.com/ddhs5dd6l/image/upload/v1773946687/balport-products/seeded/b5vwurkbuxwso7fwsqpf.jpg"
"BP-28400147408","28400147408","https://res.cloudinary.com/ddhs5dd6l/image/upload/v1773946689/balport-products/seeded/d3vplflj3v1rf3ijvesm.jpg"
"BP-28400147415","28400147415","https://res.cloudinary.com/ddhs5dd6l/image/upload/v1773946692/balport-products/seeded/kzdgk0msvyvlybaqj3bl.jpg"
"BP-28400152242","28400152242","https://res.cloudinary.com/ddhs5dd6l/image/upload/v1773946695/balport-products/seeded/ygvxkawhqnyrlkwf2vgh.jpg"
"BP-28400156011","28400156011","https://res.cloudinary.com/ddhs5dd6l/image/upload/v1773946696/balport-products/seeded/w2ijjuivku97fjlfud9v.jpg"
"BP-28400159647","28400159647","https://res.cloudinary.com/ddhs5dd6l/image/upload/v1773946699/balport-products/seeded/csa1kwrpazxfdcbgqrpq.jpg"
"BP-28400183826","28400183826","https://res.cloudinary.com/ddhs5dd6l/image/upload/v1773946701/balport-products/seeded/pqcpo3nyviom14gmq7pk.jpg"
"BP-28400183918","28400183918","https://res.cloudinary.com/ddhs5dd6l/image/upload/v1773946703/balport-products/seeded/whrkqt1ypgotb2roymhx.jpg"
"BP-28400190800","28400190800","https://res.cloudinary.com/ddhs5dd6l/image/upload/v1773946705/balport-products/seeded/q0l0gl7yyr30dvdoyohe.jpg"
"BP-28400199148","28400199148","https://res.cloudinary.com/ddhs5dd6l/image/upload/v1773946707/balport-products/seeded/ddjwphcklk7kn0jkpvub.jpg"
"BP-28400199247","28400199247","https://res.cloudinary.com/ddhs5dd6l/image/upload/v1773946709/balport-products/seeded/xnemqje5x0xssmraekym.jpg"
"BP-28400199612","28400199612","https://res.cloudinary.com/ddhs5dd6l/image/upload/v1773946712/balport-products/seeded/qlnv6rslmu5tsmrxbs4h.jpg"
"BP-28400199636","28400199636","https://res.cloudinary.com/ddhs5dd6l/image/upload/v1773946714/balport-products/seeded/f4upsfg6ossvxawqqamc.jpg"
"BP-28400199988","28400199988","https://res.cloudinary.com/ddhs5dd6l/image/upload/v1773946716/balport-products/seeded/tuvdor08ij2iopymdwqr.jpg"
"BP-28400200592","28400200592","https://res.cloudinary.com/ddhs5dd6l/image/upload/v1773946718/balport-products/seeded/tau9miwnsewbbaiq13j6.jpg"
"BP-28400200608","28400200608","https://res.cloudinary.com/ddhs5dd6l/image/upload/v1773946720/balport-products/seeded/zmbhpqimlgfoklatsivr.jpg"
"BP-28400201261","28400201261","https://res.cloudinary.com/ddhs5dd6l/image/upload/v1773946722/balport-products/seeded/suv9ffdabslbdxz8ur2n.jpg"
"BP-28400201322","28400201322","https://res.cloudinary.com/ddhs5dd6l/image/upload/v1773946725/balport-products/seeded/hdrfztacuhyc6lkynaf6.jpg"
"BP-28400282048","28400282048","https://res.cloudinary.com/ddhs5dd6l/image/upload/v1773946727/balport-products/seeded/aexvsvgu94lst8t2dv45.jpg"
"BP-28400306980","28400306980","https://res.cloudinary.com/ddhs5dd6l/image/upload/v1773946729/balport-products/seeded/udulsyifexwmo1jna8t7.jpg"
"BP-28400310581","28400310581","https://res.cloudinary.com/ddhs5dd6l/image/upload/v1773946731/balport-products/seeded/lxmpq2xf6upuvqikmhft.jpg"
"BP-28400322072","28400322072","https://res.cloudinary.com/ddhs5dd6l/image/upload/v1773946733/balport-products/seeded/nipw7thqu2kdrwckrews.jpg"
"BP-28400324427","28400324427","https://res.cloudinary.com/ddhs5dd6l/image/upload/v1773946735/balport-products/seeded/wzeaarwxdybp02pyoajy.jpg"
"BP-28400325042","28400325042","https://res.cloudinary.com/ddhs5dd6l/image/upload/v1773946737/balport-products/seeded/uysjjqec9vxwp68jozbb.jpg"
"BP-28400325080","28400325080","https://res.cloudinary.com/ddhs5dd6l/image/upload/v1773946739/balport-products/seeded/myklinvy3w2tl8yo6eqi.jpg"
"BP-28400325226","28400325226","https://res.cloudinary.com/ddhs5dd6l/image/upload/v1773946741/balport-products/seeded/ac7c2ya7d5jnf98a9ada.jpg"
"BP-28400327282","28400327282","https://res.cloudinary.com/ddhs5dd6l/image/upload/v1773946744/balport-products/seeded/awrspc5joup7btzqoazl.jpg"
"BP-28400327299","28400327299","https://res.cloudinary.com/ddhs5dd6l/image/upload/v1773946759/balport-products/seeded/koi0r3hrafulxeafsgnf.jpg"
"BP-28400327305","28400327305","https://res.cloudinary.com/ddhs5dd6l/image/upload/v1773946761/balport-products/seeded/r4du30hkeqlgkb8e0lxu.jpg"
"BP-28400329460","28400329460","https://res.cloudinary.com/ddhs5dd6l/image/upload/v1773946763/balport-products/seeded/tuyfoviads8mertxjcc5.jpg"
"BP-28400329507","28400329507","https://res.cloudinary.com/ddhs5dd6l/image/upload/v1773946765/balport-products/seeded/dqveng1zvdxeshqyhe4a.jpg"
"BP-28400331524","28400331524","https://res.cloudinary.com/ddhs5dd6l/image/upload/v1773946767/balport-products/seeded/mu1y03at7aawbbdoun4a.jpg"
"BP-28400331548","28400331548","https://res.cloudinary.com/ddhs5dd6l/image/upload/v1773946769/balport-products/seeded/a5m4nsgr6vkqx3ri6nlz.jpg"
"BP-28400331609","28400331609","https://res.cloudinary.com/ddhs5dd6l/image/upload/v1773946770/balport-products/seeded/ki5oyg3p6f6kpmunkouz.jpg"
"BP-28400371858","28400371858","https://res.cloudinary.com/ddhs5dd6l/image/upload/v1773946773/balport-products/seeded/pgdkace3zkilwfknfaxi.jpg"
"BP-28400372169","28400372169","https://res.cloudinary.com/ddhs5dd6l/image/upload/v1773946776/balport-products/seeded/vsfmutvhzoqfku6g5too.jpg"
"BP-28400372190","28400372190","https://res.cloudinary.com/ddhs5dd6l/image/upload/v1773946778/balport-products/seeded/ijwmvq4ugst90tuz2txe.jpg"
"BP-28400420686","28400420686","https://res.cloudinary.com/ddhs5dd6l/image/upload/v1773946780/balport-products/seeded/mgvg2jtxdzmcmswyhnjt.jpg"
"BP-28400420730","28400420730","https://res.cloudinary.com/ddhs5dd6l/image/upload/v1773946782/balport-products/seeded/cilgzaw3p3nkxclwll54.jpg"
"BP-28400459587","28400459587","https://res.cloudinary.com/ddhs5dd6l/image/upload/v1773946785/balport-products/seeded/oxtyprzk9jofuzlv0hmm.jpg"
"BP-28400459594","28400459594","https://res.cloudinary.com/ddhs5dd6l/image/upload/v1773946787/balport-products/seeded/q1nruckaisl4ph48gnry.jpg"
"BP-28400515733","28400515733","https://res.cloudinary.com/ddhs5dd6l/image/upload/v1773946789/balport-products/seeded/p6mqmcrcmiexhibrj1hu.jpg"
"BP-28400515887","28400515887","https://res.cloudinary.com/ddhs5dd6l/image/upload/v1773946790/balport-products/seeded/fkvijop1joejpsdrczbg.jpg"
"BP-28400516310","28400516310","https://res.cloudinary.com/ddhs5dd6l/image/upload/v1773946792/balport-products/seeded/qwsasgq9qsrowbs2t1to.jpg"
"BP-28400516327","28400516327","https://res.cloudinary.com/ddhs5dd6l/image/upload/v1773946793/balport-products/seeded/o5jjeiomwf5l29upj3cn.jpg"
"BP-28400516440","28400516440","https://res.cloudinary.com/ddhs5dd6l/image/upload/v1773946795/balport-products/seeded/alrjykduy50ov9hewphs.jpg"
"BP-28400516464","28400516464","https://res.cloudinary.com/ddhs5dd6l/image/upload/v1773946796/balport-products/seeded/pbhaoximxzqiw1c6miwl.jpg"
"BP-28400516471","28400516471","https://res.cloudinary.com/ddhs5dd6l/image/upload/v1773946797/balport-products/seeded/rssziljhbr6xk2iu3d11.jpg"
"BP-28400516488","28400516488","https://res.cloudinary.com/ddhs5dd6l/image/upload/v1773946799/balport-products/seeded/jtq348d8tg65xlusdcx9.jpg"
"BP-28400516662","28400516662","https://res.cloudinary.com/ddhs5dd6l/image/upload/v1773946800/balport-products/seeded/qjp6u8co0dzyvphst7lx.jpg"
"BP-28400516686","28400516686","https://res.cloudinary.com/ddhs5dd6l/image/upload/v1773946802/balport-products/seeded/binl9rpgof99qyitwa73.jpg"
"BP-28400516914","28400516914","https://res.cloudinary.com/ddhs5dd6l/image/upload/v1773946804/balport-products/seeded/pv7dxekknt1v027eurck.jpg"
"BP-28400517225","28400517225","https://res.cloudinary.com/ddhs5dd6l/image/upload/v1773946805/balport-products/seeded/ozmu4nfifjdbtrdbefuk.jpg"
"BP-28400517997","28400517997","https://res.cloudinary.com/ddhs5dd6l/image/upload/v1773946807/balport-products/seeded/venwwofzvd7zctm5bh6b.jpg"
"BP-28400589284","28400589284","https://res.cloudinary.com/ddhs5dd6l/image/upload/v1773946809/balport-products/seeded/zuzso3goxuahb0hgbxsp.jpg"
"BP-28400589291","28400589291","https://res.cloudinary.com/ddhs5dd6l/image/upload/v1773946811/balport-products/seeded/rcfrxqold6en4kczyhz1.jpg"
"BP-28400589314","28400589314","https://res.cloudinary.com/ddhs5dd6l/image/upload/v1773946813/balport-products/seeded/ba6tulq4cau95im97tmv.jpg"
"BP-28400589321","28400589321","https://res.cloudinary.com/ddhs5dd6l/image/upload/v1773946815/balport-products/seeded/wvdng7qkagqzkimqfz2v.jpg"
"BP-28400589864","28400589864","https://res.cloudinary.com/ddhs5dd6l/image/upload/v1773946817/balport-products/seeded/eoeqp7ooaqdujvnvg4xl.jpg"
"BP-28400589871","28400589871","https://res.cloudinary.com/ddhs5dd6l/image/upload/v1773946819/balport-products/seeded/s5y9qwfzo8scfuwbpawr.jpg"
"BP-28400589888","28400589888","https://res.cloudinary.com/ddhs5dd6l/image/upload/v1773946821/balport-products/seeded/dbpcst64bur7x8d1kiwl.jpg"
"BP-28400589895","28400589895","https://res.cloudinary.com/ddhs5dd6l/image/upload/v1773946823/balport-products/seeded/h1ee9ggcv4jntydjruhd.jpg"
"BP-28400590020","28400590020","https://res.cloudinary.com/ddhs5dd6l/image/upload/v1773946827/balport-products/seeded/own6ari6xwq8dbunmo3t.jpg"
"BP-28400596688","28400596688","https://res.cloudinary.com/ddhs5dd6l/image/upload/v1773946829/balport-products/seeded/b93pthi2kqixtreetcsc.jpg"
"BP-28400596695","28400596695","https://res.cloudinary.com/ddhs5dd6l/image/upload/v1773946832/balport-products/seeded/zyknugp04lcp0rsqufbp.jpg"
"BP-28400604611","28400604611","https://res.cloudinary.com/ddhs5dd6l/image/upload/v1773946834/balport-products/seeded/tzesbbh82v0x7tyc1ylz.jpg"
"BP-28400648288","28400648288","https://res.cloudinary.com/ddhs5dd6l/image/upload/v1773946835/balport-products/seeded/zmqxncm6ugbglajhanam.jpg"
"BP-28400688901","28400688901","https://res.cloudinary.com/ddhs5dd6l/image/upload/v1773946838/balport-products/seeded/v35bbok8sbnraggyxq4f.png"
"BP-28400705615","28400705615","https://res.cloudinary.com/ddhs5dd6l/image/upload/v1773946839/balport-products/seeded/ubzpuhqgiaflwqixg5fk.jpg"
"BP-28400705639","28400705639","https://res.cloudinary.com/ddhs5dd6l/image/upload/v1773946841/balport-products/seeded/ldqxr2bvb0nlkk03ynu7.jpg"
"BP-28400705684","28400705684","https://res.cloudinary.com/ddhs5dd6l/image/upload/v1773946843/balport-products/seeded/mng0hd4furd2s6gwbubn.jpg"
"BP-28400705691","28400705691","https://res.cloudinary.com/ddhs5dd6l/image/upload/v1773946845/balport-products/seeded/usk3buvzo7nlhe6ic0pm.jpg"
"BP-28400705707","28400705707","https://res.cloudinary.com/ddhs5dd6l/image/upload/v1773946847/balport-products/seeded/cnojubiykybrbzy5mk1j.jpg"
"BP-28400705721","28400705721","https://res.cloudinary.com/ddhs5dd6l/image/upload/v1773946848/balport-products/seeded/phkt5ncznmplrf2ua39c.jpg"
"BP-28400705738","28400705738","https://res.cloudinary.com/ddhs5dd6l/image/upload/v1773946850/balport-products/seeded/buqwrnl0f6lnksqqcr1e.jpg"
"BP-28400705745","28400705745","https://res.cloudinary.com/ddhs5dd6l/image/upload/v1773946852/balport-products/seeded/m2o19g51thnnvydk537m.jpg"
"BP-28400707824","28400707824","https://res.cloudinary.com/ddhs5dd6l/image/upload/v1773946853/balport-products/seeded/mdacowxyo5mbnyrnfvhl.jpg"
"BP-28400708609","28400708609","https://res.cloudinary.com/ddhs5dd6l/image/upload/v1773946855/balport-products/seeded/tfb7dqr2molqysnbkfop.jpg"
"BP-28400734035","28400734035","https://res.cloudinary.com/ddhs5dd6l/image/upload/v1773946857/balport-products/seeded/t7kudwlwvhsc9sdghjmp.jpg"
"BP-28400741309","28400741309","https://res.cloudinary.com/ddhs5dd6l/image/upload/v1773946859/balport-products/seeded/ljh6c9wmpgb3r1iaouvl.jpg"
"BP-28400741316","28400741316","https://res.cloudinary.com/ddhs5dd6l/image/upload/v1773946861/balport-products/seeded/ov0hzal1wbirkt18cegd.jpg"
"BP-28400751452","28400751452","https://res.cloudinary.com/ddhs5dd6l/image/upload/v1773946862/balport-products/seeded/qhrknzdy3of4lsgi9x5n.jpg"
"BP-28400759014","28400759014","https://res.cloudinary.com/ddhs5dd6l/image/upload/v1773946864/balport-products/seeded/bfmefylk23lmoch0gpuk.jpg"
"BP-28400766982","28400766982","https://res.cloudinary.com/ddhs5dd6l/image/upload/v1773946866/balport-products/seeded/jxxzmiwapogkbyqteelb.jpg"
"BP-28400767125","28400767125","https://res.cloudinary.com/ddhs5dd6l/image/upload/v1773946868/balport-products/seeded/qpenyardrpgziaf0lrk8.jpg"
"BP-28400767354","28400767354","https://res.cloudinary.com/ddhs5dd6l/image/upload/v1773946870/balport-products/seeded/lk0d7l6jvn1wxuiyvquo.jpg"
"BP-28400768207","28400768207","https://res.cloudinary.com/ddhs5dd6l/image/upload/v1773946872/balport-products/seeded/zpjdpmxqxubkliovqdkq.jpg"
"BP-28400768214","28400768214","https://res.cloudinary.com/ddhs5dd6l/image/upload/v1773946873/balport-products/seeded/jgmvlarwd0j8v1z55twh.jpg"
"BP-28400768252","28400768252","https://res.cloudinary.com/ddhs5dd6l/image/upload/v1773946875/balport-products/seeded/xlydwltxvwwc8dq9l0w9.jpg"
"BP-28400768269","28400768269","https://res.cloudinary.com/ddhs5dd6l/image/upload/v1773946877/balport-products/seeded/vihdkluadeve2uhapcix.jpg"
"BP-28400768528","28400768528","https://res.cloudinary.com/ddhs5dd6l/image/upload/v1773946878/balport-products/seeded/hgw5odygb5jexxuuquz5.jpg"
"BP-28400768535","28400768535","https://res.cloudinary.com/ddhs5dd6l/image/upload/v1773946880/balport-products/seeded/ke78jo5p1xl5dgg4ixdw.jpg"
"BP-28400768559","28400768559","https://res.cloudinary.com/ddhs5dd6l/image/upload/v1773946882/balport-products/seeded/b6jv8ab7jskekq8megfx.jpg"
"BP-28400768764","28400768764","https://res.cloudinary.com/ddhs5dd6l/image/upload/v1773946884/balport-products/seeded/kugvbanndrnrhlfcbkao.jpg"
"BP-28400768917","28400768917","https://res.cloudinary.com/ddhs5dd6l/image/upload/v1773946886/balport-products/seeded/e9s9y1uyxkbfrgsoia8i.jpg"
"BP-28400769051","28400769051","https://res.cloudinary.com/ddhs5dd6l/image/upload/v1773946887/balport-products/seeded/nnabrpsajkeitplzo2os.jpg"
"BP-28400769075","28400769075","https://res.cloudinary.com/ddhs5dd6l/image/upload/v1773946889/balport-products/seeded/sgkxkemsflfbntxe335m.jpg"
"BP-28400769099","28400769099","https://res.cloudinary.com/ddhs5dd6l/image/upload/v1773946890/balport-products/seeded/k9d4x2lepdf3j9nabtqr.jpg"
"BP-28400769105","28400769105","https://res.cloudinary.com/ddhs5dd6l/image/upload/v1773946892/balport-products/seeded/rle4p0pqpanu0unsd12s.jpg"
"BP-28400769112","28400769112","https://res.cloudinary.com/ddhs5dd6l/image/upload/v1773946893/balport-products/seeded/igrvu5zlbuhfmirxelrj.jpg"
"BP-28400769136","28400769136","https://res.cloudinary.com/ddhs5dd6l/image/upload/v1773946895/balport-products/seeded/saqyqcprkrefbp2dqkei.jpg"
"BP-28400769150","28400769150","https://res.cloudinary.com/ddhs5dd6l/image/upload/v1773946898/balport-products/seeded/gfdkcdyjrljf9tfjgix8.jpg"
"BP-28400769167","28400769167","https://res.cloudinary.com/ddhs5dd6l/image/upload/v1773946900/balport-products/seeded/aibbqdblkpnhie2wr12y.jpg"
"BP-28400769181","28400769181","https://res.cloudinary.com/ddhs5dd6l/image/upload/v1773946902/balport-products/seeded/gbwwlymvfttvv5n5mvfu.jpg"
"BP-28400769198","28400769198","https://res.cloudinary.com/ddhs5dd6l/image/upload/v1773946903/balport-products/seeded/dglhmagvsynrqlvvb9fa.jpg"
"BP-28400769204","28400769204","https://res.cloudinary.com/ddhs5dd6l/image/upload/v1773946906/balport-products/seeded/zxt1gf6ppafwfydoejpa.jpg"
"BP-28400769211","28400769211","https://res.cloudinary.com/ddhs5dd6l/image/upload/v1773946908/balport-products/seeded/egswcgome3mox0tn0qry.jpg"
"BP-28400769228","28400769228","https://res.cloudinary.com/ddhs5dd6l/image/upload/v1773946909/balport-products/seeded/qbpx7zymitlfugq95yh6.jpg"
"BP-28400769242","28400769242","https://res.cloudinary.com/ddhs5dd6l/image/upload/v1773946911/balport-products/seeded/bxbjtjhlokkhfpbwovzo.jpg"
"BP-28400769266","28400769266","https://res.cloudinary.com/ddhs5dd6l/image/upload/v1773946913/balport-products/seeded/ntes2k79fz4nzajgddd5.jpg"
"BP-28400769273","28400769273","https://res.cloudinary.com/ddhs5dd6l/image/upload/v1773946916/balport-products/seeded/co3r0cjlc9avt8hqokce.jpg"
"BP-28400769280","28400769280","https://res.cloudinary.com/ddhs5dd6l/image/upload/v1773946918/balport-products/seeded/dngamj9cvp0dj8qxkns0.jpg"
"BP-28400769297","28400769297","https://res.cloudinary.com/ddhs5dd6l/image/upload/v1773946919/balport-products/seeded/edglc3oclhcl1rqummx9.jpg"
"BP-28400769303","28400769303","https://res.cloudinary.com/ddhs5dd6l/image/upload/v1773946921/balport-products/seeded/huxonrw1o9529jz5cslp.jpg"
"BP-28400769655","28400769655","https://res.cloudinary.com/ddhs5dd6l/image/upload/v1773946923/balport-products/seeded/cy5skwnjusvlqzt3mejn.jpg"
"BP-28400769709","28400769709","https://res.cloudinary.com/ddhs5dd6l/image/upload/v1773946925/balport-products/seeded/tlcktxhtugrflkelfkdw.jpg"
"BP-28400770057","28400770057","https://res.cloudinary.com/ddhs5dd6l/image/upload/v1773946927/balport-products/seeded/zlhbrus18ihfbuw1mhi4.jpg"
"BP-28400770088","28400770088","https://res.cloudinary.com/ddhs5dd6l/image/upload/v1773946929/balport-products/seeded/w3nhdcs7gccufkzkbak5.jpg"
"BP-28400770125","28400770125","https://res.cloudinary.com/ddhs5dd6l/image/upload/v1773946931/balport-products/seeded/i58diajvd00eibfjcmdv.jpg"
"BP-28400770163","28400770163","https://res.cloudinary.com/ddhs5dd6l/image/upload/v1773946933/balport-products/seeded/giuyevfrdwwwgbwrof1x.jpg"
"BP-28400770187","28400770187","https://res.cloudinary.com/ddhs5dd6l/image/upload/v1773946935/balport-products/seeded/ffgvh4qbxsmsv8blwq53.jpg"
"BP-28400770262","28400770262","https://res.cloudinary.com/ddhs5dd6l/image/upload/v1773946937/balport-products/seeded/fluqrluqgvwbko3m5kck.jpg"
"BP-28400770569","28400770569","https://res.cloudinary.com/ddhs5dd6l/image/upload/v1773946939/balport-products/seeded/i8frf7k6hmhegaexbj9q.jpg"
"BP-28400770583","28400770583","https://res.cloudinary.com/ddhs5dd6l/image/upload/v1773946940/balport-products/seeded/qgeds9c3n7txalww5xab.jpg"
"BP-28400770590","28400770590","https://res.cloudinary.com/ddhs5dd6l/image/upload/v1773946942/balport-products/seeded/qsiryhtdbnfw9upiwsxh.jpg"
"BP-28400770606","28400770606","https://res.cloudinary.com/ddhs5dd6l/image/upload/v1773946944/balport-products/seeded/oizbd9y7c7voke6jpn1g.jpg"
"BP-28400770637","28400770637","https://res.cloudinary.com/ddhs5dd6l/image/upload/v1773946946/balport-products/seeded/kwrsqxpvbdboyrhwlmmq.jpg"
"BP-28400770644","28400770644","https://res.cloudinary.com/ddhs5dd6l/image/upload/v1773946948/balport-products/seeded/c5ivymypwugcbtzebvry.jpg"
"BP-28400770651","28400770651","https://res.cloudinary.com/ddhs5dd6l/image/upload/v1773946950/balport-products/seeded/ffuajzmkt4hdpcbwrgy4.jpg"
"BP-28400770699","28400770699","https://res.cloudinary.com/ddhs5dd6l/image/upload/v1773946952/balport-products/seeded/htaakxgqxs1qpcbvfhvu.jpg"
"BP-28400790574","28400790574","https://res.cloudinary.com/ddhs5dd6l/image/upload/v1773946954/balport-products/seeded/yxhuzhnfch3umeebsea8.jpg"
"BP-28617009162","28617009162","https://res.cloudinary.com/ddhs5dd6l/image/upload/v1773946956/balport-products/seeded/knenmqr8y05z8wcaoroe.jpg"
"BP-28617009322","28617009322","https://res.cloudinary.com/ddhs5dd6l/image/upload/v1773946958/balport-products/seeded/yldnrovktqb19fdx5efo.jpg"
"BP-29000012578","29000012578","https://res.cloudinary.com/ddhs5dd6l/image/upload/v1773946964/balport-products/seeded/nlujzbeizmwzj57nzjuo.jpg"
"BP-29000022119","29000022119","https://res.cloudinary.com/ddhs5dd6l/image/upload/v1773946967/balport-products/seeded/dndm9nhneiwccxc9r7ut.jpg"
"BP-29000022133","29000022133","https://res.cloudinary.com/ddhs5dd6l/image/upload/v1773946970/balport-products/seeded/npt7z2gtfqiztfbo6dsr.jpg"
"BP-29000022157","29000022157","https://res.cloudinary.com/ddhs5dd6l/image/upload/v1773946972/balport-products/seeded/f4c4c9l8uwq1lfbibkdf.jpg"
"BP-29000074460","29000074460","https://res.cloudinary.com/ddhs5dd6l/image/upload/v1773946974/balport-products/seeded/t5xamdnbnpxbswy4jbuv.jpg"
"BP-29000075382","29000075382","https://res.cloudinary.com/ddhs5dd6l/image/upload/v1773946976/balport-products/seeded/b46vdmmocr3aso9hz7zd.jpg"
"BP-29000075399","29000075399","https://res.cloudinary.com/ddhs5dd6l/image/upload/v1773946978/balport-products/seeded/pcm6mdb9vdprpdyl84dj.jpg"
"BP-29243050085","29243050085","https://res.cloudinary.com/ddhs5dd6l/image/upload/v1773946980/balport-products/seeded/qs1ddisafjiwy7he9t5o.jpg"
"BP-29243050351","29243050351","https://res.cloudinary.com/ddhs5dd6l/image/upload/v1773946982/balport-products/seeded/zqzftxmoahgew05sdm3i.jpg"
"BP-29900212139","29900212139","https://res.cloudinary.com/ddhs5dd6l/image/upload/v1773946983/balport-products/seeded/ah0e4gbnkwr11rxgc3pi.jpg"
"BP-30100125150","30100125150","https://res.cloudinary.com/ddhs5dd6l/image/upload/v1773946986/balport-products/seeded/vhgm8tmrfim5zfo6x3vb.jpg"
"BP-30100125181","30100125181","https://res.cloudinary.com/ddhs5dd6l/image/upload/v1773946989/balport-products/seeded/zd3yovu3aw2cj80sqdqd.jpg"
"BP-30100125211","30100125211","https://res.cloudinary.com/ddhs5dd6l/image/upload/v1773947002/balport-products/seeded/v52uy5l3iqpbnzcelr0c.jpg"
"BP-30174091122","30174091122","https://res.cloudinary.com/ddhs5dd6l/image/upload/v1773947004/balport-products/seeded/iiu4jd5w9waqqjp2zilb.jpg"
"BP-30174091306","30174091306","https://res.cloudinary.com/ddhs5dd6l/image/upload/v1773947014/balport-products/seeded/grthwfxfl9fhpnq50luo.png"
"BP-30242940017","30242940017","https://res.cloudinary.com/ddhs5dd6l/image/upload/v1773947016/balport-products/seeded/at9bkd83pvmhqa7a00hx.jpg"
"BP-30772033999","30772033999","https://res.cloudinary.com/ddhs5dd6l/image/upload/v1773947017/balport-products/seeded/yly0cr9nhjkqazytupzn.jpg"
"BP-30772062807","30772062807","https://res.cloudinary.com/ddhs5dd6l/image/upload/v1773947019/balport-products/seeded/c3jybz6mnmzu74t1zvrp.jpg"
"BP-30772081242","30772081242","https://res.cloudinary.com/ddhs5dd6l/image/upload/v1773947020/balport-products/seeded/vyq8zfra63gg7vcwmxps.jpg"
"BP-30772088586","30772088586","https://res.cloudinary.com/ddhs5dd6l/image/upload/v1773947022/balport-products/seeded/mqkjaw8tcbmdc2fw7jko.jpg"
"BP-30772094037","30772094037","https://res.cloudinary.com/ddhs5dd6l/image/upload/v1773947023/balport-products/seeded/ekpil1kigk8iek0xqcuc.jpg"
"BP-31142008500","31142008500","https://res.cloudinary.com/ddhs5dd6l/image/upload/v1773947026/balport-products/seeded/ibbg37geoa8hbw17sbdc.jpg"
"BP-31146007622","31146007622","https://res.cloudinary.com/ddhs5dd6l/image/upload/v1773947028/balport-products/seeded/epryaaob2vgxwmxchacc.jpg"
"BP-31146053414","31146053414","https://res.cloudinary.com/ddhs5dd6l/image/upload/v1773947030/balport-products/seeded/zoohcknxwu9ib8ilyfca.jpg"
"BP-31146150601","31146150601","https://res.cloudinary.com/ddhs5dd6l/image/upload/v1773947032/balport-products/seeded/r6mnay95rvkg9gr5s6d9.jpg"
"BP-31146250103","31146250103","https://res.cloudinary.com/ddhs5dd6l/image/upload/v1773947033/balport-products/seeded/edgwznhrjcnd0srmhols.jpg"
"BP-31146250301","31146250301","https://res.cloudinary.com/ddhs5dd6l/image/upload/v1773947036/balport-products/seeded/hmdcctqctqhgnk5thrht.jpg"
"BP-31146262441","31146262441","https://res.cloudinary.com/ddhs5dd6l/image/upload/v1773947038/balport-products/seeded/zirdadojv4lymr3um2mo.jpg"
"BP-31146262571","31146262571","https://res.cloudinary.com/ddhs5dd6l/image/upload/v1773947040/balport-products/seeded/yqc6htdlwceu0eejgfhg.jpg"
"BP-31146262748","31146262748","https://res.cloudinary.com/ddhs5dd6l/image/upload/v1773947042/balport-products/seeded/oms7vslffm5vbxrestdm.jpg"
"BP-31200009906","31200009906","https://res.cloudinary.com/ddhs5dd6l/image/upload/v1773947043/balport-products/seeded/i2qz48jpthd0wfcxhnzy.gif"
"BP-31200009913","31200009913","https://res.cloudinary.com/ddhs5dd6l/image/upload/v1773947045/balport-products/seeded/xsqqfxuavbpssxxnlxge.jpg"
"BP-31200200006","31200200006","https://res.cloudinary.com/ddhs5dd6l/image/upload/v1773947047/balport-products/seeded/utbztqj5ezb1kdjkjguq.jpg"
"BP-31200200075","31200200075","https://res.cloudinary.com/ddhs5dd6l/image/upload/v1773947051/balport-products/seeded/jgcxr3gaee628cfo7wev.png"
"BP-31200200310","31200200310","https://res.cloudinary.com/ddhs5dd6l/image/upload/v1773947069/balport-products/seeded/a649eysxqygd3omqcl2i.png"
"BP-31259001043","31259001043","https://res.cloudinary.com/ddhs5dd6l/image/upload/v1773947071/balport-products/seeded/uvnx1l9znqghat68tgsr.jpg"
"BP-31259001456","31259001456","https://res.cloudinary.com/ddhs5dd6l/image/upload/v1773947073/balport-products/seeded/nfbo6nesmcjh4nwiok8n.jpg"
"BP-31259003047","31259003047","https://res.cloudinary.com/ddhs5dd6l/image/upload/v1773947075/balport-products/seeded/qjh9rk7zff6wzplkxgez.jpg"
"BP-31259003559","31259003559","https://res.cloudinary.com/ddhs5dd6l/image/upload/v1773947076/balport-products/seeded/vhgvtjznpgv8gglfo3my.jpg"
"BP-31259003726","31259003726","https://res.cloudinary.com/ddhs5dd6l/image/upload/v1773947078/balport-products/seeded/rcvv5ycm9orid0qhk0ur.jpg"
"BP-31259004471","31259004471","https://res.cloudinary.com/ddhs5dd6l/image/upload/v1773947080/balport-products/seeded/qxfcbnvh6ddhpliqfh7k.jpg"
"BP-31259005317","31259005317","https://res.cloudinary.com/ddhs5dd6l/image/upload/v1773947083/balport-products/seeded/w1aytig4vtlx1xhoyd1n.png"
"BP-31259005393","31259005393","https://res.cloudinary.com/ddhs5dd6l/image/upload/v1773947085/balport-products/seeded/n305a4mv7ixgonqdevbl.jpg"
"BP-31259005454","31259005454","https://res.cloudinary.com/ddhs5dd6l/image/upload/v1773947087/balport-products/seeded/tfnyc3pdidfsgi1bfndk.jpg"
"BP-31259008929","31259008929","https://res.cloudinary.com/balport/image/upload/v1/placeholder.jpg"
"BP-31259008943","31259008943","https://res.cloudinary.com/ddhs5dd6l/image/upload/v1773947089/balport-products/seeded/uspzwuevdsow8vdrfegz.jpg"
"BP-31259009223","31259009223","https://res.cloudinary.com/ddhs5dd6l/image/upload/v1773947091/balport-products/seeded/dwuzovyck11ud7mz3exo.jpg"
"BP-31259046952","31259046952","https://res.cloudinary.com/ddhs5dd6l/image/upload/v1773947093/balport-products/seeded/nw9wyk9ueyg1lijqnuky.jpg"
"BP-31259046976","31259046976","https://res.cloudinary.com/ddhs5dd6l/image/upload/v1773947094/balport-products/seeded/v6kxcvhjj3xsf5qqzsvq.jpg"
"BP-31259048024","31259048024","https://res.cloudinary.com/ddhs5dd6l/image/upload/v1773947096/balport-products/seeded/a9z9s6cnrulnbvlswgr8.jpg"
"BP-31259048710","31259048710","https://res.cloudinary.com/ddhs5dd6l/image/upload/v1773947098/balport-products/seeded/cq8wzgutkac7estcffuk.jpg"
"BP-31259049236","31259049236","https://res.cloudinary.com/ddhs5dd6l/image/upload/v1773947099/balport-products/seeded/apeayfmye0lopwfgbcnj.jpg"
"BP-31535599615","31535599615","https://res.cloudinary.com/ddhs5dd6l/image/upload/v1773947101/balport-products/seeded/uwfcprptcdgiskue1due.jpg"
"BP-32134239001","32134239001","https://res.cloudinary.com/ddhs5dd6l/image/upload/v1773947105/balport-products/seeded/qx3dvqnhno1tkse9mvkp.jpg"
"BP-32134240502","32134240502","https://res.cloudinary.com/ddhs5dd6l/image/upload/v1773947106/balport-products/seeded/zmvylqkojqkic2yrczps.jpg"
"BP-32134271018","32134271018","https://res.cloudinary.com/ddhs5dd6l/image/upload/v1773947108/balport-products/seeded/di5nmqjlpx2x9jvg2ssv.jpg"
"BP-32134285039","32134285039","https://res.cloudinary.com/ddhs5dd6l/image/upload/v1773947110/balport-products/seeded/bga5jfvegde8gj7mj5wq.jpg"
"BP-33200011101","33200011101","https://res.cloudinary.com/ddhs5dd6l/image/upload/v1773947112/balport-products/seeded/quqzybvabyr0o9qsvtis.jpg"
"BP-33200011309","33200011309","https://res.cloudinary.com/ddhs5dd6l/image/upload/v1773947115/balport-products/seeded/kvec9euoz8klitavez2k.jpg"
"BP-33293003007","33293003007","https://res.cloudinary.com/ddhs5dd6l/image/upload/v1773947116/balport-products/seeded/aog1pjhvnzmnmmlw5lup.jpg"
"BP-33293003014","33293003014","https://res.cloudinary.com/ddhs5dd6l/image/upload/v1773947120/balport-products/seeded/z06zahkingktmshrpc7l.jpg"
"BP-33293003113","33293003113","https://res.cloudinary.com/ddhs5dd6l/image/upload/v1773947121/balport-products/seeded/dpsbjzsvae2ag4fpmsrp.jpg"
"BP-33293003809","33293003809","https://res.cloudinary.com/ddhs5dd6l/image/upload/v1773947123/balport-products/seeded/kkuxifdwbeuqec34dfpn.jpg"
"BP-33293111009","33293111009","https://res.cloudinary.com/ddhs5dd6l/image/upload/v1773947124/balport-products/seeded/gjabblbs175n8wkkhei7.jpg"
"BP-33544000137","33544000137","https://res.cloudinary.com/ddhs5dd6l/image/upload/v1773947127/balport-products/seeded/azjnwftn3qzlnbnaxl30.jpg"
"BP-33544000151","33544000151","https://res.cloudinary.com/ddhs5dd6l/image/upload/v1773947129/balport-products/seeded/mrfy11ponucb9to6zcx9.jpg"
"BP-33544000212","33544000212","https://res.cloudinary.com/ddhs5dd6l/image/upload/v1773947132/balport-products/seeded/sgoyremk8n5mafz6wpuk.jpg"
"BP-33544000250","33544000250","https://res.cloudinary.com/ddhs5dd6l/image/upload/v1773947135/balport-products/seeded/jagjcmtesjknqrqvwfdw.jpg"
"BP-33544000267","33544000267","https://res.cloudinary.com/ddhs5dd6l/image/upload/v1773947137/balport-products/seeded/xun6twyqpijovc3pyst4.jpg"
"BP-33544000434","33544000434","https://res.cloudinary.com/ddhs5dd6l/image/upload/v1773947140/balport-products/seeded/fm66gl5xcd3l8f11ysj7.jpg"
"BP-33544000809","33544000809","https://res.cloudinary.com/ddhs5dd6l/image/upload/v1773947142/balport-products/seeded/zocrp7i0dzuu14pmxshb.jpg"
"BP-33544001301","33544001301","https://res.cloudinary.com/ddhs5dd6l/image/upload/v1773947146/balport-products/seeded/y6etdclfpp2gulwfpkja.jpg"
"BP-33544001585","33544001585","https://res.cloudinary.com/ddhs5dd6l/image/upload/v1773947148/balport-products/seeded/rn5tljvtfruchvr64m0p.jpg"
"BP-33544001622","33544001622","https://res.cloudinary.com/ddhs5dd6l/image/upload/v1773947150/balport-products/seeded/v7ti2zpdxw1f6ct0axct.png"
"BP-33544001653","33544001653","https://res.cloudinary.com/ddhs5dd6l/image/upload/v1773947152/balport-products/seeded/fx9gmrbjivnr74la2and.jpg"
"BP-33544001738","33544001738","https://res.cloudinary.com/ddhs5dd6l/image/upload/v1773947153/balport-products/seeded/rjfsignsvs49uhqh2og8.jpg"
"BP-33544001745","33544001745","https://res.cloudinary.com/ddhs5dd6l/image/upload/v1773947155/balport-products/seeded/wkzweimmwoxawnzk5k3g.jpg"
"BP-33544001776","33544001776","https://res.cloudinary.com/ddhs5dd6l/image/upload/v1773947157/balport-products/seeded/rxjhcpqggw9os18j1ijd.png"
"BP-33544001844","33544001844","https://res.cloudinary.com/ddhs5dd6l/image/upload/v1773947159/balport-products/seeded/syjmtaui3xnexr00ifhi.jpg"
"BP-33544001875","33544001875","https://res.cloudinary.com/ddhs5dd6l/image/upload/v1773947163/balport-products/seeded/tbx4alfakcu46ahls7kc.png"
"BP-33544001882","33544001882","https://res.cloudinary.com/ddhs5dd6l/image/upload/v1773947167/balport-products/seeded/kp9din0f73pb5ltzg3bn.jpg"
"BP-33544002018","33544002018","https://res.cloudinary.com/ddhs5dd6l/image/upload/v1773947171/balport-products/seeded/urhr9hvjqa84wv2tsluh.jpg"
"BP-33544002025","33544002025","https://res.cloudinary.com/ddhs5dd6l/image/upload/v1773947174/balport-products/seeded/saua5kzsuamxhygt9hz8.jpg"
"BP-33544002261","33544002261","https://res.cloudinary.com/ddhs5dd6l/image/upload/v1773947176/balport-products/seeded/tremsd22ads27o6w18yt.jpg"
"BP-33544002315","33544002315","https://res.cloudinary.com/ddhs5dd6l/image/upload/v1773947177/balport-products/seeded/mwhbgchlps9xhmsbaedj.jpg"
"BP-33544002384","33544002384","https://res.cloudinary.com/ddhs5dd6l/image/upload/v1773947179/balport-products/seeded/unbst8qfioip9uc7grff.jpg"
"BP-33544002445","33544002445","https://res.cloudinary.com/ddhs5dd6l/image/upload/v1773947181/balport-products/seeded/mdjt4owa60n63ifthwnb.jpg"
"BP-33544950210","33544950210","https://res.cloudinary.com/ddhs5dd6l/image/upload/v1773947184/balport-products/seeded/oyqhingdwo5zpxpjllld.jpg"
"BP-33544950227","33544950227","https://res.cloudinary.com/ddhs5dd6l/image/upload/v1773947187/balport-products/seeded/zopk8z8qfuh4veyb7d0f.jpg"
"BP-33544950258","33544950258","https://res.cloudinary.com/ddhs5dd6l/image/upload/v1773947189/balport-products/seeded/dzkpx7xgoca8jvweagxo.jpg"
"BP-33544950272","33544950272","https://res.cloudinary.com/ddhs5dd6l/image/upload/v1773947191/balport-products/seeded/flhiwltiumti06drtgnu.jpg"
"BP-33544950289","33544950289","https://res.cloudinary.com/ddhs5dd6l/image/upload/v1773947193/balport-products/seeded/jenondvimhcrnmwjdxjn.jpg"
"BP-33544950319","33544950319","https://res.cloudinary.com/ddhs5dd6l/image/upload/v1773947195/balport-products/seeded/igfwmn6rxexsbavqlpjd.jpg"
"BP-33544950333","33544950333","https://res.cloudinary.com/ddhs5dd6l/image/upload/v1773947197/balport-products/seeded/krrjqnfs4uojvq9ruqj6.png"
"BP-33544950371","33544950371","https://res.cloudinary.com/ddhs5dd6l/image/upload/v1773947199/balport-products/seeded/wcdclauzysb5kbgi8vtv.jpg"
"BP-33544950401","33544950401","https://res.cloudinary.com/ddhs5dd6l/image/upload/v1773947201/balport-products/seeded/avhiaifcdtw3s4il2lvu.jpg"
"BP-33544950418","33544950418","https://res.cloudinary.com/ddhs5dd6l/image/upload/v1773947203/balport-products/seeded/dzjdxdkzovc63cet9uhw.jpg"
"BP-33544950425","33544950425","https://res.cloudinary.com/ddhs5dd6l/image/upload/v1773947206/balport-products/seeded/escv9lqms7p5fvbaigvf.jpg"
"BP-33544950449","33544950449","https://res.cloudinary.com/ddhs5dd6l/image/upload/v1773947208/balport-products/seeded/f6nscs7c0ofe6srrtzvl.jpg"
"BP-33544950470","33544950470","https://res.cloudinary.com/ddhs5dd6l/image/upload/v1773947211/balport-products/seeded/xeoctkr7w4cuojqyviab.jpg"
"BP-33544950517","33544950517","https://res.cloudinary.com/ddhs5dd6l/image/upload/v1773947213/balport-products/seeded/i48b8y6lsv0tp1tjcdpb.jpg"
"BP-33544950531","33544950531","https://res.cloudinary.com/ddhs5dd6l/image/upload/v1773947215/balport-products/seeded/r3trfhybykcuru29jaxi.jpg"
"BP-33544950609","33544950609","https://res.cloudinary.com/ddhs5dd6l/image/upload/v1773947217/balport-products/seeded/qkyrqbqsnde6di4yhpkt.jpg"
"BP-33544950616","33544950616","https://res.cloudinary.com/ddhs5dd6l/image/upload/v1773947219/balport-products/seeded/e98shsceij6cnwhaem7f.png"
"BP-33544950906","33544950906","https://res.cloudinary.com/ddhs5dd6l/image/upload/v1773947221/balport-products/seeded/ymqvyvx3yxzayzkpusdf.png"
"BP-34000000050","34000000050","https://res.cloudinary.com/ddhs5dd6l/image/upload/v1773947223/balport-products/seeded/zxbjesygr6hlsqc2hxaa.jpg"
"BP-34000000067","34000000067","https://res.cloudinary.com/ddhs5dd6l/image/upload/v1773947225/balport-products/seeded/s1btlbankfos4sw3ty0i.jpg"
"BP-34000000074","34000000074","https://res.cloudinary.com/balport/image/upload/v1/placeholder.jpg"
"BP-34000000098","34000000098","https://res.cloudinary.com/ddhs5dd6l/image/upload/v1773947226/balport-products/seeded/nwiavd1vv3rgpn6zd419.jpg"
"BP-34000000289","34000000289","https://res.cloudinary.com/ddhs5dd6l/image/upload/v1773947228/balport-products/seeded/zhebqfbm1dfdaye64gz3.jpg"
"BP-34000000357","34000000357","https://res.cloudinary.com/ddhs5dd6l/image/upload/v1773947231/balport-products/seeded/gcfuhumxh90qfxurvdtm.jpg"
"BP-34000000524","34000000524","https://res.cloudinary.com/ddhs5dd6l/image/upload/v1773947232/balport-products/seeded/mpp1fcqeetw0iqrpbfyd.jpg"
"BP-34000000982","34000000982","https://res.cloudinary.com/ddhs5dd6l/image/upload/v1773947234/balport-products/seeded/bzalm0jcnfse4wrm3aka.jpg"
"BP-34000001354","34000001354","https://res.cloudinary.com/ddhs5dd6l/image/upload/v1773947236/balport-products/seeded/bpapryjas3y5n2dx4jhc.jpg"
"BP-34000001521","34000001521","https://res.cloudinary.com/ddhs5dd6l/image/upload/v1773947238/balport-products/seeded/d06kirv0efzntbjc587k.jpg"
"BP-34000001637","34000001637","https://res.cloudinary.com/ddhs5dd6l/image/upload/v1773947240/balport-products/seeded/a2pce9o7hqdppnitqq1w.jpg"
"BP-34000001651","34000001651","https://res.cloudinary.com/ddhs5dd6l/image/upload/v1773947242/balport-products/seeded/jldv8oul14rjxvakoiq1.jpg"
"BP-34000002030","34000002030","https://res.cloudinary.com/ddhs5dd6l/image/upload/v1773947244/balport-products/seeded/sjpo0ebhzpk6spzpuxej.jpg"
"BP-34000002238","34000002238","https://res.cloudinary.com/ddhs5dd6l/image/upload/v1773947246/balport-products/seeded/cwwpxscqtset9nkgdum6.jpg"
"BP-34000002290","34000002290","https://res.cloudinary.com/ddhs5dd6l/image/upload/v1773947248/balport-products/seeded/smepeaombstyv6rvxzs9.jpg"
"BP-34000002399","34000002399","https://res.cloudinary.com/ddhs5dd6l/image/upload/v1773947250/balport-products/seeded/tzp6ly5swkqpkaxflcx9.jpg"
"BP-34000002405","34000002405","https://res.cloudinary.com/ddhs5dd6l/image/upload/v1773947253/balport-products/seeded/wciibrtcufaon3ebcgyn.jpg"
"BP-34000002412","34000002412","https://res.cloudinary.com/ddhs5dd6l/image/upload/v1773947255/balport-products/seeded/mf9govnpv7eoxnlsuqfm.jpg"
"BP-34000002443","34000002443","https://res.cloudinary.com/ddhs5dd6l/image/upload/v1773947257/balport-products/seeded/ezr4itg8ar9uppbtwobj.jpg"
"BP-34000002467","34000002467","https://res.cloudinary.com/ddhs5dd6l/image/upload/v1773947260/balport-products/seeded/tqkt48pgdtqp9wfiyb0j.jpg"
"BP-34000002474","34000002474","https://res.cloudinary.com/ddhs5dd6l/image/upload/v1773947262/balport-products/seeded/utxgj0xrnxwo3uwpnke7.jpg"
"BP-34000002481","34000002481","https://res.cloudinary.com/ddhs5dd6l/image/upload/v1773947266/balport-products/seeded/t3iime5geutcz16hvtec.jpg"
"BP-34000003129","34000003129","https://res.cloudinary.com/ddhs5dd6l/image/upload/v1773947267/balport-products/seeded/p6hcyawl0nd8tompjusq.jpg"
"BP-34000003181","34000003181","https://res.cloudinary.com/ddhs5dd6l/image/upload/v1773947270/balport-products/seeded/wqwcrmkqp3g02gujpduc.jpg"
"BP-34000003402","34000003402","https://res.cloudinary.com/ddhs5dd6l/image/upload/v1773947271/balport-products/seeded/d90ysvhlrxzdedijpdnn.jpg"
"BP-34000003709","34000003709","https://res.cloudinary.com/ddhs5dd6l/image/upload/v1773947273/balport-products/seeded/n5vgbo64mvli2tfbk0m2.jpg"
"BP-34000003860","34000003860","https://res.cloudinary.com/ddhs5dd6l/image/upload/v1773947275/balport-products/seeded/pxufijfucmcxa70tht3g.jpg"
"BP-34000004058","34000004058","https://res.cloudinary.com/ddhs5dd6l/image/upload/v1773947277/balport-products/seeded/ldapwc5aqlzjq5sp3yxq.jpg"
"BP-34000004409","34000004409","https://res.cloudinary.com/ddhs5dd6l/image/upload/v1773947279/balport-products/seeded/nzh8objjheaxvnbhuowc.jpg"
"BP-34000004805","34000004805","https://res.cloudinary.com/ddhs5dd6l/image/upload/v1773947281/balport-products/seeded/yjnlw4kvhcdwmf3h9yhc.jpg"
"BP-34000005024","34000005024","https://res.cloudinary.com/ddhs5dd6l/image/upload/v1773947283/balport-products/seeded/phie2xodxesnuglkt7av.jpg"
"BP-34000005215","34000005215","https://res.cloudinary.com/ddhs5dd6l/image/upload/v1773947285/balport-products/seeded/gifdovo7qgrpqidqtz5h.jpg"
"BP-34000005222","34000005222","https://res.cloudinary.com/ddhs5dd6l/image/upload/v1773947287/balport-products/seeded/sn43ierte9ueedbj3xhi.jpg"
"BP-34000005291","34000005291","https://res.cloudinary.com/ddhs5dd6l/image/upload/v1773947289/balport-products/seeded/rn478px7timem3vgq72l.jpg"
"BP-34000005451","34000005451","https://res.cloudinary.com/ddhs5dd6l/image/upload/v1773947291/balport-products/seeded/szplcponp2ndaa3qi4vt.jpg"
"BP-34000006533","34000006533","https://res.cloudinary.com/ddhs5dd6l/image/upload/v1773947293/balport-products/seeded/hmc7flssguikz6abe8bs.jpg"
"BP-34000006656","34000006656","https://res.cloudinary.com/ddhs5dd6l/image/upload/v1773947297/balport-products/seeded/lzfcu1pyjc14vm0ggb9p.jpg"
"BP-34000007196","34000007196","https://res.cloudinary.com/ddhs5dd6l/image/upload/v1773947298/balport-products/seeded/qxjk6v8band27aebgiyk.jpg"
"BP-34000007646","34000007646","https://res.cloudinary.com/ddhs5dd6l/image/upload/v1773947300/balport-products/seeded/ciocob85cbqqzqsoytta.jpg"
"BP-34000007714","34000007714","https://res.cloudinary.com/ddhs5dd6l/image/upload/v1773947303/balport-products/seeded/edscggmhxctugp5a0unm.jpg"
"BP-34000008438","34000008438","https://res.cloudinary.com/ddhs5dd6l/image/upload/v1773947305/balport-products/seeded/wvcqh6lq2sulxbvpsfup.jpg"
"BP-34000008476","34000008476","https://res.cloudinary.com/ddhs5dd6l/image/upload/v1773947307/balport-products/seeded/av8ehxfhxk2amcrlwwqs.jpg"
"BP-34000114702","34000114702","https://res.cloudinary.com/ddhs5dd6l/image/upload/v1773947309/balport-products/seeded/tdwexzc2gvvof6jajzc1.jpg"
"BP-34000138517","34000138517","https://res.cloudinary.com/ddhs5dd6l/image/upload/v1773947312/balport-products/seeded/zfg0rqgeknhilqkxc9d3.jpg"
"BP-34000228089","34000228089","https://res.cloudinary.com/ddhs5dd6l/image/upload/v1773947314/balport-products/seeded/rxvqq1iglpmm9banus9n.jpg"
"BP-34000245222","34000245222","https://res.cloudinary.com/ddhs5dd6l/image/upload/v1773947316/balport-products/seeded/wd5ksmzv2ajhwpybjdnb.jpg"
"BP-34000250103","34000250103","https://res.cloudinary.com/ddhs5dd6l/image/upload/v1773947318/balport-products/seeded/pe1xrqa71jzmasd8eqma.jpg"
"BP-34000252183","34000252183","https://res.cloudinary.com/ddhs5dd6l/image/upload/v1773947321/balport-products/seeded/awnpgzl1g7undb8z7wsp.jpg"
"BP-34000412013","34000412013","https://res.cloudinary.com/ddhs5dd6l/image/upload/v1773947323/balport-products/seeded/beaqjpjia7mpztlhgyg6.jpg"
"BP-34000430956","34000430956","https://res.cloudinary.com/ddhs5dd6l/image/upload/v1773947325/balport-products/seeded/mjcbexdrovtq1mpmstjk.jpg"
"BP-34000458134","34000458134","https://res.cloudinary.com/ddhs5dd6l/image/upload/v1773947327/balport-products/seeded/rrd2dia6yzkxwziui3gi.jpg"
"BP-34000711789","34000711789","https://res.cloudinary.com/ddhs5dd6l/image/upload/v1773947329/balport-products/seeded/z6abexx3tv2o8bvovr60.gif"
"BP-34000946532","34000946532","https://res.cloudinary.com/ddhs5dd6l/image/upload/v1773947331/balport-products/seeded/qtdjnzz47ugcffabhrwf.jpg"
"BP-34000953424","34000953424","https://res.cloudinary.com/ddhs5dd6l/image/upload/v1773947333/balport-products/seeded/vz9qdein1easheialjfj.jpg"
"BP-34100000097","34100000097","https://res.cloudinary.com/ddhs5dd6l/image/upload/v1773947335/balport-products/seeded/hkfe9b4x9s4judpusnmj.jpg"
"BP-34100000318","34100000318","https://res.cloudinary.com/ddhs5dd6l/image/upload/v1773947336/balport-products/seeded/ngvshaxeaxvrnvy2jilh.jpg"
"BP-34100001780","34100001780","https://res.cloudinary.com/ddhs5dd6l/image/upload/v1773947339/balport-products/seeded/pc1wvtsxhuijtn4szzju.jpg"
"BP-34100002176","34100002176","https://res.cloudinary.com/ddhs5dd6l/image/upload/v1773947341/balport-products/seeded/qrqvovycrtuobqbx3zdn.jpg"
"BP-34100003234","34100003234","https://res.cloudinary.com/ddhs5dd6l/image/upload/v1773947343/balport-products/seeded/fttu6xiu2lojxvojdipp.jpg"
"BP-34100003425","34100003425","https://res.cloudinary.com/ddhs5dd6l/image/upload/v1773947345/balport-products/seeded/sa3y2dcaepnmyfbjmbzp.jpg"
"BP-34100003494","34100003494","https://res.cloudinary.com/ddhs5dd6l/image/upload/v1773947348/balport-products/seeded/xrmzyaf3hhb0rchcau1t.jpg"
"BP-34100003555","34100003555","https://res.cloudinary.com/ddhs5dd6l/image/upload/v1773947350/balport-products/seeded/rjrbuqt4q089x062kwrm.jpg"
"BP-34100003586","34100003586","https://res.cloudinary.com/ddhs5dd6l/image/upload/v1773947352/balport-products/seeded/u4eptr7aidfytbsnaq1u.jpg"
"BP-34100003623","34100003623","https://res.cloudinary.com/ddhs5dd6l/image/upload/v1773947353/balport-products/seeded/tkx594bkgerupjz7j56k.jpg"
"BP-34100003876","34100003876","https://res.cloudinary.com/ddhs5dd6l/image/upload/v1773947355/balport-products/seeded/wbabptkt7nbinkpiugur.jpg"
"BP-34100005542","34100005542","https://res.cloudinary.com/ddhs5dd6l/image/upload/v1773947357/balport-products/seeded/crxpdplw6lrieztwxhst.jpg"
"BP-34100005559","34100005559","https://res.cloudinary.com/ddhs5dd6l/image/upload/v1773947359/balport-products/seeded/bvgarxtxdjc8bav67zom.jpg"
"BP-34100005610","34100005610","https://res.cloudinary.com/ddhs5dd6l/image/upload/v1773947363/balport-products/seeded/nctdln5dkbmfltzaouhb.jpg"
"BP-34100006228","34100006228","https://res.cloudinary.com/ddhs5dd6l/image/upload/v1773947365/balport-products/seeded/mtyjocltlg6jswl7aqf0.jpg"
"BP-34100008802","34100008802","https://res.cloudinary.com/ddhs5dd6l/image/upload/v1773947368/balport-products/seeded/c8lrmnxl50drvkm4lspv.jpg"
"BP-34100009069","34100009069","https://res.cloudinary.com/ddhs5dd6l/image/upload/v1773947370/balport-products/seeded/hzssx93s7nvxdfjh88n5.gif"
"BP-34100012335","34100012335","https://res.cloudinary.com/ddhs5dd6l/image/upload/v1773947372/balport-products/seeded/qcepgpowtbo1gx20feaa.jpg"
"BP-34100013301","34100013301","https://res.cloudinary.com/ddhs5dd6l/image/upload/v1773947374/balport-products/seeded/zbhfjhzojvdraqciztbn.jpg"
"BP-34100013325","34100013325","https://res.cloudinary.com/ddhs5dd6l/image/upload/v1773947375/balport-products/seeded/skepis8awelomfickr7w.jpg"
"BP-34100015053","34100015053","https://res.cloudinary.com/ddhs5dd6l/image/upload/v1773947378/balport-products/seeded/iaanzp1b7wm7wouuwyba.jpg"
"BP-34100016364","34100016364","https://res.cloudinary.com/ddhs5dd6l/image/upload/v1773947381/balport-products/seeded/t0hhuwo4yj8k3kbmpsua.jpg"
"BP-34100087166","34100087166","https://res.cloudinary.com/ddhs5dd6l/image/upload/v1773947383/balport-products/seeded/sicxbpfbtufh0166a1de.jpg"
"BP-34100087593","34100087593","https://res.cloudinary.com/ddhs5dd6l/image/upload/v1773947385/balport-products/seeded/qaij2jtsiojy8fl8trul.jpg"
"BP-34100173401","34100173401","https://res.cloudinary.com/ddhs5dd6l/image/upload/v1773947388/balport-products/seeded/sdh2n91rowrnauhi3ta6.jpg"
"BP-34100175054","34100175054","https://res.cloudinary.com/ddhs5dd6l/image/upload/v1773947390/balport-products/seeded/rk2vnwhbnoypno4tifok.jpg"
"BP-34100175092","34100175092","https://res.cloudinary.com/ddhs5dd6l/image/upload/v1773947393/balport-products/seeded/vddcfr5gc2pdsmnbumlm.jpg"
"BP-34100516802","34100516802","https://res.cloudinary.com/ddhs5dd6l/image/upload/v1773947399/balport-products/seeded/s5fxbjbs1frjbpyh5qt0.jpg"
"BP-34100570231","34100570231","https://res.cloudinary.com/ddhs5dd6l/image/upload/v1773947402/balport-products/seeded/lxnoaykzina1ccjnp1fb.jpg"
"BP-34100572563","34100572563","https://res.cloudinary.com/ddhs5dd6l/image/upload/v1773947405/balport-products/seeded/hjlg1sft9njxalyugsg8.jpg"
"BP-34100573409","34100573409","https://res.cloudinary.com/ddhs5dd6l/image/upload/v1773947408/balport-products/seeded/dbxhx04swa7pllvc0i8l.jpg"
"BP-34100575052","34100575052","https://res.cloudinary.com/ddhs5dd6l/image/upload/v1773947412/balport-products/seeded/ful6mbadm1xig5rbukq9.jpg"
"BP-34100575090","34100575090","https://res.cloudinary.com/ddhs5dd6l/image/upload/v1773947414/balport-products/seeded/jrz8yy9wnunky0vdzqwt.jpg"
"BP-34100576363","34100576363","https://res.cloudinary.com/ddhs5dd6l/image/upload/v1773947417/balport-products/seeded/bsxrunanlhh2weywky3s.jpg"
"BP-34100576639","34100576639","https://res.cloudinary.com/ddhs5dd6l/image/upload/v1773947418/balport-products/seeded/oauluiztauxswejylkqy.jpg"
"BP-34100774356","34100774356","https://res.cloudinary.com/ddhs5dd6l/image/upload/v1773947420/balport-products/seeded/scufq1sjnfr6kfzzktrl.jpg"
"BP-34100786588","34100786588","https://res.cloudinary.com/ddhs5dd6l/image/upload/v1773947422/balport-products/seeded/jhxt5njes9erdje790in.jpg"
"BP-34100989163","34100989163","https://res.cloudinary.com/ddhs5dd6l/image/upload/v1773947424/balport-products/seeded/phpvrc6gxprdbkj8ppph.jpg"
"BP-34856028918","34856028918","https://res.cloudinary.com/ddhs5dd6l/image/upload/v1773947427/balport-products/seeded/kpowdnzzsoyvqnpb5zry.jpg"
"BP-34856028925","34856028925","https://res.cloudinary.com/ddhs5dd6l/image/upload/v1773947428/balport-products/seeded/qcgrokto8tk6kh7pud9u.jpg"
"BP-34856028987","34856028987","https://res.cloudinary.com/ddhs5dd6l/image/upload/v1773947430/balport-products/seeded/buntpsseokkhcykc0obw.jpg"
"BP-35000444356","35000444356","https://res.cloudinary.com/ddhs5dd6l/image/upload/v1773947432/balport-products/seeded/zzmfzrxeymvmgnpco9ft.jpg"
"BP-35000444424","35000444424","https://res.cloudinary.com/ddhs5dd6l/image/upload/v1773947434/balport-products/seeded/imguhzvnwvrvxuqapzwj.jpg"
"BP-35000463760","35000463760","https://res.cloudinary.com/ddhs5dd6l/image/upload/v1773947436/balport-products/seeded/a3slh8gwvyiajxu0t3um.jpg"
"BP-35000510884","35000510884","https://res.cloudinary.com/ddhs5dd6l/image/upload/v1773947438/balport-products/seeded/jmzd399hgqejvac0vary.png"
"BP-35000511058","35000511058","https://res.cloudinary.com/ddhs5dd6l/image/upload/v1773947439/balport-products/seeded/pxmgmlbiljyaaoihbmrw.jpg"
"BP-35000511102","35000511102","https://res.cloudinary.com/ddhs5dd6l/image/upload/v1773947443/balport-products/seeded/o6gpsas7qyj8iqff2yjm.jpg"
"BP-35000511119","35000511119","https://res.cloudinary.com/ddhs5dd6l/image/upload/v1773947446/balport-products/seeded/vib8qeus5gyhh4iwciwr.png"
"BP-35000514066","BP-35000514066","https://res.cloudinary.com/ddhs5dd6l/image/upload/v1773947448/balport-products/seeded/mgrsajwhcd6xanvhcr1t.jpg"
"BP-35000530967","35000530967","https://res.cloudinary.com/ddhs5dd6l/image/upload/v1773947450/balport-products/seeded/mdg1xanyzxsic76bersk.png"
"BP-35000551146","35000551146","https://res.cloudinary.com/ddhs5dd6l/image/upload/v1773947452/balport-products/seeded/htddaii3xk4yx6imtu3y.png"
"BP-35000555007","35000555007","https://res.cloudinary.com/ddhs5dd6l/image/upload/v1773947453/balport-products/seeded/og2phyrmr9rndpdgdmgd.jpg"
"BP-35000556769","35000556769","https://res.cloudinary.com/ddhs5dd6l/image/upload/v1773947455/balport-products/seeded/bktruoyezu4cx5iuembh.jpg"
"BP-35000980113","35000980113","https://res.cloudinary.com/ddhs5dd6l/image/upload/v1773947457/balport-products/seeded/np0drmg4gqsudvgemdsu.jpg"
"BP-35751111064","35751111064","https://res.cloudinary.com/ddhs5dd6l/image/upload/v1773947458/balport-products/seeded/qpsrmnqgyiwl6jpoqzjz.jpg"
"BP-35751111125","35751111125","https://res.cloudinary.com/ddhs5dd6l/image/upload/v1773947459/balport-products/seeded/ogwqb4mto3kcaqsjel5r.jpg"
"BP-35751111132","35751111132","https://res.cloudinary.com/ddhs5dd6l/image/upload/v1773947461/balport-products/seeded/oktibkvor0ylrfdxeaea.jpg"
"BP-35751111149","35751111149","https://res.cloudinary.com/ddhs5dd6l/image/upload/v1773947463/balport-products/seeded/makrgmfxkfhnm6jy1hjd.jpg"
"BP-35751114256","35751114256","https://res.cloudinary.com/ddhs5dd6l/image/upload/v1773947464/balport-products/seeded/knelaiuj8uho1bzrjwgt.jpg"
"BP-35751114270","35751114270","https://res.cloudinary.com/ddhs5dd6l/image/upload/v1773947466/balport-products/seeded/dme0i6j0rhhy1q8xbspg.jpg"
"BP-35751114294","35751114294","https://res.cloudinary.com/ddhs5dd6l/image/upload/v1773947468/balport-products/seeded/vk2nqarlcvw23hhykpok.jpg"
"BP-36000123234","36000123234","https://res.cloudinary.com/ddhs5dd6l/image/upload/v1773947470/balport-products/seeded/b0kj0bo9hovfyp7xzqmm.jpg"
"BP-36200002506","36200002506","https://res.cloudinary.com/ddhs5dd6l/image/upload/v1773947473/balport-products/seeded/lovhgmy8quyfgjfbzmf1.jpg"
"BP-36200003503","36200003503","https://res.cloudinary.com/ddhs5dd6l/image/upload/v1773947476/balport-products/seeded/w9yww0nnr2fsr8ctip2m.jpg"
"BP-36600813719","36600813719","https://res.cloudinary.com/ddhs5dd6l/image/upload/v1773947477/balport-products/seeded/pn45qsukwjjzknn77b0v.jpg"
"BP-36600814013","36600814013","https://res.cloudinary.com/ddhs5dd6l/image/upload/v1773947479/balport-products/seeded/bfpya0hgcl7rzhioc9qf.jpg"
"BP-36600828010","36600828010","https://res.cloudinary.com/ddhs5dd6l/image/upload/v1773947481/balport-products/seeded/klaqywivmjqxvuojzcho.jpg"
"BP-36602001015","36602001015","https://res.cloudinary.com/ddhs5dd6l/image/upload/v1773947482/balport-products/seeded/qpaaudyodjrp0oaf0w3p.jpg"
"BP-37000003106","37000003106","https://res.cloudinary.com/ddhs5dd6l/image/upload/v1773947484/balport-products/seeded/yqjocqrbdzrgnkwktspt.jpg"
"BP-37000004714","37000004714","https://res.cloudinary.com/ddhs5dd6l/image/upload/v1773947487/balport-products/seeded/nccg52mu9fyamcfnvfnf.jpg"
"BP-37000106135","37000106135","https://res.cloudinary.com/ddhs5dd6l/image/upload/v1773947488/balport-products/seeded/oh8qwapgqdlxyzo6svga.jpg"
"BP-37000117148","37000117148","https://res.cloudinary.com/ddhs5dd6l/image/upload/v1773947491/balport-products/seeded/koiomhpdjjahewdgrojm.jpg"
"BP-37000124450","37000124450","https://res.cloudinary.com/ddhs5dd6l/image/upload/v1773947493/balport-products/seeded/fmnsgoknlgmjkfmmqrup.jpg"
"BP-37000127833","37000127833","https://res.cloudinary.com/ddhs5dd6l/image/upload/v1773947496/balport-products/seeded/nsymwti9nxrgtlyund1d.jpg"
"BP-37000138754","37000138754","https://res.cloudinary.com/ddhs5dd6l/image/upload/v1773947498/balport-products/seeded/lbntcrzoqyzyde0vb9kn.jpg"
"BP-37000513117","37000513117","https://res.cloudinary.com/ddhs5dd6l/image/upload/v1773947506/balport-products/seeded/n5wnuvl0sbffcuvtw6u6.jpg"
"BP-37000524014","37000524014","https://res.cloudinary.com/ddhs5dd6l/image/upload/v1773947508/balport-products/seeded/hlx0pskryrcnyykouwfd.jpg"
"BP-37000811138","37000811138","https://res.cloudinary.com/ddhs5dd6l/image/upload/v1773947510/balport-products/seeded/cmbigdt518c7pitfxr1s.jpg"
"BP-37000811169","37000811169","https://res.cloudinary.com/ddhs5dd6l/image/upload/v1773947512/balport-products/seeded/i61o5myq2cdg5zar8gne.jpg"
"BP-37000820383","37000820383","https://res.cloudinary.com/ddhs5dd6l/image/upload/v1773947514/balport-products/seeded/sdxexz429iqkcwx3xqr4.jpg"
"BP-37000847366","37000847366","https://res.cloudinary.com/ddhs5dd6l/image/upload/v1773947515/balport-products/seeded/crbfhvx0jmm5o3gysvjp.jpg"
"BP-37000956587","37000956587","https://res.cloudinary.com/ddhs5dd6l/image/upload/v1773947517/balport-products/seeded/bl6nayrtgtn8zil3ncaf.jpg"
"BP-37000958604","37000958604","https://res.cloudinary.com/ddhs5dd6l/image/upload/v1773947518/balport-products/seeded/ulsfvwgd4rn6hoz36yvz.jpg"
"BP-37000962601","37000962601","https://res.cloudinary.com/ddhs5dd6l/image/upload/v1773947520/balport-products/seeded/t7aoeuvprkcyffh3xiq6.jpg"
"BP-37000970828","37000970828","https://res.cloudinary.com/ddhs5dd6l/image/upload/v1773947522/balport-products/seeded/o78stfx9x0krmt2qhdup.jpg"
"BP-37398027227","37398027227","https://res.cloudinary.com/ddhs5dd6l/image/upload/v1773947524/balport-products/seeded/qv8cneldisqjwl65uzxb.png"
"BP-37600110754","37600110754","https://res.cloudinary.com/ddhs5dd6l/image/upload/v1773947527/balport-products/seeded/muzaemczbyvrju4tcj24.jpg"
"BP-37600115445","37600115445","https://res.cloudinary.com/ddhs5dd6l/image/upload/v1773947529/balport-products/seeded/ux3cvttjvhu0rkuoqr0k.jpg"
"BP-37600138727","37600138727","https://res.cloudinary.com/ddhs5dd6l/image/upload/v1773947531/balport-products/seeded/e2mraxowe1rijjd0mhlh.jpg"
"BP-38000019210","38000019210","https://res.cloudinary.com/ddhs5dd6l/image/upload/v1773947534/balport-products/seeded/hd0xuvvyuicl3q9fzl8h.jpg"
"BP-38000116308","38000116308","https://res.cloudinary.com/ddhs5dd6l/image/upload/v1773947536/balport-products/seeded/yzuk5xvrnxkr2usar3gq.jpg"
"BP-38000138416","38000138416","https://res.cloudinary.com/ddhs5dd6l/image/upload/v1773947538/balport-products/seeded/a8m8yljtbomyzvf4fa6z.jpg"
"BP-38000138430","38000138430","https://res.cloudinary.com/ddhs5dd6l/image/upload/v1773947540/balport-products/seeded/r3i8uhartf4bz1wnovfa.jpg"
"BP-38000138546","38000138546","https://res.cloudinary.com/ddhs5dd6l/image/upload/v1773947542/balport-products/seeded/w2aohtsx03nqyaxs8fon.jpg"
"BP-38000138607","38000138607","https://res.cloudinary.com/ddhs5dd6l/image/upload/v1773947544/balport-products/seeded/hcbmkkvgdgjeivah1qv8.jpg"
"BP-38000138638","38000138638","https://res.cloudinary.com/ddhs5dd6l/image/upload/v1773947546/balport-products/seeded/go5h0myudyx2jumz6muw.jpg"
"BP-38000138720","38000138720","https://res.cloudinary.com/ddhs5dd6l/image/upload/v1773947548/balport-products/seeded/sohtu855wmvhlhtlepva.jpg"
"BP-38000169113","38000169113","https://res.cloudinary.com/ddhs5dd6l/image/upload/v1773947551/balport-products/seeded/lgcanaspup6xoq5ogfja.jpg"
"BP-38000183690","38000183690","https://res.cloudinary.com/ddhs5dd6l/image/upload/v1773947552/balport-products/seeded/ylqdtqh6groeh3nlhbha.jpg"
"BP-38000183713","38000183713","https://res.cloudinary.com/ddhs5dd6l/image/upload/v1773947554/balport-products/seeded/h1igf4ybrcphgjmcdptu.jpg"
"BP-38000183737","38000183737","https://res.cloudinary.com/ddhs5dd6l/image/upload/v1773947556/balport-products/seeded/plc2i2u6qtgiuicsjkw7.jpg"
"BP-38000219474","38000219474","https://res.cloudinary.com/ddhs5dd6l/image/upload/v1773947557/balport-products/seeded/zxbyiup0k4ifahloyxo6.jpg"
"BP-38000264481","38000264481","https://res.cloudinary.com/ddhs5dd6l/image/upload/v1773947559/balport-products/seeded/vmauwdjfug4zahfcxtzs.jpg"
"BP-38000280733","38000280733","https://res.cloudinary.com/ddhs5dd6l/image/upload/v1773947560/balport-products/seeded/rdpappd25zry4yipn7nw.jpg"
"BP-38000281426","38000281426","https://res.cloudinary.com/ddhs5dd6l/image/upload/v1773947563/balport-products/seeded/jisu7kvytswuy8rocbko.jpg"
"BP-38000282584","38000282584","https://res.cloudinary.com/ddhs5dd6l/image/upload/v1773947565/balport-products/seeded/mggaqgijwyhugjkxiszi.jpg"
"BP-38000299315","38000299315","https://res.cloudinary.com/ddhs5dd6l/image/upload/v1773947567/balport-products/seeded/yvehsap85z03go6oddix.jpg"
"BP-38000299360","38000299360","https://res.cloudinary.com/ddhs5dd6l/image/upload/v1773947568/balport-products/seeded/vbzwwkrk3pfonvymzfxx.jpg"
"BP-38000303166","38000303166","https://res.cloudinary.com/ddhs5dd6l/image/upload/v1773947570/balport-products/seeded/dta2rswslb7rz5rcrbgu.jpg"
"BP-38000304989","38000304989","https://res.cloudinary.com/ddhs5dd6l/image/upload/v1773947572/balport-products/seeded/lug0spfud9gjjezcxivu.jpg"
"BP-38000305009","38000305009","https://res.cloudinary.com/ddhs5dd6l/image/upload/v1773947573/balport-products/seeded/xqoya9ljt8buczsrzday.jpg"
"BP-38000310317","38000310317","https://res.cloudinary.com/ddhs5dd6l/image/upload/v1773947575/balport-products/seeded/drrlo5rrmfncanxete2t.jpg"
"BP-38000311314","38000311314","https://res.cloudinary.com/ddhs5dd6l/image/upload/v1773947577/balport-products/seeded/ihbbtq6uw94j3022fzmk.jpg"
"BP-38000317316","38000317316","https://res.cloudinary.com/ddhs5dd6l/image/upload/v1773947579/balport-products/seeded/txzdzpamycilxazgynua.jpg"
"BP-38000318405","38000318405","https://res.cloudinary.com/ddhs5dd6l/image/upload/v1773947581/balport-products/seeded/ht9t1wk8rxp7lsf2ep7b.jpg"
"BP-38000356216","38000356216","https://res.cloudinary.com/ddhs5dd6l/image/upload/v1773947583/balport-products/seeded/skeufb12avytilyalm8b.jpg"
"BP-38000357213","38000357213","https://res.cloudinary.com/ddhs5dd6l/image/upload/v1773947585/balport-products/seeded/geazmlj9qnrlhyjwvj7a.jpg"
"BP-38000358210","38000358210","https://res.cloudinary.com/ddhs5dd6l/image/upload/v1773947587/balport-products/seeded/tcbcqgvr0ncgpbqxwkgw.jpg"
"BP-38000359217","38000359217","https://res.cloudinary.com/ddhs5dd6l/image/upload/v1773947588/balport-products/seeded/d7aqrextxuxadm2fbznj.jpg"
"BP-38000581717","38000581717","https://res.cloudinary.com/ddhs5dd6l/image/upload/v1773947590/balport-products/seeded/py24wvdmwovtyew7fdzr.jpg"
"BP-38000590955","38000590955","https://res.cloudinary.com/ddhs5dd6l/image/upload/v1773947591/balport-products/seeded/db4iautpegqtm0nx23yj.jpg"
"BP-38000590993","38000590993","https://res.cloudinary.com/ddhs5dd6l/image/upload/v1773947593/balport-products/seeded/svhbt6klvouvhs0ra0zc.jpg"
"BP-38000635304","38000635304","https://res.cloudinary.com/ddhs5dd6l/image/upload/v1773947595/balport-products/seeded/hzvhwopwn4zbah66m474.jpg"
"BP-38000765414","38000765414","https://res.cloudinary.com/ddhs5dd6l/image/upload/v1773947597/balport-products/seeded/en0g84wboy1wlbcst1o0.jpg"
"BP-38000845246","38000845246","https://res.cloudinary.com/ddhs5dd6l/image/upload/v1773947598/balport-products/seeded/x767mmd2pt4hixsi0t8x.jpg"
"BP-38000845260","38000845260","https://res.cloudinary.com/ddhs5dd6l/image/upload/v1773947600/balport-products/seeded/fzjypqzekkrzugb7e3sz.jpg"
"BP-38000845512","38000845512","https://res.cloudinary.com/ddhs5dd6l/image/upload/v1773947602/balport-products/seeded/ufhlrkij2qcfiyp1jv8u.jpg"
"BP-38000845529","38000845529","https://res.cloudinary.com/ddhs5dd6l/image/upload/v1773947603/balport-products/seeded/wfd3yrcs45efihraiwsq.jpg"
"BP-38000845536","38000845536","https://res.cloudinary.com/ddhs5dd6l/image/upload/v1773947605/balport-products/seeded/oic0d7im5mgulm8b1mzq.jpg"
"BP-38200000162","38200000162","https://res.cloudinary.com/ddhs5dd6l/image/upload/v1773947607/balport-products/seeded/ebo4h7qet322xkbfdrol.jpg"
"BP-38200000902","38200000902","https://res.cloudinary.com/ddhs5dd6l/image/upload/v1773947609/balport-products/seeded/kycn97nvutppkmxuisnd.jpg"
"BP-38200000926","38200000926","https://res.cloudinary.com/ddhs5dd6l/image/upload/v1773947610/balport-products/seeded/hndllyf6b3w1i9gf25pr.jpg"
"BP-38766302144","38766302144","https://res.cloudinary.com/ddhs5dd6l/image/upload/v1773947612/balport-products/seeded/ga98q10vc6mejm1xez1l.png"
"BP-38766361202","38766361202","https://res.cloudinary.com/ddhs5dd6l/image/upload/v1773947614/balport-products/seeded/of2muardayy5jkzilmjd.jpg"
"BP-38900008185","38900008185","https://res.cloudinary.com/balport/image/upload/v1/placeholder.jpg"
"BP-38900009472","38900009472","https://res.cloudinary.com/ddhs5dd6l/image/upload/v1773947616/balport-products/seeded/see2kykzsj3t0rsckklp.jpg"
"BP-38900009632","38900009632","https://res.cloudinary.com/ddhs5dd6l/image/upload/v1773947618/balport-products/seeded/ybcrutieycksm4fjl4i5.jpg"
"BP-39000086639","39000086639","https://res.cloudinary.com/ddhs5dd6l/image/upload/v1773947620/balport-products/seeded/huugcljzzsq0sis9sfsf.jpg"
"BP-39383005944","39383005944","https://res.cloudinary.com/ddhs5dd6l/image/upload/v1773947623/balport-products/seeded/hcf3tjz0lavrwstxszw8.jpg"
"BP-39383006507","39383006507","https://res.cloudinary.com/ddhs5dd6l/image/upload/v1773947624/balport-products/seeded/zox3brrywzuslbc8blla.jpg"
"BP-39383009072","39383009072","https://res.cloudinary.com/ddhs5dd6l/image/upload/v1773947626/balport-products/seeded/kvidlv5nvr4h1ja1kiod.jpg"
"BP-39675777771","39675777771","https://res.cloudinary.com/ddhs5dd6l/image/upload/v1773947628/balport-products/seeded/pvjtla67zve2fwxmg4oc.jpg"
"BP-40000000310","40000000310","https://res.cloudinary.com/ddhs5dd6l/image/upload/v1773947629/balport-products/seeded/olawfpvbkfqhonwjktyd.jpg"
"BP-40000000327","40000000327","https://res.cloudinary.com/ddhs5dd6l/image/upload/v1773947631/balport-products/seeded/rc58w0trp9snfnifhr0k.jpg"
"BP-40000000518","40000000518","https://res.cloudinary.com/ddhs5dd6l/image/upload/v1773947633/balport-products/seeded/dpe1udxiou7ijguk0dx5.jpg"
"BP-40000001041","40000001041","https://res.cloudinary.com/ddhs5dd6l/image/upload/v1773947635/balport-products/seeded/neszrjcsyvce6phzd0qx.jpg"
"BP-40000001058","40000001058","https://res.cloudinary.com/ddhs5dd6l/image/upload/v1773947637/balport-products/seeded/gdn3xqn7h37qezyyknzw.png"
"BP-40000001447","40000001447","https://res.cloudinary.com/ddhs5dd6l/image/upload/v1773947639/balport-products/seeded/qhj223ppwxpvte1ykbg2.jpg"
"BP-40000001607","40000001607","https://res.cloudinary.com/ddhs5dd6l/image/upload/v1773947641/balport-products/seeded/rmj3tbc12zfx8wzkfees.jpg"
"BP-40000001621","40000001621","https://res.cloudinary.com/ddhs5dd6l/image/upload/v1773947643/balport-products/seeded/qusf8tc5crul1jzx8ox3.jpg"
"BP-40000001638","40000001638","https://res.cloudinary.com/ddhs5dd6l/image/upload/v1773947645/balport-products/seeded/jcoa8sqogf4whx0rfjyt.jpg"
"BP-40000002239","40000002239","https://res.cloudinary.com/ddhs5dd6l/image/upload/v1773947647/balport-products/seeded/xj70louyhx220tuin7gf.jpg"
"BP-40000002376","40000002376","https://res.cloudinary.com/ddhs5dd6l/image/upload/v1773947649/balport-products/seeded/xdl1o19azpjygrbiflvz.jpg"
"BP-40000002635","40000002635","https://res.cloudinary.com/ddhs5dd6l/image/upload/v1773947650/balport-products/seeded/xsx2j3zu4jtxy8rsowxr.jpg"
"BP-40000002666","40000002666","https://res.cloudinary.com/ddhs5dd6l/image/upload/v1773947653/balport-products/seeded/xgmqrmczlvq0vcokqqks.jpg"
"BP-40000004011","40000004011","https://res.cloudinary.com/ddhs5dd6l/image/upload/v1773947654/balport-products/seeded/u4wattelaojjphxlpxol.jpg"
"BP-40000004059","40000004059","https://res.cloudinary.com/ddhs5dd6l/image/upload/v1773947656/balport-products/seeded/fc3oc6trp7wn7ms6efv2.jpg"
"BP-40000004318","40000004318","https://res.cloudinary.com/ddhs5dd6l/image/upload/v1773947658/balport-products/seeded/ikfogiww2ot9xngbv6lt.jpg"
"BP-40000004325","40000004325","https://res.cloudinary.com/ddhs5dd6l/image/upload/v1773947660/balport-products/seeded/n3ftfpoyzw4qb0f2vfrh.jpg"
"BP-40000004356","40000004356","https://res.cloudinary.com/ddhs5dd6l/image/upload/v1773947662/balport-products/seeded/u0p87w3nbykquzae2msp.jpg"
"BP-40000004455","40000004455","https://res.cloudinary.com/ddhs5dd6l/image/upload/v1773947664/balport-products/seeded/d6yyfost3vwcu9befun7.jpg"
"BP-40000004608","40000004608","https://res.cloudinary.com/ddhs5dd6l/image/upload/v1773947665/balport-products/seeded/plntgfkkgmom44kpvgww.jpg"
"BP-40000004660","40000004660","https://res.cloudinary.com/ddhs5dd6l/image/upload/v1773947667/balport-products/seeded/j9gb9laelgbbp7zx8sx4.jpg"
"BP-40000006039","40000006039","https://res.cloudinary.com/ddhs5dd6l/image/upload/v1773947669/balport-products/seeded/cppxpn0hzsgiuto3ezrv.png"
"BP-40000006275","40000006275","https://res.cloudinary.com/ddhs5dd6l/image/upload/v1773947672/balport-products/seeded/nlfg0wqmgup3tix38fpg.jpg"
"BP-40000009702","40000009702","https://res.cloudinary.com/ddhs5dd6l/image/upload/v1773947673/balport-products/seeded/ejwfiwqqghq6pjdw2n3g.jpg"
"BP-40000394129","40000394129","https://res.cloudinary.com/ddhs5dd6l/image/upload/v1773947675/balport-products/seeded/vfa1htqms9damxr24eoa.jpg"
"BP-40000422068","40000422068","https://res.cloudinary.com/ddhs5dd6l/image/upload/v1773947676/balport-products/seeded/xkwkpr4o3kvt2talviom.jpg"
"BP-40000422082","40000422082","https://res.cloudinary.com/ddhs5dd6l/image/upload/v1773947678/balport-products/seeded/xwdas1pl6mkkydvuwqmi.jpg"
"BP-40000424314","40000424314","https://res.cloudinary.com/ddhs5dd6l/image/upload/v1773947679/balport-products/seeded/dell2ofjagykjnaxkzb6.jpg"
"BP-40000441489","40000441489","https://res.cloudinary.com/ddhs5dd6l/image/upload/v1773947681/balport-products/seeded/wnqnzxw4q3kw9qi6wraf.jpg"
"BP-40000459842","40000459842","https://res.cloudinary.com/ddhs5dd6l/image/upload/v1773947683/balport-products/seeded/it7sfqdgzqkbj449lcyb.jpg"
"BP-40000474173","40000474173","https://res.cloudinary.com/ddhs5dd6l/image/upload/v1773947685/balport-products/seeded/gx1ilo2ss9b6thnvxebd.jpg"
"BP-40000476528","40000476528","https://res.cloudinary.com/ddhs5dd6l/image/upload/v1773947687/balport-products/seeded/p3xeyaz9qaxwzjt25zkt.jpg"
"BP-40000508830","40000508830","https://res.cloudinary.com/ddhs5dd6l/image/upload/v1773947689/balport-products/seeded/pofyebdcwcm389njt1yp.jpg"
"BP-40000551898","40000551898","https://res.cloudinary.com/ddhs5dd6l/image/upload/v1773947691/balport-products/seeded/lmzine0uirda2twk7wj1.jpg"
"BP-40000560494","40000560494","https://res.cloudinary.com/ddhs5dd6l/image/upload/v1773947692/balport-products/seeded/z4ox16yucwmlzkgwipkd.jpg"
"BP-40000574576","40000574576","https://res.cloudinary.com/ddhs5dd6l/image/upload/v1773947694/balport-products/seeded/zyurz09wooab2fvn42yh.jpg"
"BP-40000592280","40000592280","https://res.cloudinary.com/ddhs5dd6l/image/upload/v1773947696/balport-products/seeded/j65qoqbe8r1id58tuabm.jpg"
"BP-40000592785","40000592785","https://res.cloudinary.com/ddhs5dd6l/image/upload/v1773947697/balport-products/seeded/rueqv3q2dsn8sgijmivz.jpg"
"BP-40000602989","40000602989","https://res.cloudinary.com/ddhs5dd6l/image/upload/v1773947699/balport-products/seeded/nffpba3idkc9riuuawec.jpg"
"BP-40000605560","40000605560","https://res.cloudinary.com/ddhs5dd6l/image/upload/v1773947701/balport-products/seeded/odjkh6nswcs0tycduami.jpg"
"BP-40000610458","40000610458","https://res.cloudinary.com/ddhs5dd6l/image/upload/v1773947702/balport-products/seeded/j8mo1mz63zpdafr2x9x3.jpg"
"BP-40063100903","40063100903","https://res.cloudinary.com/ddhs5dd6l/image/upload/v1773947705/balport-products/seeded/fzsvixslwdu0vsaxtnde.jpg"
"BP-40063116782","40063116782","https://res.cloudinary.com/ddhs5dd6l/image/upload/v1773947707/balport-products/seeded/j835s8avrj26pamdffmx.jpg"
"BP-40063175017","40063175017","https://res.cloudinary.com/ddhs5dd6l/image/upload/v1773947710/balport-products/seeded/tggcwok9necfpceczfjc.jpg"
"BP-40063175468","40063175468","https://res.cloudinary.com/ddhs5dd6l/image/upload/v1773947712/balport-products/seeded/rqurjqa8puzgffedih4y.jpg"
"BP-40063400027","40063400027","https://res.cloudinary.com/ddhs5dd6l/image/upload/v1773947714/balport-products/seeded/opzdfm7dyec0bhzwxyg3.jpg"
"BP-40063400317","40063400317","https://res.cloudinary.com/ddhs5dd6l/image/upload/v1773947716/balport-products/seeded/szh5ie9leap7emhjqcv8.jpg"
"BP-40063400409","40063400409","https://res.cloudinary.com/ddhs5dd6l/image/upload/v1773947718/balport-products/seeded/oy7qztuhl6ak0v2ehu0l.jpg"
"BP-40063400430","40063400430","https://res.cloudinary.com/ddhs5dd6l/image/upload/v1773947720/balport-products/seeded/clsufkbrhjd58e9nng10.jpg"
"BP-40129200073","40129200073","https://res.cloudinary.com/ddhs5dd6l/image/upload/v1773947722/balport-products/seeded/imn6k77fuhu4lnulwqnx.jpg"
"BP-40129200325","40129200325","https://res.cloudinary.com/ddhs5dd6l/image/upload/v1773947723/balport-products/seeded/wussb1oym6zb2as7wz2t.jpg"
"BP-40129200356","40129200356","https://res.cloudinary.com/ddhs5dd6l/image/upload/v1773947725/balport-products/seeded/n020kjw8sglz59icxjvn.jpg"
"BP-40129200486","40129200486","https://res.cloudinary.com/ddhs5dd6l/image/upload/v1773947726/balport-products/seeded/gdn7rm6qnj9ivf0q7nvs.jpg"
"BP-40129200516","40129200516","https://res.cloudinary.com/ddhs5dd6l/image/upload/v1773947729/balport-products/seeded/jlj1nrzvjw2ltkwdm7zj.jpg"
"BP-40129200523","40129200523","https://res.cloudinary.com/ddhs5dd6l/image/upload/v1773947731/balport-products/seeded/fzyha9xq5nozupmd7w91.jpg"
"BP-40129200530","40129200530","https://res.cloudinary.com/ddhs5dd6l/image/upload/v1773947734/balport-products/seeded/pv16wgai3d3o6roi2elt.jpg"
"BP-40129200561","40129200561","https://res.cloudinary.com/ddhs5dd6l/image/upload/v1773947737/balport-products/seeded/qnlgefv4qogft6hxnuob.jpg"
"BP-40129200585","40129200585","https://res.cloudinary.com/ddhs5dd6l/image/upload/v1773947738/balport-products/seeded/vv5dc0jrjch96jr9eea2.jpg"
"BP-40129200592","40129200592","https://res.cloudinary.com/ddhs5dd6l/image/upload/v1773947740/balport-products/seeded/svdjvsdf8qkyh51nfbah.gif"
"BP-40129200615","40129200615","https://res.cloudinary.com/ddhs5dd6l/image/upload/v1773947742/balport-products/seeded/jbrswtt3oz2qly4oq4eg.jpg"
"BP-40129200622","40129200622","https://res.cloudinary.com/ddhs5dd6l/image/upload/v1773947744/balport-products/seeded/ljvylcn5apxpzwniwnux.jpg"
"BP-40129200639","40129200639","https://res.cloudinary.com/ddhs5dd6l/image/upload/v1773947746/balport-products/seeded/osgjszs8igg5bdj7inwz.jpg"
"BP-40129200646","40129200646","https://res.cloudinary.com/ddhs5dd6l/image/upload/v1773947747/balport-products/seeded/nwig2xbwlvbtixaebeyn.jpg"
"BP-40129200868","40129200868","https://res.cloudinary.com/ddhs5dd6l/image/upload/v1773947749/balport-products/seeded/flwazfnl7q57ttrgawov.jpg"
"BP-40129200967","40129200967","https://res.cloudinary.com/ddhs5dd6l/image/upload/v1773947751/balport-products/seeded/uq7amumfeivtmnatpox3.jpg"
"BP-40129201025","40129201025","https://res.cloudinary.com/ddhs5dd6l/image/upload/v1773947752/balport-products/seeded/osux0bckkyyzpiow14zl.jpg"
"BP-40129201889","40129201889","https://res.cloudinary.com/ddhs5dd6l/image/upload/v1773947754/balport-products/seeded/zimqkbe4rwiie1t8rivl.jpg"
"BP-40232096716","40232096716","https://res.cloudinary.com/ddhs5dd6l/image/upload/v1773947755/balport-products/seeded/ziadydydqjb4hynoa1l7.png"
"BP-40232096723","40232096723","https://res.cloudinary.com/ddhs5dd6l/image/upload/v1773947757/balport-products/seeded/f67zolrdnzswwcxu0eu6.png"
"BP-40232288333","40232288333","https://res.cloudinary.com/ddhs5dd6l/image/upload/v1773947759/balport-products/seeded/pv3bhimadycduusmdcvh.jpg"
"BP-40232498282","40232498282","https://res.cloudinary.com/ddhs5dd6l/image/upload/v1773947760/balport-products/seeded/e8uaxnzw9cmkbbnmjuay.jpg"
"BP-40232498299","40232498299","https://res.cloudinary.com/ddhs5dd6l/image/upload/v1773947762/balport-products/seeded/kse3bwdarir0l4xuzfua.jpg"
"BP-40850020124","40850020124","https://res.cloudinary.com/ddhs5dd6l/image/upload/v1773947764/balport-products/seeded/gvjcll8kmiwn50mwy3wm.jpg"
"BP-41000002854","41000002854","https://res.cloudinary.com/ddhs5dd6l/image/upload/v1773947767/balport-products/seeded/hd0h2d5rtzn6flot9awv.jpg"
"BP-41000054143","41000054143","https://res.cloudinary.com/ddhs5dd6l/image/upload/v1773947769/balport-products/seeded/fr7ebk3msyafgkom8c7t.jpg"
"BP-41000214899","41000214899","https://res.cloudinary.com/ddhs5dd6l/image/upload/v1773947771/balport-products/seeded/nvzvhuf8yna9megiy02y.jpg"
"BP-41116005190","41116005190","https://res.cloudinary.com/ddhs5dd6l/image/upload/v1773947773/balport-products/seeded/vlp3y7gwmilfj6vqtu1g.jpg"
"BP-41116005343","41116005343","https://res.cloudinary.com/ddhs5dd6l/image/upload/v1773947786/balport-products/seeded/psfpzn3hehbwouwml2co.jpg"
"BP-41116005954","41116005954","https://res.cloudinary.com/ddhs5dd6l/image/upload/v1773947788/balport-products/seeded/fpnij3lj1ftavxbgsl82.jpg"
"BP-41137001072","41137001072","https://res.cloudinary.com/ddhs5dd6l/image/upload/v1773947790/balport-products/seeded/qactrdblwmzw9zkd1pgl.jpg"
"BP-41165022001","41165022001","https://res.cloudinary.com/ddhs5dd6l/image/upload/v1773947791/balport-products/seeded/s3meps63slxjicyfqrsb.jpg"
"BP-41165025156","41165025156","https://res.cloudinary.com/ddhs5dd6l/image/upload/v1773947793/balport-products/seeded/ksahlgzk8xrzlizmrnog.jpg"
"BP-41165600100","41165600100","https://res.cloudinary.com/ddhs5dd6l/image/upload/v1773947795/balport-products/seeded/qkcvs53y5nnukvepqeyx.jpg"
"BP-41167100158","41167100158","https://res.cloudinary.com/ddhs5dd6l/image/upload/v1773947798/balport-products/seeded/wka2ylc68ar7y1pyvdam.jpg"
"BP-41167100240","41167100240","https://res.cloudinary.com/ddhs5dd6l/image/upload/v1773947800/balport-products/seeded/urum2jmhwvpsomqjqmzn.jpg"
"BP-41244000098","41244000098","https://res.cloudinary.com/ddhs5dd6l/image/upload/v1773947803/balport-products/seeded/wjgmwc2ongrg3acjd7mt.jpg"
"BP-41244002566","41244002566","https://res.cloudinary.com/ddhs5dd6l/image/upload/v1773947804/balport-products/seeded/bbjj9tj8f60w03ecfi5t.jpg"
"BP-41244122547","41244122547","https://res.cloudinary.com/ddhs5dd6l/image/upload/v1773947806/balport-products/seeded/kvrohiqajuzfuj4rbyqv.jpg"
"BP-41303003107","41303003107","https://res.cloudinary.com/ddhs5dd6l/image/upload/v1773947808/balport-products/seeded/nmnfxaqkak7wxvpxlftc.jpg"
"BP-41303010808","41303010808","https://res.cloudinary.com/ddhs5dd6l/image/upload/v1773947810/balport-products/seeded/esxtobx0zxbk6ktq2of5.jpg"
"BP-41303017807","41303017807","https://res.cloudinary.com/ddhs5dd6l/image/upload/v1773947811/balport-products/seeded/i3lzxnknfp3k32ura57g.jpg"
"BP-41303024119","41303024119","https://res.cloudinary.com/ddhs5dd6l/image/upload/v1773947813/balport-products/seeded/qnqtn7w9kfrz4e4kvc4s.jpg"
"BP-41321005756","41321005756","https://res.cloudinary.com/ddhs5dd6l/image/upload/v1773947815/balport-products/seeded/mp4e92gdpiyham15hab7.jpg"
"BP-41333116013","41333116013","https://res.cloudinary.com/ddhs5dd6l/image/upload/v1773947817/balport-products/seeded/x4emfqm8ddtf5wtx5n0s.jpg"
"BP-41333213019","41333213019","https://res.cloudinary.com/ddhs5dd6l/image/upload/v1773947818/balport-products/seeded/boqrebbwc9kpubdijkcw.jpg"
"BP-41333214016","41333214016","https://res.cloudinary.com/ddhs5dd6l/image/upload/v1773947820/balport-products/seeded/mexxvggdte98lvwd7ted.jpg"
"BP-41333215013","41333215013","https://res.cloudinary.com/ddhs5dd6l/image/upload/v1773947821/balport-products/seeded/b8ikqkk8luspsop7inkb.jpg"
"BP-41333224015","41333224015","https://res.cloudinary.com/ddhs5dd6l/image/upload/v1773947824/balport-products/seeded/riijvdwoiaf0ttsncdmy.jpg"
"BP-41333415017","41333415017","https://res.cloudinary.com/ddhs5dd6l/image/upload/v1773947825/balport-products/seeded/hgvnhuoubnrabtsbscww.jpg"
"BP-41333424019","41333424019","https://res.cloudinary.com/ddhs5dd6l/image/upload/v1773947828/balport-products/seeded/ujzpbrkoxj9pb46qraap.jpg"
"BP-41333844015","41333844015","https://res.cloudinary.com/ddhs5dd6l/image/upload/v1773947830/balport-products/seeded/bjzyefcasedgbxzbl2mf.png"
"BP-41364002088","41364002088","https://res.cloudinary.com/ddhs5dd6l/image/upload/v1773947832/balport-products/seeded/rfuacfu5gvocdjrkql96.jpg"
"BP-41364002095","41364002095","https://res.cloudinary.com/ddhs5dd6l/image/upload/v1773947835/balport-products/seeded/azz8kipqy1wai95limsj.jpg"
"BP-41364080154","41364080154","https://res.cloudinary.com/ddhs5dd6l/image/upload/v1773947836/balport-products/seeded/qgmodezezwojo5ikmsas.jpg"
"BP-41364080499","41364080499","https://res.cloudinary.com/ddhs5dd6l/image/upload/v1773947838/balport-products/seeded/ie8lqucdwwlpt5vcbgph.jpg"
"BP-41364080512","41364080512","https://res.cloudinary.com/ddhs5dd6l/image/upload/v1773947840/balport-products/seeded/cad54mfohrqlbqtgpxtq.jpg"
"BP-41364080529","41364080529","https://res.cloudinary.com/ddhs5dd6l/image/upload/v1773947842/balport-products/seeded/k38mt2tg3xgtwpubeula.jpg"
"BP-41364080536","41364080536","https://res.cloudinary.com/ddhs5dd6l/image/upload/v1773947843/balport-products/seeded/ndfl5h6rm9eqspsrq0d2.jpg"
"BP-41364086330","41364086330","https://res.cloudinary.com/ddhs5dd6l/image/upload/v1773947845/balport-products/seeded/i2qiewr70cysugitrgkp.jpg"
"BP-41364086460","41364086460","https://res.cloudinary.com/ddhs5dd6l/image/upload/v1773947847/balport-products/seeded/qbd5xb5pkuwekfmgrf7y.jpg"
"BP-41364087306","41364087306","https://res.cloudinary.com/ddhs5dd6l/image/upload/v1773947849/balport-products/seeded/rj0cvlrwomy7xto4mcey.jpg"
"BP-41364087344","41364087344","https://res.cloudinary.com/ddhs5dd6l/image/upload/v1773947850/balport-products/seeded/kfjs6ctuu8ltu83j3iyj.jpg"
"BP-41364087924","41364087924","https://res.cloudinary.com/ddhs5dd6l/image/upload/v1773947853/balport-products/seeded/qltxx1ytvofzceijkmyi.jpg"
"BP-41364089904","41364089904","https://res.cloudinary.com/ddhs5dd6l/image/upload/v1773947855/balport-products/seeded/yi0kyygfu1p3pakbismt.jpg"
"BP-41364881317","41364881317","https://res.cloudinary.com/ddhs5dd6l/image/upload/v1773947857/balport-products/seeded/q4utlx813otlmq39erln.jpg"
"BP-41364881720","41364881720","https://res.cloudinary.com/ddhs5dd6l/image/upload/v1773947858/balport-products/seeded/kcv0bnboncewcmyhdrjk.jpg"
"BP-41364881928","41364881928","https://res.cloudinary.com/ddhs5dd6l/image/upload/v1773947860/balport-products/seeded/f9basn1oqvqvj4lxkabb.jpg"
"BP-41388210216","41388210216","https://res.cloudinary.com/ddhs5dd6l/image/upload/v1773947861/balport-products/seeded/ouhe6tjxcki24zr3ei2n.jpg"
"BP-41388220550","41388220550","https://res.cloudinary.com/ddhs5dd6l/image/upload/v1773947863/balport-products/seeded/gllhoqt9bktwvxehns0g.jpg"
"BP-41388220611","41388220611","https://res.cloudinary.com/ddhs5dd6l/image/upload/v1773947866/balport-products/seeded/lyqa8ydqbtcjwna3q2cc.jpg"
"BP-41390000010","41390000010","https://res.cloudinary.com/ddhs5dd6l/image/upload/v1773947868/balport-products/seeded/skulpupf2ib3dx7zw1vw.jpg"
"BP-41390000041","41390000041","https://res.cloudinary.com/ddhs5dd6l/image/upload/v1773947869/balport-products/seeded/dn8xzqpychijdpfba9wk.jpg"
"BP-41420023705","41420023705","https://res.cloudinary.com/ddhs5dd6l/image/upload/v1773947872/balport-products/seeded/tydbm9xmzgtqgfxxbpm8.jpg"
"BP-41420027161","41420027161","https://res.cloudinary.com/ddhs5dd6l/image/upload/v1773947874/balport-products/seeded/vbl7amnizdhwvuwb5lwr.jpg"
"BP-41420045691","41420045691","https://res.cloudinary.com/ddhs5dd6l/image/upload/v1773947876/balport-products/seeded/fbl9hsbsjqftgcmebxrl.jpg"
"BP-41420045707","41420045707","https://res.cloudinary.com/ddhs5dd6l/image/upload/v1773947877/balport-products/seeded/yfnbk1lnkgwguqyua14z.jpg"
"BP-41420065774","41420065774","https://res.cloudinary.com/ddhs5dd6l/image/upload/v1773947879/balport-products/seeded/rwh7gkbddkqjf3io0huc.jpg"
"BP-41420069949","41420069949","https://res.cloudinary.com/ddhs5dd6l/image/upload/v1773947881/balport-products/seeded/h3egs1pfwjsbg54jskv4.jpg"
"BP-41420078156","41420078156","https://res.cloudinary.com/ddhs5dd6l/image/upload/v1773947884/balport-products/seeded/qyjp9co7wiy5kkwiyt9m.jpg"
"BP-41420080265","41420080265","https://res.cloudinary.com/ddhs5dd6l/image/upload/v1773947886/balport-products/seeded/uatckaoap6syr4nslqzs.jpg"
"BP-41420084744","41420084744","https://res.cloudinary.com/ddhs5dd6l/image/upload/v1773947888/balport-products/seeded/cm0tbx24b0lotqpvqmko.jpg"
"BP-41420115875","41420115875","https://res.cloudinary.com/ddhs5dd6l/image/upload/v1773947890/balport-products/seeded/v99ndgqqyyacmgrhk2qf.jpg"
"BP-41420126031","41420126031","https://res.cloudinary.com/ddhs5dd6l/image/upload/v1773947892/balport-products/seeded/ibkkimy8xya3rt5k1ihw.jpg"
"BP-41500000251","41500000251","https://res.cloudinary.com/ddhs5dd6l/image/upload/v1773947893/balport-products/seeded/h6bd5cjjtanaqmsdyxtz.jpg"
"BP-41500007007","41500007007","https://res.cloudinary.com/ddhs5dd6l/image/upload/v1773947896/balport-products/seeded/f8pkdwwdg7jnzuo63oxi.jpg"
"BP-41508800075","41508800075","https://res.cloudinary.com/ddhs5dd6l/image/upload/v1773947897/balport-products/seeded/u4tzttutbphwrfquf6tv.jpg"
"BP-41508800082","41508800082","https://res.cloudinary.com/ddhs5dd6l/image/upload/v1773947899/balport-products/seeded/lhyjk1uzanwitpz95bxr.jpg"
"BP-41508800129","41508800129","https://res.cloudinary.com/ddhs5dd6l/image/upload/v1773947901/balport-products/seeded/xpua82ngbhepjpa8vt5f.jpg"
"BP-41508803069","41508803069","https://res.cloudinary.com/ddhs5dd6l/image/upload/v1773947904/balport-products/seeded/xwbcqzb7mn0p72grljv2.jpg"
"BP-41548825533","41548825533","https://res.cloudinary.com/ddhs5dd6l/image/upload/v1773947906/balport-products/seeded/j10p5hsk4c4z0rqugiuq.jpg"
"BP-41570051795","41570051795","https://res.cloudinary.com/ddhs5dd6l/image/upload/v1773947907/balport-products/seeded/nh0nsrjjpwxt1ufrbqvh.jpg"
"BP-41570051801","41570051801","https://res.cloudinary.com/ddhs5dd6l/image/upload/v1773947909/balport-products/seeded/vegisaisktjyl3czhrft.jpg"
"BP-41570051818","41570051818","https://res.cloudinary.com/ddhs5dd6l/image/upload/v1773947911/balport-products/seeded/nse2mj8cpzohuyys2qxc.jpg"
"BP-41570052303","41570052303","https://res.cloudinary.com/ddhs5dd6l/image/upload/v1773947913/balport-products/seeded/kvvh0smqntwey6i7njb5.jpg"
"BP-41570055120","41570055120","https://res.cloudinary.com/ddhs5dd6l/image/upload/v1773947914/balport-products/seeded/zxwzrarhm9turvvcxbvt.jpg"
"BP-41570055762","41570055762","https://res.cloudinary.com/ddhs5dd6l/image/upload/v1773947916/balport-products/seeded/pz433olktmfxb3xnof5a.jpg"
"BP-41570110232","41570110232","https://res.cloudinary.com/ddhs5dd6l/image/upload/v1773947918/balport-products/seeded/u7tshnary60py3ieoyn5.jpg"
"BP-41570110539","41570110539","https://res.cloudinary.com/ddhs5dd6l/image/upload/v1773947920/balport-products/seeded/kof3ej1h6znfltcfvdmg.png"
"BP-41570143582","41570143582","https://res.cloudinary.com/ddhs5dd6l/image/upload/v1773947922/balport-products/seeded/qonzhceplwrcexy8z1po.jpg"
"BP-41570152508","41570152508","https://res.cloudinary.com/ddhs5dd6l/image/upload/v1773947923/balport-products/seeded/b23ajgfctbj5nkdyzdnn.jpg"
"BP-41689112059","41689112059","https://res.cloudinary.com/ddhs5dd6l/image/upload/v1773947925/balport-products/seeded/soulysvyp45fb91wgezv.jpg"
"BP-41689300494","41689300494","https://res.cloudinary.com/ddhs5dd6l/image/upload/v1773947927/balport-products/seeded/zxgvpykdyock7q6sgaho.jpg"
"BP-41755000501","41755000501","https://res.cloudinary.com/ddhs5dd6l/image/upload/v1773947929/balport-products/seeded/qz8xdmpy7puwdcdr8yat.jpg"
"BP-41755000532","41755000532","https://res.cloudinary.com/ddhs5dd6l/image/upload/v1773947930/balport-products/seeded/v5xdmfixl0wpc0q6mmjz.jpg"
"BP-41755000556","41755000556","https://res.cloudinary.com/ddhs5dd6l/image/upload/v1773947931/balport-products/seeded/qggglupsz4hcclm4nluj.jpg"
"BP-41755000587","41755000587","https://res.cloudinary.com/ddhs5dd6l/image/upload/v1773947933/balport-products/seeded/dc2vh3rbsfgqd9dtaybu.jpg"
"BP-41755000709","41755000709","https://res.cloudinary.com/ddhs5dd6l/image/upload/v1773947934/balport-products/seeded/yutf4nwid19e0cjdssd3.jpg"
"BP-41755000761","41755000761","https://res.cloudinary.com/ddhs5dd6l/image/upload/v1773947936/balport-products/seeded/ihyuga8gbh9mhkjelojr.jpg"
"BP-41755001065","41755001065","https://res.cloudinary.com/ddhs5dd6l/image/upload/v1773947938/balport-products/seeded/bzgrb59kly1tpa7kbpep.jpg"
"BP-41755001201","41755001201","https://res.cloudinary.com/ddhs5dd6l/image/upload/v1773947940/balport-products/seeded/byd5tmgmlb1qmtxpciez.jpg"
"BP-41755001317","41755001317","https://res.cloudinary.com/ddhs5dd6l/image/upload/v1773947941/balport-products/seeded/f0kdlyyskki0xkn7y006.jpg"
"BP-41755008323","41755008323","https://res.cloudinary.com/ddhs5dd6l/image/upload/v1773947942/balport-products/seeded/mixa3q3lnvnrjde1wfcy.jpg"
"BP-41755150060","41755150060","https://res.cloudinary.com/ddhs5dd6l/image/upload/v1773947944/balport-products/seeded/lc0ngvlb7ivrbu2c45do.jpg"
"BP-41755200024","41755200024","https://res.cloudinary.com/ddhs5dd6l/image/upload/v1773947945/balport-products/seeded/htnh9e11p5qgnjoi5fmo.jpg"
"BP-41755200031","41755200031","https://res.cloudinary.com/ddhs5dd6l/image/upload/v1773947947/balport-products/seeded/r4axid4omcddhzyqkex3.jpg"
"BP-41789001154","41789001154","https://res.cloudinary.com/ddhs5dd6l/image/upload/v1773947949/balport-products/seeded/ip8f4pybmwmg5nohzsly.jpg"
"BP-41789001215","41789001215","https://res.cloudinary.com/ddhs5dd6l/image/upload/v1773947951/balport-products/seeded/hdv9p86bmnxi1qb1yha4.jpg"
"BP-41789001222","41789001222","https://res.cloudinary.com/ddhs5dd6l/image/upload/v1773947954/balport-products/seeded/tr6wkmueyluuz5cpxjlx.jpg"
"BP-41789001253","41789001253","https://res.cloudinary.com/ddhs5dd6l/image/upload/v1773947957/balport-products/seeded/tqrwj3rnypivn9l8ovv6.jpg"
"BP-41789001420","41789001420","https://res.cloudinary.com/ddhs5dd6l/image/upload/v1773947959/balport-products/seeded/ui8ii0zsock4viqgvegq.jpg"
"BP-41789001437","41789001437","https://res.cloudinary.com/ddhs5dd6l/image/upload/v1773947961/balport-products/seeded/doi51pafc5r4enzv8bji.jpg"
"BP-41789002113","41789002113","https://res.cloudinary.com/ddhs5dd6l/image/upload/v1773947963/balport-products/seeded/wkzbirfao6ur59gpf6js.jpg"
"BP-41789002120","41789002120","https://res.cloudinary.com/ddhs5dd6l/image/upload/v1773947966/balport-products/seeded/zsgfek7mh6uhzkwyhv8x.jpg"
"BP-41789002175","41789002175","https://res.cloudinary.com/ddhs5dd6l/image/upload/v1773947968/balport-products/seeded/nompaj7n3f62emxo6psz.jpg"
"BP-42200003320","42200003320","https://res.cloudinary.com/ddhs5dd6l/image/upload/v1773947980/balport-products/seeded/higznviqy1dqg9eylr7n.jpg"
"BP-42238301832","42238301832","https://res.cloudinary.com/ddhs5dd6l/image/upload/v1773947983/balport-products/seeded/qn8lyckmmjfbs1r4ujza.png"
"BP-42238302211","42238302211","https://res.cloudinary.com/ddhs5dd6l/image/upload/v1773947985/balport-products/seeded/uxlw6zkukdrpsv9jgbbp.jpg"
"BP-42238305007","42238305007","https://res.cloudinary.com/ddhs5dd6l/image/upload/v1773947986/balport-products/seeded/b5kqbzdohd9mozcbr2vj.jpg"
"BP-42238309777","42238309777","https://res.cloudinary.com/ddhs5dd6l/image/upload/v1773947988/balport-products/seeded/ka051mvc3np6uqwudiks.jpg"
"BP-42238312210","42238312210","https://res.cloudinary.com/ddhs5dd6l/image/upload/v1773947990/balport-products/seeded/arzj4xnosfdezfnqlxns.png"
"BP-42238323100","42238323100","https://res.cloudinary.com/ddhs5dd6l/image/upload/v1773947992/balport-products/seeded/j7x0mp5b9czssqljyink.jpg"
"BP-42238323643","42238323643","https://res.cloudinary.com/ddhs5dd6l/image/upload/v1773947993/balport-products/seeded/g5th4r5vgdgrlfd0asxf.jpg"
"BP-42238341210","42238341210","https://res.cloudinary.com/ddhs5dd6l/image/upload/v1773947995/balport-products/seeded/hey2satk8nrxkbaydhtk.jpg"
"BP-42238358898","42238358898","https://res.cloudinary.com/ddhs5dd6l/image/upload/v1773947997/balport-products/seeded/jjkk7n2bvr9ydk1jb1ii.jpg"
"BP-42238372665","42238372665","https://res.cloudinary.com/ddhs5dd6l/image/upload/v1773947999/balport-products/seeded/q4sayphgbbwuwd8cixri.jpg"
"BP-42238377554","42238377554","https://res.cloudinary.com/ddhs5dd6l/image/upload/v1773948001/balport-products/seeded/sqwv7jerlemc5ilekdjk.jpg"
"BP-42238380868","42238380868","https://res.cloudinary.com/ddhs5dd6l/image/upload/v1773948003/balport-products/seeded/bdcvgcu96w4sjbp8n2vx.jpg"
"BP-42238472556","42238472556","https://res.cloudinary.com/ddhs5dd6l/image/upload/v1773948005/balport-products/seeded/agskcnbbsp0qvyjemykb.jpg"
"BP-42238705234","42238705234","https://res.cloudinary.com/ddhs5dd6l/image/upload/v1773948006/balport-products/seeded/hvy0wbv1zs6khobsfith.jpg"
"BP-42238722125","42238722125","https://res.cloudinary.com/ddhs5dd6l/image/upload/v1773948009/balport-products/seeded/ntghmi1tlb6xizuv8eqw.jpg"
"BP-42238723320","42238723320","https://res.cloudinary.com/ddhs5dd6l/image/upload/v1773948010/balport-products/seeded/iobvvycbyc0f1hdesl4l.jpg"
"BP-42238723504","42238723504","https://res.cloudinary.com/ddhs5dd6l/image/upload/v1773948013/balport-products/seeded/oz5wdn2tyoekupz5hcc3.jpg"
"BP-42238723641","42238723641","https://res.cloudinary.com/ddhs5dd6l/image/upload/v1773948015/balport-products/seeded/o7ftaaau9vao4lubp0au.jpg"
"BP-42238724563","42238724563","https://res.cloudinary.com/ddhs5dd6l/image/upload/v1773948016/balport-products/seeded/gel4uxyhpdssywh8fdi2.jpg"
"BP-42238724938","42238724938","https://res.cloudinary.com/ddhs5dd6l/image/upload/v1773948019/balport-products/seeded/dfswwjhrx8kgufiispnt.jpg"
"BP-42238725201","42238725201","https://res.cloudinary.com/ddhs5dd6l/image/upload/v1773948021/balport-products/seeded/edgpdamoztcbeehjrgyw.jpg"
"BP-42238725331","42238725331","https://res.cloudinary.com/ddhs5dd6l/image/upload/v1773948023/balport-products/seeded/imgyhxvzjn3qinurireq.jpg"
"BP-42238726239","42238726239","https://res.cloudinary.com/ddhs5dd6l/image/upload/v1773948025/balport-products/seeded/d4fh1gyfhrwy04npgx0n.jpg"
"BP-42238750036","42238750036","https://res.cloudinary.com/ddhs5dd6l/image/upload/v1773948027/balport-products/seeded/wcjnbpqbjj2yaonlww8q.jpg"
"BP-42572040060","42572040060","https://res.cloudinary.com/ddhs5dd6l/image/upload/v1773948029/balport-products/seeded/y76c6lm3ntpti5aumuwp.jpg"
"BP-42572044044","42572044044","https://res.cloudinary.com/ddhs5dd6l/image/upload/v1773948031/balport-products/seeded/hkqcs1n2ib7tzsjcf6rb.jpg"
"BP-42572050069","42572050069","https://res.cloudinary.com/ddhs5dd6l/image/upload/v1773948032/balport-products/seeded/soqxssjwyrsmfvlbprhf.jpg"
"BP-42572057150","42572057150","https://res.cloudinary.com/ddhs5dd6l/image/upload/v1773948034/balport-products/seeded/bpuf2mmdhqqoponpm7il.jpg"
"BP-42897660950","42897660950","https://res.cloudinary.com/ddhs5dd6l/image/upload/v1773948043/balport-products/seeded/kgfzbw2wohavmn4skelf.jpg"
"BP-44000002107","44000002107","https://res.cloudinary.com/ddhs5dd6l/image/upload/v1773948050/balport-products/seeded/wqvsh6wjbie3zm1sv7bq.jpg"
"BP-44000002114","44000002114","https://res.cloudinary.com/ddhs5dd6l/image/upload/v1773948052/balport-products/seeded/l4vdmx8vw77grperhczt.jpg"
"BP-44000003821","44000003821","https://res.cloudinary.com/ddhs5dd6l/image/upload/v1773948054/balport-products/seeded/tmuaigkjxa7de0nirkqr.jpg"
"BP-44000006778","44000006778","https://res.cloudinary.com/ddhs5dd6l/image/upload/v1773948057/balport-products/seeded/volthinef2wav8d4nnj8.jpg"
"BP-44000006785","44000006785","https://res.cloudinary.com/ddhs5dd6l/image/upload/v1773948059/balport-products/seeded/myqw6ydjmmasxgtqgni6.jpg"
"BP-44000006792","44000006792","https://res.cloudinary.com/ddhs5dd6l/image/upload/v1773948062/balport-products/seeded/tlkjf2xraauyi6iosdhe.jpg"
"BP-44000006808","44000006808","https://res.cloudinary.com/ddhs5dd6l/image/upload/v1773948064/balport-products/seeded/f4gs98kwl3geulymgwbf.jpg"
"BP-44000007492","44000007492","https://res.cloudinary.com/ddhs5dd6l/image/upload/v1773948067/balport-products/seeded/twmgsctbge9t9eqvgyog.jpg"
"BP-44000028282","44000028282","https://res.cloudinary.com/ddhs5dd6l/image/upload/v1773948069/balport-products/seeded/wqqvacklafrlexn66yh4.jpg"
"BP-44000029548","44000029548","https://res.cloudinary.com/ddhs5dd6l/image/upload/v1773948072/balport-products/seeded/xyygqxvoan2d32ftbcmm.jpg"
"BP-44000031930","44000031930","https://res.cloudinary.com/ddhs5dd6l/image/upload/v1773948074/balport-products/seeded/t8js671t9enxvnw9unuu.jpg"
"BP-44000032197","44000032197","https://res.cloudinary.com/ddhs5dd6l/image/upload/v1773948076/balport-products/seeded/dl26joaakow63td7plsv.jpg"
"BP-44000034245","44000034245","https://res.cloudinary.com/ddhs5dd6l/image/upload/v1773948078/balport-products/seeded/xxwiksf7skgggyzdt8ee.jpg"
"BP-44000036584","44000036584","https://res.cloudinary.com/ddhs5dd6l/image/upload/v1773948080/balport-products/seeded/mgxo1zm3cj0k3ej8vjbm.jpg"
"BP-44000037444","44000037444","https://res.cloudinary.com/ddhs5dd6l/image/upload/v1773948084/balport-products/seeded/bcczlyjqfmizvdgvwfin.jpg"
"BP-44000037451","44000037451","https://res.cloudinary.com/ddhs5dd6l/image/upload/v1773948086/balport-products/seeded/xosrbjnmoxmismvc4zpa.jpg"
"BP-44000040703","44000040703","https://res.cloudinary.com/ddhs5dd6l/image/upload/v1773948088/balport-products/seeded/iljfetowfiznrdawvkky.jpg"
"BP-44000042509","44000042509","https://res.cloudinary.com/ddhs5dd6l/image/upload/v1773948091/balport-products/seeded/z2rqntcc3de6oloq8kxf.jpg"
"BP-44000043148","44000043148","https://res.cloudinary.com/ddhs5dd6l/image/upload/v1773948093/balport-products/seeded/rgbxrl4rlnqezt880fab.jpg"
"BP-44000045432","44000045432","https://res.cloudinary.com/ddhs5dd6l/image/upload/v1773948095/balport-products/seeded/pcybnohkcweczd0pskcm.jpg"
"BP-44000047009","44000047009","https://res.cloudinary.com/ddhs5dd6l/image/upload/v1773948097/balport-products/seeded/w1refetg1jgzpvtqdkxt.jpg"
"BP-44000047368","44000047368","https://res.cloudinary.com/ddhs5dd6l/image/upload/v1773948100/balport-products/seeded/egcql2to2pr5w9vuxwip.jpg"
"BP-44000052317","44000052317","https://res.cloudinary.com/ddhs5dd6l/image/upload/v1773948102/balport-products/seeded/jgsnipri0drnqddiqzn7.jpg"
"BP-44000055837","44000055837","https://res.cloudinary.com/ddhs5dd6l/image/upload/v1773948105/balport-products/seeded/mzltik6aa1ux9asyjh1h.jpg"
"BP-44000055844","44000055844","https://res.cloudinary.com/ddhs5dd6l/image/upload/v1773948106/balport-products/seeded/o7fa3ub9qo7bmmo3tzd3.jpg"
"BP-44000055851","44000055851","https://res.cloudinary.com/ddhs5dd6l/image/upload/v1773948108/balport-products/seeded/wtne0qupm5zkp04vtck1.jpg"
"BP-44000056940","44000056940","https://res.cloudinary.com/ddhs5dd6l/image/upload/v1773948110/balport-products/seeded/yygq3eys1grz1obedzpl.jpg"
"BP-44000060114","44000060114","https://res.cloudinary.com/ddhs5dd6l/image/upload/v1773948111/balport-products/seeded/eibmrejadbzxocyqpp0o.jpg"
"BP-44000060244","44000060244","https://res.cloudinary.com/ddhs5dd6l/image/upload/v1773948113/balport-products/seeded/mk3sdzddoahps90phtco.jpg"
"BP-44000060268","44000060268","https://res.cloudinary.com/ddhs5dd6l/image/upload/v1773948115/balport-products/seeded/uinphqckxzeimajm2i5r.jpg"
"BP-44000060633","44000060633","https://res.cloudinary.com/ddhs5dd6l/image/upload/v1773948116/balport-products/seeded/o3vi6nugiytmzeylusnr.jpg"
"BP-44000060718","44000060718","https://res.cloudinary.com/ddhs5dd6l/image/upload/v1773948118/balport-products/seeded/v5kazyla2qbkhyzapfvd.jpg"
"BP-44000069919","44000069919","https://res.cloudinary.com/ddhs5dd6l/image/upload/v1773948120/balport-products/seeded/sspo429g9u0wgk3kdwvc.png"
"BP-44000080150","44000080150","https://res.cloudinary.com/ddhs5dd6l/image/upload/v1773948122/balport-products/seeded/maijpupftrhnkgynj4ai.jpg"
"BP-44000080198","44000080198","https://res.cloudinary.com/ddhs5dd6l/image/upload/v1773948125/balport-products/seeded/kgdf3lazorfsznfcwnup.jpg"
"BP-44000080877","44000080877","https://res.cloudinary.com/ddhs5dd6l/image/upload/v1773948127/balport-products/seeded/vjpzt61jpqqzsljitw3f.jpg"
"BP-44000082116","44000082116","https://res.cloudinary.com/ddhs5dd6l/image/upload/v1773948129/balport-products/seeded/eilbvdoeuqnyo0nxxuqa.jpg"
"BP-44000082147","44000082147","https://res.cloudinary.com/ddhs5dd6l/image/upload/v1773948132/balport-products/seeded/svomkwswyxa9of3wjql1.jpg"
"BP-44300106321","44300106321","https://res.cloudinary.com/ddhs5dd6l/image/upload/v1773948134/balport-products/seeded/tvdg3vyrwrgmlex0azvi.jpg"
"BP-44600304854","44600304854","https://res.cloudinary.com/ddhs5dd6l/image/upload/v1773948136/balport-products/seeded/lcxycvguvsytlqrrghap.jpg"
"BP-44600320700","44600320700","https://res.cloudinary.com/ddhs5dd6l/image/upload/v1773948138/balport-products/seeded/ri2tjtxpqmkokeli6jd7.jpg"
"BP-44600320960","44600320960","https://res.cloudinary.com/ddhs5dd6l/image/upload/v1773948139/balport-products/seeded/dp2vpjzd87fbhtkou7sl.jpg"
"BP-44600322513","44600322513","https://res.cloudinary.com/ddhs5dd6l/image/upload/v1773948141/balport-products/seeded/qitd0o0shh6eig4f0mww.jpg"
"BP-44700006771","44700006771","https://res.cloudinary.com/ddhs5dd6l/image/upload/v1773948143/balport-products/seeded/gzwmokzwx2o5y5nislle.jpg"
"BP-44700103203","44700103203","https://res.cloudinary.com/ddhs5dd6l/image/upload/v1773948145/balport-products/seeded/yoayeh7klf9xgcnutyia.png"
"BP-44700360002","44700360002","https://res.cloudinary.com/ddhs5dd6l/image/upload/v1773948147/balport-products/seeded/ydfesk0cnwr2yervqxdb.jpg"
"BP-44800001010","44800001010","https://res.cloudinary.com/ddhs5dd6l/image/upload/v1773948149/balport-products/seeded/deyvcl1vltzaupki21s1.jpg"
"BP-44800001027","44800001027","https://res.cloudinary.com/ddhs5dd6l/image/upload/v1773948151/balport-products/seeded/g5amkvpsscnudtn2ypvs.jpg"
"BP-46100353530","46100353530","https://res.cloudinary.com/ddhs5dd6l/image/upload/v1773948153/balport-products/seeded/kqm3yzcur1nnhoctiute.jpg"
"BP-46100354056","46100354056","https://res.cloudinary.com/ddhs5dd6l/image/upload/v1773948155/balport-products/seeded/fwjuc9ywbafp48k27xmh.jpg"
"BP-46500018107","46500018107","https://res.cloudinary.com/ddhs5dd6l/image/upload/v1773948156/balport-products/seeded/bt3cyhsfsp57bbj9qgfq.png"
"BP-46500229305","46500229305","https://res.cloudinary.com/ddhs5dd6l/image/upload/v1773948158/balport-products/seeded/dvcplp9d5icz1hypunz1.jpg"
"BP-47400130920","47400130920","https://res.cloudinary.com/ddhs5dd6l/image/upload/v1773948160/balport-products/seeded/hvdnvct2z0fwigdvtug3.jpg"
"BP-47400240407","47400240407","https://res.cloudinary.com/ddhs5dd6l/image/upload/v1773948161/balport-products/seeded/hqlfevxgzstzyo5afg5s.jpg"
"BP-47677482487","47677482487","https://res.cloudinary.com/ddhs5dd6l/image/upload/v1773948163/balport-products/seeded/zgcmmhihnvhzodigc9pb.jpg"
"BP-47701110805","47701110805","https://res.cloudinary.com/ddhs5dd6l/image/upload/v1773948165/balport-products/seeded/hgfhzwsqonuwhljcyelz.jpg"
"BP-48001213517","48001213517","https://res.cloudinary.com/ddhs5dd6l/image/upload/v1773948180/balport-products/seeded/qjm5d3e9carjjdby9j9l.jpg"
"BP-48001353565","48001353565","https://res.cloudinary.com/ddhs5dd6l/image/upload/v1773948182/balport-products/seeded/sbnhowccx4eldhr2zdjq.jpg"
"BP-48014004157","48014004157","https://res.cloudinary.com/ddhs5dd6l/image/upload/v1773948184/balport-products/seeded/szcqkuu00hbqnnc0wefn.jpg"
"BP-48014009916","48014009916","https://res.cloudinary.com/ddhs5dd6l/image/upload/v1773948187/balport-products/seeded/rqidwrbhtudy0qbjs2pv.jpg"
"BP-48014010370","48014010370","https://res.cloudinary.com/ddhs5dd6l/image/upload/v1773948189/balport-products/seeded/rhn0qq8nbvuyb64ih7y5.jpg"
"BP-48014010431","48014010431","https://res.cloudinary.com/ddhs5dd6l/image/upload/v1773948190/balport-products/seeded/ezirtxzvlg2weukbm7hr.jpg"
"BP-48014010639","48014010639","https://res.cloudinary.com/ddhs5dd6l/image/upload/v1773948192/balport-products/seeded/km5pwwgaqnqkyjzl3xq0.jpg"
"BP-48014010783","48014010783","https://res.cloudinary.com/ddhs5dd6l/image/upload/v1773948194/balport-products/seeded/np3khyt0v9grt8yrcbhm.jpg"
"BP-48014011018","48014011018","https://res.cloudinary.com/ddhs5dd6l/image/upload/v1773948196/balport-products/seeded/hpqklt5xpuzyz4hwbujm.jpg"
"BP-48014011117","48014011117","https://res.cloudinary.com/ddhs5dd6l/image/upload/v1773948197/balport-products/seeded/innarct1ecdhaaf3fs8u.jpg"
"BP-48014011131","48014011131","https://res.cloudinary.com/ddhs5dd6l/image/upload/v1773948199/balport-products/seeded/hinmvhquplcunjtdgshp.jpg"
"BP-48500017753","48500017753","https://res.cloudinary.com/ddhs5dd6l/image/upload/v1773948202/balport-products/seeded/eyr1cxfnxortn06nakrw.jpg"
"BP-48500017791","48500017791","https://res.cloudinary.com/ddhs5dd6l/image/upload/v1773948203/balport-products/seeded/trfinrjhotwmpevtg7rh.jpg"
"BP-48500205716","48500205716","https://res.cloudinary.com/ddhs5dd6l/image/upload/v1773948206/balport-products/seeded/tneni6jwtjozea1nfcsa.jpg"
"BP-48500206034","48500206034","https://res.cloudinary.com/ddhs5dd6l/image/upload/v1773948208/balport-products/seeded/ufh7tq4eu7tbmeidwjau.jpg"
"BP-48843001006","48843001006","https://res.cloudinary.com/ddhs5dd6l/image/upload/v1773948209/balport-products/seeded/ftdaenft7fdxn6jmp75o.jpg"
"BP-49000000443","49000000443","https://res.cloudinary.com/ddhs5dd6l/image/upload/v1773948211/balport-products/seeded/xouaedasoywrbt1jqisn.jpg"
"BP-49000000450","49000000450","https://res.cloudinary.com/ddhs5dd6l/image/upload/v1773948213/balport-products/seeded/s13qvfian3tzypabywgz.jpg"
"BP-49000000504","49000000504","https://res.cloudinary.com/ddhs5dd6l/image/upload/v1773948215/balport-products/seeded/i3iduhhw7m0pfgal2xvn.jpg"
"BP-49000001327","49000001327","https://res.cloudinary.com/ddhs5dd6l/image/upload/v1773948217/balport-products/seeded/sfzbjoxzho6hq4nqbq2m.jpg"
"BP-49000001839","49000001839","https://res.cloudinary.com/ddhs5dd6l/image/upload/v1773948219/balport-products/seeded/oooulykghzrrnedkpvjo.jpg"
"BP-49000004632","49000004632","https://res.cloudinary.com/ddhs5dd6l/image/upload/v1773948221/balport-products/seeded/fithxpikuwior5g6609b.jpg"
"BP-49000005226","49000005226","https://res.cloudinary.com/ddhs5dd6l/image/upload/v1773948223/balport-products/seeded/evb5nv6z2wjuvkf3rryg.jpg"
"BP-49000005240","49000005240","https://res.cloudinary.com/ddhs5dd6l/image/upload/v1773948224/balport-products/seeded/hbe5wewrh3j5ypglqoeq.jpg"
"BP-49000006346","49000006346","https://res.cloudinary.com/ddhs5dd6l/image/upload/v1773948227/balport-products/seeded/bitqgoyzodqwxgfudgba.jpg"
"BP-49000006582","49000006582","https://res.cloudinary.com/ddhs5dd6l/image/upload/v1773948229/balport-products/seeded/pcaiby8ctxtk1fh3jr9p.jpg"
"BP-49000006841","49000006841","https://res.cloudinary.com/ddhs5dd6l/image/upload/v1773948231/balport-products/seeded/mprorkqb5hrftqrifmox.jpg"
"BP-49000007640","49000007640","https://res.cloudinary.com/ddhs5dd6l/image/upload/v1773948234/balport-products/seeded/in4jpf5eidwjggcekshv.jpg"
"BP-49000018011","49000018011","https://res.cloudinary.com/ddhs5dd6l/image/upload/v1773948236/balport-products/seeded/ywv1lv4acv1gbirev5io.jpg"
"BP-49000023190","49000023190","https://res.cloudinary.com/ddhs5dd6l/image/upload/v1773948238/balport-products/seeded/ztlagtw6xxmfx3lzzlbo.jpg"
"BP-49000024685","49000024685","https://res.cloudinary.com/ddhs5dd6l/image/upload/v1773948240/balport-products/seeded/nb0y360bqvjgeykjolcp.jpg"
"BP-49000024692","49000024692","https://res.cloudinary.com/ddhs5dd6l/image/upload/v1773948242/balport-products/seeded/vtlksjroegtfdsvupspx.jpg"
"BP-49000024708","49000024708","https://res.cloudinary.com/ddhs5dd6l/image/upload/v1773948244/balport-products/seeded/x1f5dpmbh9za982lhjic.jpg"
"BP-49000026207","49000026207","https://res.cloudinary.com/ddhs5dd6l/image/upload/v1773948246/balport-products/seeded/aked2m2vebvv8lngfgzv.jpg"
"BP-49000028904","49000028904","https://res.cloudinary.com/ddhs5dd6l/image/upload/v1773948249/balport-products/seeded/bgltlxvqfntq082niaop.jpg"
"BP-49000028911","49000028911","https://res.cloudinary.com/ddhs5dd6l/image/upload/v1773948251/balport-products/seeded/vzf9k4akfvmzuebehdxa.jpg"
"BP-49000028928","49000028928","https://res.cloudinary.com/ddhs5dd6l/image/upload/v1773948253/balport-products/seeded/m2kdrzc3xl62zffzqzmv.jpg"
"BP-49000031034","49000031034","https://res.cloudinary.com/ddhs5dd6l/image/upload/v1773948255/balport-products/seeded/gey93lagttgh7pmmaygj.jpg"
"BP-49000031652","49000031652","https://res.cloudinary.com/ddhs5dd6l/image/upload/v1773948256/balport-products/seeded/wi0cgedxn2rzh2zvksm4.jpg"
"BP-49000037197","49000037197","https://res.cloudinary.com/ddhs5dd6l/image/upload/v1773948258/balport-products/seeded/lvubs8oazkiwk8udsieg.jpg"
"BP-49000040869","49000040869","https://res.cloudinary.com/ddhs5dd6l/image/upload/v1773948261/balport-products/seeded/okzmqhfnu6rjzwc9taek.jpg"
"BP-49000042559","49000042559","https://res.cloudinary.com/ddhs5dd6l/image/upload/v1773948263/balport-products/seeded/kbpu0sqistjhmsvvllho.jpg"
"BP-49000042566","49000042566","https://res.cloudinary.com/ddhs5dd6l/image/upload/v1773948265/balport-products/seeded/mnprpujsbe57p2m4rfit.jpg"
"BP-49000045659","49000045659","https://res.cloudinary.com/ddhs5dd6l/image/upload/v1773948267/balport-products/seeded/iwbbfvh5oq23uu5h02bd.jpg"
"BP-49000045840","49000045840","https://res.cloudinary.com/ddhs5dd6l/image/upload/v1773948270/balport-products/seeded/n46flaci1exeymtsclr2.jpg"
"BP-49000047547","49000047547","https://res.cloudinary.com/ddhs5dd6l/image/upload/v1773948272/balport-products/seeded/egl6ttfbc6q3w8bljtj3.jpg"
"BP-49000047790","49000047790","https://res.cloudinary.com/ddhs5dd6l/image/upload/v1773948275/balport-products/seeded/jtb7r4nasqwmbv13jjq8.jpg"
"BP-49000047820","49000047820","https://res.cloudinary.com/ddhs5dd6l/image/upload/v1773948277/balport-products/seeded/xq2l6xfvszas0hlnovhc.jpg"
"BP-49000047837","49000047837","https://res.cloudinary.com/ddhs5dd6l/image/upload/v1773948279/balport-products/seeded/sl7pz4hrduv0o2ksruyp.jpg"
"BP-49000047844","49000047844","https://res.cloudinary.com/ddhs5dd6l/image/upload/v1773948281/balport-products/seeded/qnpks09pvscl264la0nz.jpg"
"BP-49000050103","49000050103","https://res.cloudinary.com/ddhs5dd6l/image/upload/v1773948283/balport-products/seeded/vbrcshxrrjbzk16wroyo.jpg"
"BP-49000050110","49000050110","https://res.cloudinary.com/ddhs5dd6l/image/upload/v1773948284/balport-products/seeded/iynfgposzxskvs5poxhn.jpg"
"BP-49000050141","49000050141","https://res.cloudinary.com/ddhs5dd6l/image/upload/v1773948286/balport-products/seeded/a6eg8pdautapd8vseukk.jpg"
"BP-49000050158","49000050158","https://res.cloudinary.com/ddhs5dd6l/image/upload/v1773948288/balport-products/seeded/eaupxybnm8vkln43h91m.jpg"
"BP-49000053401","49000053401","https://res.cloudinary.com/ddhs5dd6l/image/upload/v1773948290/balport-products/seeded/ldxd3uqen2opzvi43m4g.jpg"
"BP-49000053418","49000053418","https://res.cloudinary.com/ddhs5dd6l/image/upload/v1773948292/balport-products/seeded/xjsfp3ru5omqlgsqwrlu.jpg"
"BP-49000053425","49000053425","https://res.cloudinary.com/ddhs5dd6l/image/upload/v1773948296/balport-products/seeded/omazvfk5ixny2elf9kmx.jpg"
"BP-49000053432","49000053432","https://res.cloudinary.com/ddhs5dd6l/image/upload/v1773948297/balport-products/seeded/mdirzbikmtduvt6qtbxl.jpg"
"BP-49000053746","49000053746","https://res.cloudinary.com/ddhs5dd6l/image/upload/v1773948300/balport-products/seeded/nvl8hvvlnheyvi4u2734.jpg"
"BP-49000055375","49000055375","https://res.cloudinary.com/ddhs5dd6l/image/upload/v1773948302/balport-products/seeded/axiot0bj8chstpllx6ye.jpg"
"BP-49000060423","49000060423","https://res.cloudinary.com/ddhs5dd6l/image/upload/v1773948305/balport-products/seeded/dikvichbieudelfj2xip.jpg"
"BP-49000062823","49000062823","https://res.cloudinary.com/ddhs5dd6l/image/upload/v1773948308/balport-products/seeded/zc9pe6sjqoups3i7sozl.jpg"
"BP-49000062830","49000062830","https://res.cloudinary.com/ddhs5dd6l/image/upload/v1773948311/balport-products/seeded/kjvbtoag5qvfx9wbw6lt.jpg"
"BP-49000079371","49000079371","https://res.cloudinary.com/ddhs5dd6l/image/upload/v1773948318/balport-products/seeded/bjlvuxnpvqwtshnfhgcp.jpg"
"BP-49000079388","49000079388","https://res.cloudinary.com/ddhs5dd6l/image/upload/v1773948320/balport-products/seeded/okgpmcofnfektj1rekoz.jpg"
"BP-49000079395","49000079395","https://res.cloudinary.com/ddhs5dd6l/image/upload/v1773948322/balport-products/seeded/nvtkzpnee4dibdggx6cw.jpg"
"BP-49000549201","49000549201","https://res.cloudinary.com/ddhs5dd6l/image/upload/v1773948324/balport-products/seeded/noftelizi0ms0judvucv.jpg"
"BP-49000558951","49000558951","https://res.cloudinary.com/ddhs5dd6l/image/upload/v1773948326/balport-products/seeded/wftd0vwcoygntgsdlyr0.jpg"
"BP-49331002215","49331002215","https://res.cloudinary.com/ddhs5dd6l/image/upload/v1773948328/balport-products/seeded/flxrgkuommbsmmsofvcb.jpg"
"BP-49331002222","49331002222","https://res.cloudinary.com/balport/image/upload/v1/placeholder.jpg"
"BP-49331002307","49331002307","https://res.cloudinary.com/ddhs5dd6l/image/upload/v1773948329/balport-products/seeded/pmq4knreahamynz2gmho.jpg"
"BP-49331003120","49331003120","https://res.cloudinary.com/ddhs5dd6l/image/upload/v1773948331/balport-products/seeded/ddm1a2xqrxsq4cru109m.jpg"
"BP-49331004134","49331004134","https://res.cloudinary.com/ddhs5dd6l/image/upload/v1773948333/balport-products/seeded/jdbzenvts1oajk1rbwsc.jpg"
"BP-49331816126","49331816126","https://res.cloudinary.com/ddhs5dd6l/image/upload/v1773948334/balport-products/seeded/fyfcljiyk2egq4kvw21y.jpg"
"BP-49508007302","49508007302","https://res.cloudinary.com/ddhs5dd6l/image/upload/v1773948337/balport-products/seeded/xrnkkwejqloqtwirly4t.jpg"
"BP-50000301621","50000301621","https://res.cloudinary.com/ddhs5dd6l/image/upload/v1773948339/balport-products/seeded/sws5pdvgprquoowlmkjc.jpg"
"BP-50000302628","50000302628","https://res.cloudinary.com/ddhs5dd6l/image/upload/v1773948342/balport-products/seeded/fxhgw30ndcpx5bnqnpoq.jpg"
"BP-50000314744","50000314744","https://res.cloudinary.com/ddhs5dd6l/image/upload/v1773948344/balport-products/seeded/yalsi06f96lt4dtswbyf.jpg"
"BP-50000421848","50000421848","https://res.cloudinary.com/ddhs5dd6l/image/upload/v1773948346/balport-products/seeded/lb7kuaovwncxd97prqrg.jpg"
"BP-50000421947","50000421947","https://res.cloudinary.com/ddhs5dd6l/image/upload/v1773948348/balport-products/seeded/n0scrukomqhnexqpj8uk.jpg"
"BP-50000424948","50000424948","https://res.cloudinary.com/ddhs5dd6l/image/upload/v1773948349/balport-products/seeded/gxewwfhtq4oi3cvpysyw.jpg"
"BP-50000572014","50000572014","https://res.cloudinary.com/ddhs5dd6l/image/upload/v1773948352/balport-products/seeded/ouoaiaq1udj2upijrglx.png"
"BP-50000577958","50000577958","https://res.cloudinary.com/ddhs5dd6l/image/upload/v1773948354/balport-products/seeded/dwroxjgfcdaqhef9x2qd.jpg"
"BP-50000886807","50000886807","https://res.cloudinary.com/ddhs5dd6l/image/upload/v1773948356/balport-products/seeded/qd34qpq0jknsajsz1lhj.jpg"
"BP-50037014501","50037014501","https://res.cloudinary.com/ddhs5dd6l/image/upload/v1773948357/balport-products/seeded/su4vu57rdifrj1aastqw.jpg"
"BP-50037014549","50037014549","https://res.cloudinary.com/ddhs5dd6l/image/upload/v1773948359/balport-products/seeded/b2tk2qeshahmfoa1xm8j.jpg"
"BP-50037597172","50037597172","https://res.cloudinary.com/ddhs5dd6l/image/upload/v1773948361/balport-products/seeded/ya9llxp2tjvhzoswzyuf.jpg"
"BP-50200003295","50200003295","https://res.cloudinary.com/ddhs5dd6l/image/upload/v1773948363/balport-products/seeded/xfseo2qmzhglspoumfmo.gif"
"BP-50200003486","50200003486","https://res.cloudinary.com/ddhs5dd6l/image/upload/v1773948364/balport-products/seeded/sojmee5awxnl8te2ca2z.jpg"
"BP-50200500145","50200500145","https://res.cloudinary.com/ddhs5dd6l/image/upload/v1773948367/balport-products/seeded/o8flp9iu5e02dce6pydv.png"
"BP-50255022005","50255022005","https://res.cloudinary.com/ddhs5dd6l/image/upload/v1773948369/balport-products/seeded/ndetil99mywwnhi0hw7v.jpg"
"BP-50648263831","50648263831","https://res.cloudinary.com/ddhs5dd6l/image/upload/v1773948371/balport-products/seeded/wpsfqfo3lsg3fpxn8e7l.jpg"
"BP-51000012517","51000012517","https://res.cloudinary.com/ddhs5dd6l/image/upload/v1773948372/balport-products/seeded/gwqhzlmptmrrazd2j40h.jpg"
"BP-51000012920","51000012920","https://res.cloudinary.com/ddhs5dd6l/image/upload/v1773948374/balport-products/seeded/lbuvdbqwznxp7mxlkyvt.jpg"
"BP-51497320782","51497320782","https://res.cloudinary.com/ddhs5dd6l/image/upload/v1773948376/balport-products/seeded/ym6utkuheyyh83gignex.jpg"
"BP-51497382094","51497382094","https://res.cloudinary.com/ddhs5dd6l/image/upload/v1773948377/balport-products/seeded/mexkreomohsp27szizvn.jpg"
"BP-51500057117","51500057117","https://res.cloudinary.com/ddhs5dd6l/image/upload/v1773948379/balport-products/seeded/eao1coikdt5tnec6nq5k.jpg"
"BP-51500057223","51500057223","https://res.cloudinary.com/ddhs5dd6l/image/upload/v1773948380/balport-products/seeded/eq9ds9aemfwscjmxisd7.jpg"
"BP-51500255162","51500255162","https://res.cloudinary.com/ddhs5dd6l/image/upload/v1773948382/balport-products/seeded/yl3tg10xdf5vwe5zuyz3.jpg"
"BP-51500255377","51500255377","https://res.cloudinary.com/ddhs5dd6l/image/upload/v1773948384/balport-products/seeded/db2olcbb8sh4wpjnqdmx.jpg"
"BP-51756020064","51756020064","https://res.cloudinary.com/ddhs5dd6l/image/upload/v1773948386/balport-products/seeded/ww4weq5hptqa2rzikouk.jpg"
"BP-51756021061","51756021061","https://res.cloudinary.com/ddhs5dd6l/image/upload/v1773948388/balport-products/seeded/jkusmj4nvmdg5dkltigh.jpg"
"BP-51756023065","51756023065","https://res.cloudinary.com/ddhs5dd6l/image/upload/v1773948390/balport-products/seeded/crfidqypsg7hyquh36m1.jpg"
"BP-51943270036","51943270036","https://res.cloudinary.com/ddhs5dd6l/image/upload/v1773948391/balport-products/seeded/cxivv4c4ycffbw49lrs6.jpg"
"BP-51943270050","51943270050","https://res.cloudinary.com/ddhs5dd6l/image/upload/v1773948393/balport-products/seeded/uybxlkin90af0kfqlhz0.jpg"
"BP-51943270081","51943270081","https://res.cloudinary.com/ddhs5dd6l/image/upload/v1773948394/balport-products/seeded/nnptsdpjthaoqgogsdtj.jpg"
"BP-52000010282","52000010282","https://res.cloudinary.com/ddhs5dd6l/image/upload/v1773948396/balport-products/seeded/mnwqrir8au351mlvmw6s.jpg"
"BP-52000010299","52000010299","https://res.cloudinary.com/ddhs5dd6l/image/upload/v1773948398/balport-products/seeded/c7saojrgcaha38savkmb.jpg"
"BP-52000042313","52000042313","https://res.cloudinary.com/ddhs5dd6l/image/upload/v1773948400/balport-products/seeded/exub977ozkw1sfm1ntk9.jpg"
"BP-52000042320","52000042320","https://res.cloudinary.com/ddhs5dd6l/image/upload/v1773948402/balport-products/seeded/rtw3z0culf2vdfzn97ew.jpg"
"BP-52000042337","52000042337","https://res.cloudinary.com/ddhs5dd6l/image/upload/v1773948403/balport-products/seeded/pw0pyzngmrug8z4i3je5.jpg"
"BP-52000042344","52000042344","https://res.cloudinary.com/ddhs5dd6l/image/upload/v1773948405/balport-products/seeded/v9k0fomdgk8jmgjvuhbf.jpg"
"BP-52000043143","52000043143","https://res.cloudinary.com/ddhs5dd6l/image/upload/v1773948408/balport-products/seeded/llnjni5paiojmdncvlb4.jpg"
"BP-52000043174","52000043174","https://res.cloudinary.com/ddhs5dd6l/image/upload/v1773948411/balport-products/seeded/hwdkq5tiksms8i11arpw.jpg"
"BP-52000043181","52000043181","https://res.cloudinary.com/ddhs5dd6l/image/upload/v1773948415/balport-products/seeded/etwsm9ilqwpyphnb1wo7.jpg"
"BP-52000043198","52000043198","https://res.cloudinary.com/ddhs5dd6l/image/upload/v1773948417/balport-products/seeded/b6iv70gg7bfhwwniqthg.jpg"
"BP-52000043280","52000043280","https://res.cloudinary.com/ddhs5dd6l/image/upload/v1773948419/balport-products/seeded/e7lc7rddmdiri68fnoy5.jpg"
"BP-52000043334","52000043334","https://res.cloudinary.com/ddhs5dd6l/image/upload/v1773948421/balport-products/seeded/u3oegumhwhgnlwtifziy.jpg"
"BP-52000044263","52000044263","https://res.cloudinary.com/ddhs5dd6l/image/upload/v1773948423/balport-products/seeded/ldteiaucyvqdynay8hqh.jpg"
"BP-52000044270","52000044270","https://res.cloudinary.com/ddhs5dd6l/image/upload/v1773948425/balport-products/seeded/afoflkmtqrdfljw9kd66.jpg"
"BP-52000047042","52000047042","https://res.cloudinary.com/ddhs5dd6l/image/upload/v1773948427/balport-products/seeded/ewh56kbjtnpu6ckyqb0x.jpg"
"BP-52000047059","52000047059","https://res.cloudinary.com/ddhs5dd6l/image/upload/v1773948429/balport-products/seeded/rmnj6qhoaj1kav5wvemk.jpg"
"BP-52000047066","52000047066","https://res.cloudinary.com/ddhs5dd6l/image/upload/v1773948430/balport-products/seeded/uszfwfj79ogudeabsbsf.jpg"
"BP-52000047660","52000047660","https://res.cloudinary.com/ddhs5dd6l/image/upload/v1773948433/balport-products/seeded/myrefbl2dkpjsmcxaj6j.jpg"
"BP-52000047905","52000047905","https://res.cloudinary.com/ddhs5dd6l/image/upload/v1773948434/balport-products/seeded/hasscry6bltgkgjanp4g.jpg"
"BP-52000047912","52000047912","https://res.cloudinary.com/ddhs5dd6l/image/upload/v1773948436/balport-products/seeded/ncuvrh3efcp3yuarefgs.jpg"
"BP-52000049008","52000049008","https://res.cloudinary.com/ddhs5dd6l/image/upload/v1773948438/balport-products/seeded/deivonnoeccccc8clvis.png"
"BP-52000050288","52000050288","https://res.cloudinary.com/ddhs5dd6l/image/upload/v1773948439/balport-products/seeded/wtt253jlgbxndx0yd8sq.png"
"BP-52000050295","52000050295","https://res.cloudinary.com/ddhs5dd6l/image/upload/v1773948441/balport-products/seeded/qjdmuf7rna8xukiigp0a.jpg"
"BP-52000050622","52000050622","https://res.cloudinary.com/ddhs5dd6l/image/upload/v1773948443/balport-products/seeded/ujxkbuzbidan173gfbxf.jpg"
"BP-52000050820","52000050820","https://res.cloudinary.com/ddhs5dd6l/image/upload/v1773948444/balport-products/seeded/pzetmnskbsnnv7prac5m.jpg"
"BP-52000051179","52000051179","https://res.cloudinary.com/ddhs5dd6l/image/upload/v1773948446/balport-products/seeded/gz9l6yxs5f3qessmf3ew.jpg"
"BP-52000052855","52000052855","https://res.cloudinary.com/ddhs5dd6l/image/upload/v1773948448/balport-products/seeded/x82eju1lo0mfvxjrctzk.jpg"
"BP-52000052862","52000052862","https://res.cloudinary.com/ddhs5dd6l/image/upload/v1773948449/balport-products/seeded/s9rsbs252fhigfrgiejy.jpg"
"BP-52000052879","52000052879","https://res.cloudinary.com/ddhs5dd6l/image/upload/v1773948451/balport-products/seeded/rpqosmsylb0emqbkz4ss.jpg"
"BP-52000054996","52000054996","https://res.cloudinary.com/ddhs5dd6l/image/upload/v1773948453/balport-products/seeded/tuefpb6o2rvx5enojrgs.jpg"
"BP-52000057980","52000057980","https://res.cloudinary.com/ddhs5dd6l/image/upload/v1773948455/balport-products/seeded/ukddlmucfwbnbktpvl5y.jpg"
"BP-52000058024","52000058024","https://res.cloudinary.com/ddhs5dd6l/image/upload/v1773948456/balport-products/seeded/fwylqrunrvnqxee1rxis.jpg"
"BP-52000063400","52000063400","https://res.cloudinary.com/ddhs5dd6l/image/upload/v1773948458/balport-products/seeded/crzl54lycs74etew7fml.jpg"
"BP-52000063424","52000063424","https://res.cloudinary.com/ddhs5dd6l/image/upload/v1773948460/balport-products/seeded/wym0ve2k4qzejcx1p0im.jpg"
"BP-52000066081","52000066081","https://res.cloudinary.com/ddhs5dd6l/image/upload/v1773948462/balport-products/seeded/wqwocun2icooykydmbvd.jpg"
"BP-52000102390","52000102390","https://res.cloudinary.com/ddhs5dd6l/image/upload/v1773948466/balport-products/seeded/lywwdfqyw3tf4xob4wf2.jpg"
"BP-52000102413","52000102413","https://res.cloudinary.com/ddhs5dd6l/image/upload/v1773948468/balport-products/seeded/fbof6spjh4ywgqgtx6mb.jpg"
"BP-52000102451","52000102451","https://res.cloudinary.com/ddhs5dd6l/image/upload/v1773948471/balport-products/seeded/g1howbhkhzj6vta1yrop.jpg"
"BP-52000104103","52000104103","https://res.cloudinary.com/ddhs5dd6l/image/upload/v1773948473/balport-products/seeded/ziow0oslatqsmouddh8w.jpg"
"BP-52000104110","52000104110","https://res.cloudinary.com/ddhs5dd6l/image/upload/v1773948475/balport-products/seeded/hdtizltg7tnewhzeltzu.jpg"
"BP-52000104325","52000104325","https://res.cloudinary.com/ddhs5dd6l/image/upload/v1773948477/balport-products/seeded/kfxvkm9ananmwb8wd6pj.jpg"
"BP-52000104332","52000104332","https://res.cloudinary.com/ddhs5dd6l/image/upload/v1773948479/balport-products/seeded/ttajte88txsjaoc7glu3.jpg"
"BP-52000132243","52000132243","https://res.cloudinary.com/ddhs5dd6l/image/upload/v1773948481/balport-products/seeded/lbuhr6qui6fvsawkz5kc.jpg"
"BP-52000135084","52000135084","https://res.cloudinary.com/ddhs5dd6l/image/upload/v1773948483/balport-products/seeded/fkms5vtmnvxts3nuhy6l.jpg"
"BP-52000135138","52000135138","https://res.cloudinary.com/ddhs5dd6l/image/upload/v1773948485/balport-products/seeded/vwufu0imtizxvyl3iaoy.jpg"
"BP-52000135145","52000135145","https://res.cloudinary.com/ddhs5dd6l/image/upload/v1773948488/balport-products/seeded/fsup0ljvxo089dcpofgl.jpg"
"BP-52000135152","52000135152","https://res.cloudinary.com/ddhs5dd6l/image/upload/v1773948491/balport-products/seeded/ziqcbwehfa0uele6jev3.jpg"
"BP-52000135169","52000135169","https://res.cloudinary.com/ddhs5dd6l/image/upload/v1773948493/balport-products/seeded/lwe8btsgmag3xnqt4jfx.jpg"
"BP-52000135176","52000135176","https://res.cloudinary.com/ddhs5dd6l/image/upload/v1773948496/balport-products/seeded/xn0w4aaaqwuwyonwobt9.jpg"
"BP-52000135190","52000135190","https://res.cloudinary.com/ddhs5dd6l/image/upload/v1773948497/balport-products/seeded/hjqsvnmqlfnsbndjod1i.jpg"
"BP-52000135282","52000135282","https://res.cloudinary.com/ddhs5dd6l/image/upload/v1773948499/balport-products/seeded/rh8jasmpnnfdebonojy4.jpg"
"BP-52000208054","52000208054","https://res.cloudinary.com/ddhs5dd6l/image/upload/v1773948502/balport-products/seeded/udelchbvznzgahxsb2c1.jpg"
"BP-52000208061","52000208061","https://res.cloudinary.com/ddhs5dd6l/image/upload/v1773948504/balport-products/seeded/ftleur8jrluxlfsrc7bq.jpg"
"BP-52000208078","52000208078","https://res.cloudinary.com/ddhs5dd6l/image/upload/v1773948506/balport-products/seeded/ymzleoebejtgqgnnlcgg.jpg"
"BP-52000208085","52000208085","https://res.cloudinary.com/ddhs5dd6l/image/upload/v1773948508/balport-products/seeded/bykmracgecat2fotoydn.jpg"
"BP-52000208429","52000208429","https://res.cloudinary.com/ddhs5dd6l/image/upload/v1773948511/balport-products/seeded/qnofila96r55jdcrb18i.jpg"
"BP-52000208443","52000208443","https://res.cloudinary.com/ddhs5dd6l/image/upload/v1773948513/balport-products/seeded/ajjsldbfrxa6zmi0n5me.jpg"
"BP-52000241211","52000241211","https://res.cloudinary.com/ddhs5dd6l/image/upload/v1773948516/balport-products/seeded/c6loxuz1yt6w4npjhahn.jpg"
"BP-52000241235","52000241235","https://res.cloudinary.com/ddhs5dd6l/image/upload/v1773948517/balport-products/seeded/zxijkxxe7julein8hdb7.jpg"
"BP-52000324815","52000324815","https://res.cloudinary.com/ddhs5dd6l/image/upload/v1773948519/balport-products/seeded/lex0qvtor7rof2avjzwf.jpg"
"BP-52000325850","52000325850","https://res.cloudinary.com/ddhs5dd6l/image/upload/v1773948521/balport-products/seeded/ncmj8plkwv2ffmgu8hun.jpg"
"BP-52000328660","52000328660","https://res.cloudinary.com/ddhs5dd6l/image/upload/v1773948524/balport-products/seeded/a2kpntlq9wvcgdgdddbh.jpg"
"BP-52000328684","52000328684","https://res.cloudinary.com/ddhs5dd6l/image/upload/v1773948525/balport-products/seeded/qtkdkdt2npgqflvzjcji.jpg"
"BP-52000338751","52000338751","https://res.cloudinary.com/ddhs5dd6l/image/upload/v1773948527/balport-products/seeded/h7dhgfnljae3gakko7ii.jpg"
"BP-52000338775","52000338775","https://res.cloudinary.com/ddhs5dd6l/image/upload/v1773948529/balport-products/seeded/pzgbv4z7uiozmzjjffx1.jpg"
"BP-52300000440","52300000440","https://res.cloudinary.com/ddhs5dd6l/image/upload/v1773948531/balport-products/seeded/ng4rub3lljp0fex60ihk.jpg"
"BP-53859201074","53859201074","https://res.cloudinary.com/ddhs5dd6l/image/upload/v1773948533/balport-products/seeded/ajx1rluyw26lxoiyisah.jpg"
"BP-53859201104","53859201104","https://res.cloudinary.com/ddhs5dd6l/image/upload/v1773948534/balport-products/seeded/pkers3uygvr6mdc42xbq.jpg"
"BP-53859201111","53859201111","https://res.cloudinary.com/ddhs5dd6l/image/upload/v1773948536/balport-products/seeded/wncuwtr7o4ianapkfkab.jpg"
"BP-53859201180","53859201180","https://res.cloudinary.com/ddhs5dd6l/image/upload/v1773948537/balport-products/seeded/hdjbv6fmsws84zrckxrx.jpg"
"BP-54100000392","54100000392","https://res.cloudinary.com/ddhs5dd6l/image/upload/v1773948539/balport-products/seeded/mndb91nujoji1moqakn0.jpg"
"BP-55500017263","55500017263","https://res.cloudinary.com/ddhs5dd6l/image/upload/v1773948542/balport-products/seeded/uw5h22ywya7mt34outxr.jpg"
"BP-58000311619","58000311619","https://res.cloudinary.com/ddhs5dd6l/image/upload/v1773948543/balport-products/seeded/nivam3hczptcb8epkkgm.jpg"
"BP-58745654156","58745654156","https://res.cloudinary.com/ddhs5dd6l/image/upload/v1773948545/balport-products/seeded/es1qsnz4vuudieue19z9.jpg"
"BP-59245592450","59245592450","https://res.cloudinary.com/ddhs5dd6l/image/upload/v1773948547/balport-products/seeded/ufjwkdezuwy51f70zu2p.jpg"
"BP-62067027604","62067027604","https://res.cloudinary.com/ddhs5dd6l/image/upload/v1773948549/balport-products/seeded/z3kpyp5i0ta7vkhfqy6u.jpg"
"BP-62067029684","62067029684","https://res.cloudinary.com/ddhs5dd6l/image/upload/v1773948550/balport-products/seeded/nszfgfgu1t1nlcqm4qqm.jpg"
"BP-63625174501","63625174501","https://res.cloudinary.com/ddhs5dd6l/image/upload/v1773948552/balport-products/seeded/lncw2qkzwqyaimujbedc.jpg"
"BP-63791000352","63791000352","https://res.cloudinary.com/ddhs5dd6l/image/upload/v1773948554/balport-products/seeded/k20pje4ssbun4yf0pdxi.jpg"
"BP-63791001335","63791001335","https://res.cloudinary.com/ddhs5dd6l/image/upload/v1773948556/balport-products/seeded/kqxgx9lahwjkpxjc5o0g.jpg"
"BP-63793365404","63793365404","https://res.cloudinary.com/ddhs5dd6l/image/upload/v1773948558/balport-products/seeded/vmoaqgbluokvdejmkmyw.jpg"
"BP-64144043040","64144043040","https://res.cloudinary.com/ddhs5dd6l/image/upload/v1773948561/balport-products/seeded/qv1gu9xzna27bnudx6fs.jpg"
"BP-64144043156","64144043156","https://res.cloudinary.com/ddhs5dd6l/image/upload/v1773948570/balport-products/seeded/qmg1jakxv3t6ocfrw6fl.jpg"
"BP-64144043224","64144043224","https://res.cloudinary.com/ddhs5dd6l/image/upload/v1773948572/balport-products/seeded/iv5ikkdznkh0ekn8mimz.jpg"
"BP-66619100463","66619100463","https://res.cloudinary.com/ddhs5dd6l/image/upload/v1773948574/balport-products/seeded/tucvwvtktqpzk93q2dag.jpg"
"BP-67990600139","67990600139","https://res.cloudinary.com/ddhs5dd6l/image/upload/v1773948576/balport-products/seeded/gnlbcyho9m2qez710dez.jpg"
"BP-70155124647","70155124647","https://res.cloudinary.com/ddhs5dd6l/image/upload/v1773948580/balport-products/seeded/hiwbbvk2gupmimzq4mcs.jpg"
"BP-70158000054","70158000054","https://res.cloudinary.com/ddhs5dd6l/image/upload/v1773948582/balport-products/seeded/i9kxfluelprpsoqxkrwm.jpg"
"BP-70221011116","70221011116","https://res.cloudinary.com/ddhs5dd6l/image/upload/v1773948584/balport-products/seeded/ljab8q48mtinpagx7ogk.jpg"
"BP-70310013205","70310013205","https://res.cloudinary.com/ddhs5dd6l/image/upload/v1773948586/balport-products/seeded/pt4vjuurkqykozsekc40.jpg"
"BP-70310014837","70310014837","https://res.cloudinary.com/ddhs5dd6l/image/upload/v1773948587/balport-products/seeded/ur5iqgd8x2bxftmm9fcb.jpg"
"BP-70330000025","70330000025","https://res.cloudinary.com/ddhs5dd6l/image/upload/v1773948588/balport-products/seeded/vgpzned80mfnyxwk4hv4.jpg"
"BP-70330503076","70330503076","https://res.cloudinary.com/ddhs5dd6l/image/upload/v1773948590/balport-products/seeded/sfo4cg4bhupmhxe5jnqz.jpg"
"BP-70330633254","70330633254","https://res.cloudinary.com/ddhs5dd6l/image/upload/v1773948591/balport-products/seeded/izrvphw2domi3jwvjpoy.jpg"
"BP-70330643321","70330643321","https://res.cloudinary.com/ddhs5dd6l/image/upload/v1773948593/balport-products/seeded/emsq6ekrcftihag7it10.jpg"
"BP-70330746787","70330746787","https://res.cloudinary.com/ddhs5dd6l/image/upload/v1773948595/balport-products/seeded/myxnrazkzsrcgyyu1nnb.jpg"
"BP-70330902824","70330902824","https://res.cloudinary.com/ddhs5dd6l/image/upload/v1773948596/balport-products/seeded/pjko3qohkhel3hol9jna.jpg"
"BP-70330902831","70330902831","https://res.cloudinary.com/ddhs5dd6l/image/upload/v1773948598/balport-products/seeded/xraubi9pnalse6epww0w.jpg"
"BP-70330911871","70330911871","https://res.cloudinary.com/ddhs5dd6l/image/upload/v1773948599/balport-products/seeded/zzugz6zlofvuzfedoymq.jpg"
"BP-70330916142","70330916142","https://res.cloudinary.com/ddhs5dd6l/image/upload/v1773948601/balport-products/seeded/nxh9mtutgtmsk0amadzc.jpg"
"BP-70404000050","70404000050","https://res.cloudinary.com/ddhs5dd6l/image/upload/v1773948602/balport-products/seeded/byukge08tzlggf9r5rcj.jpg"
"BP-70462002003","70462002003","https://res.cloudinary.com/ddhs5dd6l/image/upload/v1773948605/balport-products/seeded/bpyu746f9zl8k33cpaky.jpg"
"BP-70462002065","70462002065","https://res.cloudinary.com/ddhs5dd6l/image/upload/v1773948607/balport-products/seeded/gon5wnfgfilauqgqrghw.jpg"
"BP-70462007794","70462007794","https://res.cloudinary.com/ddhs5dd6l/image/upload/v1773948609/balport-products/seeded/uqxbragxu3xjmwl1jdp5.jpg"
"BP-70462009033","70462009033","https://res.cloudinary.com/ddhs5dd6l/image/upload/v1773948612/balport-products/seeded/mjshsre5li7nm3pt39lw.jpg"
"BP-70462009057","70462009057","https://res.cloudinary.com/ddhs5dd6l/image/upload/v1773948613/balport-products/seeded/ivgz1v1rrqzoqsjfuoey.jpg"
"BP-70462009200","70462009200","https://res.cloudinary.com/ddhs5dd6l/image/upload/v1773948615/balport-products/seeded/fgmllub0t4nbwaeajpsi.jpg"
"BP-70462010909","70462010909","https://res.cloudinary.com/ddhs5dd6l/image/upload/v1773948617/balport-products/seeded/fyp5rzdcvotjhvl5an7b.jpg"
"BP-70462011388","70462011388","https://res.cloudinary.com/ddhs5dd6l/image/upload/v1773948619/balport-products/seeded/j7yv3piaipvrkmrpi1eb.jpg"
"BP-70462013726","70462013726","https://res.cloudinary.com/ddhs5dd6l/image/upload/v1773948621/balport-products/seeded/aobqluitsyjna9cyb43f.jpg"
"BP-70462035964","70462035964","https://res.cloudinary.com/ddhs5dd6l/image/upload/v1773948623/balport-products/seeded/k75pylr4r57fyiswgoqk.jpg"
"BP-70462035988","70462035988","https://res.cloudinary.com/ddhs5dd6l/image/upload/v1773948625/balport-products/seeded/pn5dsa40mrrjaanjc4wc.jpg"
"BP-70462036008","70462036008","https://res.cloudinary.com/ddhs5dd6l/image/upload/v1773948628/balport-products/seeded/aiofqnjvhvptwdnwbf6e.jpg"
"BP-70462098358","70462098358","https://res.cloudinary.com/ddhs5dd6l/image/upload/v1773948630/balport-products/seeded/zswvwxpcj0fn8yepzhrg.jpg"
"BP-70462098501","70462098501","https://res.cloudinary.com/ddhs5dd6l/image/upload/v1773948632/balport-products/seeded/g2naihulfpzgdpgzwqb1.jpg"
"BP-70462098525","70462098525","https://res.cloudinary.com/ddhs5dd6l/image/upload/v1773948634/balport-products/seeded/tbac1wbnwhhrxnzggezr.jpg"
"BP-70462431407","70462431407","https://res.cloudinary.com/ddhs5dd6l/image/upload/v1773948636/balport-products/seeded/rhzwn8mhdlo6wqqxeqb5.jpg"
"BP-70462542509","70462542509","https://res.cloudinary.com/ddhs5dd6l/image/upload/v1773948638/balport-products/seeded/bc2injzotr6pltitiz6r.jpg"
"BP-70501451052","70501451052","https://res.cloudinary.com/ddhs5dd6l/image/upload/v1773948640/balport-products/seeded/a9ly84jcd734ec72qg80.jpg"
"BP-70602063000","70602063000","https://res.cloudinary.com/ddhs5dd6l/image/upload/v1773948643/balport-products/seeded/j7gfqel5tpdqmbrl6omd.jpg"
"BP-70602739028","70602739028","https://res.cloudinary.com/ddhs5dd6l/image/upload/v1773948645/balport-products/seeded/c1hkt0fxz0gh0fel7ft8.jpg"
"BP-70602769001","70602769001","https://res.cloudinary.com/ddhs5dd6l/image/upload/v1773948647/balport-products/seeded/nbjgcdfwwp641fyzmpnq.jpg"
"BP-70602839001","70602839001","https://res.cloudinary.com/ddhs5dd6l/image/upload/v1773948649/balport-products/seeded/fvt7mvribws0bmax8efy.jpg"
"BP-70640020522","70640020522","https://res.cloudinary.com/ddhs5dd6l/image/upload/v1773948651/balport-products/seeded/bpmiyfyc9nsjskkj2y99.jpg"
"BP-70662010037","70662010037","https://res.cloudinary.com/ddhs5dd6l/image/upload/v1773948654/balport-products/seeded/jkech85znzcmoetdcfil.jpg"
"BP-70662030028","70662030028","https://res.cloudinary.com/ddhs5dd6l/image/upload/v1773948656/balport-products/seeded/gawjrsgwu7z9jifngxeh.jpg"
"BP-70662087237","70662087237","https://res.cloudinary.com/ddhs5dd6l/image/upload/v1773948658/balport-products/seeded/wujazptoawlo3h9huqda.jpg"
"BP-70662087299","70662087299","https://res.cloudinary.com/ddhs5dd6l/image/upload/v1773948660/balport-products/seeded/zjrcwm8uoo5wvtxsxoib.jpg"
"BP-70842001664","70842001664","https://res.cloudinary.com/ddhs5dd6l/image/upload/v1773948663/balport-products/seeded/gwkthz2fnfexixgzsdd2.jpg"
"BP-70847000037","70847000037","https://res.cloudinary.com/ddhs5dd6l/image/upload/v1773948673/balport-products/seeded/mcmoinxq73ybkjc0epxd.jpg"
"BP-70847012474","70847012474","https://res.cloudinary.com/ddhs5dd6l/image/upload/v1773948675/balport-products/seeded/phmpm8jiayp6kf41ohjh.jpg"
"BP-70847017707","70847017707","https://res.cloudinary.com/ddhs5dd6l/image/upload/v1773948677/balport-products/seeded/kjkmzcpe9qbeg9ltpp1d.jpg"
"BP-70847020905","70847020905","https://res.cloudinary.com/ddhs5dd6l/image/upload/v1773948679/balport-products/seeded/khuvmaugf0z6j5eypx2e.jpg"
"BP-70847021520","70847021520","https://res.cloudinary.com/ddhs5dd6l/image/upload/v1773948680/balport-products/seeded/mx75wps8xr59lhwjzkqa.jpg"
"BP-70847022909","70847022909","https://res.cloudinary.com/ddhs5dd6l/image/upload/v1773948682/balport-products/seeded/dhgbeqo8mfgz61zgvzhc.jpg"
"BP-70847027324","70847027324","https://res.cloudinary.com/ddhs5dd6l/image/upload/v1773948683/balport-products/seeded/cy3ojwhzgwgnp1qwfmri.jpg"
"BP-70847029014","70847029014","https://res.cloudinary.com/ddhs5dd6l/image/upload/v1773948686/balport-products/seeded/cjbpqnsxwycgmnusbp6g.jpg"
"BP-70847029427","70847029427","https://res.cloudinary.com/ddhs5dd6l/image/upload/v1773948687/balport-products/seeded/fy0cqtetfwllhdr97fvn.jpg"
"BP-70847031918","70847031918","https://res.cloudinary.com/ddhs5dd6l/image/upload/v1773948689/balport-products/seeded/pp5imblpcuhnpr3zkd7n.jpg"
"BP-70847033080","70847033080","https://res.cloudinary.com/ddhs5dd6l/image/upload/v1773948691/balport-products/seeded/x6h8djudrjtrhqho9vnm.jpg"
"BP-70847034629","70847034629","https://res.cloudinary.com/ddhs5dd6l/image/upload/v1773948692/balport-products/seeded/tkszvxvgf1fpd8s0yhww.jpg"
"BP-70847034643","70847034643","https://res.cloudinary.com/ddhs5dd6l/image/upload/v1773948694/balport-products/seeded/epxtjzsowbzwcct0oacu.jpg"
"BP-70847036920","70847036920","https://res.cloudinary.com/ddhs5dd6l/image/upload/v1773948696/balport-products/seeded/zokpqicpjhky79mineaf.jpg"
"BP-70847037989","70847037989","https://res.cloudinary.com/ddhs5dd6l/image/upload/v1773948698/balport-products/seeded/jczwiuykukcr0qju5f5g.jpg"
"BP-70847811169","70847811169","https://res.cloudinary.com/ddhs5dd6l/image/upload/v1773948700/balport-products/seeded/meqo5mx17ieu2broceew.jpg"
"BP-70847811213","70847811213","https://res.cloudinary.com/ddhs5dd6l/image/upload/v1773948702/balport-products/seeded/rbr5u4ifjctihehurovl.jpg"
"BP-70847811244","70847811244","https://res.cloudinary.com/ddhs5dd6l/image/upload/v1773948707/balport-products/seeded/ygobsguxiidle9rvr0kq.jpg"
"BP-70847811268","70847811268","https://res.cloudinary.com/ddhs5dd6l/image/upload/v1773948709/balport-products/seeded/j6n1cj5pd2dqibomqqbp.jpg"
"BP-70847812715","70847812715","https://res.cloudinary.com/ddhs5dd6l/image/upload/v1773948710/balport-products/seeded/k1hwhd8baw62v9322qif.jpg"
"BP-70847891857","70847891857","https://res.cloudinary.com/ddhs5dd6l/image/upload/v1773948712/balport-products/seeded/c2l7r48lcaehbskihcfe.jpg"
"BP-70847896159","70847896159","https://res.cloudinary.com/ddhs5dd6l/image/upload/v1773948714/balport-products/seeded/tqriovjio1qr2hgqbgvl.jpg"
"BP-70847896180","70847896180","https://res.cloudinary.com/ddhs5dd6l/image/upload/v1773948715/balport-products/seeded/udmmwasaycqy0b48smyb.jpg"
"BP-70847896272","70847896272","https://res.cloudinary.com/ddhs5dd6l/image/upload/v1773948717/balport-products/seeded/spfea5gdjixiir4pkf5m.jpg"
"BP-70847898146","70847898146","https://res.cloudinary.com/ddhs5dd6l/image/upload/v1773948719/balport-products/seeded/zvwhiux4vlebnqs1jfnd.jpg"
"BP-70847898245","70847898245","https://res.cloudinary.com/ddhs5dd6l/image/upload/v1773948721/balport-products/seeded/offnz2dmew5adeylftad.jpg"
"BP-70847898320","70847898320","https://res.cloudinary.com/ddhs5dd6l/image/upload/v1773948723/balport-products/seeded/lki3w0wqodytgrqfpagc.jpg"
"BP-70847898405","70847898405","https://res.cloudinary.com/ddhs5dd6l/image/upload/v1773948725/balport-products/seeded/dbfltvh87sgcwsfxw1uo.jpg"
"BP-70847898436","70847898436","https://res.cloudinary.com/ddhs5dd6l/image/upload/v1773948728/balport-products/seeded/yrglv2zux2k5ilay6rah.jpg"
"BP-70847899488","70847899488","https://res.cloudinary.com/ddhs5dd6l/image/upload/v1773948737/balport-products/seeded/aki7ripznw0abn20hcl5.jpg"
"BP-70847900207","70847900207","https://res.cloudinary.com/ddhs5dd6l/image/upload/v1773948745/balport-products/seeded/rpq1c4jwyvk4mtbbeigw.jpg"
"BP-70897013315","70897013315","https://res.cloudinary.com/ddhs5dd6l/image/upload/v1773948747/balport-products/seeded/rveu8qwlhos6juexbngm.jpg"
"BP-70897183315","70897183315","https://res.cloudinary.com/ddhs5dd6l/image/upload/v1773948749/balport-products/seeded/larizgoqefo1ugufz9bd.jpg"
"BP-70910008281","BP-70910008281","https://res.cloudinary.com/ddhs5dd6l/image/upload/v1774006629/balport-products/lfqphuwc6agn7asvto1b.png"
"BP-70920474335","70920474335","https://res.cloudinary.com/ddhs5dd6l/image/upload/v1773948754/balport-products/seeded/zcijbphd9te6bhrv9kwa.jpg"
"BP-70960000112","70960000112","https://res.cloudinary.com/ddhs5dd6l/image/upload/v1773948755/balport-products/seeded/ej9fjcezetpfgodudujc.jpg"
"BP-70960000129","70960000129","https://res.cloudinary.com/ddhs5dd6l/image/upload/v1773948758/balport-products/seeded/hsgp9rkvyrzs78xg5iiq.jpg"
"BP-70960000136","70960000136","https://res.cloudinary.com/ddhs5dd6l/image/upload/v1773948759/balport-products/seeded/lpdna67nu4rrtwwmowwg.jpg"
"BP-70960000143","70960000143","https://res.cloudinary.com/ddhs5dd6l/image/upload/v1773948762/balport-products/seeded/ghwuj20uuxav0fjlhgbw.jpg"
"BP-70960951575","70960951575","https://res.cloudinary.com/ddhs5dd6l/image/upload/v1773948765/balport-products/seeded/nwozmuyr20kid62sdkw1.jpg"
"BP-70970475313","70970475313","https://res.cloudinary.com/ddhs5dd6l/image/upload/v1773948770/balport-products/seeded/teqvlanwcszjwsfglqog.jpg"
"BP-70970475337","70970475337","https://res.cloudinary.com/ddhs5dd6l/image/upload/v1773948772/balport-products/seeded/x77xzwugbpuar9remxml.jpg"
"BP-70970475344","70970475344","https://res.cloudinary.com/ddhs5dd6l/image/upload/v1773948773/balport-products/seeded/leyx3hmxhm4ljfmt1ffl.jpg"
"BP-70970475375","70970475375","https://res.cloudinary.com/ddhs5dd6l/image/upload/v1773948776/balport-products/seeded/zoer4yih6n2rsfvaq56k.jpg"
"BP-70970475382","70970475382","https://res.cloudinary.com/ddhs5dd6l/image/upload/v1773948777/balport-products/seeded/ovob7drg8oithkrmgmgu.jpg"
"BP-70970475405","70970475405","https://res.cloudinary.com/ddhs5dd6l/image/upload/v1773948779/balport-products/seeded/t1dwrhyrvvhzbinna9vo.jpg"
"BP-70970475436","70970475436","https://res.cloudinary.com/ddhs5dd6l/image/upload/v1773948781/balport-products/seeded/eqjtf91xldnlocl53vtx.jpg"
"BP-70970475443","70970475443","https://res.cloudinary.com/ddhs5dd6l/image/upload/v1773948783/balport-products/seeded/xtmnmnartyb6lke4afpn.jpg"
"BP-70970475467","70970475467","https://res.cloudinary.com/ddhs5dd6l/image/upload/v1773948784/balport-products/seeded/kzmrvph2isyzmftolrp0.jpg"
"BP-71142643370","71142643370","https://res.cloudinary.com/ddhs5dd6l/image/upload/v1773948787/balport-products/seeded/rkpnti7x5vpfew9c4pcd.jpg"
"BP-71146002210","71146002210","https://res.cloudinary.com/ddhs5dd6l/image/upload/v1773948789/balport-products/seeded/briosyfgbn1udbj1afqn.jpg"
"BP-71146002456","71146002456","https://res.cloudinary.com/ddhs5dd6l/image/upload/v1773948792/balport-products/seeded/httlsgyvzbdmyetfkhbr.jpg"
"BP-71159000197","71159000197","https://res.cloudinary.com/ddhs5dd6l/image/upload/v1773948794/balport-products/seeded/zyltlzusxar2stazan0x.jpg"
"BP-71159001330","71159001330","https://res.cloudinary.com/ddhs5dd6l/image/upload/v1773948796/balport-products/seeded/goue9zonkfojbfawcsaa.jpg"
"BP-71159001750","71159001750","https://res.cloudinary.com/ddhs5dd6l/image/upload/v1773948798/balport-products/seeded/lqw6qtkhhlqrd36eqb0m.jpg"
"BP-71159073115","71159073115","https://res.cloudinary.com/ddhs5dd6l/image/upload/v1773948800/balport-products/seeded/new7p44czhqgcflelgcq.jpg"
"BP-71159076550","71159076550","https://res.cloudinary.com/ddhs5dd6l/image/upload/v1773948803/balport-products/seeded/wxbu8nrdswjqr10jk13r.jpg"
"BP-71159078196","71159078196","https://res.cloudinary.com/ddhs5dd6l/image/upload/v1773948806/balport-products/seeded/nzc2nbz9tin6dyit8rpx.jpg"
"BP-71159078240","71159078240","https://res.cloudinary.com/ddhs5dd6l/image/upload/v1773948808/balport-products/seeded/qiudvpflw8nerkmjaeuy.jpg"
"BP-71159289912","71159289912","https://res.cloudinary.com/ddhs5dd6l/image/upload/v1773948810/balport-products/seeded/vbqtk09ph2svig3pxjqe.jpg"
"BP-71250000140","71250000140","https://res.cloudinary.com/ddhs5dd6l/image/upload/v1773948812/balport-products/seeded/uexkynadndypoazvo2uq.jpg"
"BP-71250402050","71250402050","https://res.cloudinary.com/ddhs5dd6l/image/upload/v1773948814/balport-products/seeded/qlcw2gobdcl9vifmzagk.jpg"
"BP-71439000060","71439000060","https://res.cloudinary.com/ddhs5dd6l/image/upload/v1773948815/balport-products/seeded/wx0zmjntxe8jfhhcxd7l.jpg"
"BP-71439006017","71439006017","https://res.cloudinary.com/ddhs5dd6l/image/upload/v1773948818/balport-products/seeded/i3d3y08urmy16qfi401i.jpg"
"BP-71439344188","BP-71439344188","https://res.cloudinary.com/ddhs5dd6l/image/upload/v1774012285/balport-products/otxpbbjy4ybsgvbmoejs.webp"
"BP-71439344508","71439344508","https://res.cloudinary.com/ddhs5dd6l/image/upload/v1773948826/balport-products/seeded/ac62aukmrv4dpdajo7ne.jpg"
"BP-71439400167","71439400167","https://res.cloudinary.com/ddhs5dd6l/image/upload/v1773948829/balport-products/seeded/avecn8qhaiyzl6la0izu.jpg"
"BP-71439457123","71439457123","https://res.cloudinary.com/ddhs5dd6l/image/upload/v1773948831/balport-products/seeded/tpeqb0yzgdhaksfanlgn.jpg"
"BP-71603125001","71603125001","https://res.cloudinary.com/ddhs5dd6l/image/upload/v1773948833/balport-products/seeded/n5up6srcvgnzzivnoaeu.jpg"
"BP-71603469006","71603469006","https://res.cloudinary.com/ddhs5dd6l/image/upload/v1773948834/balport-products/seeded/asyhvdohmxnvqsyqfv1c.jpg"
"BP-71603529007","71603529007","https://res.cloudinary.com/ddhs5dd6l/image/upload/v1773948836/balport-products/seeded/gijnep95yh6lcndybl81.jpg"
"BP-71603625006","71603625006","https://res.cloudinary.com/ddhs5dd6l/image/upload/v1773948838/balport-products/seeded/n6gql5rykn320faqficm.jpg"
"BP-71720000014","71720000014","https://res.cloudinary.com/ddhs5dd6l/image/upload/v1773948846/balport-products/seeded/kya6vkhjbjqd49cqhzg8.jpg"
"BP-71720009314","71720009314","https://res.cloudinary.com/ddhs5dd6l/image/upload/v1773948848/balport-products/seeded/orgrenrmwm5sxoipkjze.jpg"
"BP-71720870006","71720870006","https://res.cloudinary.com/ddhs5dd6l/image/upload/v1773948850/balport-products/seeded/za9dgxbiegsgcacd49vc.jpg"
"BP-71990000073","71990000073","https://res.cloudinary.com/ddhs5dd6l/image/upload/v1773948852/balport-products/seeded/wun3uwutcicg7qeeet42.jpg"
"BP-71990000080","71990000080","https://res.cloudinary.com/ddhs5dd6l/image/upload/v1773948854/balport-products/seeded/krjwy4vklfgicl3emwtp.jpg"
"BP-71990000141","71990000141","https://res.cloudinary.com/ddhs5dd6l/image/upload/v1773948856/balport-products/seeded/le690buuozwd913gcdbm.jpg"
"BP-71990000479","71990000479","https://res.cloudinary.com/ddhs5dd6l/image/upload/v1773948858/balport-products/seeded/rljzxxkuoys6u1sduvvt.jpg"
"BP-71990000486","71990000486","https://res.cloudinary.com/ddhs5dd6l/image/upload/v1773948860/balport-products/seeded/x9k2jwpqydrkfdwhcdlp.jpg"
"BP-71990001148","71990001148","https://res.cloudinary.com/ddhs5dd6l/image/upload/v1773948861/balport-products/seeded/xosvy6of9fxufdxjwzjb.jpg"
"BP-71990001360","71990001360","https://res.cloudinary.com/ddhs5dd6l/image/upload/v1773948863/balport-products/seeded/e2gw2mh91fw7apdil9tk.jpg"
"BP-71990095062","71990095062","https://res.cloudinary.com/ddhs5dd6l/image/upload/v1773948865/balport-products/seeded/ru50kk5joi7j6hgjnn7n.jpg"
"BP-71990095116","71990095116","https://res.cloudinary.com/ddhs5dd6l/image/upload/v1773948868/balport-products/seeded/rmj3m3mtjhwgqsdsdinx.jpg"
"BP-71990095161","71990095161","https://res.cloudinary.com/ddhs5dd6l/image/upload/v1773948870/balport-products/seeded/d6axv7v0i9dv1t15dnr7.jpg"
"BP-71990095277","71990095277","https://res.cloudinary.com/ddhs5dd6l/image/upload/v1773948873/balport-products/seeded/fuiaaebwuwcse8fjbeib.jpg"
"BP-71990100209","71990100209","https://res.cloudinary.com/ddhs5dd6l/image/upload/v1773948875/balport-products/seeded/xp2og2nhkfqelbmmtzyj.jpg"
"BP-71990100711","71990100711","https://res.cloudinary.com/ddhs5dd6l/image/upload/v1773948877/balport-products/seeded/gdpzqu66khpiob9p6e3w.jpg"
"BP-71990170202","71990170202","https://res.cloudinary.com/ddhs5dd6l/image/upload/v1773948880/balport-products/seeded/rxgmmjobfcsnnklpva1u.jpg"
"BP-71990170226","71990170226","https://res.cloudinary.com/ddhs5dd6l/image/upload/v1773948885/balport-products/seeded/ddihqvyfknxizqq4ehdw.jpg"
"BP-71990170264","71990170264","https://res.cloudinary.com/ddhs5dd6l/image/upload/v1773948887/balport-products/seeded/n8weyui9hifuduu7xuyy.jpg"
"BP-71990170288","71990170288","https://res.cloudinary.com/ddhs5dd6l/image/upload/v1773948890/balport-products/seeded/l7hemcvhrnxwt6rdfne3.jpg"
"BP-71990170370","71990170370","https://res.cloudinary.com/ddhs5dd6l/image/upload/v1773948892/balport-products/seeded/ryo3dvvqzhevkh27fttj.jpg"
"BP-71990170387","71990170387","https://res.cloudinary.com/ddhs5dd6l/image/upload/v1773948894/balport-products/seeded/jxrffvqsgeuwy0ly8s27.jpg"
"BP-71990300050","71990300050","https://res.cloudinary.com/ddhs5dd6l/image/upload/v1773948896/balport-products/seeded/ols2o4u5z32nbxcuphkw.jpg"
"BP-71990300173","71990300173","https://res.cloudinary.com/ddhs5dd6l/image/upload/v1773948898/balport-products/seeded/fveydh3aj7imngthsvbk.jpg"
"BP-71990300302","71990300302","https://res.cloudinary.com/ddhs5dd6l/image/upload/v1773948901/balport-products/seeded/f3ekjzk4ucml1wov1rql.jpg"
"BP-71990300654","71990300654","https://res.cloudinary.com/ddhs5dd6l/image/upload/v1773948903/balport-products/seeded/tpnb5rbmuy3oql9dzpef.jpg"
"BP-71990300692","71990300692","https://res.cloudinary.com/ddhs5dd6l/image/upload/v1773948905/balport-products/seeded/lyg9rz81bpr5xn5xyhit.jpg"
"BP-71990300784","71990300784","https://res.cloudinary.com/ddhs5dd6l/image/upload/v1773948910/balport-products/seeded/dtdcbspuveqx70af1ubi.jpg"
"BP-71990300944","71990300944","https://res.cloudinary.com/ddhs5dd6l/image/upload/v1773948917/balport-products/seeded/l8izbymfefeqopodtazx.jpg"
"BP-71990301033","71990301033","https://res.cloudinary.com/ddhs5dd6l/image/upload/v1773948919/balport-products/seeded/ijvzffmw9yf96oszz0ig.jpg"
"BP-71990301040","71990301040","https://res.cloudinary.com/ddhs5dd6l/image/upload/v1773948921/balport-products/seeded/xvrejnr2dyvjun1n3lmx.jpg"
"BP-71990301200","71990301200","https://res.cloudinary.com/ddhs5dd6l/image/upload/v1773948924/balport-products/seeded/tsr2fcylgpw47lcduqen.jpg"
"BP-72133010010","72133010010","https://res.cloudinary.com/ddhs5dd6l/image/upload/v1773948926/balport-products/seeded/gkbb2lqx2ixkqg4co4ue.jpg"
"BP-72133063924","72133063924","https://res.cloudinary.com/ddhs5dd6l/image/upload/v1773948927/balport-products/seeded/uo2zhnxfpliwpka65ufa.jpg"
"BP-72311230124","72311230124","https://res.cloudinary.com/ddhs5dd6l/image/upload/v1773948929/balport-products/seeded/app6gmeaheyxdvn4zqvv.jpg"
"BP-72311321242","72311321242","https://res.cloudinary.com/ddhs5dd6l/image/upload/v1773948930/balport-products/seeded/go144vbn3hzljmj4dteh.jpg"
"BP-72311630115","72311630115","https://res.cloudinary.com/ddhs5dd6l/image/upload/v1773948932/balport-products/seeded/k9qtuubsppfod6nrchla.jpg"
"BP-72311630122","72311630122","https://res.cloudinary.com/ddhs5dd6l/image/upload/v1773948934/balport-products/seeded/fguvm117aownpoqv2uoe.jpg"
"BP-72320600017","72320600017","https://res.cloudinary.com/ddhs5dd6l/image/upload/v1773948936/balport-products/seeded/tfkjtwdjp5sztbtm2awk.jpg"
"BP-72320600024","72320600024","https://res.cloudinary.com/ddhs5dd6l/image/upload/v1773948938/balport-products/seeded/dgkjlhtllxo5rn4vyojv.jpg"
"BP-72320700045","72320700045","https://res.cloudinary.com/ddhs5dd6l/image/upload/v1773948940/balport-products/seeded/nnyjtzo0he4cmawi2qms.jpg"
"BP-72320700281","72320700281","https://res.cloudinary.com/ddhs5dd6l/image/upload/v1773948942/balport-products/seeded/zjezapfjpdqwddcyevay.jpg"
"BP-72320700526","72320700526","https://res.cloudinary.com/ddhs5dd6l/image/upload/v1773948944/balport-products/seeded/xn6m5zjccg6jaatd21ro.jpg"
"BP-72320700915","72320700915","https://res.cloudinary.com/ddhs5dd6l/image/upload/v1773948945/balport-products/seeded/x3kmkwdx7j3vfvr0mnfq.jpg"
"BP-72320700922","72320700922","https://res.cloudinary.com/ddhs5dd6l/image/upload/v1773948947/balport-products/seeded/istyjhtduuys1z4oxc28.jpg"
"BP-72320700939","72320700939","https://res.cloudinary.com/ddhs5dd6l/image/upload/v1773948948/balport-products/seeded/ymitvhhv30nba9shimq0.jpg"
"BP-72489010016","72489010016","https://res.cloudinary.com/ddhs5dd6l/image/upload/v1773948950/balport-products/seeded/xo2ope79tbsczhauhlha.jpg"
"BP-72799055639","72799055639","https://res.cloudinary.com/ddhs5dd6l/image/upload/v1773948952/balport-products/seeded/cp9vjrdnzmtts3ixhvbe.jpg"
"BP-72799055660","72799055660","https://res.cloudinary.com/ddhs5dd6l/image/upload/v1773948954/balport-products/seeded/hfuwcohsk8td7mvgpzop.png"
"BP-72799055691","72799055691","https://res.cloudinary.com/ddhs5dd6l/image/upload/v1773948956/balport-products/seeded/cztcenkohuweaxb59dbp.jpg"
"BP-72799934057","72799934057","https://res.cloudinary.com/ddhs5dd6l/image/upload/v1773948958/balport-products/seeded/go2eozlmto88bmah0fef.jpg"
"BP-72890000118","72890000118","https://res.cloudinary.com/ddhs5dd6l/image/upload/v1773948960/balport-products/seeded/fdfi3tcd9ibx4qr9azis.jpg"
"BP-72890000163","72890000163","https://res.cloudinary.com/ddhs5dd6l/image/upload/v1773948963/balport-products/seeded/zsarngjn2chjypmlr643.jpg"
"BP-72890000200","72890000200","https://res.cloudinary.com/ddhs5dd6l/image/upload/v1773948965/balport-products/seeded/iiifo9w1h1fwp6a7mtnk.jpg"
"BP-72890001191","72890001191","https://res.cloudinary.com/balport/image/upload/v1/placeholder.jpg"
"BP-72890006219","72890006219","https://res.cloudinary.com/ddhs5dd6l/image/upload/v1773948967/balport-products/seeded/wcqynecsg6aj6syzxqb4.jpg"
"BP-72890006547","72890006547","https://res.cloudinary.com/ddhs5dd6l/image/upload/v1773948968/balport-products/seeded/yyvbdjowcaimrinvjql5.jpg"
"BP-72890100115","72890100115","https://res.cloudinary.com/ddhs5dd6l/image/upload/v1773948970/balport-products/seeded/xgoep1qj0ii7zeywfeni.jpg"
"BP-72890100160","72890100160","https://res.cloudinary.com/ddhs5dd6l/image/upload/v1773948972/balport-products/seeded/nbghqfi9sqxyc6ugtnbu.jpg"
"BP-72965007417","72965007417","https://res.cloudinary.com/ddhs5dd6l/image/upload/v1773948974/balport-products/seeded/gbvewhfl4ksj43ag9gmp.jpg"
"BP-73010214095","73010214095","https://res.cloudinary.com/ddhs5dd6l/image/upload/v1773948976/balport-products/seeded/bgpkuitfhlyfl5axxps1.jpg"
"BP-73010314092","73010314092","https://res.cloudinary.com/ddhs5dd6l/image/upload/v1773948979/balport-products/seeded/buj8py4uq1zyyalws3gh.jpg"
"BP-73141110815","73141110815","https://res.cloudinary.com/ddhs5dd6l/image/upload/v1773948987/balport-products/seeded/cc71iy4gldrzk8rxju3f.jpg"
"BP-73141150040","73141150040","https://res.cloudinary.com/ddhs5dd6l/image/upload/v1773948989/balport-products/seeded/kljyxveh7l4vphcbauja.jpg"
"BP-73141150057","73141150057","https://res.cloudinary.com/ddhs5dd6l/image/upload/v1773948991/balport-products/seeded/fglddyu7okwnwjsc1xcf.jpg"
"BP-73141153157","73141153157","https://res.cloudinary.com/ddhs5dd6l/image/upload/v1773948993/balport-products/seeded/zt6qapgwkbw5o7ivnma7.jpg"
"BP-73180018776","73180018776","https://res.cloudinary.com/ddhs5dd6l/image/upload/v1773948994/balport-products/seeded/bmaa7ibelsl47giulwfy.jpg"
"BP-73214001071","73214001071","https://res.cloudinary.com/ddhs5dd6l/image/upload/v1773948996/balport-products/seeded/v5omkyrvervk3knrubdv.jpg"
"BP-73360373411","73360373411","https://res.cloudinary.com/ddhs5dd6l/image/upload/v1773948998/balport-products/seeded/jsigjq8yedyvhr9dehx6.jpg"
"BP-73360743412","73360743412","https://res.cloudinary.com/ddhs5dd6l/image/upload/v1773949000/balport-products/seeded/eakfmlk5bbpr8bbckhuo.jpg"
"BP-73390000165","73390000165","https://res.cloudinary.com/ddhs5dd6l/image/upload/v1773949003/balport-products/seeded/v6niznbbsflibbh7lxbj.jpg"
"BP-73390002039","73390002039","https://res.cloudinary.com/ddhs5dd6l/image/upload/v1773949006/balport-products/seeded/ubp4iiq6zgygcwih2nz0.jpg"
"BP-73390002213","73390002213","https://res.cloudinary.com/ddhs5dd6l/image/upload/v1773949008/balport-products/seeded/uhskrgmx5kyos3i8s1le.jpg"
"BP-73390003937","73390003937","https://res.cloudinary.com/ddhs5dd6l/image/upload/v1773949009/balport-products/seeded/hh846zfkxcdy4a31uehz.jpg"
"BP-73390005887","73390005887","https://res.cloudinary.com/ddhs5dd6l/image/upload/v1773949011/balport-products/seeded/qlu7mrrfw6gtvm03rdod.jpg"
"BP-73390008192","73390008192","https://res.cloudinary.com/ddhs5dd6l/image/upload/v1773949013/balport-products/seeded/x8snoogqeuknf93whjlw.jpg"
"BP-73390008277","73390008277","https://res.cloudinary.com/ddhs5dd6l/image/upload/v1773949015/balport-products/seeded/rlmrzels8inwqycfxk5f.jpg"
"BP-73390008383","73390008383","https://res.cloudinary.com/ddhs5dd6l/image/upload/v1773949016/balport-products/seeded/choazztoqy0frpryzzde.jpg"
"BP-73390009038","73390009038","https://res.cloudinary.com/ddhs5dd6l/image/upload/v1773949018/balport-products/seeded/p0va6vdp4cw7nhctll4t.jpg"
"BP-73390009137","73390009137","https://res.cloudinary.com/ddhs5dd6l/image/upload/v1773949020/balport-products/seeded/dflsrs16rdoqgmn1lbqh.jpg"
"BP-73390009243","73390009243","https://res.cloudinary.com/ddhs5dd6l/image/upload/v1773949022/balport-products/seeded/uubjsof1bdj4b88hi0zt.jpg"
"BP-73390009823","73390009823","https://res.cloudinary.com/ddhs5dd6l/image/upload/v1773949023/balport-products/seeded/izex6qvsv0fz0exxls37.jpg"
"BP-73390010614","73390010614","https://res.cloudinary.com/ddhs5dd6l/image/upload/v1773949025/balport-products/seeded/u9rjwtx0ro02cspwvaha.jpg"
"BP-73390011000","73390011000","https://res.cloudinary.com/ddhs5dd6l/image/upload/v1773949028/balport-products/seeded/rpcljkmowkx8vmowa0wj.jpg"
"BP-73390011086","73390011086","https://res.cloudinary.com/ddhs5dd6l/image/upload/v1773949030/balport-products/seeded/xrtm1uykz6hoxgokilj8.jpg"
"BP-73390013110","73390013110","https://res.cloudinary.com/ddhs5dd6l/image/upload/v1773949032/balport-products/seeded/yeif0vkil6cqlnodd4qw.jpg"
"BP-73390013325","73390013325","https://res.cloudinary.com/ddhs5dd6l/image/upload/v1773949034/balport-products/seeded/bakwafrxfxd0rlig4yuu.jpg"
"BP-73390013332","73390013332","https://res.cloudinary.com/ddhs5dd6l/image/upload/v1773949036/balport-products/seeded/az5spzewaiwyxs1fmh6p.jpg"
"BP-73390013349","73390013349","https://res.cloudinary.com/ddhs5dd6l/image/upload/v1773949037/balport-products/seeded/l8z5vc3yjrkapb1upyg4.jpg"
"BP-73390013844","73390013844","https://res.cloudinary.com/ddhs5dd6l/image/upload/v1773949039/balport-products/seeded/ytlmvctwbqchklvbodez.jpg"
"BP-73390013875","73390013875","https://res.cloudinary.com/ddhs5dd6l/image/upload/v1773949041/balport-products/seeded/ubuskkcwrsp27djp62vm.jpg"
"BP-73390013936","73390013936","https://res.cloudinary.com/ddhs5dd6l/image/upload/v1773949042/balport-products/seeded/resvvrhtecgn0ky1hxhj.jpg"
"BP-73390013943","73390013943","https://res.cloudinary.com/ddhs5dd6l/image/upload/v1773949044/balport-products/seeded/dxx7svahfcvodqbpatgu.jpg"
"BP-73390014049","73390014049","https://res.cloudinary.com/ddhs5dd6l/image/upload/v1773949046/balport-products/seeded/dqm1xgneygwexjl0sfo3.jpg"
"BP-73390014056","73390014056","https://res.cloudinary.com/ddhs5dd6l/image/upload/v1773949049/balport-products/seeded/q2rewpb0rm9s9inxaxvn.jpg"
"BP-73390014360","73390014360","https://res.cloudinary.com/ddhs5dd6l/image/upload/v1773949050/balport-products/seeded/j1tzadafcgmmv6um4vz1.jpg"
"BP-73390014490","73390014490","https://res.cloudinary.com/ddhs5dd6l/image/upload/v1773949052/balport-products/seeded/wzmzviujwk43bezuloxx.jpg"
"BP-73390014506","73390014506","https://res.cloudinary.com/ddhs5dd6l/image/upload/v1773949054/balport-products/seeded/uefvb8985za9rfrzqu6m.jpg"
"BP-73390015114","73390015114","https://res.cloudinary.com/ddhs5dd6l/image/upload/v1773949055/balport-products/seeded/wqvax5qt9zehnujrbdr4.jpg"
"BP-73390015121","73390015121","https://res.cloudinary.com/ddhs5dd6l/image/upload/v1773949058/balport-products/seeded/vjefbkfg8twehd8apbhg.jpg"
"BP-73390055011","73390055011","https://res.cloudinary.com/ddhs5dd6l/image/upload/v1773949063/balport-products/seeded/oqxbp68x6tz62waykjpe.jpg"
"BP-73390055035","73390055035","https://res.cloudinary.com/ddhs5dd6l/image/upload/v1773949066/balport-products/seeded/sh6speq1qipl7cyn5vuw.jpg"
"BP-73390055042","73390055042","https://res.cloudinary.com/ddhs5dd6l/image/upload/v1773949068/balport-products/seeded/zusfudivonhm8nvdyupu.jpg"
"BP-73390055158","73390055158","https://res.cloudinary.com/ddhs5dd6l/image/upload/v1773949070/balport-products/seeded/bxcyypxe9zxy65wtmpn5.jpg"
"BP-73390055165","73390055165","https://res.cloudinary.com/ddhs5dd6l/image/upload/v1773949071/balport-products/seeded/y1rb7m5hq07bdpbddfnw.jpg"
"BP-73390055172","73390055172","https://res.cloudinary.com/ddhs5dd6l/image/upload/v1773949073/balport-products/seeded/yhoy05cg4k8cmnpfoz7b.jpg"
"BP-73390055189","73390055189","https://res.cloudinary.com/ddhs5dd6l/image/upload/v1773949075/balport-products/seeded/gefzyx7uoanqfaf5ypz3.jpg"
"BP-73390055196","73390055196","https://res.cloudinary.com/ddhs5dd6l/image/upload/v1773949077/balport-products/seeded/eu3umzwu3v9sv8agloe6.jpg"
"BP-73390055219","73390055219","https://res.cloudinary.com/ddhs5dd6l/image/upload/v1773949079/balport-products/seeded/ihkakce65xbt7xqydghj.jpg"
"BP-73390055226","73390055226","https://res.cloudinary.com/ddhs5dd6l/image/upload/v1773949081/balport-products/seeded/gs0dmsp43wgxjg33rtdr.jpg"
"BP-73390055264","73390055264","https://res.cloudinary.com/ddhs5dd6l/image/upload/v1773949083/balport-products/seeded/vig9k7vmyekke5b45f9i.jpg"
"BP-73390055530","73390055530","https://res.cloudinary.com/ddhs5dd6l/image/upload/v1773949085/balport-products/seeded/z3do8kz4hq5g42dibn8s.jpg"
"BP-73390055578","73390055578","https://res.cloudinary.com/ddhs5dd6l/image/upload/v1773949087/balport-products/seeded/osodkm0u7ghs9g2jwxsf.jpg"
"BP-73852009385","73852009385","https://res.cloudinary.com/ddhs5dd6l/image/upload/v1773949089/balport-products/seeded/la2ffedhz5xsvf5a3w9c.jpg"
"BP-73852096507","73852096507","https://res.cloudinary.com/ddhs5dd6l/image/upload/v1773949090/balport-products/seeded/z2mhuqqrt5vhexddl0mn.jpg"
"BP-73854008089","73854008089","https://res.cloudinary.com/ddhs5dd6l/image/upload/v1773949093/balport-products/seeded/wq8oadhaj8uxnjbxve3u.jpg"
"BP-74027506296","74027506296","https://res.cloudinary.com/ddhs5dd6l/image/upload/v1773949095/balport-products/seeded/vkcn2wnpt7znz0tztk9f.jpg"
"BP-74182260125","74182260125","https://res.cloudinary.com/ddhs5dd6l/image/upload/v1773949098/balport-products/seeded/w7jdnq3xqlphzof0owjg.png"
"BP-74182270933","74182270933","https://res.cloudinary.com/ddhs5dd6l/image/upload/v1773949099/balport-products/seeded/wlccxzuibqxgsajxy1lv.jpg"
"BP-74323002218","74323002218","https://res.cloudinary.com/ddhs5dd6l/image/upload/v1773949102/balport-products/seeded/hxxxfot4xkrg9umw7hwg.jpg"
"BP-74323010619","74323010619","https://res.cloudinary.com/ddhs5dd6l/image/upload/v1773949104/balport-products/seeded/k6roj8o73jkgirosbkfk.jpg"
"BP-74323010855","74323010855","https://res.cloudinary.com/ddhs5dd6l/image/upload/v1773949106/balport-products/seeded/phq8cor8xmeegmq0tpc1.jpg"
"BP-74323051568","74323051568","https://res.cloudinary.com/ddhs5dd6l/image/upload/v1773949108/balport-products/seeded/eeytbgbodiacsg2qyxgm.jpg"
"BP-74323091021","74323091021","https://res.cloudinary.com/ddhs5dd6l/image/upload/v1773949110/balport-products/seeded/h5izyrhqpa3qfnk3hikc.jpg"
"BP-74323091045","74323091045","https://res.cloudinary.com/ddhs5dd6l/image/upload/v1773949112/balport-products/seeded/iaiztdadcftpwbwmlg6t.jpg"
"BP-74323091137","74323091137","https://res.cloudinary.com/ddhs5dd6l/image/upload/v1773949114/balport-products/seeded/wd7sah6281nnaifvfrnv.jpg"
"BP-74323091151","74323091151","https://res.cloudinary.com/ddhs5dd6l/image/upload/v1773949116/balport-products/seeded/mnk57b141i4zkztdzv3y.jpg"
"BP-74323091229","74323091229","https://res.cloudinary.com/ddhs5dd6l/image/upload/v1773949118/balport-products/seeded/ftoisrfad11ev4drrijh.jpg"
"BP-74323091458","74323091458","https://res.cloudinary.com/ddhs5dd6l/image/upload/v1773949120/balport-products/seeded/jetc7sxaeg7ni7wev4py.jpg"
"BP-74323091571","74323091571","https://res.cloudinary.com/ddhs5dd6l/image/upload/v1773949122/balport-products/seeded/n1w287yhttp6jfc1r3fn.jpg"
"BP-74323091656","74323091656","https://res.cloudinary.com/ddhs5dd6l/image/upload/v1773949123/balport-products/seeded/tutfpsacjniigujxxjnc.jpg"
"BP-74323091731","74323091731","https://res.cloudinary.com/ddhs5dd6l/image/upload/v1773949124/balport-products/seeded/din5qavtwknkjalbpe3q.jpg"
"BP-74323091823","74323091823","https://res.cloudinary.com/ddhs5dd6l/image/upload/v1773949126/balport-products/seeded/dv1v3rsmwlxz6j0byhcd.jpg"
"BP-74323091830","74323091830","https://res.cloudinary.com/ddhs5dd6l/image/upload/v1773949127/balport-products/seeded/iqrywrswtersbbnqua1j.jpg"
"BP-74323092066","74323092066","https://res.cloudinary.com/ddhs5dd6l/image/upload/v1773949130/balport-products/seeded/nxb8qe8iu9xmphhniyg6.jpg"
"BP-74323093001","74323093001","https://res.cloudinary.com/ddhs5dd6l/image/upload/v1773949131/balport-products/seeded/yt3equxharlpqfruhfga.jpg"
"BP-74323093988","74323093988","https://res.cloudinary.com/ddhs5dd6l/image/upload/v1773949133/balport-products/seeded/wssft9trmd7fudy4gol0.jpg"
"BP-74323094251","74323094251","https://res.cloudinary.com/ddhs5dd6l/image/upload/v1773949135/balport-products/seeded/yason9ttucdvqrj3j5hl.jpg"
"BP-74323094381","74323094381","https://res.cloudinary.com/ddhs5dd6l/image/upload/v1773949136/balport-products/seeded/o457nq1jzmnhp5l1tlgl.jpg"
"BP-74323094596","74323094596","https://res.cloudinary.com/ddhs5dd6l/image/upload/v1773949139/balport-products/seeded/isiqkz6dhnfnlv2pxkdd.jpg"
"BP-74323095012","74323095012","https://res.cloudinary.com/ddhs5dd6l/image/upload/v1773949141/balport-products/seeded/yefwqpl46ymyuaklk6dk.jpg"
"BP-74323095104","74323095104","https://res.cloudinary.com/ddhs5dd6l/image/upload/v1773949143/balport-products/seeded/tqjk5faolln50fqsjmzz.jpg"
"BP-74323095135","74323095135","https://res.cloudinary.com/ddhs5dd6l/image/upload/v1773949146/balport-products/seeded/jx9qypside49evujk98u.jpg"
"BP-74323095234","74323095234","https://res.cloudinary.com/ddhs5dd6l/image/upload/v1773949148/balport-products/seeded/gprn8yoyutxyrzsgojok.jpg"
"BP-74323095357","74323095357","https://res.cloudinary.com/ddhs5dd6l/image/upload/v1773949150/balport-products/seeded/ak3dfbojzjkhyfbmluaz.jpg"
"BP-74323095524","74323095524","https://res.cloudinary.com/ddhs5dd6l/image/upload/v1773949152/balport-products/seeded/qd2aleb1nsyctktfcod6.jpg"
"BP-74323095852","74323095852","https://res.cloudinary.com/ddhs5dd6l/image/upload/v1773949153/balport-products/seeded/gpk0lp7lkidsvlbv9aoa.jpg"
"BP-74323099751","74323099751","https://res.cloudinary.com/ddhs5dd6l/image/upload/v1773949156/balport-products/seeded/vo5562hwyvu1uvi717hq.jpg"
"BP-74323729887","74323729887","https://res.cloudinary.com/ddhs5dd6l/image/upload/v1773949158/balport-products/seeded/jffvs43sc21mbxowaq67.jpg"
"BP-74323737714","74323737714","https://res.cloudinary.com/ddhs5dd6l/image/upload/v1773949163/balport-products/seeded/zazxsrjegfv1ok1raroz.jpg"
"BP-74323737912","74323737912","https://res.cloudinary.com/ddhs5dd6l/image/upload/v1773949165/balport-products/seeded/wxklgb3raachob464fha.jpg"
"BP-74323737967","74323737967","https://res.cloudinary.com/ddhs5dd6l/image/upload/v1773949166/balport-products/seeded/mujx8375xc5xnjsxxf0r.jpg"
"BP-74562001003","74562001003","https://res.cloudinary.com/ddhs5dd6l/image/upload/v1773949168/balport-products/seeded/uiq4xxd96prqazujsftv.jpg"
"BP-74570004003","74570004003","https://res.cloudinary.com/ddhs5dd6l/image/upload/v1773949170/balport-products/seeded/fp4mlgfp5yvqlhwhqcnk.jpg"
"BP-74570013104","74570013104","https://res.cloudinary.com/ddhs5dd6l/image/upload/v1773949172/balport-products/seeded/edvrviygbrxcq6saqrho.jpg"
"BP-74570014002","74570014002","https://res.cloudinary.com/ddhs5dd6l/image/upload/v1773949174/balport-products/seeded/edlprolrqlpoiki5nhbi.jpg"
"BP-74570016006","74570016006","https://res.cloudinary.com/ddhs5dd6l/image/upload/v1773949176/balport-products/seeded/if6qvxwqclxiwht1ykqf.jpg"
"BP-74570024001","74570024001","https://res.cloudinary.com/ddhs5dd6l/image/upload/v1773949178/balport-products/seeded/qd23tfgshe7ls0ahgeia.jpg"
"BP-74570033102","74570033102","https://res.cloudinary.com/ddhs5dd6l/image/upload/v1773949180/balport-products/seeded/d8wbgp0c4iynkhsl2uzb.jpg"
"BP-74570034000","74570034000","https://res.cloudinary.com/ddhs5dd6l/image/upload/v1773949183/balport-products/seeded/lw4yb21amnwxxx9wsziq.jpg"
"BP-74570044009","74570044009","https://res.cloudinary.com/ddhs5dd6l/image/upload/v1773949185/balport-products/seeded/w8nmgcb9kn2ilrlp7t2u.jpg"
"BP-74570044085","74570044085","https://res.cloudinary.com/ddhs5dd6l/image/upload/v1773949187/balport-products/seeded/ctk4j3jechedhzhof66u.jpg"
"BP-74570082025","BP-74570082025","https://res.cloudinary.com/ddhs5dd6l/image/upload/v1773949189/balport-products/seeded/wnz1lh38zezj5kiclvn5.jpg"
"BP-74570084005","74570084005","https://res.cloudinary.com/ddhs5dd6l/image/upload/v1773949191/balport-products/seeded/gqwvzoeobbhfnt2y5vth.jpg"
"BP-74570094004","74570094004","https://res.cloudinary.com/ddhs5dd6l/image/upload/v1773949193/balport-products/seeded/u4id3pglfabbzfyw9pei.jpg"
"BP-74570114009","74570114009","https://res.cloudinary.com/ddhs5dd6l/image/upload/v1773949195/balport-products/seeded/xy4y3kgb9mebqm9ztlpe.jpg"
"BP-74570146000","74570146000","https://res.cloudinary.com/ddhs5dd6l/image/upload/v1773949197/balport-products/seeded/gjmzm6psibryi31nvpox.jpg"
"BP-74570305445","74570305445","https://res.cloudinary.com/ddhs5dd6l/image/upload/v1773949199/balport-products/seeded/hal7npqh1hxubdsagciw.jpg"
"BP-74570462032","74570462032","https://res.cloudinary.com/ddhs5dd6l/image/upload/v1773949201/balport-products/seeded/nbdvhnompodtw8mwe3nn.jpg"
"BP-74570524006","74570524006","https://res.cloudinary.com/ddhs5dd6l/image/upload/v1773949203/balport-products/seeded/lrlxsk2glwm1g17rzgz0.jpg"
"BP-74570534005","74570534005","https://res.cloudinary.com/ddhs5dd6l/image/upload/v1773949206/balport-products/seeded/b5jflfr0ydeezipbclbi.jpg"
"BP-74570606863","74570606863","https://res.cloudinary.com/ddhs5dd6l/image/upload/v1773949207/balport-products/seeded/vuqhdybgzqfxreiynueo.jpg"
"BP-74570650576","74570650576","https://res.cloudinary.com/ddhs5dd6l/image/upload/v1773949210/balport-products/seeded/rt6wgbea7lgkjr1cfn0z.jpg"
"BP-74570650583","74570650583","https://res.cloudinary.com/ddhs5dd6l/image/upload/v1773949212/balport-products/seeded/ifpyhyp2pbgl2ffmx2b3.jpg"
"BP-74570651405","74570651405","https://res.cloudinary.com/ddhs5dd6l/image/upload/v1773949214/balport-products/seeded/devd3fvyrnjyi8djdf3o.jpg"
"BP-74570810116","74570810116","https://res.cloudinary.com/ddhs5dd6l/image/upload/v1773949216/balport-products/seeded/fjlmp5i2tbdc8iwjpkcp.jpg"
"BP-74570876594","74570876594","https://res.cloudinary.com/ddhs5dd6l/image/upload/v1773949218/balport-products/seeded/nslam4zoerhwivdmjjse.jpg"
"BP-74570950034","74570950034","https://res.cloudinary.com/ddhs5dd6l/image/upload/v1773949220/balport-products/seeded/jpz1pjjqsgtwplct3btd.jpg"
"BP-74570950157","74570950157","https://res.cloudinary.com/ddhs5dd6l/image/upload/v1773949221/balport-products/seeded/s9ykea6f1dlh9v382pw5.jpg"
"BP-74608350072","74608350072","https://res.cloudinary.com/ddhs5dd6l/image/upload/v1773949223/balport-products/seeded/hbktpq1skvob4vw6owgz.jpg"
"BP-74780253871","74780253871","https://res.cloudinary.com/ddhs5dd6l/image/upload/v1773949224/balport-products/seeded/nbxb0isev3ta0jyjescd.jpg"
"BP-74780426886","74780426886","https://res.cloudinary.com/ddhs5dd6l/image/upload/v1773949226/balport-products/seeded/iu8ycxdzrxkynxxdos5f.jpg"
"BP-74780515504","74780515504","https://res.cloudinary.com/ddhs5dd6l/image/upload/v1773949227/balport-products/seeded/facyatgiqr8nixhpmdga.jpg"
"BP-74780620888","74780620888","https://res.cloudinary.com/ddhs5dd6l/image/upload/v1773949229/balport-products/seeded/cj9xtimetcj2hpmczgy6.jpg"
"BP-74780650656","74780650656","https://res.cloudinary.com/ddhs5dd6l/image/upload/v1773949231/balport-products/seeded/fataujogxqqausznbzbx.jpg"
"BP-74780811163","74780811163","https://res.cloudinary.com/ddhs5dd6l/image/upload/v1773949232/balport-products/seeded/eecyvtjtass14tbjq3vq.jpg"
"BP-74806000427","74806000427","https://res.cloudinary.com/ddhs5dd6l/image/upload/v1773949234/balport-products/seeded/j9zoxvvnp6bj99wovi0x.jpg"
"BP-75140005123","75140005123","https://res.cloudinary.com/ddhs5dd6l/image/upload/v1773949236/balport-products/seeded/rl2eusqjpkiatddu0wty.jpg"
"BP-75140005154","75140005154","https://res.cloudinary.com/ddhs5dd6l/image/upload/v1773949238/balport-products/seeded/epqtrxb1pltteg4k5gok.jpg"
"BP-75140065028","75140065028","https://res.cloudinary.com/ddhs5dd6l/image/upload/v1773949240/balport-products/seeded/nr7f9zz8zkhwqbkvizqu.jpg"
"BP-75140700028","75140700028","https://res.cloudinary.com/ddhs5dd6l/image/upload/v1773949241/balport-products/seeded/k0anh3hg9auugufjmasn.jpg"
"BP-75324000142","75324000142","https://res.cloudinary.com/ddhs5dd6l/image/upload/v1773949243/balport-products/seeded/pawtdxeozzggkwptup1p.jpg"
"BP-75496000407","75496000407","https://res.cloudinary.com/ddhs5dd6l/image/upload/v1773949244/balport-products/seeded/q6dffjfia3ew87nnqc4h.jpg"
"BP-75496002005","75496002005","https://res.cloudinary.com/ddhs5dd6l/image/upload/v1773949247/balport-products/seeded/tdbvvdurhg00yvdeytxb.jpg"
"BP-75496331143","75496331143","https://res.cloudinary.com/ddhs5dd6l/image/upload/v1773949249/balport-products/seeded/yhrtz9ijq1hec100iruo.jpg"
"BP-75496332867","75496332867","https://res.cloudinary.com/ddhs5dd6l/image/upload/v1773949250/balport-products/seeded/pbzbtrx3c1svxkqacveo.jpg"
"BP-75656006898","75656006898","https://res.cloudinary.com/ddhs5dd6l/image/upload/v1773949252/balport-products/seeded/vfzqxd93tiis6m3qe73o.jpg"
"BP-75656015678","75656015678","https://res.cloudinary.com/ddhs5dd6l/image/upload/v1773949254/balport-products/seeded/ofh14ntfvfuh8ugprcea.jpg"
"BP-75656023451","75656023451","https://res.cloudinary.com/ddhs5dd6l/image/upload/v1773949256/balport-products/seeded/zeiirpo36tcb5dnzijrh.jpg"
"BP-75656054196","75656054196","https://res.cloudinary.com/ddhs5dd6l/image/upload/v1773949259/balport-products/seeded/jj2jiw82ke2f07hf9chi.jpg"
"BP-75656950238","75656950238","https://res.cloudinary.com/ddhs5dd6l/image/upload/v1773949262/balport-products/seeded/ytq3fsruesnrrditosxc.jpg"
"BP-75856001105","75856001105","https://res.cloudinary.com/ddhs5dd6l/image/upload/v1773949265/balport-products/seeded/xfyclz5iyxqapxdy57ha.jpg"
"BP-75856011470","75856011470","https://res.cloudinary.com/ddhs5dd6l/image/upload/v1773949266/balport-products/seeded/qnlpnh5jvnvws7u2q6z1.jpg"
"BP-75856055399","75856055399","https://res.cloudinary.com/ddhs5dd6l/image/upload/v1773949267/balport-products/seeded/tvlvsiarm1grw2vjpb4r.jpg"
"BP-76022008089","76022008089","https://res.cloudinary.com/ddhs5dd6l/image/upload/v1773949269/balport-products/seeded/ujzztzxasu2xdg8hdddr.jpg"
"BP-76022705001","76022705001","https://res.cloudinary.com/ddhs5dd6l/image/upload/v1773949270/balport-products/seeded/yet6mcsulaqxaw26s44f.jpg"
"BP-76150232233","76150232233","https://res.cloudinary.com/ddhs5dd6l/image/upload/v1773949272/balport-products/seeded/my13satvzrs4izfuj78z.jpg"
"BP-76150232486","76150232486","https://res.cloudinary.com/ddhs5dd6l/image/upload/v1773949274/balport-products/seeded/vtzwuvr0fkt55kllhbul.jpg"
"BP-76150232493","76150232493","https://res.cloudinary.com/ddhs5dd6l/image/upload/v1773949276/balport-products/seeded/bakxsgdog4gawcwehyik.jpg"
"BP-76171101013","76171101013","https://res.cloudinary.com/ddhs5dd6l/image/upload/v1773949278/balport-products/seeded/nadf81ty8fjnvdonllsh.png"
"BP-76171101556","76171101556","https://res.cloudinary.com/ddhs5dd6l/image/upload/v1773949280/balport-products/seeded/niylppokwab6cnqxn8cz.png"
"BP-76171101891","76171101891","https://res.cloudinary.com/ddhs5dd6l/image/upload/v1773949282/balport-products/seeded/yugk4p1mbs9kvacwfdje.png"
"BP-76171103123","76171103123","https://res.cloudinary.com/ddhs5dd6l/image/upload/v1773949284/balport-products/seeded/etrt5gjszyrv5kuhpkdx.jpg"
"BP-76183000212","76183000212","https://res.cloudinary.com/ddhs5dd6l/image/upload/v1773949286/balport-products/seeded/qggiyo7ymo4ackvx0r7l.jpg"
"BP-76183003107","76183003107","https://res.cloudinary.com/ddhs5dd6l/image/upload/v1773949288/balport-products/seeded/gwtqwhivffaoojzulp6u.jpg"
"BP-76183003114","76183003114","https://res.cloudinary.com/ddhs5dd6l/image/upload/v1773949290/balport-products/seeded/owlanbqgdtguv2jygwup.jpg"
"BP-76183003121","76183003121","https://res.cloudinary.com/ddhs5dd6l/image/upload/v1773949292/balport-products/seeded/lkqsnttjryl8bdiraxqt.jpg"
"BP-76183003138","76183003138","https://res.cloudinary.com/ddhs5dd6l/image/upload/v1773949294/balport-products/seeded/agghzdpd5ve7x04ycdna.jpg"
"BP-76183003145","76183003145","https://res.cloudinary.com/ddhs5dd6l/image/upload/v1773949296/balport-products/seeded/d1du6mgbg7cj33zzuzxm.jpg"
"BP-76183003190","76183003190","https://res.cloudinary.com/ddhs5dd6l/image/upload/v1773949299/balport-products/seeded/patbo6gzie7rilavlie2.jpg"
"BP-76183008492","76183008492","https://res.cloudinary.com/ddhs5dd6l/image/upload/v1773949301/balport-products/seeded/e3la3vamow7aifntsdew.jpg"
"BP-76183163641","76183163641","https://res.cloudinary.com/ddhs5dd6l/image/upload/v1773949303/balport-products/seeded/opfi7ztyl5q6jwc5yvo0.jpg"
"BP-76183168509","76183168509","https://res.cloudinary.com/ddhs5dd6l/image/upload/v1773949305/balport-products/seeded/mx6qcyguwjo9gcjynwfs.jpg"
"BP-76183323564","76183323564","https://res.cloudinary.com/ddhs5dd6l/image/upload/v1773949307/balport-products/seeded/ylvdwzkgvvicq0ry21nf.jpg"
"BP-76183323632","76183323632","https://res.cloudinary.com/ddhs5dd6l/image/upload/v1773949310/balport-products/seeded/fokmnrgovpks0ipwehxe.jpg"
"BP-76183323724","76183323724","https://res.cloudinary.com/ddhs5dd6l/image/upload/v1773949315/balport-products/seeded/hxjkm7sfky9boie3mhgt.jpg"
"BP-76183328507","76183328507","https://res.cloudinary.com/ddhs5dd6l/image/upload/v1773949317/balport-products/seeded/mlrtx5dubmrxkjksmju8.jpg"
"BP-76580160175","76580160175","https://res.cloudinary.com/ddhs5dd6l/image/upload/v1773949335/balport-products/seeded/t6qd2vbjalvnd1d3jla8.jpg"
"BP-76580160182","76580160182","https://res.cloudinary.com/ddhs5dd6l/image/upload/v1773949337/balport-products/seeded/yp52pk1vguztqb0ewfqf.jpg"
"BP-76580160526","76580160526","https://res.cloudinary.com/ddhs5dd6l/image/upload/v1773949338/balport-products/seeded/z8ctwych25thl6sq104b.jpg"
"BP-76660008625","76660008625","https://res.cloudinary.com/ddhs5dd6l/image/upload/v1773949342/balport-products/seeded/vzumbrhsojyd1d6vlyxf.jpg"
"BP-76666263998","76666263998","https://res.cloudinary.com/ddhs5dd6l/image/upload/v1773949344/balport-products/seeded/bxrq546mieetuo2lm0vb.jpg"
"BP-76828048432","76828048432","https://res.cloudinary.com/ddhs5dd6l/image/upload/v1773949345/balport-products/seeded/bhdupxito4jtrurarj9b.jpg"
"BP-76828048647","76828048647","https://res.cloudinary.com/ddhs5dd6l/image/upload/v1773949347/balport-products/seeded/wn2orsapnhmf72tmmost.jpg"
"BP-76840001743","76840001743","https://res.cloudinary.com/ddhs5dd6l/image/upload/v1773949349/balport-products/seeded/wuawrtgnwyy1vc8xke0y.jpg"
"BP-76840002306","76840002306","https://res.cloudinary.com/ddhs5dd6l/image/upload/v1773949351/balport-products/seeded/kjuhumi0cdtaw7bp977n.jpg"
"BP-76840002351","76840002351","https://res.cloudinary.com/ddhs5dd6l/image/upload/v1773949353/balport-products/seeded/xqsdpedsipqowjfsphs0.jpg"
"BP-76840002368","76840002368","https://res.cloudinary.com/ddhs5dd6l/image/upload/v1773949355/balport-products/seeded/r3g5sjn2yjmyhx0kqu2e.jpg"
"BP-76840002542","76840002542","https://res.cloudinary.com/ddhs5dd6l/image/upload/v1773949357/balport-products/seeded/zpwnuxeqtndiwbguijp2.jpg"
"BP-76840003037","76840003037","https://res.cloudinary.com/ddhs5dd6l/image/upload/v1773949360/balport-products/seeded/rcmdwq1vaedy4j9afzhj.png"
"BP-76840003051","76840003051","https://res.cloudinary.com/ddhs5dd6l/image/upload/v1773949363/balport-products/seeded/mjogo00i2aso4jgqb2dz.png"
"BP-76840003068","76840003068","https://res.cloudinary.com/ddhs5dd6l/image/upload/v1773949370/balport-products/seeded/nztxv9hqemvyot2akyrs.png"
"BP-76840003549","76840003549","https://res.cloudinary.com/ddhs5dd6l/image/upload/v1773949373/balport-products/seeded/ifbdx6fn2w5om6iuq9jq.jpg"
"BP-76840003556","76840003556","https://res.cloudinary.com/ddhs5dd6l/image/upload/v1773949374/balport-products/seeded/izvbs7m3esd3eilezizk.jpg"
"BP-76840003563","76840003563","https://res.cloudinary.com/ddhs5dd6l/image/upload/v1773949376/balport-products/seeded/ex2ebfpkvesaiwvrrorv.jpg"
"BP-76840003839","76840003839","https://res.cloudinary.com/ddhs5dd6l/image/upload/v1773949378/balport-products/seeded/jovzcnjcgepckwzxopdm.jpg"
"BP-76840076574","76840076574","https://res.cloudinary.com/ddhs5dd6l/image/upload/v1773949380/balport-products/seeded/pzezlzniovvvfvpta6qj.jpg"
"BP-76840100040","76840100040","https://res.cloudinary.com/ddhs5dd6l/image/upload/v1773949382/balport-products/seeded/yj8hwkjooephs2q6lwzv.jpg"
"BP-76840100118","76840100118","https://res.cloudinary.com/ddhs5dd6l/image/upload/v1773949384/balport-products/seeded/dteejzhydp1svcfudmws.jpg"
"BP-76840100125","76840100125","https://res.cloudinary.com/ddhs5dd6l/image/upload/v1773949387/balport-products/seeded/irgahwfqfnhjpais8p9i.jpg"
"BP-76840100149","76840100149","https://res.cloudinary.com/ddhs5dd6l/image/upload/v1773949389/balport-products/seeded/g8m8mtjgnqf89im12lgu.jpg"
"BP-76840100156","76840100156","https://res.cloudinary.com/ddhs5dd6l/image/upload/v1773949391/balport-products/seeded/cqvfjmausvbazcqqdyoi.jpg"
"BP-76840100354","76840100354","https://res.cloudinary.com/ddhs5dd6l/image/upload/v1773949393/balport-products/seeded/rebtrgqnj6gw9r93mxa7.jpg"
"BP-76840100477","76840100477","https://res.cloudinary.com/ddhs5dd6l/image/upload/v1773949395/balport-products/seeded/wrkmor5atnqu4enohlbb.jpg"
"BP-76840100583","76840100583","https://res.cloudinary.com/ddhs5dd6l/image/upload/v1773949397/balport-products/seeded/tksfis8wvvsk5gnrks0b.jpg"
"BP-76840100811","76840100811","https://res.cloudinary.com/ddhs5dd6l/image/upload/v1773949400/balport-products/seeded/x3fwhfecei2p2duwzyhk.jpg"
"BP-76840100989","76840100989","https://res.cloudinary.com/ddhs5dd6l/image/upload/v1773949401/balport-products/seeded/cd5ogio5gh7ajyeqj1vw.jpg"
"BP-76840101184","76840101184","https://res.cloudinary.com/ddhs5dd6l/image/upload/v1773949403/balport-products/seeded/hfq0k446e4ew388pjjoe.jpg"
"BP-76840101320","76840101320","https://res.cloudinary.com/ddhs5dd6l/image/upload/v1773949405/balport-products/seeded/y2mycizhfrbfzsukfb4o.jpg"
"BP-76840101344","76840101344","https://res.cloudinary.com/ddhs5dd6l/image/upload/v1773949408/balport-products/seeded/uabamvcfb669m9aakvxb.jpg"
"BP-76840101542","76840101542","https://res.cloudinary.com/ddhs5dd6l/image/upload/v1773949410/balport-products/seeded/rrvxgfzadfu9wapxliq9.jpg"
"BP-76840102075","76840102075","https://res.cloudinary.com/ddhs5dd6l/image/upload/v1773949412/balport-products/seeded/gfgfwzrw6iloufmmjyqi.jpg"
"BP-76840220311","76840220311","https://res.cloudinary.com/ddhs5dd6l/image/upload/v1773949414/balport-products/seeded/yrihhtocycxeykrkujqe.jpg"
"BP-76840298617","76840298617","https://res.cloudinary.com/ddhs5dd6l/image/upload/v1773949416/balport-products/seeded/v0vdenghnyfvbbhfayr2.jpg"
"BP-76840363957","76840363957","https://res.cloudinary.com/ddhs5dd6l/image/upload/v1773949418/balport-products/seeded/vqttqpe6dnx0ts2hlnfy.jpg"
"BP-76840400058","76840400058","https://res.cloudinary.com/ddhs5dd6l/image/upload/v1773949420/balport-products/seeded/fpycv5bfsq8yj7mhfhkr.jpg"
"BP-76840400072","76840400072","https://res.cloudinary.com/ddhs5dd6l/image/upload/v1773949422/balport-products/seeded/evhp3bd6sizoqou4x3z9.jpg"
"BP-76840400218","76840400218","https://res.cloudinary.com/ddhs5dd6l/image/upload/v1773949425/balport-products/seeded/cwmwea9gdqhfnox6igkb.jpg"
"BP-76840462858","76840462858","https://res.cloudinary.com/ddhs5dd6l/image/upload/v1773949427/balport-products/seeded/hxtxu1gr0bgcovtefxau.jpg"
"BP-76840485116","76840485116","https://res.cloudinary.com/ddhs5dd6l/image/upload/v1773949429/balport-products/seeded/yqz5rwoiechfah2folio.jpg"
"BP-76840529872","76840529872","https://res.cloudinary.com/ddhs5dd6l/image/upload/v1773949431/balport-products/seeded/gsbcug2ozj9vtbvxnw5h.jpg"
"BP-76840580743","76840580743","https://res.cloudinary.com/ddhs5dd6l/image/upload/v1773949432/balport-products/seeded/c1ac6evbupskqutcbenx.jpg"
"BP-76840580774","76840580774","https://res.cloudinary.com/ddhs5dd6l/image/upload/v1773949434/balport-products/seeded/qfqx4rexfjlz7q6ptufb.jpg"
"BP-76955691020","76955691020","https://res.cloudinary.com/ddhs5dd6l/image/upload/v1773949436/balport-products/seeded/biurrnftax7t9fg5gsfl.jpg"
"BP-77208000330","77208000330","https://res.cloudinary.com/ddhs5dd6l/image/upload/v1773949438/balport-products/seeded/pdekrf4ryri7blpe2gtl.jpg"
"BP-77208002341","77208002341","https://res.cloudinary.com/ddhs5dd6l/image/upload/v1773949440/balport-products/seeded/g4lwuokmsexxtmpsmmdr.jpg"
"BP-77208004123","77208004123","https://res.cloudinary.com/ddhs5dd6l/image/upload/v1773949442/balport-products/seeded/edxbnxjteofjrqzcswsg.jpg"
"BP-77208004185","77208004185","https://res.cloudinary.com/ddhs5dd6l/image/upload/v1773949445/balport-products/seeded/jtvpwgiu1ntfmcvjfi2u.jpg"
"BP-77208007544","77208007544","https://res.cloudinary.com/ddhs5dd6l/image/upload/v1773949446/balport-products/seeded/brkocjynqagqa7vlyu5l.jpg"
"BP-77208014207","77208014207","https://res.cloudinary.com/ddhs5dd6l/image/upload/v1773949448/balport-products/seeded/zqq6uruoqtob1qdtrves.jpg"
"BP-77208018014","77208018014","https://res.cloudinary.com/ddhs5dd6l/image/upload/v1773949450/balport-products/seeded/waa8ku1g0afopmdlpccx.jpg"
"BP-77208018021","77208018021","https://res.cloudinary.com/ddhs5dd6l/image/upload/v1773949452/balport-products/seeded/nugyb1qrah0eakblrqvj.jpg"
"BP-77208018052","77208018052","https://res.cloudinary.com/ddhs5dd6l/image/upload/v1773949454/balport-products/seeded/lgvof127r6akmdls7wqt.jpg"
"BP-77208018069","77208018069","https://res.cloudinary.com/ddhs5dd6l/image/upload/v1773949456/balport-products/seeded/oqfththpd93q4qsc1x3f.jpg"
"BP-77449300626","77449300626","https://res.cloudinary.com/ddhs5dd6l/image/upload/v1773949457/balport-products/seeded/mgajljzxrtcco9e6swrk.jpg"
"BP-77567002846","77567002846","https://res.cloudinary.com/ddhs5dd6l/image/upload/v1773949459/balport-products/seeded/btjhojdan5ccdvltdney.jpg"
"BP-77567002853","77567002853","https://res.cloudinary.com/ddhs5dd6l/image/upload/v1773949460/balport-products/seeded/ztubleq6qwm96r9q4yjs.jpg"
"BP-77567003935","77567003935","https://res.cloudinary.com/ddhs5dd6l/image/upload/v1773949462/balport-products/seeded/hyyaohxsscssa0yinhuw.jpg"
"BP-77567004895","77567004895","https://res.cloudinary.com/ddhs5dd6l/image/upload/v1773949463/balport-products/seeded/xvjtaqvijvauujgkzgpp.jpg"
"BP-77567008220","77567008220","https://res.cloudinary.com/ddhs5dd6l/image/upload/v1773949465/balport-products/seeded/i6antuyx3nmabltqhpld.jpg"
"BP-77567028747","77567028747","https://res.cloudinary.com/ddhs5dd6l/image/upload/v1773949466/balport-products/seeded/ypywrzri8tre27xxo9ua.jpg"
"BP-77567132819","77567132819","https://res.cloudinary.com/ddhs5dd6l/image/upload/v1773949468/balport-products/seeded/iagbvw64mpfy4balykss.jpg"
"BP-77567132826","77567132826","https://res.cloudinary.com/ddhs5dd6l/image/upload/v1773949470/balport-products/seeded/gzkgjjcjzgofpi5inuck.jpg"
"BP-77885710614","77885710614","https://res.cloudinary.com/ddhs5dd6l/image/upload/v1773949472/balport-products/seeded/cqgmrfohvp2anhfirfoo.jpg"
"BP-77885882007","77885882007","https://res.cloudinary.com/ddhs5dd6l/image/upload/v1773949474/balport-products/seeded/v75mppiyvro1cgwr82qx.jpg"
"BP-77975022313","77975022313","https://res.cloudinary.com/ddhs5dd6l/image/upload/v1773949477/balport-products/seeded/npfhrhju5ztpwjvvd5gl.jpg"
"BP-77975093108","77975093108","https://res.cloudinary.com/ddhs5dd6l/image/upload/v1773949480/balport-products/seeded/licys0sjwljcqvsu9cq3.jpg"
"BP-77975093900","77975093900","https://res.cloudinary.com/ddhs5dd6l/image/upload/v1773949483/balport-products/seeded/z7eyup01ubxqffjqbqgv.jpg"
"BP-78000000283","78000000283","https://res.cloudinary.com/ddhs5dd6l/image/upload/v1773949485/balport-products/seeded/dnlqgthu3mjfrf2fdliu.jpg"
"BP-78000000344","78000000344","https://res.cloudinary.com/ddhs5dd6l/image/upload/v1773949487/balport-products/seeded/yqfjjrkyteseagkfnvzz.jpg"
"BP-78000000382","78000000382","https://res.cloudinary.com/ddhs5dd6l/image/upload/v1773949489/balport-products/seeded/uxpxwrvjbczggi1lh6d2.jpg"
"BP-78000000757","78000000757","https://res.cloudinary.com/ddhs5dd6l/image/upload/v1773949491/balport-products/seeded/rkheohefmmxedtqtoj7c.jpg"
"BP-78000000795","78000000795","https://res.cloudinary.com/ddhs5dd6l/image/upload/v1773949497/balport-products/seeded/i5bsuzfkpcejaoniyosz.jpg"
"BP-78000001143","78000001143","https://res.cloudinary.com/ddhs5dd6l/image/upload/v1773949499/balport-products/seeded/eugleilcqoxku1a5m1cr.jpg"
"BP-78000001198","78000001198","https://res.cloudinary.com/ddhs5dd6l/image/upload/v1773949501/balport-products/seeded/vr6xwtfyzrtfetzu0cqb.jpg"
"BP-78000001228","78000001228","https://res.cloudinary.com/ddhs5dd6l/image/upload/v1773949502/balport-products/seeded/fl6dgo6aycslozsuxpbq.jpg"
"BP-78000001235","78000001235","https://res.cloudinary.com/ddhs5dd6l/image/upload/v1773949504/balport-products/seeded/vrgrrqxmo5xf4dsif5ma.jpg"
"BP-78000001617","78000001617","https://res.cloudinary.com/ddhs5dd6l/image/upload/v1773949506/balport-products/seeded/puvnk8bvjfq8zfgabvet.jpg"
"BP-78000001624","78000001624","https://res.cloudinary.com/ddhs5dd6l/image/upload/v1773949507/balport-products/seeded/c2swwerlj3uvunnpxamw.jpg"
"BP-78000001815","78000001815","https://res.cloudinary.com/ddhs5dd6l/image/upload/v1773949510/balport-products/seeded/aqjispi3cmkcaek07wap.jpg"
"BP-78000001877","78000001877","https://res.cloudinary.com/ddhs5dd6l/image/upload/v1773949514/balport-products/seeded/ad7gafwwutkf3pci0yvm.jpg"
"BP-78000003154","78000003154","https://res.cloudinary.com/ddhs5dd6l/image/upload/v1773949520/balport-products/seeded/t9hq8fnqe72sv93ukrzz.jpg"
"BP-78000003239","78000003239","https://res.cloudinary.com/ddhs5dd6l/image/upload/v1773949522/balport-products/seeded/qsomqtzvytei3e9mdzvo.jpg"
"BP-78000003413","78000003413","https://res.cloudinary.com/ddhs5dd6l/image/upload/v1773949524/balport-products/seeded/lacvau8eooabgjrlrbee.jpg"
"BP-78000003659","78000003659","https://res.cloudinary.com/ddhs5dd6l/image/upload/v1773949526/balport-products/seeded/cmiyfz1fr4ge8zjl1jpd.jpg"
"BP-78000003697","78000003697","https://res.cloudinary.com/ddhs5dd6l/image/upload/v1773949528/balport-products/seeded/iub3zmdsmfiitb04cyor.jpg"
"BP-78000003864","78000003864","https://res.cloudinary.com/ddhs5dd6l/image/upload/v1773949530/balport-products/seeded/ympno5jmhingdwnri9qi.jpg"
"BP-78000005868","78000005868","https://res.cloudinary.com/ddhs5dd6l/image/upload/v1773949532/balport-products/seeded/i4n8vogutrgdirg2av4q.jpg"
"BP-78000008722","78000008722","https://res.cloudinary.com/ddhs5dd6l/image/upload/v1773949534/balport-products/seeded/q2uz62ik798sfh7wmi9a.jpg"
"BP-78000009538","78000009538","https://res.cloudinary.com/ddhs5dd6l/image/upload/v1773949537/balport-products/seeded/hfoqmunwrbjh5rme0qzs.jpg"
"BP-78000011609","78000011609","https://res.cloudinary.com/ddhs5dd6l/image/upload/v1773949538/balport-products/seeded/zwkkp9wm2vwneib0v3ej.jpg"
"BP-78000011623","78000011623","https://res.cloudinary.com/ddhs5dd6l/image/upload/v1773949541/balport-products/seeded/uafhif3joguncex9pifg.jpg"
"BP-78000011647","78000011647","https://res.cloudinary.com/ddhs5dd6l/image/upload/v1773949543/balport-products/seeded/opptlxzvw4u4mu4b0h69.jpg"
"BP-78000011807","78000011807","https://res.cloudinary.com/ddhs5dd6l/image/upload/v1773949546/balport-products/seeded/siy6fnjq8osk14faqjiu.jpg"
"BP-78000011814","78000011814","https://res.cloudinary.com/ddhs5dd6l/image/upload/v1773949549/balport-products/seeded/cc2t9igumz9e82qj5xq0.jpg"
"BP-78000012194","78000012194","https://res.cloudinary.com/ddhs5dd6l/image/upload/v1773949551/balport-products/seeded/m4ulyownmcjroqomyirq.jpg"
"BP-78000016161","78000016161","https://res.cloudinary.com/ddhs5dd6l/image/upload/v1773949552/balport-products/seeded/ydvfw1v4hgxvjpryvctv.jpg"
"BP-78000016406","78000016406","https://res.cloudinary.com/ddhs5dd6l/image/upload/v1773949554/balport-products/seeded/l9d3hwudhqa23bcwlezw.jpg"
"BP-78000016451","78000016451","https://res.cloudinary.com/ddhs5dd6l/image/upload/v1773949556/balport-products/seeded/ysbhtomotaxr2ztqlesv.jpg"
"BP-78000016468","78000016468","https://res.cloudinary.com/ddhs5dd6l/image/upload/v1773949558/balport-products/seeded/urtvq1o8x5qesokmya3r.jpg"
"BP-78000017403","78000017403","https://res.cloudinary.com/ddhs5dd6l/image/upload/v1773949560/balport-products/seeded/uzbtgvn5tehct609yjfl.jpg"
"BP-78000019520","78000019520","https://res.cloudinary.com/ddhs5dd6l/image/upload/v1773949561/balport-products/seeded/wjscibucbyseeohmqgk5.jpg"
"BP-78000019544","78000019544","https://res.cloudinary.com/ddhs5dd6l/image/upload/v1773949563/balport-products/seeded/l0vuiwfcouqsgn81ycqo.jpg"
"BP-78000031805","78000031805","https://res.cloudinary.com/ddhs5dd6l/image/upload/v1773949565/balport-products/seeded/xnkhllqmfrdaekox2wu0.jpg"
"BP-78000033489","78000033489","https://res.cloudinary.com/ddhs5dd6l/image/upload/v1773949567/balport-products/seeded/solbsrst3ffhxy9xhsjo.jpg"
"BP-78000033519","78000033519","https://res.cloudinary.com/ddhs5dd6l/image/upload/v1773949570/balport-products/seeded/wqmxt7nngpvzmjpk7ir0.jpg"
"BP-78000035261","78000035261","https://res.cloudinary.com/ddhs5dd6l/image/upload/v1773949572/balport-products/seeded/lvohako2sgxjdcjrbhut.jpg"
"BP-78000035476","78000035476","https://res.cloudinary.com/ddhs5dd6l/image/upload/v1773949574/balport-products/seeded/hwxtsbvbvdmmtzsp6pqk.jpg"
"BP-78000052169","78000052169","https://res.cloudinary.com/ddhs5dd6l/image/upload/v1773949578/balport-products/seeded/gw5wg5bg8495gtzdxc8c.jpg"
"BP-78000052404","78000052404","https://res.cloudinary.com/ddhs5dd6l/image/upload/v1773949581/balport-products/seeded/ty8xlbe12coiwhhz9jas.jpg"
"BP-78000052466","78000052466","https://res.cloudinary.com/ddhs5dd6l/image/upload/v1773949583/balport-products/seeded/usyhqamdsu8pk0kxggq8.jpg"
"BP-78000053401","78000053401","https://res.cloudinary.com/ddhs5dd6l/image/upload/v1773949585/balport-products/seeded/cwmoixxcoqr2c5i6t9w6.jpg"
"BP-78000054408","78000054408","https://res.cloudinary.com/ddhs5dd6l/image/upload/v1773949587/balport-products/seeded/yo884mfr5onyldslfnpg.jpg"
"BP-78000082166","78000082166","https://res.cloudinary.com/ddhs5dd6l/image/upload/v1773949589/balport-products/seeded/daskawktfc24rnjrmuk7.jpg"
"BP-78000082319","78000082319","https://res.cloudinary.com/ddhs5dd6l/image/upload/v1773949592/balport-products/seeded/b82lhzmhdrsi8twmcm7s.jpg"
"BP-78000082401","78000082401","https://res.cloudinary.com/ddhs5dd6l/image/upload/v1773949594/balport-products/seeded/qvpdkh8c3zwslh4xczfp.jpg"
"BP-78000082456","78000082456","https://res.cloudinary.com/ddhs5dd6l/image/upload/v1773949596/balport-products/seeded/pzkdvqdwxyrb1dqra5mw.jpg"
"BP-78000082463","78000082463","https://res.cloudinary.com/ddhs5dd6l/image/upload/v1773949598/balport-products/seeded/qe83axa81mhxf5kompsb.jpg"
"BP-78000083163","78000083163","https://res.cloudinary.com/ddhs5dd6l/image/upload/v1773949601/balport-products/seeded/zt91jbut8ezf1fcmyurp.jpg"
"BP-78000083408","78000083408","https://res.cloudinary.com/ddhs5dd6l/image/upload/v1773949603/balport-products/seeded/qlmcogdosdlmuubrtdjn.jpg"
"BP-78000113167","78000113167","https://res.cloudinary.com/ddhs5dd6l/image/upload/v1773949605/balport-products/seeded/gwnmlni2fiodsse6okas.jpg"
"BP-78000146455","78000146455","https://res.cloudinary.com/ddhs5dd6l/image/upload/v1773949607/balport-products/seeded/ufwmeypaedeacblqlm2v.jpg"
"BP-78000148169","78000148169","https://res.cloudinary.com/ddhs5dd6l/image/upload/v1773949609/balport-products/seeded/w3gcxq6slbcqlrxt8cza.jpg"
"BP-78000148404","78000148404","https://res.cloudinary.com/ddhs5dd6l/image/upload/v1773949611/balport-products/seeded/uxhxojrwc1wnbvvdxqq1.jpg"
"BP-78000149456","78000149456","https://res.cloudinary.com/ddhs5dd6l/image/upload/v1773949613/balport-products/seeded/pofuz2c9yrgdwufjmib5.jpg"
"BP-78000152166","78000152166","https://res.cloudinary.com/ddhs5dd6l/image/upload/v1773949616/balport-products/seeded/pewgxy9xm7y6cxllfyil.jpg"
"BP-78000152401","78000152401","https://res.cloudinary.com/ddhs5dd6l/image/upload/v1773949618/balport-products/seeded/eggarwyxzm1bhwov6wra.jpg"
"BP-78000152456","78000152456","https://res.cloudinary.com/ddhs5dd6l/image/upload/v1773949619/balport-products/seeded/uhjwdy3f4i2xrisj2zyb.jpg"
"BP-78000152463","78000152463","https://res.cloudinary.com/ddhs5dd6l/image/upload/v1773949621/balport-products/seeded/xtnuwoupo4zuwxbfcuep.jpg"
"BP-78000153453","78000153453","https://res.cloudinary.com/ddhs5dd6l/image/upload/v1773949624/balport-products/seeded/xzive7opashck4cfxwhu.jpg"
"BP-78000203455","78000203455","https://res.cloudinary.com/ddhs5dd6l/image/upload/v1773949626/balport-products/seeded/uigixzoqrsbbtbyrrlmp.jpg"
"BP-78000206401","78000206401","https://res.cloudinary.com/ddhs5dd6l/image/upload/v1773949628/balport-products/seeded/zqcfgjvg75uz1satntdf.jpg"
"BP-78000218459","78000218459","https://res.cloudinary.com/ddhs5dd6l/image/upload/v1773949630/balport-products/seeded/pbqvfglobs9e1mcmhiwq.jpg"
"BP-78000219456","78000219456","https://res.cloudinary.com/ddhs5dd6l/image/upload/v1773949633/balport-products/seeded/npswk8khitavflhh9lg7.jpg"
"BP-78255001554","78255001554","https://res.cloudinary.com/ddhs5dd6l/image/upload/v1773949634/balport-products/seeded/zmnkzurqmhzzqb0pkmkf.jpg"
"BP-78257556090","78257556090","https://res.cloudinary.com/ddhs5dd6l/image/upload/v1773949636/balport-products/seeded/vykvojucskcfdixfuztn.jpg"
"BP-78300069904","78300069904","https://res.cloudinary.com/ddhs5dd6l/image/upload/v1773949638/balport-products/seeded/hkqbnuyye0ouc4dte1ah.jpg"
"BP-78907450341","78907450341","https://res.cloudinary.com/ddhs5dd6l/image/upload/v1773949640/balport-products/seeded/ej6gmoei6y6uj4tknxao.jpg"
"BP-78907450396","78907450396","https://res.cloudinary.com/ddhs5dd6l/image/upload/v1773949641/balport-products/seeded/k6bixzy6hddpun6vjliq.jpg"
"BP-79200001643","79200001643","https://res.cloudinary.com/ddhs5dd6l/image/upload/v1773949644/balport-products/seeded/bmtlqrltwlcdrqenorih.jpg"
"BP-79200003364","79200003364","https://res.cloudinary.com/ddhs5dd6l/image/upload/v1773949646/balport-products/seeded/obhwoigquwe03zmswdsb.jpg"
"BP-79200003395","79200003395","https://res.cloudinary.com/ddhs5dd6l/image/upload/v1773949649/balport-products/seeded/wzelpvduxois3iaquk4f.jpg"
"BP-79200049058","79200049058","https://res.cloudinary.com/ddhs5dd6l/image/upload/v1773949651/balport-products/seeded/ryeju7mwhhbi9p4a73al.jpg"
"BP-79200049065","79200049065","https://res.cloudinary.com/ddhs5dd6l/image/upload/v1773949652/balport-products/seeded/ibgajmh5ykykjxqv1jvg.jpg"
"BP-79200060671","79200060671","https://res.cloudinary.com/ddhs5dd6l/image/upload/v1773949656/balport-products/seeded/kk8lp1ibhja48fx1snwk.jpg"
"BP-79200060695","79200060695","https://res.cloudinary.com/ddhs5dd6l/image/upload/v1773949658/balport-products/seeded/mztn9riencpc0ofpfoaw.jpg"
"BP-79200085629","79200085629","https://res.cloudinary.com/ddhs5dd6l/image/upload/v1773949660/balport-products/seeded/y5djz3licfej8cu0rknk.jpg"
"BP-79200168490","79200168490","https://res.cloudinary.com/ddhs5dd6l/image/upload/v1773949663/balport-products/seeded/ypdcvt1aldfh6rfqjeqx.jpg"
"BP-79200912338","79200912338","https://res.cloudinary.com/ddhs5dd6l/image/upload/v1773949666/balport-products/seeded/ohhqrjvtweflqryxyrze.jpg"
"BP-79200998899","79200998899","https://res.cloudinary.com/ddhs5dd6l/image/upload/v1773949668/balport-products/seeded/bnwc0f5wpbgh2usb40wf.jpg"
"BP-79223012107","79223012107","https://res.cloudinary.com/ddhs5dd6l/image/upload/v1773949670/balport-products/seeded/fku97xpu6yx840waj9f2.jpg"
"BP-79298000054","79298000054","https://res.cloudinary.com/ddhs5dd6l/image/upload/v1773949672/balport-products/seeded/zfl3judndotgsjimynwp.jpg"
"BP-79298000078","79298000078","https://res.cloudinary.com/ddhs5dd6l/image/upload/v1773949674/balport-products/seeded/i8hwdby8qklswnjul9u1.jpg"
"BP-79298000085","79298000085","https://res.cloudinary.com/ddhs5dd6l/image/upload/v1773949676/balport-products/seeded/npnd7zytltufsrjvbhps.jpg"
"BP-79298200034","79298200034","https://res.cloudinary.com/ddhs5dd6l/image/upload/v1773949677/balport-products/seeded/zrawxsrco9ks97uqvodb.jpg"
"BP-79298600070","79298600070","https://res.cloudinary.com/ddhs5dd6l/image/upload/v1773949679/balport-products/seeded/izkku60xjcez2zuaqtua.jpg"
"BP-79373000139","79373000139","https://res.cloudinary.com/ddhs5dd6l/image/upload/v1773949681/balport-products/seeded/typsdtbqixt6cky8wbhk.jpg"
"BP-79373000146","79373000146","https://res.cloudinary.com/ddhs5dd6l/image/upload/v1773949683/balport-products/seeded/o1zwrlmsrvbcih4xxupt.jpg"
"BP-79373000283","79373000283","https://res.cloudinary.com/ddhs5dd6l/image/upload/v1773949685/balport-products/seeded/cejq9fcpdi5awadwmakp.jpg"
"BP-79373000344","79373000344","https://res.cloudinary.com/ddhs5dd6l/image/upload/v1773949688/balport-products/seeded/bryyxmapmjqiwocp6eco.jpg"
"BP-79373000375","79373000375","https://res.cloudinary.com/ddhs5dd6l/image/upload/v1773949689/balport-products/seeded/zln2qm9jsmk18va5dqwe.jpg"
"BP-79373000764","79373000764","https://res.cloudinary.com/ddhs5dd6l/image/upload/v1773949691/balport-products/seeded/lfxg3rghzv3fht4b1xdo.jpg"
"BP-79400061256","79400061256","https://res.cloudinary.com/ddhs5dd6l/image/upload/v1773949693/balport-products/seeded/ydqg6bqjqb7ndw9g0cod.jpg"
"BP-79400462718","79400462718","https://res.cloudinary.com/ddhs5dd6l/image/upload/v1773949694/balport-products/seeded/dri2klzsenx4i11ib3ru.jpg"
"BP-79400551108","79400551108","https://res.cloudinary.com/ddhs5dd6l/image/upload/v1773949696/balport-products/seeded/yzbndsry4jhlote3batg.jpg"
"BP-79400892003","79400892003","https://res.cloudinary.com/ddhs5dd6l/image/upload/v1773949698/balport-products/seeded/x9dlcgu3fedvzjozzdhv.jpg"
"BP-79581184003","79581184003","https://res.cloudinary.com/ddhs5dd6l/image/upload/v1773949701/balport-products/seeded/lxhq7qfgpih0icqijvtw.jpg"
"BP-79581184010","79581184010","https://res.cloudinary.com/ddhs5dd6l/image/upload/v1773949703/balport-products/seeded/jk9sf16tm4ymvtv7mfxo.jpg"
"BP-79581184058","79581184058","https://res.cloudinary.com/ddhs5dd6l/image/upload/v1773949705/balport-products/seeded/win2pld9oy0pjbfjjw8n.jpg"
"BP-79581184065","79581184065","https://res.cloudinary.com/ddhs5dd6l/image/upload/v1773949706/balport-products/seeded/fdyv2rf9vcxanjm4doyu.jpg"
"BP-79581184072","79581184072","https://res.cloudinary.com/ddhs5dd6l/image/upload/v1773949708/balport-products/seeded/qftizkvftiigc3ngy2hx.jpg"
"BP-79581184096","79581184096","https://res.cloudinary.com/ddhs5dd6l/image/upload/v1773949710/balport-products/seeded/hpvufy7bhcuzka4fdf0j.jpg"
"BP-79581185017","79581185017","https://res.cloudinary.com/ddhs5dd6l/image/upload/v1773949711/balport-products/seeded/ksdc6ascxmi5tpm4pyyn.jpg"
"BP-79581995104","79581995104","https://res.cloudinary.com/ddhs5dd6l/image/upload/v1773949713/balport-products/seeded/gwpbu1tw3ej1pbtdpdbj.jpg"
"BP-79581995111","79581995111","https://res.cloudinary.com/ddhs5dd6l/image/upload/v1773949715/balport-products/seeded/xyfgztrcfa3qcgnitp8j.jpg"
"BP-79581995128","79581995128","https://res.cloudinary.com/ddhs5dd6l/image/upload/v1773949716/balport-products/seeded/rc5dml6dj98mbezg5v1s.jpg"
"BP-79581995258","79581995258","https://res.cloudinary.com/ddhs5dd6l/image/upload/v1773949718/balport-products/seeded/deg6c0bx6kzauuuyjfvl.jpg"
"BP-79656000078","79656000078","https://res.cloudinary.com/ddhs5dd6l/image/upload/v1773949720/balport-products/seeded/qhyqkxgowte10uxgqkji.jpg"
"BP-79656031867","79656031867","https://res.cloudinary.com/ddhs5dd6l/image/upload/v1773949722/balport-products/seeded/oyisxfpavzxudeznys6h.jpg"
"BP-79656045123","79656045123","https://res.cloudinary.com/ddhs5dd6l/image/upload/v1773949724/balport-products/seeded/vobkhd229dzwv90ynfby.jpg"
"BP-79656045321","79656045321","https://res.cloudinary.com/ddhs5dd6l/image/upload/v1773949726/balport-products/seeded/v9zho2fd0h6lbsk2x135.jpg"
"BP-79656122213","79656122213","https://res.cloudinary.com/ddhs5dd6l/image/upload/v1773949728/balport-products/seeded/kpcjqfijag05xx8hejbh.jpg"
"BP-79694221121","79694221121","https://res.cloudinary.com/ddhs5dd6l/image/upload/v1773949729/balport-products/seeded/lm6woreezhcb5fuv4mfv.jpg"
"BP-80000006745","80000006745","https://res.cloudinary.com/ddhs5dd6l/image/upload/v1773949731/balport-products/seeded/ttwrmug1kypj6zowuqb8.jpg"
"BP-80020353324","80020353324","https://res.cloudinary.com/ddhs5dd6l/image/upload/v1773949734/balport-products/seeded/ofsusqjuubkt0ob4al1m.jpg"
"BP-80020422303","80020422303","https://res.cloudinary.com/ddhs5dd6l/image/upload/v1773949735/balport-products/seeded/pwdlh2smbieh6wcpnts3.jpg"
"BP-80157112641","80157112641","https://res.cloudinary.com/ddhs5dd6l/image/upload/v1773949737/balport-products/seeded/ppinfc4yrmf79kfoao9s.png"
"BP-80157113761","80157113761","https://res.cloudinary.com/ddhs5dd6l/image/upload/v1773949739/balport-products/seeded/tt7phvilqregcjnfkmfd.jpg"
"BP-80244002039","80244002039","https://res.cloudinary.com/ddhs5dd6l/image/upload/v1773949740/balport-products/seeded/gk2698ufexmaj29hrvgv.jpg"
"BP-80244006938","80244006938","https://res.cloudinary.com/ddhs5dd6l/image/upload/v1773949742/balport-products/seeded/yap8szujlbwnbp0isq1y.jpg"
"BP-80244007737","80244007737","https://res.cloudinary.com/ddhs5dd6l/image/upload/v1773949743/balport-products/seeded/kcmeds9mh6j9tuzsxfjf.jpg"
"BP-80244009236","80244009236","https://res.cloudinary.com/ddhs5dd6l/image/upload/v1773949746/balport-products/seeded/jwehplsyvc10x4cl2wba.jpg"
"BP-80432000076","BP-80432000076","https://res.cloudinary.com/ddhs5dd6l/image/upload/v1774009889/balport-products/yeibdhurg6nywlha3vpy.webp"
"BP-80432000083","BP-80432000083","https://res.cloudinary.com/ddhs5dd6l/image/upload/v1774009811/balport-products/ftdskz9fvocbuzxj262t.webp"
"BP-80432002117","80432002117","https://res.cloudinary.com/ddhs5dd6l/image/upload/v1773949752/balport-products/seeded/cn6s8s8sttnxbgn1z0wb.jpg"
"BP-80432100783","80432100783","https://res.cloudinary.com/ddhs5dd6l/image/upload/v1773949754/balport-products/seeded/ayq1qnpaqsnbgrekv1ay.jpg"
"BP-80432106419","80432106419","https://res.cloudinary.com/ddhs5dd6l/image/upload/v1773949756/balport-products/seeded/rrigoro5upcqef2liadm.jpg"
"BP-80432106846","80432106846","https://res.cloudinary.com/ddhs5dd6l/image/upload/v1773949758/balport-products/seeded/lyqirr5qs1yndyjmtlv8.png"
"BP-80432106853","80432106853","https://res.cloudinary.com/ddhs5dd6l/image/upload/v1773949760/balport-products/seeded/nzuzsns5k2srgv34vipw.jpg"
"BP-80432107263","80432107263","https://res.cloudinary.com/ddhs5dd6l/image/upload/v1773949762/balport-products/seeded/qglynu44nulobz8s3o44.jpg"
"BP-80432108550","80432108550","https://res.cloudinary.com/ddhs5dd6l/image/upload/v1773949763/balport-products/seeded/iazg2n2yqfslqz9s3j1v.png"
"BP-80432117163","80432117163","https://res.cloudinary.com/ddhs5dd6l/image/upload/v1773949765/balport-products/seeded/duddqqdgrscxkwvcarly.png"
"BP-80432117330","80432117330","https://res.cloudinary.com/ddhs5dd6l/image/upload/v1773949766/balport-products/seeded/rtt7d0hjwdjzhush6mlm.jpg"
"BP-80432117521","80432117521","https://res.cloudinary.com/ddhs5dd6l/image/upload/v1773949768/balport-products/seeded/oxsw4kks6juplfyoswoi.jpg"
"BP-80432117538","80432117538","https://res.cloudinary.com/ddhs5dd6l/image/upload/v1773949770/balport-products/seeded/edaepcrotnpwppbqsjug.png"
"BP-80432117712","80432117712","https://res.cloudinary.com/ddhs5dd6l/image/upload/v1773949771/balport-products/seeded/ntndqv1hbl9qdzs71xfd.jpg"
"BP-80432400395","80432400395","https://res.cloudinary.com/ddhs5dd6l/image/upload/v1773949773/balport-products/seeded/ulwz1kupz8fyuh06beiu.jpg"
"BP-80432400630","80432400630","https://res.cloudinary.com/ddhs5dd6l/image/upload/v1773949775/balport-products/seeded/knms8gvosvbwhmscv6ao.jpg"
"BP-80432500101","80432500101","https://res.cloudinary.com/ddhs5dd6l/image/upload/v1773949776/balport-products/seeded/whnru7zrqjqviceo4rtf.jpg"
"BP-80432500125","80432500125","https://res.cloudinary.com/ddhs5dd6l/image/upload/v1773949778/balport-products/seeded/kpfbfm01eahqrxg5a5v1.jpg"
"BP-80432500149","80432500149","https://res.cloudinary.com/ddhs5dd6l/image/upload/v1773949780/balport-products/seeded/azjcvee7fnundey8op7t.jpg"
"BP-80432500170","80432500170","https://res.cloudinary.com/ddhs5dd6l/image/upload/v1773949782/balport-products/seeded/xkv7w0ilypfb4wewchrw.jpg"
"BP-80432500187","80432500187","https://res.cloudinary.com/ddhs5dd6l/image/upload/v1773949784/balport-products/seeded/o5eaf1v2wkwurgeloe5e.jpg"
"BP-80432586174","80432586174","https://res.cloudinary.com/ddhs5dd6l/image/upload/v1773949786/balport-products/seeded/ouhuvqunmfdvs5caopvk.jpg"
"BP-80480000066","80480000066","https://res.cloudinary.com/ddhs5dd6l/image/upload/v1773949788/balport-products/seeded/k3iluopmooewekcvsg8x.jpg"
"BP-80480000080","80480000080","https://res.cloudinary.com/ddhs5dd6l/image/upload/v1773949789/balport-products/seeded/ulhz60jihyqd2fdfgosi.jpg"
"BP-80480002923","80480002923","https://res.cloudinary.com/ddhs5dd6l/image/upload/v1773949792/balport-products/seeded/gzuuxu5jie6a5cejj4il.jpg"
"BP-80480002930","80480002930","https://res.cloudinary.com/ddhs5dd6l/image/upload/v1773949793/balport-products/seeded/jdmbrnbnqbf8t0ewo7wd.jpg"
"BP-80480006662","80480006662","https://res.cloudinary.com/ddhs5dd6l/image/upload/v1773949795/balport-products/seeded/cwwdfaw1si7mp2pjmtkm.jpg"
"BP-80480015206","80480015206","https://res.cloudinary.com/ddhs5dd6l/image/upload/v1773949797/balport-products/seeded/aubpb8y6s5zx4uyh8b29.jpg"
"BP-80480015404","80480015404","https://res.cloudinary.com/ddhs5dd6l/image/upload/v1773949799/balport-products/seeded/rurbka46ss9xrs98smfp.jpg"
"BP-80480015602","80480015602","https://res.cloudinary.com/ddhs5dd6l/image/upload/v1773949800/balport-products/seeded/glvp3ty0k9lpk1m2mrd6.jpg"
"BP-80480015701","80480015701","https://res.cloudinary.com/ddhs5dd6l/image/upload/v1773949802/balport-products/seeded/hae9bislhuuh02p53fox.jpg"
"BP-80480016210","80480016210","https://res.cloudinary.com/ddhs5dd6l/image/upload/v1773949804/balport-products/seeded/vs02jaq9ktgtad3cw6n3.jpg"
"BP-80480016265","80480016265","https://res.cloudinary.com/ddhs5dd6l/image/upload/v1773949807/balport-products/seeded/gfzu2exrycu0mjnrf7mm.jpg"
"BP-80480025205","80480025205","https://res.cloudinary.com/ddhs5dd6l/image/upload/v1773949809/balport-products/seeded/iurtypi15m5jkmawk7q5.jpg"
"BP-80480025403","80480025403","https://res.cloudinary.com/ddhs5dd6l/image/upload/v1773949812/balport-products/seeded/fu3x4pfeniwsxfhjkfln.jpg"
"BP-80480025601","80480025601","https://res.cloudinary.com/ddhs5dd6l/image/upload/v1773949814/balport-products/seeded/omyzkzl7qbxonpkea9of.jpg"
"BP-80480025700","80480025700","https://res.cloudinary.com/ddhs5dd6l/image/upload/v1773949816/balport-products/seeded/mhqdtybiti2exrg9l9i7.jpg"
"BP-80480026219","80480026219","https://res.cloudinary.com/ddhs5dd6l/image/upload/v1773949818/balport-products/seeded/b8falllvmonbuhfnbozp.jpg"
"BP-80480170004","80480170004","https://res.cloudinary.com/ddhs5dd6l/image/upload/v1773949820/balport-products/seeded/l1oqkwherpvsiabhdqoz.jpg"
"BP-80480170028","80480170028","https://res.cloudinary.com/ddhs5dd6l/image/upload/v1773949822/balport-products/seeded/htw9isxabskhq2vbwf5e.jpg"
"BP-80480170035","80480170035","https://res.cloudinary.com/ddhs5dd6l/image/upload/v1773949824/balport-products/seeded/vusrwh7srru6zgm5mmkv.jpg"
"BP-80480170127","80480170127","https://res.cloudinary.com/ddhs5dd6l/image/upload/v1773949825/balport-products/seeded/dfru62kss28padskuokb.jpg"
"BP-80480172008","80480172008","https://res.cloudinary.com/ddhs5dd6l/image/upload/v1773949827/balport-products/seeded/azlemq8sqsvt1gvqquqn.png"
"BP-80480172022","80480172022","https://res.cloudinary.com/ddhs5dd6l/image/upload/v1773949829/balport-products/seeded/bh6s7whuxhse4gyjmvsj.jpg"
"BP-80480172039","80480172039","https://res.cloudinary.com/ddhs5dd6l/image/upload/v1773949831/balport-products/seeded/u45kq4tesgknoxzo1xcy.jpg"
"BP-80480172527","80480172527","https://res.cloudinary.com/ddhs5dd6l/image/upload/v1773949833/balport-products/seeded/wqvqjf1vek5jvyxbinca.jpg"
"BP-80480231026","80480231026","https://res.cloudinary.com/ddhs5dd6l/image/upload/v1773949835/balport-products/seeded/i1zsfsb5t1qgyolis15i.jpg"
"BP-80480280000","80480280000","https://res.cloudinary.com/ddhs5dd6l/image/upload/v1773949837/balport-products/seeded/fc0oewtrg5bbqlaiealf.jpg"
"BP-80480280024","80480280024","https://res.cloudinary.com/ddhs5dd6l/image/upload/v1773949839/balport-products/seeded/w8vytk2jslb8aods6pfd.jpg"
"BP-80480280031","80480280031","https://res.cloudinary.com/ddhs5dd6l/image/upload/v1773949840/balport-products/seeded/xdzkpvlovvbalxqvi6bc.jpg"
"BP-80480280048","80480280048","https://res.cloudinary.com/ddhs5dd6l/image/upload/v1773949842/balport-products/seeded/rukuvyngkphn0lssy8ix.jpg"
"BP-80480301026","80480301026","https://res.cloudinary.com/ddhs5dd6l/image/upload/v1773949844/balport-products/seeded/yzqgogntxuzsbnjz7tf2.jpg"
"BP-80480301033","80480301033","https://res.cloudinary.com/ddhs5dd6l/image/upload/v1773949846/balport-products/seeded/axqpbnkdzzsvbdo0rgrj.jpg"
"BP-80480983192","80480983192","https://res.cloudinary.com/ddhs5dd6l/image/upload/v1773949848/balport-products/seeded/tisv4ihqdu3dwthxluz2.jpg"
"BP-80480983512","80480983512","https://res.cloudinary.com/ddhs5dd6l/image/upload/v1773949850/balport-products/seeded/wgfhnbdx0mmsff0cfbxr.png"
"BP-80480985721","80480985721","https://res.cloudinary.com/ddhs5dd6l/image/upload/v1773949851/balport-products/seeded/dw4mourjj9i2nd1wkvtf.jpg"
"BP-80480987022","80480987022","https://res.cloudinary.com/ddhs5dd6l/image/upload/v1773949853/balport-products/seeded/drp5vypge9uagfkehxn7.png"
"BP-80480987039","80480987039","https://res.cloudinary.com/ddhs5dd6l/image/upload/v1773949855/balport-products/seeded/omshwmhfkac8k0t0f7qr.jpg"
"BP-80480987060","80480987060","https://res.cloudinary.com/ddhs5dd6l/image/upload/v1773949858/balport-products/seeded/h10abswjilb7x2vs6dtk.png"
"BP-80480987077","80480987077","https://res.cloudinary.com/ddhs5dd6l/image/upload/v1773949860/balport-products/seeded/pqfp4vgqbm2s0ag6xltz.jpg"
"BP-80480988869","80480988869","https://res.cloudinary.com/ddhs5dd6l/image/upload/v1773949861/balport-products/seeded/ntcjocpf1wbmyy6huyfy.jpg"
"BP-80480989347","80480989347","https://res.cloudinary.com/ddhs5dd6l/image/upload/v1773949863/balport-products/seeded/z6g7wv1h5gq3jkxmry4u.jpg"
"BP-80516135144","80516135144","https://res.cloudinary.com/ddhs5dd6l/image/upload/v1773949865/balport-products/seeded/nfvkfm0ugkjkb71ambrp.jpg"
"BP-80660001142","80660001142","https://res.cloudinary.com/ddhs5dd6l/image/upload/v1773949867/balport-products/seeded/gd1hlek1hmjzvjwufvsg.jpg"
"BP-80660001159","80660001159","https://res.cloudinary.com/ddhs5dd6l/image/upload/v1773949869/balport-products/seeded/k9jiategefnsu7xlln9s.jpg"
"BP-80660001166","80660001166","https://res.cloudinary.com/ddhs5dd6l/image/upload/v1773949871/balport-products/seeded/e1g6rqrlzvie7pqlnahj.png"
"BP-80660001203","80660001203","https://res.cloudinary.com/ddhs5dd6l/image/upload/v1773949873/balport-products/seeded/keqcubyfs1b30mig5bqm.jpg"
"BP-80660010113","80660010113","https://res.cloudinary.com/ddhs5dd6l/image/upload/v1773949874/balport-products/seeded/iq0sapexnjr9abszhhjs.jpg"
"BP-80660010700","80660010700","https://res.cloudinary.com/ddhs5dd6l/image/upload/v1773949876/balport-products/seeded/f4iuhcklfjhesmvr17iy.jpg"
"BP-80660113692","80660113692","https://res.cloudinary.com/ddhs5dd6l/image/upload/v1773949877/balport-products/seeded/gng9phxkgyhdl8takyaq.jpg"
"BP-80660113760","80660113760","https://res.cloudinary.com/ddhs5dd6l/image/upload/v1773949879/balport-products/seeded/k05cg5zryymaum9rs0qo.jpg"
"BP-80660620992","80660620992","https://res.cloudinary.com/ddhs5dd6l/image/upload/v1773949880/balport-products/seeded/daegj3qmfplu74e5qgaa.jpg"
"BP-80660953014","80660953014","https://res.cloudinary.com/ddhs5dd6l/image/upload/v1773949882/balport-products/seeded/oyy1fny6vcybafelcbnr.jpg"
"BP-80660953052","80660953052","https://res.cloudinary.com/ddhs5dd6l/image/upload/v1773949884/balport-products/seeded/quwdmdvvrzn66plihzuc.jpg"
"BP-80660953083","80660953083","https://res.cloudinary.com/ddhs5dd6l/image/upload/v1773949887/balport-products/seeded/xhr4durutux9skmpw2q2.jpg"
"BP-80660953151","80660953151","https://res.cloudinary.com/ddhs5dd6l/image/upload/v1773949889/balport-products/seeded/a3svf8uamhqclpvllsnr.jpg"
"BP-80660956053","80660956053","https://res.cloudinary.com/ddhs5dd6l/image/upload/v1773949891/balport-products/seeded/q6fskm2za3cxcaljv3a5.jpg"
"BP-80660956084","80660956084","https://res.cloudinary.com/ddhs5dd6l/image/upload/v1773949893/balport-products/seeded/prd3jofnhmgowevz5yfh.jpg"
"BP-80660956152","80660956152","https://res.cloudinary.com/ddhs5dd6l/image/upload/v1773949896/balport-products/seeded/ucukl3rlammhtbniwmzy.jpg"
"BP-80660956251","80660956251","https://res.cloudinary.com/ddhs5dd6l/image/upload/v1773949897/balport-products/seeded/ykonrzxizr8ei3yzy3bz.jpg"
"BP-80660956411","80660956411","https://res.cloudinary.com/ddhs5dd6l/image/upload/v1773949899/balport-products/seeded/p054yrqvfyzeei3jucn9.jpg"
"BP-80660956435","80660956435","https://res.cloudinary.com/ddhs5dd6l/image/upload/v1773949901/balport-products/seeded/auqgectonbh0q0dvmwp7.jpg"
"BP-80660956756","80660956756","https://res.cloudinary.com/ddhs5dd6l/image/upload/v1773949903/balport-products/seeded/q9hffree5zqsvuxosszc.jpg"
"BP-80660956800","80660956800","https://res.cloudinary.com/ddhs5dd6l/image/upload/v1773949906/balport-products/seeded/jgswpufdk11rqjnzrslb.jpg"
"BP-80660956831","80660956831","https://res.cloudinary.com/ddhs5dd6l/image/upload/v1773949908/balport-products/seeded/mkiuu12oaqzthpriwqrq.jpg"
"BP-80660956954","80660956954","https://res.cloudinary.com/ddhs5dd6l/image/upload/v1773949910/balport-products/seeded/ti3hpzfcem1gnlbjwapa.jpg"
"BP-80660957104","80660957104","https://res.cloudinary.com/ddhs5dd6l/image/upload/v1773949912/balport-products/seeded/vswzimwiy3wxsuno5hld.jpg"
"BP-80660957111","80660957111","https://res.cloudinary.com/ddhs5dd6l/image/upload/v1773949914/balport-products/seeded/znekxzauo6uuhzp8hpxw.jpg"
"BP-80660957159","80660957159","https://res.cloudinary.com/ddhs5dd6l/image/upload/v1773949918/balport-products/seeded/nnzhcvnipcftow5erzk7.jpg"
"BP-80660957210","80660957210","https://res.cloudinary.com/ddhs5dd6l/image/upload/v1773949920/balport-products/seeded/ykuzv5kxxgawulfzeszn.jpg"
"BP-80660957579","80660957579","https://res.cloudinary.com/ddhs5dd6l/image/upload/v1773949922/balport-products/seeded/ggmxue4t0xyksnkwrssq.jpg"
"BP-80660957654","80660957654","https://res.cloudinary.com/ddhs5dd6l/image/upload/v1773949924/balport-products/seeded/bqtlkizbconhczidyzk8.jpg"
"BP-80660957746","80660957746","https://res.cloudinary.com/ddhs5dd6l/image/upload/v1773949927/balport-products/seeded/rhdx65q05ohcekgkzzek.jpg"
"BP-80660957760","80660957760","https://res.cloudinary.com/ddhs5dd6l/image/upload/v1773949929/balport-products/seeded/hpyqpqv57u6i8fsiojxs.jpg"
"BP-80660957777","80660957777","https://res.cloudinary.com/ddhs5dd6l/image/upload/v1773949933/balport-products/seeded/lysqo1ict5kkewej999a.jpg"
"BP-80660957852","80660957852","https://res.cloudinary.com/ddhs5dd6l/image/upload/v1773949935/balport-products/seeded/blulqcyl2hafzckajum9.jpg"
"BP-80660957876","80660957876","https://res.cloudinary.com/ddhs5dd6l/image/upload/v1773949937/balport-products/seeded/gg5gmywfw72cized7ueg.jpg"
"BP-80660957968","80660957968","https://res.cloudinary.com/ddhs5dd6l/image/upload/v1773949940/balport-products/seeded/z0dq7peggiu6ecuovdo7.jpg"
"BP-80660958811","80660958811","https://res.cloudinary.com/ddhs5dd6l/image/upload/v1773949942/balport-products/seeded/u51djpxbwobsiyzwz4bm.jpg"
"BP-80660958835","80660958835","https://res.cloudinary.com/ddhs5dd6l/image/upload/v1773949944/balport-products/seeded/wzy8b4pdsjxy6aysmulz.jpg"
"BP-80686001102","80686001102","https://res.cloudinary.com/ddhs5dd6l/image/upload/v1773949945/balport-products/seeded/r9tuzbxrvfbal5uzru73.jpg"
"BP-80686001409","80686001409","https://res.cloudinary.com/ddhs5dd6l/image/upload/v1773949947/balport-products/seeded/dtaad99qy9k0kcgbqcw8.png"
"BP-80686001607","80686001607","https://res.cloudinary.com/ddhs5dd6l/image/upload/v1773949949/balport-products/seeded/bmaw0bczsthq9qaspq1w.jpg"
"BP-80686001706","80686001706","https://res.cloudinary.com/ddhs5dd6l/image/upload/v1773949951/balport-products/seeded/qm1n0gphzzghvrqrqsoe.png"
"BP-80686001904","80686001904","https://res.cloudinary.com/ddhs5dd6l/image/upload/v1773949953/balport-products/seeded/okvzyg3lipcurwxedlai.jpg"
"BP-80686002956","80686002956","https://res.cloudinary.com/ddhs5dd6l/image/upload/v1773949954/balport-products/seeded/ygpmms2mxp419go3zvoi.jpg"
"BP-80686003601","80686003601","https://res.cloudinary.com/ddhs5dd6l/image/upload/v1773949956/balport-products/seeded/iejloqzkyl7bim9yp9d6.png"
"BP-80686007241","80686007241","https://res.cloudinary.com/ddhs5dd6l/image/upload/v1773949958/balport-products/seeded/ytj2qbduqsv59lk9kzik.jpg"
"BP-80686007289","80686007289","https://res.cloudinary.com/ddhs5dd6l/image/upload/v1773949960/balport-products/seeded/pvgzetopurwbbm5bqiki.jpg"
"BP-80686008064","80686008064","https://res.cloudinary.com/ddhs5dd6l/image/upload/v1773949963/balport-products/seeded/bhwasiiojj9t6cyfzips.jpg"
"BP-80686008088","80686008088","https://res.cloudinary.com/ddhs5dd6l/image/upload/v1773949964/balport-products/seeded/gwd1x0ub8o6qxzgb5u0e.jpg"
"BP-80686008101","80686008101","https://res.cloudinary.com/ddhs5dd6l/image/upload/v1773949966/balport-products/seeded/cmfuao9tnficzvr4no2t.jpg"
"BP-80686008705","80686008705","https://res.cloudinary.com/ddhs5dd6l/image/upload/v1773949967/balport-products/seeded/ze4gcd0emgjrott2yi3h.jpg"
"BP-80686008934","80686008934","https://res.cloudinary.com/ddhs5dd6l/image/upload/v1773949969/balport-products/seeded/qmewexd6jq6ox59saf88.jpg"
"BP-80686009092","80686009092","https://res.cloudinary.com/ddhs5dd6l/image/upload/v1773949970/balport-products/seeded/l752azs9oag8sqfgdzig.jpg"
"BP-80686009290","80686009290","https://res.cloudinary.com/ddhs5dd6l/image/upload/v1773949971/balport-products/seeded/tgzt8a4jxkxa23g0aa5d.jpg"
"BP-80686010739","BP-80686010739","https://res.cloudinary.com/ddhs5dd6l/image/upload/v1774009694/balport-products/zsnjnzgzphzaanw3jsan.webp"
"BP-80686011408","80686011408","https://res.cloudinary.com/ddhs5dd6l/image/upload/v1773949975/balport-products/seeded/s9aglgxvd0ndeilmxoaz.jpg"
"BP-80686012122","80686012122","https://res.cloudinary.com/ddhs5dd6l/image/upload/v1773949977/balport-products/seeded/agn7z84dticl2lumgahz.jpg"
"BP-80686012146","80686012146","https://res.cloudinary.com/ddhs5dd6l/image/upload/v1773949978/balport-products/seeded/eglc45ljhv4admtruwxc.jpg"
"BP-80686012337","80686012337","https://res.cloudinary.com/ddhs5dd6l/image/upload/v1773949980/balport-products/seeded/ual3i5emxxyv9jntqcpe.jpg"
"BP-80686012344","80686012344","https://res.cloudinary.com/ddhs5dd6l/image/upload/v1773949981/balport-products/seeded/rwdkt6sopepuhdedghcw.jpg"
"BP-80686012405","80686012405","https://res.cloudinary.com/ddhs5dd6l/image/upload/v1773949983/balport-products/seeded/tzzj8apu3ysx0hp7mkdn.jpg"
"BP-80686012474","80686012474","https://res.cloudinary.com/ddhs5dd6l/image/upload/v1773949984/balport-products/seeded/xfvul5gntvoj49926zb4.jpg"
"BP-80686016564","80686016564","https://res.cloudinary.com/ddhs5dd6l/image/upload/v1773949987/balport-products/seeded/f7kyz6vy1ge5hgt25r6j.png"
"BP-80686016762","80686016762","https://res.cloudinary.com/ddhs5dd6l/image/upload/v1773949989/balport-products/seeded/nuceuo2bccedsrd77np5.jpg"
"BP-80686016786","80686016786","https://res.cloudinary.com/ddhs5dd6l/image/upload/v1773949991/balport-products/seeded/kc0htctdo5x3w8gpfial.png"
"BP-80686016823","80686016823","https://res.cloudinary.com/ddhs5dd6l/image/upload/v1773949992/balport-products/seeded/cx3v5c9ow7biklklqvtn.png"
"BP-80686028017","80686028017","https://res.cloudinary.com/ddhs5dd6l/image/upload/v1773949994/balport-products/seeded/wyhbtcfccdstgn1hvq4b.jpg"
"BP-80686110040","80686110040","https://res.cloudinary.com/ddhs5dd6l/image/upload/v1773949995/balport-products/seeded/smfaicii9elkxbficgph.jpg"
"BP-80686316022","80686316022","https://res.cloudinary.com/ddhs5dd6l/image/upload/v1773949997/balport-products/seeded/uote6vjow3kgkeydecnr.jpg"
"BP-80686813019","80686813019","https://res.cloudinary.com/ddhs5dd6l/image/upload/v1773949999/balport-products/seeded/jzbbwyabffawe7tbhogs.png"
"BP-80686813064","80686813064","https://res.cloudinary.com/ddhs5dd6l/image/upload/v1773950002/balport-products/seeded/rdx5ique5hfy3uk7nybn.jpg"
"BP-80686821601","80686821601","https://res.cloudinary.com/ddhs5dd6l/image/upload/v1773950006/balport-products/seeded/bp93mpk75kgnh7yng7zu.jpg"
"BP-80686821700","80686821700","https://res.cloudinary.com/ddhs5dd6l/image/upload/v1773950008/balport-products/seeded/faqgxwmvouxuudcoulhz.jpg"
"BP-80686835028","80686835028","https://res.cloudinary.com/ddhs5dd6l/image/upload/v1773950011/balport-products/seeded/ci2c0k0p18sbxi1bki7l.png"
"BP-80686835035","80686835035","https://res.cloudinary.com/ddhs5dd6l/image/upload/v1773950013/balport-products/seeded/us302j3fl9cxcmjjzezq.jpg"
"BP-80686835042","80686835042","https://res.cloudinary.com/ddhs5dd6l/image/upload/v1773950014/balport-products/seeded/qs6cviyn4bpjq6ecxl1g.jpg"
"BP-80686835059","80686835059","https://res.cloudinary.com/ddhs5dd6l/image/upload/v1773950016/balport-products/seeded/zvgo0eliijst1qjk6nd4.jpg"
"BP-80686835066","80686835066","https://res.cloudinary.com/ddhs5dd6l/image/upload/v1773950018/balport-products/seeded/zqb4u627go7vrkww744g.png"
"BP-80686835318","80686835318","https://res.cloudinary.com/ddhs5dd6l/image/upload/v1773950020/balport-products/seeded/z5zabzkikuzccjlapows.jpg"
"BP-80686835325","80686835325","https://res.cloudinary.com/ddhs5dd6l/image/upload/v1773950022/balport-products/seeded/f3jwvlyif7hzrkiuagze.png"
"BP-80686835349","80686835349","https://res.cloudinary.com/ddhs5dd6l/image/upload/v1773950024/balport-products/seeded/nphhmswvorwav4hjfnp3.jpg"
"BP-80686835424","80686835424","https://res.cloudinary.com/ddhs5dd6l/image/upload/v1773950026/balport-products/seeded/ogujc2byx9doctdh0gsy.jpg"
"BP-80686897019","80686897019","https://res.cloudinary.com/ddhs5dd6l/image/upload/v1773950027/balport-products/seeded/bw0zqniwo38sembwd7rs.jpg"
"BP-80686926511","80686926511","https://res.cloudinary.com/ddhs5dd6l/image/upload/v1773950030/balport-products/seeded/tkmbhnfjbzxvdjqirocy.png"
"BP-80686934059","80686934059","https://res.cloudinary.com/ddhs5dd6l/image/upload/v1773950031/balport-products/seeded/jtnmkkqvtcwzsowlpdfy.jpg"
"BP-80686938125","80686938125","https://res.cloudinary.com/ddhs5dd6l/image/upload/v1773950033/balport-products/seeded/rda2ve526v8ao97pmybp.jpg"
"BP-80686938248","80686938248","https://res.cloudinary.com/ddhs5dd6l/image/upload/v1773950034/balport-products/seeded/e7qov2q2omy9p3r7iqmg.jpg"
"BP-80686938613","80686938613","https://res.cloudinary.com/ddhs5dd6l/image/upload/v1773950036/balport-products/seeded/p6yafnn30ej3807rjvdg.jpg"
"BP-80686957010","80686957010","https://res.cloudinary.com/ddhs5dd6l/image/upload/v1773950038/balport-products/seeded/e2hjkyvqikqfjb6f8psl.jpg"
"BP-80686958024","80686958024","https://res.cloudinary.com/ddhs5dd6l/image/upload/v1773950039/balport-products/seeded/ka6wpafpsnnvgiy3sjpe.jpg"
"BP-80686958031","80686958031","https://res.cloudinary.com/ddhs5dd6l/image/upload/v1773950041/balport-products/seeded/fqkzosxuoclijb6qn0dc.jpg"
"BP-80686961048","80686961048","https://res.cloudinary.com/ddhs5dd6l/image/upload/v1773950044/balport-products/seeded/g2omys806mlpfkv34snh.jpg"
"BP-80686967651","80686967651","https://res.cloudinary.com/ddhs5dd6l/image/upload/v1773950048/balport-products/seeded/x56nps37cyvtw9psitsy.jpg"
"BP-80720963045","80720963045","https://res.cloudinary.com/ddhs5dd6l/image/upload/v1773950050/balport-products/seeded/jdyy9wwfita0mgq3xozj.png"
"BP-80887493744","80887493744","https://res.cloudinary.com/ddhs5dd6l/image/upload/v1773950051/balport-products/seeded/vrk4vinxrsdyr6l6lz3q.jpg"
"BP-80887493782","80887493782","https://res.cloudinary.com/ddhs5dd6l/image/upload/v1773950053/balport-products/seeded/d8qddallvcfdnkhtbk76.jpg"
"BP-80887493850","80887493850","https://res.cloudinary.com/ddhs5dd6l/image/upload/v1773950055/balport-products/seeded/hccsxmtrqgmf4svxmkqv.png"
"BP-80887493928","80887493928","https://res.cloudinary.com/ddhs5dd6l/image/upload/v1773950057/balport-products/seeded/jlbrtxsufdrzpx31iirk.jpg"
"BP-80887493942","80887493942","https://res.cloudinary.com/ddhs5dd6l/image/upload/v1773950059/balport-products/seeded/ozrkxf01uq8nvwcudyoy.jpg"
"BP-80887493966","80887493966","https://res.cloudinary.com/ddhs5dd6l/image/upload/v1773950061/balport-products/seeded/mefxmo7ijsxijn6jbjrb.jpg"
"BP-80887496318","80887496318","https://res.cloudinary.com/ddhs5dd6l/image/upload/v1773950062/balport-products/seeded/k6ormv0an52jg4mh1ebb.jpg"
"BP-80887496431","80887496431","https://res.cloudinary.com/ddhs5dd6l/image/upload/v1773950064/balport-products/seeded/sx0mqhmlnh9shyen4cik.png"
"BP-80887551017","80887551017","https://res.cloudinary.com/ddhs5dd6l/image/upload/v1773950066/balport-products/seeded/dheo42renada5kukgfyt.png"
"BP-80887551048","80887551048","https://res.cloudinary.com/ddhs5dd6l/image/upload/v1773950068/balport-products/seeded/uowt6dmaof2opmtaywtp.jpg"
"BP-80893010508","80893010508","https://res.cloudinary.com/ddhs5dd6l/image/upload/v1773950070/balport-products/seeded/ecqpttmt1po7cegnjaiy.png"
"BP-81128000981","81128000981","https://res.cloudinary.com/ddhs5dd6l/image/upload/v1773950071/balport-products/seeded/und2rkzh3kbbv1biey2j.png"
"BP-81128001094","81128001094","https://res.cloudinary.com/ddhs5dd6l/image/upload/v1773950073/balport-products/seeded/zvuj8fnayoi6t7z6igml.png"
"BP-81128001155","81128001155","https://res.cloudinary.com/ddhs5dd6l/image/upload/v1773950075/balport-products/seeded/pnjgo9ukr0ggr0fyzhlq.png"
"BP-81128001209","81128001209","https://res.cloudinary.com/ddhs5dd6l/image/upload/v1773950077/balport-products/seeded/r8c2aso6obuuu5zloxqa.jpg"
"BP-81128001360","81128001360","https://res.cloudinary.com/ddhs5dd6l/image/upload/v1773950078/balport-products/seeded/tjtfttqcvsgbw4hlgpvi.jpg"
"BP-81128001506","81128001506","https://res.cloudinary.com/ddhs5dd6l/image/upload/v1773950080/balport-products/seeded/iru5hrei0bnugnhsh4dq.png"
"BP-81128001735","81128001735","https://res.cloudinary.com/ddhs5dd6l/image/upload/v1773950082/balport-products/seeded/nxdjw1ktojvspgxrfvdd.png"
"BP-81128002145","81128002145","https://res.cloudinary.com/ddhs5dd6l/image/upload/v1773950084/balport-products/seeded/ncaj9m2ghtdo7nkrsbdg.jpg"
"BP-81128002275","81128002275","https://res.cloudinary.com/ddhs5dd6l/image/upload/v1773950086/balport-products/seeded/qw6uhniipwxhyilomguo.jpg"
"BP-81128005085","81128005085","https://res.cloudinary.com/ddhs5dd6l/image/upload/v1773950088/balport-products/seeded/tlfpnfxbgviu8i9sbp4o.jpg"
"BP-81128005139","81128005139","https://res.cloudinary.com/ddhs5dd6l/image/upload/v1773950089/balport-products/seeded/i1zezyq07qwfwyopu6wy.jpg"
"BP-81128005207","81128005207","https://res.cloudinary.com/ddhs5dd6l/image/upload/v1773950091/balport-products/seeded/j1sabxbccwo7ljkby6x1.jpg"
"BP-81128013165","81128013165","https://res.cloudinary.com/ddhs5dd6l/image/upload/v1773950093/balport-products/seeded/tjoh4axcoutyt2p8bl8u.png"
"BP-81128023164","81128023164","https://res.cloudinary.com/ddhs5dd6l/image/upload/v1773950095/balport-products/seeded/wdtzjivrocq5ozetigzi.png"
"BP-81240044818","81240044818","https://res.cloudinary.com/ddhs5dd6l/image/upload/v1773950097/balport-products/seeded/kev8ufpdfaa7r9k7dwgx.jpg"
"BP-81240049523","81240049523","https://res.cloudinary.com/ddhs5dd6l/image/upload/v1773950099/balport-products/seeded/vxlil4ertn9vj0ffdtpu.jpg"
"BP-81240049547","81240049547","https://res.cloudinary.com/ddhs5dd6l/image/upload/v1773950100/balport-products/seeded/awwn6k1xot6nfyozowen.jpg"
"BP-81240050376","81240050376","https://res.cloudinary.com/ddhs5dd6l/image/upload/v1773950102/balport-products/seeded/ycvgefbaimime9uk1cp6.jpg"
"BP-81240050499","81240050499","https://res.cloudinary.com/ddhs5dd6l/image/upload/v1773950103/balport-products/seeded/hrn5crslfz5boouojge0.jpg"
"BP-81240120758","81240120758","https://res.cloudinary.com/ddhs5dd6l/image/upload/v1773950105/balport-products/seeded/x3zdkmy9mqape2i382py.jpg"
"BP-81240501106","81240501106","https://res.cloudinary.com/ddhs5dd6l/image/upload/v1773950107/balport-products/seeded/r1kx3tsqcfie6lwzdkct.jpg"
"BP-81308000435","81308000435","https://res.cloudinary.com/ddhs5dd6l/image/upload/v1773950108/balport-products/seeded/a4y279km1aqdsdovwm8t.jpg"
"BP-81308001067","81308001067","https://res.cloudinary.com/ddhs5dd6l/image/upload/v1773950110/balport-products/seeded/pxx9tpawh7bldon0s8xk.jpg"
"BP-81308001241","81308001241","https://res.cloudinary.com/ddhs5dd6l/image/upload/v1773950113/balport-products/seeded/glh2fovedvhdjqisum5s.jpg"
"BP-81308001326","81308001326","https://res.cloudinary.com/ddhs5dd6l/image/upload/v1773950115/balport-products/seeded/e17iafovbva98jnx7kxq.jpg"
"BP-81308003009","81308003009","https://res.cloudinary.com/ddhs5dd6l/image/upload/v1773950117/balport-products/seeded/fxp6botfh5yubtpdgqgm.jpg"
"BP-81308003320","81308003320","https://res.cloudinary.com/ddhs5dd6l/image/upload/v1773950119/balport-products/seeded/aojvvjtt68lou4fuak0v.jpg"
"BP-81308003337","81308003337","https://res.cloudinary.com/ddhs5dd6l/image/upload/v1773950121/balport-products/seeded/hkhwemexqlx3kk5iwgce.jpg"
"BP-81308003566","81308003566","https://res.cloudinary.com/ddhs5dd6l/image/upload/v1773950123/balport-products/seeded/xw8kcjuryxk0b3ac6v6a.jpg"
"BP-81308004143","81308004143","https://res.cloudinary.com/ddhs5dd6l/image/upload/v1773950125/balport-products/seeded/j8ky49f6pfplfpz74tqx.jpg"
"BP-81308004396","81308004396","https://res.cloudinary.com/ddhs5dd6l/image/upload/v1773950127/balport-products/seeded/ehx78l1r82vp0u3eld3h.jpg"
"BP-81308004426","81308004426","https://res.cloudinary.com/ddhs5dd6l/image/upload/v1773950129/balport-products/seeded/u61xxsuzdwbeiupkkvnz.jpg"
"BP-81308004532","81308004532","https://res.cloudinary.com/ddhs5dd6l/image/upload/v1773950130/balport-products/seeded/mdrsprjqfma2bmbsnuh1.jpg"
"BP-81308011011","81308011011","https://res.cloudinary.com/ddhs5dd6l/image/upload/v1773950131/balport-products/seeded/hmhec1y7z3yvg2mipqbk.jpg"
"BP-81308591872","81308591872","https://res.cloudinary.com/ddhs5dd6l/image/upload/v1773950133/balport-products/seeded/nnj7vqaj3bjtedxcaaj8.jpg"
"BP-81308592077","81308592077","https://res.cloudinary.com/ddhs5dd6l/image/upload/v1773950135/balport-products/seeded/d8ooajgg3r5rdgryv4ga.jpg"
"BP-81434000033","81434000033","https://res.cloudinary.com/ddhs5dd6l/image/upload/v1773950137/balport-products/seeded/tjfdhj18k2j1ylimjklw.jpg"
"BP-81434000040","81434000040","https://res.cloudinary.com/ddhs5dd6l/image/upload/v1773950139/balport-products/seeded/dcu4hwiromf1777ubu0r.jpg"
"BP-81434000224","81434000224","https://res.cloudinary.com/ddhs5dd6l/image/upload/v1773950141/balport-products/seeded/f9lhjh0odk5vnsgjkqml.jpg"
"BP-81434315304","81434315304","https://res.cloudinary.com/ddhs5dd6l/image/upload/v1773950143/balport-products/seeded/mwgyrzq4cnvxuqo6mnln.jpg"
"BP-81434710017","81434710017","https://res.cloudinary.com/ddhs5dd6l/image/upload/v1773950145/balport-products/seeded/trgtvqorvsh5i6iu3izn.jpg"
"BP-81584002154","81584002154","https://res.cloudinary.com/balport/image/upload/v1/placeholder.jpg"
"BP-81584013105","81584013105","https://res.cloudinary.com/balport/image/upload/v1/placeholder.jpg"
"BP-81584013174","81584013174","https://res.cloudinary.com/balport/image/upload/v1/placeholder.jpg"
"BP-81584013297","81584013297","https://res.cloudinary.com/balport/image/upload/v1/placeholder.jpg"
"BP-81584130406","81584130406","https://res.cloudinary.com/balport/image/upload/v1/placeholder.jpg"
"BP-81584131519","81584131519","https://res.cloudinary.com/balport/image/upload/v1/placeholder.jpg"
"BP-81706003014","81706003014","https://res.cloudinary.com/ddhs5dd6l/image/upload/v1773950147/balport-products/seeded/czwzgzghpxgmb3se3ziw.png"
"BP-81753050207","81753050207","https://res.cloudinary.com/balport/image/upload/v1/placeholder.jpg"
"BP-81753802479","81753802479","https://res.cloudinary.com/ddhs5dd6l/image/upload/v1773950148/balport-products/seeded/v9qqp34sqtwcfphm0zmt.jpg"
"BP-81753810818","81753810818","https://res.cloudinary.com/ddhs5dd6l/image/upload/v1773950150/balport-products/seeded/mbgq7zh7mjhm1hpyvmt9.jpg"
"BP-81753810849","81753810849","https://res.cloudinary.com/ddhs5dd6l/image/upload/v1773950152/balport-products/seeded/kuylrrmtmupdw9nf7bno.jpg"
"BP-81753810870","81753810870","https://res.cloudinary.com/ddhs5dd6l/image/upload/v1773950153/balport-products/seeded/jqacmjz42y4nuqfsb6zl.jpg"
"BP-81753818029","81753818029","https://res.cloudinary.com/ddhs5dd6l/image/upload/v1773950155/balport-products/seeded/qqlrcylfvuw2jst5bwhv.jpg"
"BP-81753822422","81753822422","https://res.cloudinary.com/ddhs5dd6l/image/upload/v1773950157/balport-products/seeded/mtwcmor58am4iefvwyap.jpg"
"BP-81753825003","81753825003","https://res.cloudinary.com/ddhs5dd6l/image/upload/v1773950159/balport-products/seeded/pvzl55trnvmglyrqn2bv.png"
"BP-81753825492","81753825492","https://res.cloudinary.com/ddhs5dd6l/image/upload/v1773950160/balport-products/seeded/pktgafsewcctgw3oo1ir.jpg"
"BP-81753830106","81753830106","https://res.cloudinary.com/ddhs5dd6l/image/upload/v1773950162/balport-products/seeded/nozhqb2p91hqu3ivoazv.jpg"
"BP-81753833787","81753833787","https://res.cloudinary.com/ddhs5dd6l/image/upload/v1773950163/balport-products/seeded/wz7axkdy60qqbpz69kb6.jpg"
"BP-81753833909","81753833909","https://res.cloudinary.com/ddhs5dd6l/image/upload/v1773950165/balport-products/seeded/pwgrdlye3fwrq2rfoyh1.jpg"
"BP-81753833916","81753833916","https://res.cloudinary.com/ddhs5dd6l/image/upload/v1773950166/balport-products/seeded/lug5it2dklfl9cvav8yg.jpg"
"BP-81753834357","81753834357","https://res.cloudinary.com/ddhs5dd6l/image/upload/v1773950168/balport-products/seeded/qauusudzcdawwubkzrtn.jpg"
"BP-81753835057","81753835057","https://res.cloudinary.com/ddhs5dd6l/image/upload/v1773950170/balport-products/seeded/fuzwbl3iishk8stsq0m2.jpg"
"BP-81753837822","81753837822","https://res.cloudinary.com/ddhs5dd6l/image/upload/v1773950172/balport-products/seeded/hgeufnyzuucpvtlxx9yk.jpg"
"BP-81753840877","81753840877","https://res.cloudinary.com/ddhs5dd6l/image/upload/v1773950173/balport-products/seeded/jaud4avgo3ag9hkpo6zg.jpg"
"BP-81761042126","81761042126","https://res.cloudinary.com/ddhs5dd6l/image/upload/v1773950175/balport-products/seeded/pffbv1slfbo0cwgokrsr.jpg"
"BP-81932049534","81932049534","https://res.cloudinary.com/ddhs5dd6l/image/upload/v1773950177/balport-products/seeded/c71k0jl2zadkvmlrwv9k.jpg"
"BP-82000000068","82000000068","https://res.cloudinary.com/ddhs5dd6l/image/upload/v1773950179/balport-products/seeded/hwdin9ojncsiuy9eoyrc.jpg"
"BP-82000000082","82000000082","https://res.cloudinary.com/ddhs5dd6l/image/upload/v1773950181/balport-products/seeded/d7sztimevadip9zcwnuu.jpg"
"BP-82000000105","82000000105","https://res.cloudinary.com/ddhs5dd6l/image/upload/v1773950183/balport-products/seeded/yxbrmwo7xfdcsagmglta.jpg"
"BP-82000000129","82000000129","https://res.cloudinary.com/ddhs5dd6l/image/upload/v1773950185/balport-products/seeded/juenqgny4uymcjxd0alt.jpg"
"BP-82000000440","82000000440","https://res.cloudinary.com/ddhs5dd6l/image/upload/v1773950186/balport-products/seeded/nlhjqckhzkzigetgwbun.jpg"
"BP-82000001041","82000001041","https://res.cloudinary.com/ddhs5dd6l/image/upload/v1773950188/balport-products/seeded/gfun0ace7ylkpkpkln30.jpg"
"BP-82000001164","82000001164","https://res.cloudinary.com/ddhs5dd6l/image/upload/v1773950190/balport-products/seeded/ketodzrgmfzkfxxr7cpq.jpg"
"BP-82000001171","82000001171","https://res.cloudinary.com/ddhs5dd6l/image/upload/v1773950192/balport-products/seeded/k6btvfcreyxi9hzvu3qz.jpg"
"BP-82000001539","82000001539","https://res.cloudinary.com/ddhs5dd6l/image/upload/v1773950195/balport-products/seeded/ifud3fufdudcigds3dxg.jpg"
"BP-82000003083","82000003083","https://res.cloudinary.com/ddhs5dd6l/image/upload/v1773950196/balport-products/seeded/pihn4y6cfjqngi9kr9be.jpg"
"BP-82000003786","82000003786","https://res.cloudinary.com/ddhs5dd6l/image/upload/v1773950199/balport-products/seeded/nslw21cvjzes3xkt6d34.jpg"
"BP-82000003908","82000003908","https://res.cloudinary.com/ddhs5dd6l/image/upload/v1773950202/balport-products/seeded/iypetried5bnee1oywbo.jpg"
"BP-82000003960","82000003960","https://res.cloudinary.com/ddhs5dd6l/image/upload/v1773950204/balport-products/seeded/efqvrihkknqvv8lorxga.jpg"
"BP-82000004004","82000004004","https://res.cloudinary.com/ddhs5dd6l/image/upload/v1773950206/balport-products/seeded/rnchxe00gdjnawnvt5pg.jpg"
"BP-82000004011","82000004011","https://res.cloudinary.com/ddhs5dd6l/image/upload/v1773950209/balport-products/seeded/a1qyfeqly7rekp8jyysp.jpg"
"BP-82000004721","82000004721","https://res.cloudinary.com/ddhs5dd6l/image/upload/v1773950211/balport-products/seeded/qya9kekn5twruelamcfc.jpg"
"BP-82000005612","82000005612","https://res.cloudinary.com/ddhs5dd6l/image/upload/v1773950213/balport-products/seeded/ynjzjmjgr1w4uhojwheh.jpg"
"BP-82000005629","82000005629","https://res.cloudinary.com/ddhs5dd6l/image/upload/v1773950216/balport-products/seeded/ao76j0gxlzrbaphdzuzt.jpg"
"BP-82000006114","82000006114","https://res.cloudinary.com/ddhs5dd6l/image/upload/v1773950217/balport-products/seeded/qni0q3ddhgr7svnqgb0y.jpg"
"BP-82000006862","BP-82000006862","https://res.cloudinary.com/ddhs5dd6l/image/upload/v1774009530/balport-products/i8zxgzmdapizeaxfblcv.webp"
"BP-82000006923","BP-82000006923","https://res.cloudinary.com/ddhs5dd6l/image/upload/v1774009381/balport-products/nmbxolrzaxiflclqdugi.jpg"
"BP-82000007319","82000007319","https://res.cloudinary.com/ddhs5dd6l/image/upload/v1773950225/balport-products/seeded/sk6uy0yuul12ans0akf8.jpg"
"BP-82000009504","82000009504","https://res.cloudinary.com/ddhs5dd6l/image/upload/v1773950228/balport-products/seeded/mkevdhocykpmguzy6fcf.jpg"
"BP-82000104889","82000104889","https://res.cloudinary.com/balport/image/upload/v1/placeholder.jpg"
"BP-82000105701","82000105701","https://res.cloudinary.com/ddhs5dd6l/image/upload/v1773950230/balport-products/seeded/qhtzyahpyj2futmuhew5.jpg"
"BP-82000105749","82000105749","https://res.cloudinary.com/ddhs5dd6l/image/upload/v1773950233/balport-products/seeded/g0pvfxjuufzlsdc2fhhn.jpg"
"BP-82000723851","82000723851","https://res.cloudinary.com/ddhs5dd6l/image/upload/v1773950235/balport-products/seeded/ncyenxmhotusuevmvwij.png"
"BP-82000725695","82000725695","https://res.cloudinary.com/ddhs5dd6l/image/upload/v1773950237/balport-products/seeded/czlbsujrjls1egnybdgs.png"
"BP-82000727514","82000727514","https://res.cloudinary.com/ddhs5dd6l/image/upload/v1773950238/balport-products/seeded/u4lxawvh44ef8xw8t6bp.jpg"
"BP-82000727606","82000727606","https://res.cloudinary.com/ddhs5dd6l/image/upload/v1773950240/balport-products/seeded/vpvcl3l9yzbnakxukxg8.jpg"
"BP-82000729020","82000729020","https://res.cloudinary.com/ddhs5dd6l/image/upload/v1773950242/balport-products/seeded/pbjfdmjdzt6y28evinsm.jpg"
"BP-82000729327","82000729327","https://res.cloudinary.com/ddhs5dd6l/image/upload/v1773950244/balport-products/seeded/gaxglf53swph0ztdhi9c.jpg"
"BP-82000747314","82000747314","https://res.cloudinary.com/ddhs5dd6l/image/upload/v1773950246/balport-products/seeded/a7sjuhmzqa9uttp9v2vh.jpg"
"BP-82000750437","82000750437","https://res.cloudinary.com/ddhs5dd6l/image/upload/v1773950248/balport-products/seeded/q0ecwzcgu147fuzwpoxn.jpg"
"BP-82000752967","82000752967","https://res.cloudinary.com/ddhs5dd6l/image/upload/v1773950250/balport-products/seeded/tqhfeglagsyghjpyxir2.jpg"
"BP-82000757481","82000757481","https://res.cloudinary.com/ddhs5dd6l/image/upload/v1773950251/balport-products/seeded/vl9rfhkxrw1g8ynrspml.jpg"
"BP-82000757924","82000757924","https://res.cloudinary.com/ddhs5dd6l/image/upload/v1773950253/balport-products/seeded/cxcwzytvpzm9to1jlnvp.jpg"
"BP-82000759614","82000759614","https://res.cloudinary.com/ddhs5dd6l/image/upload/v1773950255/balport-products/seeded/ecuvaefq0s7c0noqzqcp.jpg"
"BP-82000760832","82000760832","https://res.cloudinary.com/ddhs5dd6l/image/upload/v1773950257/balport-products/seeded/frjmmz32z1jq9inyz99m.jpg"
"BP-82000762126","82000762126","https://res.cloudinary.com/ddhs5dd6l/image/upload/v1773950259/balport-products/seeded/svkphrdth5qj1umxc896.png"
"BP-82000766001","82000766001","https://res.cloudinary.com/ddhs5dd6l/image/upload/v1773950261/balport-products/seeded/aota6odnketih8xtjqf2.jpg"
"BP-82000766070","82000766070","https://res.cloudinary.com/ddhs5dd6l/image/upload/v1773950263/balport-products/seeded/lfhyganzwigyni8kpl4z.jpg"
"BP-82000766087","82000766087","https://res.cloudinary.com/ddhs5dd6l/image/upload/v1773950265/balport-products/seeded/kdhigibw7inkdlxkhwce.jpg"
"BP-82000766827","82000766827","https://res.cloudinary.com/ddhs5dd6l/image/upload/v1773950267/balport-products/seeded/gmprcs2pyqvdzqfs0qj3.jpg"
"BP-82000771562","82000771562","https://res.cloudinary.com/ddhs5dd6l/image/upload/v1773950269/balport-products/seeded/xqubkqm5yue4d2lnmlsq.jpg"
"BP-82000773375","82000773375","https://res.cloudinary.com/ddhs5dd6l/image/upload/v1773950272/balport-products/seeded/sp944silgz6lj0xiy4gf.jpg"
"BP-82000776598","82000776598","https://res.cloudinary.com/ddhs5dd6l/image/upload/v1773950274/balport-products/seeded/zlw3xrmh1qsxnkq4bbqr.jpg"
"BP-82000776925","82000776925","https://res.cloudinary.com/ddhs5dd6l/image/upload/v1773950275/balport-products/seeded/ac7ijpz3gpxymda9tzkz.jpg"
"BP-82000782506","82000782506","https://res.cloudinary.com/ddhs5dd6l/image/upload/v1773950277/balport-products/seeded/zshwll0psodmwgmm9uku.jpg"
"BP-82000782919","82000782919","https://res.cloudinary.com/ddhs5dd6l/image/upload/v1773950279/balport-products/seeded/fhmvy75a6ccgsntjljwb.jpg"
"BP-82000783534","82000783534","https://res.cloudinary.com/ddhs5dd6l/image/upload/v1773950281/balport-products/seeded/hmbaviwrbqppxpdhoibk.jpg"
"BP-82000783978","82000783978","https://res.cloudinary.com/ddhs5dd6l/image/upload/v1773950283/balport-products/seeded/qkbjbra7arzpqkhtikyg.jpg"
"BP-82000786252","82000786252","https://res.cloudinary.com/ddhs5dd6l/image/upload/v1773950285/balport-products/seeded/vxptzaxlsa2ciw4eb5ae.jpg"
"BP-82000786290","82000786290","https://res.cloudinary.com/ddhs5dd6l/image/upload/v1773950287/balport-products/seeded/r7lpjkbedidgrircamg5.png"
"BP-82000789550","82000789550","https://res.cloudinary.com/ddhs5dd6l/image/upload/v1773950289/balport-products/seeded/y2pgtqhmis5l8x2yiztc.jpg"
"BP-82000795674","82000795674","https://res.cloudinary.com/ddhs5dd6l/image/upload/v1773950291/balport-products/seeded/zbv31epqxffke7kt1alv.jpg"
"BP-82000796213","82000796213","https://res.cloudinary.com/ddhs5dd6l/image/upload/v1773950292/balport-products/seeded/ilpty0l6nbc2xkerirds.jpg"
"BP-82000796220","82000796220","https://res.cloudinary.com/ddhs5dd6l/image/upload/v1773950293/balport-products/seeded/lyhzcotdgeb9godlpbrn.jpg"
"BP-82000796237","82000796237","https://res.cloudinary.com/ddhs5dd6l/image/upload/v1773950295/balport-products/seeded/p4hccr1fhsaxyds1seva.jpg"
"BP-82000796244","82000796244","https://res.cloudinary.com/ddhs5dd6l/image/upload/v1773950297/balport-products/seeded/epjl9irsuejxaboexxgz.png"
"BP-82000796251","82000796251","https://res.cloudinary.com/ddhs5dd6l/image/upload/v1773950299/balport-products/seeded/sbx52ujzigfxbiqfmmwm.jpg"
"BP-82000797203","82000797203","https://res.cloudinary.com/ddhs5dd6l/image/upload/v1773950301/balport-products/seeded/n3kihby1c3qzoy6br3ay.jpg"
"BP-82000798330","82000798330","https://res.cloudinary.com/ddhs5dd6l/image/upload/v1773950302/balport-products/seeded/zbtcxixtqbd3bea2s4ra.jpg"
"BP-82000798347","82000798347","https://res.cloudinary.com/ddhs5dd6l/image/upload/v1773950304/balport-products/seeded/dbvfo14bt6ycyudrw4xw.jpg"
"BP-82000798637","82000798637","https://res.cloudinary.com/ddhs5dd6l/image/upload/v1773950305/balport-products/seeded/nwynmoigmmfyrwuk3oby.jpg"
"BP-82000798651","82000798651","https://res.cloudinary.com/ddhs5dd6l/image/upload/v1773950307/balport-products/seeded/os2ve6zhzcky5ddvzrxi.jpg"
"BP-82000798965","82000798965","https://res.cloudinary.com/ddhs5dd6l/image/upload/v1773950308/balport-products/seeded/a3wdfubssq3ulat7rjwx.jpg"
"BP-82000800934","82000800934","https://res.cloudinary.com/balport/image/upload/v1/placeholder.jpg"
"BP-82000802181","82000802181","https://res.cloudinary.com/balport/image/upload/v1/placeholder.jpg"
"BP-82000807964","82000807964","https://res.cloudinary.com/ddhs5dd6l/image/upload/v1773950310/balport-products/seeded/los6hnqxp5bunxus41xh.jpg"
"BP-82000811053","BP-82000811053","https://res.cloudinary.com/ddhs5dd6l/image/upload/v1774009254/balport-products/ctqvdka7dvdvaefsgvzp.webp"
"BP-82000811374","82000811374","https://res.cloudinary.com/ddhs5dd6l/image/upload/v1773950313/balport-products/seeded/xm6fgt6ego1a3pqzqwla.jpg"
"BP-82184000052","82184000052","https://res.cloudinary.com/ddhs5dd6l/image/upload/v1773950314/balport-products/seeded/y61yfm8y2yxnfvsuyu5r.png"
"BP-82184000335","82184000335","https://res.cloudinary.com/ddhs5dd6l/image/upload/v1773950316/balport-products/seeded/q4zvoz50sbupulk5wrf6.png"
"BP-82184000342","82184000342","https://res.cloudinary.com/ddhs5dd6l/image/upload/v1773950318/balport-products/seeded/yjtqvqxwmgcku8vp6idv.png"
"BP-82184000359","82184000359","https://res.cloudinary.com/ddhs5dd6l/image/upload/v1773950320/balport-products/seeded/wkr9o1wwbssnhjmlncqn.png"
"BP-82184000618","82184000618","https://res.cloudinary.com/ddhs5dd6l/image/upload/v1773950322/balport-products/seeded/nupuo7dvh2woxkbgoujb.png"
"BP-82184000625","82184000625","https://res.cloudinary.com/ddhs5dd6l/image/upload/v1773950324/balport-products/seeded/v2oas89bhjkq9gmzkru9.jpg"
"BP-82184001172","82184001172","https://res.cloudinary.com/ddhs5dd6l/image/upload/v1773950326/balport-products/seeded/adx9l0a5pxumgalwk1j6.png"
"BP-82184001554","82184001554","https://res.cloudinary.com/ddhs5dd6l/image/upload/v1773950327/balport-products/seeded/g4qtrtmsw9gd4rapyn8f.jpg"
"BP-82184003459","82184003459","https://res.cloudinary.com/ddhs5dd6l/image/upload/v1773950329/balport-products/seeded/fbatzqkb1mvw3td6urt5.png"
"BP-82184004333","82184004333","https://res.cloudinary.com/ddhs5dd6l/image/upload/v1773950331/balport-products/seeded/fjsjl3lar7x7s55shsdp.png"
"BP-82184004777","82184004777","https://res.cloudinary.com/ddhs5dd6l/image/upload/v1773950333/balport-products/seeded/xwf5eacewvics8pekqmu.png"
"BP-82184006870","82184006870","https://res.cloudinary.com/ddhs5dd6l/image/upload/v1773950335/balport-products/seeded/keou06dnpjoai0j34qfz.jpg"
"BP-82184006887","82184006887","https://res.cloudinary.com/ddhs5dd6l/image/upload/v1773950337/balport-products/seeded/jadrxzyve4rmc2mhuyh4.jpg"
"BP-82184008737","82184008737","https://res.cloudinary.com/ddhs5dd6l/image/upload/v1773950339/balport-products/seeded/qtqerxsjostwgtg473nm.jpg"
"BP-82184008768","82184008768","https://res.cloudinary.com/ddhs5dd6l/image/upload/v1773950341/balport-products/seeded/ftbqikubjvy6jds4unbh.jpg"
"BP-82184038710","82184038710","https://res.cloudinary.com/ddhs5dd6l/image/upload/v1773950343/balport-products/seeded/vnbmkvwtj2fymapbqw5i.png"
"BP-82184038727","82184038727","https://res.cloudinary.com/ddhs5dd6l/image/upload/v1773950346/balport-products/seeded/odekcntv45svardlw6d3.png"
"BP-82184038741","82184038741","https://res.cloudinary.com/ddhs5dd6l/image/upload/v1773950348/balport-products/seeded/g3kz1bnbcgcutaluiexi.jpg"
"BP-82184081839","82184081839","https://res.cloudinary.com/ddhs5dd6l/image/upload/v1773950350/balport-products/seeded/ytnjemvklr8me1trwgwr.png"
"BP-82184083598","82184083598","https://res.cloudinary.com/ddhs5dd6l/image/upload/v1773950352/balport-products/seeded/ddj9yt3jtu6gevo4x5s2.jpg"
"BP-82184087008","82184087008","https://res.cloudinary.com/ddhs5dd6l/image/upload/v1773950354/balport-products/seeded/uzes4gv5a6yehzxea9fv.png"
"BP-82184090428","82184090428","https://res.cloudinary.com/ddhs5dd6l/image/upload/v1773950356/balport-products/seeded/pa5buldu4qg8oxupodj9.png"
"BP-82184090466","82184090466","https://res.cloudinary.com/ddhs5dd6l/image/upload/v1773950358/balport-products/seeded/xtnixlfx3decbdlnsu0a.jpg"
"BP-82184090503","82184090503","https://res.cloudinary.com/ddhs5dd6l/image/upload/v1773950360/balport-products/seeded/k7dkxygmx7igjpbsjfqw.jpg"
"BP-82184090510","82184090510","https://res.cloudinary.com/ddhs5dd6l/image/upload/v1773950362/balport-products/seeded/zoryido12nqf0vjxquhi.png"
"BP-82184090527","82184090527","https://res.cloudinary.com/ddhs5dd6l/image/upload/v1773950364/balport-products/seeded/u6m0rlxrx2eojnf7ihzj.png"
"BP-82184090541","82184090541","https://res.cloudinary.com/ddhs5dd6l/image/upload/v1773950367/balport-products/seeded/dfzmww1umrinkjplbncc.png"
"BP-82184202777","82184202777","https://res.cloudinary.com/ddhs5dd6l/image/upload/v1773950369/balport-products/seeded/azwi5eu8ph2pa4spitzc.jpg"
"BP-82184202784","82184202784","https://res.cloudinary.com/ddhs5dd6l/image/upload/v1773950371/balport-products/seeded/bumilpo88fsvzfgaiqo8.jpg"
"BP-82184204771","82184204771","https://res.cloudinary.com/ddhs5dd6l/image/upload/v1773950372/balport-products/seeded/czemdbjufy2krp0s1jm3.jpg"
"BP-82184206874","82184206874","https://res.cloudinary.com/ddhs5dd6l/image/upload/v1773950374/balport-products/seeded/fwcuvzzsuryqsxf9qhim.jpg"
"BP-82184206881","82184206881","https://res.cloudinary.com/ddhs5dd6l/image/upload/v1773950376/balport-products/seeded/ypxzcqmyzpmi3jdjcazc.jpg"
"BP-82184226018","82184226018","https://res.cloudinary.com/ddhs5dd6l/image/upload/v1773950378/balport-products/seeded/ttcy5cegf4ab9gd2eqzc.jpg"
"BP-82184787182","82184787182","https://res.cloudinary.com/ddhs5dd6l/image/upload/v1773950380/balport-products/seeded/zwid8i2uc0lmrk90brfe.jpg"
"BP-82242010412","82242010412","https://res.cloudinary.com/ddhs5dd6l/image/upload/v1773950382/balport-products/seeded/h3zr62vvco4hlt8nyrpg.jpg"
"BP-82242010450","82242010450","https://res.cloudinary.com/ddhs5dd6l/image/upload/v1773950384/balport-products/seeded/vdop2yc7cf8u90xgrkfu.jpg"
"BP-82242011051","82242011051","https://res.cloudinary.com/ddhs5dd6l/image/upload/v1773950386/balport-products/seeded/sa3gazlryaomtm1nkwn4.jpg"
"BP-82242016766","82242016766","https://res.cloudinary.com/ddhs5dd6l/image/upload/v1773950388/balport-products/seeded/exdzwnezd7ydyydcmxaz.jpg"
"BP-82242290432","82242290432","https://res.cloudinary.com/ddhs5dd6l/image/upload/v1773950389/balport-products/seeded/vehepwvscoyxhlz51uz7.jpg"
"BP-82242294935","82242294935","https://res.cloudinary.com/ddhs5dd6l/image/upload/v1773950390/balport-products/seeded/tq8hqkreqou4klu9m2vt.jpg"
"BP-82242544030","82242544030","https://res.cloudinary.com/ddhs5dd6l/image/upload/v1773950392/balport-products/seeded/qw1eh2niw2sfmwcqx8de.jpg"
"BP-82301751515","82301751515","https://res.cloudinary.com/ddhs5dd6l/image/upload/v1773950394/balport-products/seeded/eey39mpbfpik2j2n4sdq.png"
"BP-82422470852","82422470852","https://res.cloudinary.com/ddhs5dd6l/image/upload/v1773950396/balport-products/seeded/e7pc2zaxa32dijo3c3kb.png"
"BP-82488123006","82488123006","https://res.cloudinary.com/ddhs5dd6l/image/upload/v1773950400/balport-products/seeded/tzujdhkmxsmnyveqmx4a.jpg"
"BP-82488123457","82488123457","https://res.cloudinary.com/ddhs5dd6l/image/upload/v1773950402/balport-products/seeded/b2brmhef6y41an4xigqw.jpg"
"BP-82488127004","82488127004","https://res.cloudinary.com/ddhs5dd6l/image/upload/v1773950404/balport-products/seeded/p3esarzxqdbusaw3bdhu.jpg"
"BP-82544009046","82544009046","https://res.cloudinary.com/ddhs5dd6l/image/upload/v1773950405/balport-products/seeded/zbamg6206rs0liknygcv.jpg"
"BP-82544990832","82544990832","https://res.cloudinary.com/ddhs5dd6l/image/upload/v1773950407/balport-products/seeded/t6xqccerg7pfvfqezsxq.jpg"
"BP-82544991266","82544991266","https://res.cloudinary.com/ddhs5dd6l/image/upload/v1773950410/balport-products/seeded/kpuyj2xvabgxww9rpm44.jpg"
"BP-82592194152","82592194152","https://res.cloudinary.com/ddhs5dd6l/image/upload/v1773950411/balport-products/seeded/jfngaqrhqdpq6ja8gwlq.jpg"
"BP-82592660152","82592660152","https://res.cloudinary.com/ddhs5dd6l/image/upload/v1773950413/balport-products/seeded/nvudvja7tbb3ej2gossh.jpg"
"BP-82592720153","82592720153","https://res.cloudinary.com/ddhs5dd6l/image/upload/v1773950415/balport-products/seeded/hzr2ggqqz9lsgo1f98dc.jpg"
"BP-82592726155","82592726155","https://res.cloudinary.com/ddhs5dd6l/image/upload/v1773950417/balport-products/seeded/jvlu6eijhujvrxh8kpca.jpg"
"BP-82869000124","82869000124","https://res.cloudinary.com/ddhs5dd6l/image/upload/v1773950419/balport-products/seeded/cix3h3ziiu9kthjkt93m.jpg"
"BP-82869000223","82869000223","https://res.cloudinary.com/ddhs5dd6l/image/upload/v1773950421/balport-products/seeded/j5vvbltmdkftipeequks.jpg"
"BP-82896780129","82896780129","https://res.cloudinary.com/ddhs5dd6l/image/upload/v1773950422/balport-products/seeded/nwniycnksfgzatzyiwuo.jpg"
"BP-82896780402","82896780402","https://res.cloudinary.com/ddhs5dd6l/image/upload/v1773950423/balport-products/seeded/wh2a3mirj9h0dmx18tm7.jpg"
"BP-82915001075","82915001075","https://res.cloudinary.com/ddhs5dd6l/image/upload/v1773950425/balport-products/seeded/snzoc4stvv4vd5mq0bh3.jpg"
"BP-83078010188","83078010188","https://res.cloudinary.com/ddhs5dd6l/image/upload/v1773950427/balport-products/seeded/p0aalrtftbnfqetko10t.jpg"
"BP-83078113148","83078113148","https://res.cloudinary.com/ddhs5dd6l/image/upload/v1773950430/balport-products/seeded/boxmwzr1cjezyb5yq52w.jpg"
"BP-83085300265","83085300265","https://res.cloudinary.com/ddhs5dd6l/image/upload/v1773950434/balport-products/seeded/kob8ba4jm8cgt61gn5lw.jpg"
"BP-83085300586","83085300586","https://res.cloudinary.com/ddhs5dd6l/image/upload/v1773950436/balport-products/seeded/lb4bh45xlrsxizxgfuss.jpg"
"BP-83085420000","83085420000","https://res.cloudinary.com/ddhs5dd6l/image/upload/v1773950439/balport-products/seeded/lhf7gppw8yneky3zuygx.jpg"
"BP-83085420130","83085420130","https://res.cloudinary.com/ddhs5dd6l/image/upload/v1773950441/balport-products/seeded/nexanaq90qdltpq72zf7.jpg"
"BP-83085420239","83085420239","https://res.cloudinary.com/ddhs5dd6l/image/upload/v1773950443/balport-products/seeded/teblv9c3aehwksf16azs.jpg"
"BP-83085903022","83085903022","https://res.cloudinary.com/ddhs5dd6l/image/upload/v1773950445/balport-products/seeded/g39wennjnadvy4hxxu5l.jpg"
"BP-83085903053","83085903053","https://res.cloudinary.com/ddhs5dd6l/image/upload/v1773950447/balport-products/seeded/rmilutj1sf5ncp3rlk8l.jpg"
"BP-83085903084","83085903084","https://res.cloudinary.com/ddhs5dd6l/image/upload/v1773950449/balport-products/seeded/ev2bjh7uoovobvwd2kvk.jpg"
"BP-83085903213","83085903213","https://res.cloudinary.com/ddhs5dd6l/image/upload/v1773950451/balport-products/seeded/ae7y30w2bqyjzlhwfxep.jpg"
"BP-83085903220","83085903220","https://res.cloudinary.com/ddhs5dd6l/image/upload/v1773950453/balport-products/seeded/uk7yztk0elezsaachvei.jpg"
"BP-83085904081","83085904081","https://res.cloudinary.com/ddhs5dd6l/image/upload/v1773950455/balport-products/seeded/dyysu89cvaazvd8okmhg.jpg"
"BP-83089003971","83089003971","https://res.cloudinary.com/ddhs5dd6l/image/upload/v1773950457/balport-products/seeded/rllgajrzom7xguhvgmwg.jpg"
"BP-83089004015","83089004015","https://res.cloudinary.com/ddhs5dd6l/image/upload/v1773950459/balport-products/seeded/xfi30kpixwnrscmbvseq.jpg"
"BP-83089004046","83089004046","https://res.cloudinary.com/ddhs5dd6l/image/upload/v1773950461/balport-products/seeded/unp2fal3mbqk9cpea3e7.jpg"
"BP-83089410359","83089410359","https://res.cloudinary.com/ddhs5dd6l/image/upload/v1773950462/balport-products/seeded/mazpdondiiirbak7ph1h.jpg"
"BP-83089524001","83089524001","https://res.cloudinary.com/ddhs5dd6l/image/upload/v1773950464/balport-products/seeded/byjx3jegtaunfgmakquu.jpg"
"BP-83089660105","83089660105","https://res.cloudinary.com/ddhs5dd6l/image/upload/v1773950466/balport-products/seeded/f3ekhklwgsfvnovlcrht.jpg"
"BP-83089660112","83089660112","https://res.cloudinary.com/ddhs5dd6l/image/upload/v1773950468/balport-products/seeded/jiqslfvyc5hv9e4jhfth.jpg"
"BP-83089660150","83089660150","https://res.cloudinary.com/ddhs5dd6l/image/upload/v1773950469/balport-products/seeded/mu4ijcsbcpfop5kfhvyh.jpg"
"BP-83089660174","83089660174","https://res.cloudinary.com/ddhs5dd6l/image/upload/v1773950471/balport-products/seeded/hoj7hzqu5gb7yrpgdkxc.jpg"
"BP-83089660303","83089660303","https://res.cloudinary.com/ddhs5dd6l/image/upload/v1773950473/balport-products/seeded/r3ywh6u7nf8johfbpadd.jpg"
"BP-83089660358","83089660358","https://res.cloudinary.com/ddhs5dd6l/image/upload/v1773950476/balport-products/seeded/ej3kltsyyichapfkpcxy.jpg"
"BP-83089660402","83089660402","https://res.cloudinary.com/ddhs5dd6l/image/upload/v1773950478/balport-products/seeded/uob3ix3kjywlr7dgnfi6.jpg"
"BP-83089710008","83089710008","https://res.cloudinary.com/ddhs5dd6l/image/upload/v1773950479/balport-products/seeded/tnazs54tzr5a5qomljtl.jpg"
"BP-83120011309","83120011309","https://res.cloudinary.com/ddhs5dd6l/image/upload/v1773950481/balport-products/seeded/pcuvm6wf7nv9wmks2vlq.jpg"
"BP-83120015048","83120015048","https://res.cloudinary.com/ddhs5dd6l/image/upload/v1773950482/balport-products/seeded/tqzpuqkzxyryuch7otdo.jpg"
"BP-83300048729","83300048729","https://res.cloudinary.com/ddhs5dd6l/image/upload/v1773950484/balport-products/seeded/xoy53mhpl0ozlg1p7ivx.jpg"
"BP-83664107360","83664107360","https://res.cloudinary.com/ddhs5dd6l/image/upload/v1773950486/balport-products/seeded/jgdhpqkqf4vsvq7x5pag.jpg"
"BP-83664112210","83664112210","https://res.cloudinary.com/ddhs5dd6l/image/upload/v1773950487/balport-products/seeded/ypqa5nzulkgbqm3xltyd.jpg"
"BP-83664864461","83664864461","https://res.cloudinary.com/ddhs5dd6l/image/upload/v1773950489/balport-products/seeded/deridvmd0rrv0ovgcodf.jpg"
"BP-83664868735","83664868735","https://res.cloudinary.com/ddhs5dd6l/image/upload/v1773950490/balport-products/seeded/txhuvhjtup6wlep8jb12.jpg"
"BP-83664868919","83664868919","https://res.cloudinary.com/ddhs5dd6l/image/upload/v1773950492/balport-products/seeded/jreryltc2tgjtksjyq9c.jpg"
"BP-83664868940","83664868940","https://res.cloudinary.com/ddhs5dd6l/image/upload/v1773950493/balport-products/seeded/ltewzsqlictdha1fuurd.jpg"
"BP-83664868971","83664868971","https://res.cloudinary.com/ddhs5dd6l/image/upload/v1773950495/balport-products/seeded/fpiljrnjbnjkglavmse5.jpg"
"BP-83664868995","83664868995","https://res.cloudinary.com/ddhs5dd6l/image/upload/v1773950496/balport-products/seeded/wbzmv5nh5e2byv4ns6ni.jpg"
"BP-83664869619","83664869619","https://res.cloudinary.com/ddhs5dd6l/image/upload/v1773950498/balport-products/seeded/pby9rknytwelzqsbokbz.jpg"
"BP-83664869640","83664869640","https://res.cloudinary.com/ddhs5dd6l/image/upload/v1773950500/balport-products/seeded/fl72aagq1vquqwuf3drg.jpg"
"BP-83664871469","83664871469","https://res.cloudinary.com/ddhs5dd6l/image/upload/v1773950502/balport-products/seeded/ov1tn7gh9w6soqmnn3v5.jpg"
"BP-83664871681","83664871681","https://res.cloudinary.com/ddhs5dd6l/image/upload/v1773950505/balport-products/seeded/az7ft6okva8cirjax5tg.png"
"BP-83664872466","83664872466","https://res.cloudinary.com/ddhs5dd6l/image/upload/v1773950506/balport-products/seeded/zoh9kyw9deoq9ovz8ysh.jpg"
"BP-83664872497","83664872497","https://res.cloudinary.com/ddhs5dd6l/image/upload/v1773950509/balport-products/seeded/jws12znjhemnql2vlnlu.jpg"
"BP-83664872541","83664872541","https://res.cloudinary.com/ddhs5dd6l/image/upload/v1773950510/balport-products/seeded/vgwkr5clcuolpnqedxj9.jpg"
"BP-83664872565","83664872565","https://res.cloudinary.com/ddhs5dd6l/image/upload/v1773950513/balport-products/seeded/qleq9eluwtk9ytqtrvq8.jpg"
"BP-83664872718","83664872718","https://res.cloudinary.com/ddhs5dd6l/image/upload/v1773950515/balport-products/seeded/f4bh1rvmjyzwln6tjqnu.png"
"BP-83664873449","83664873449","https://res.cloudinary.com/ddhs5dd6l/image/upload/v1773950516/balport-products/seeded/zrsgllc0ins1zifjgtzu.jpg"
"BP-83664874224","BP-83664874224","https://res.cloudinary.com/ddhs5dd6l/image/upload/v1774009138/balport-products/kchgprmseeuc2gyly4cj.webp"
"BP-83664874743","83664874743","https://res.cloudinary.com/ddhs5dd6l/image/upload/v1773950518/balport-products/seeded/lkymmu2agevxdxycxy9p.png"
"BP-83664990436","83664990436","https://res.cloudinary.com/ddhs5dd6l/image/upload/v1773950520/balport-products/seeded/skylennuwd9vsabib8w2.jpg"
"BP-83722023489","83722023489","https://res.cloudinary.com/ddhs5dd6l/image/upload/v1773950523/balport-products/seeded/lnamy9afajxfy9mhojqr.jpg"
"BP-83722028392","83722028392","https://res.cloudinary.com/ddhs5dd6l/image/upload/v1773950526/balport-products/seeded/n1s75pnrkz1tlpheksmi.jpg"
"BP-83722870045","83722870045","https://res.cloudinary.com/ddhs5dd6l/image/upload/v1773950528/balport-products/seeded/lfxefiijp4fekoefowuk.png"
"BP-83722880020","83722880020","https://res.cloudinary.com/ddhs5dd6l/image/upload/v1773950530/balport-products/seeded/xf1bz5oquwjjewqkzuhg.jpg"
"BP-83722880068","83722880068","https://res.cloudinary.com/balport/image/upload/v1/placeholder.jpg"
"BP-83783110104","83783110104","https://res.cloudinary.com/ddhs5dd6l/image/upload/v1773950534/balport-products/seeded/z5ndsscfthwzkozenrhx.jpg"
"BP-83783222005","83783222005","https://res.cloudinary.com/ddhs5dd6l/image/upload/v1773950536/balport-products/seeded/stloeaxi4bb7ybol4rya.jpg"
"BP-83783228229","83783228229","https://res.cloudinary.com/ddhs5dd6l/image/upload/v1773950539/balport-products/seeded/x7xzm0htaxtsn8uuu0qf.jpg"
"BP-83783228625","83783228625","https://res.cloudinary.com/ddhs5dd6l/image/upload/v1773950543/balport-products/seeded/yxmcmjcxvgeaev605zxl.png"
"BP-83783228649","83783228649","https://res.cloudinary.com/ddhs5dd6l/image/upload/v1773950545/balport-products/seeded/y1vker2apecjfppazqxi.jpg"
"BP-83783228656","83783228656","https://res.cloudinary.com/ddhs5dd6l/image/upload/v1773950547/balport-products/seeded/zrfazjrl8rvfoxanronb.jpg"
"BP-83783328271","83783328271","https://res.cloudinary.com/ddhs5dd6l/image/upload/v1773950549/balport-products/seeded/bbg2f0drm51boly8qqwl.png"
"BP-83783331004","83783331004","https://res.cloudinary.com/ddhs5dd6l/image/upload/v1773950551/balport-products/seeded/xzg8pyf7aluwww5hko67.jpg"
"BP-83783375121","83783375121","https://res.cloudinary.com/ddhs5dd6l/image/upload/v1773950554/balport-products/seeded/rpocs0opgd9nknim5myj.jpg"
"BP-83783375213","83783375213","https://res.cloudinary.com/ddhs5dd6l/image/upload/v1773950556/balport-products/seeded/vq2uuzzzsktnvlc6ilyp.jpg"
"BP-83783375459","83783375459","https://res.cloudinary.com/ddhs5dd6l/image/upload/v1773950559/balport-products/seeded/lrsvhppwofdwxznyehpt.jpg"
"BP-83783375503","83783375503","https://res.cloudinary.com/ddhs5dd6l/image/upload/v1773950560/balport-products/seeded/li1nneubwsbtzogwhnpu.jpg"
"BP-83783375534","83783375534","https://res.cloudinary.com/ddhs5dd6l/image/upload/v1773950562/balport-products/seeded/lfridbf53lfv6n9toy2i.png"
"BP-83783375558","83783375558","https://res.cloudinary.com/ddhs5dd6l/image/upload/v1773950564/balport-products/seeded/aqf5t5jfuolylswq2rf9.png"
"BP-83783375572","83783375572","https://res.cloudinary.com/ddhs5dd6l/image/upload/v1773950566/balport-products/seeded/awd65fmdnviavcsxrhme.png"
"BP-83783535419","83783535419","https://res.cloudinary.com/ddhs5dd6l/image/upload/v1773950571/balport-products/seeded/b81twpikkbuvhovpmzd4.jpg"
"BP-83783535785","83783535785","https://res.cloudinary.com/ddhs5dd6l/image/upload/v1773950586/balport-products/seeded/avi39hwgsaevdpyjfdvi.jpg"
"BP-83804043152","83804043152","https://res.cloudinary.com/ddhs5dd6l/image/upload/v1773950588/balport-products/seeded/w5f1m29u7ud42njmotd4.jpg"
"BP-83804043169","83804043169","https://res.cloudinary.com/ddhs5dd6l/image/upload/v1773950590/balport-products/seeded/a7do9cks45icel8ha7l2.jpg"
"BP-83804047211","83804047211","https://res.cloudinary.com/ddhs5dd6l/image/upload/v1773950591/balport-products/seeded/s9ssv4mrg69ggate9jna.jpg"
"BP-83804047235","83804047235","https://res.cloudinary.com/ddhs5dd6l/image/upload/v1773950594/balport-products/seeded/zs35ngvce64n1jarffyg.jpg"
"BP-83804074507","83804074507","https://res.cloudinary.com/ddhs5dd6l/image/upload/v1773950596/balport-products/seeded/ibpxxvafkx48o0pz61nu.jpg"
"BP-83804074699","83804074699","https://res.cloudinary.com/ddhs5dd6l/image/upload/v1773950597/balport-products/seeded/ejdj4vkoho2azhip4sjf.jpg"
"BP-83804074712","83804074712","https://res.cloudinary.com/ddhs5dd6l/image/upload/v1773950599/balport-products/seeded/x7vm4og6olaywoyahs0j.jpg"
"BP-83804077768","83804077768","https://res.cloudinary.com/ddhs5dd6l/image/upload/v1773950601/balport-products/seeded/vnakywzsytj4ik5t5hwc.png"
"BP-83820104011","83820104011","https://res.cloudinary.com/ddhs5dd6l/image/upload/v1773950603/balport-products/seeded/g4u6wi8yi7eqgkosmcz6.jpg"
"BP-83820123609","83820123609","https://res.cloudinary.com/ddhs5dd6l/image/upload/v1773950604/balport-products/seeded/zkp9ukf6isu9uix7kr1o.jpg"
"BP-83820123937","83820123937","https://res.cloudinary.com/ddhs5dd6l/image/upload/v1773950606/balport-products/seeded/rvw4raeernzrrt8egepp.jpg"
"BP-83820567939","83820567939","https://res.cloudinary.com/ddhs5dd6l/image/upload/v1773950607/balport-products/seeded/wye2gyli9ovg9ogw0oe7.jpg"
"BP-83820567960","83820567960","https://res.cloudinary.com/ddhs5dd6l/image/upload/v1773950609/balport-products/seeded/tuyl6e9b7l5bjo7rh5y0.jpg"
"BP-84104115914","84104115914","https://res.cloudinary.com/ddhs5dd6l/image/upload/v1773950610/balport-products/seeded/bsby97hszk4btgloiblx.jpg"
"BP-84105307509","84105307509","https://res.cloudinary.com/ddhs5dd6l/image/upload/v1773950613/balport-products/seeded/b1owa7krxgcssz0zmaon.jpg"
"BP-84105307523","84105307523","https://res.cloudinary.com/ddhs5dd6l/image/upload/v1773950615/balport-products/seeded/vtfmgeys6yyo6x4um2m6.png"
"BP-84105981013","84105981013","https://res.cloudinary.com/ddhs5dd6l/image/upload/v1773950616/balport-products/seeded/ibenxepd5yxvfk7xccpa.jpg"
"BP-84114009968","84114009968","https://res.cloudinary.com/ddhs5dd6l/image/upload/v1773950618/balport-products/seeded/uxptlh3gtymqbcgfsfuz.jpg"
"BP-84114009975","84114009975","https://res.cloudinary.com/ddhs5dd6l/image/upload/v1773950620/balport-products/seeded/ney8ks23jyxbelfmvl48.jpg"
"BP-84114009982","84114009982","https://res.cloudinary.com/ddhs5dd6l/image/upload/v1773950622/balport-products/seeded/loa4cwsmb4syq8fvjx2a.jpg"
"BP-84114032607","84114032607","https://res.cloudinary.com/ddhs5dd6l/image/upload/v1773950624/balport-products/seeded/smgxmkd1jgmiigafstgm.jpg"
"BP-84114033000","84114033000","https://res.cloudinary.com/ddhs5dd6l/image/upload/v1773950626/balport-products/seeded/dgaddvxndnper0d6iacz.jpg"
"BP-84114033338","84114033338","https://res.cloudinary.com/ddhs5dd6l/image/upload/v1773950627/balport-products/seeded/fel8y6xiqzs0zqgzswyk.jpg"
"BP-84114033703","84114033703","https://res.cloudinary.com/ddhs5dd6l/image/upload/v1773950629/balport-products/seeded/olrsfipu8mgcpq9krfb5.jpg"
"BP-84114107077","84114107077","https://res.cloudinary.com/ddhs5dd6l/image/upload/v1773950633/balport-products/seeded/q1ozkhqrnmdsnhvg6fn4.jpg"
"BP-84114112484","84114112484","https://res.cloudinary.com/ddhs5dd6l/image/upload/v1773950636/balport-products/seeded/qrb5otwkkc3mcbvqtvd3.jpg"
"BP-84114114464","84114114464","https://res.cloudinary.com/ddhs5dd6l/image/upload/v1773950638/balport-products/seeded/a6da7wlytrsojumugs3a.jpg"
"BP-84114114495","84114114495","https://res.cloudinary.com/ddhs5dd6l/image/upload/v1773950640/balport-products/seeded/dcuouujlszhrc3c7tlxi.jpg"
"BP-84114115447","84114115447","https://res.cloudinary.com/ddhs5dd6l/image/upload/v1773950642/balport-products/seeded/cjftdkqa12a9xfjf0ekb.jpg"
"BP-84114115881","84114115881","https://res.cloudinary.com/ddhs5dd6l/image/upload/v1773950644/balport-products/seeded/mtvlpw467ep6pqwdt5zh.jpg"
"BP-84114116352","84114116352","https://res.cloudinary.com/ddhs5dd6l/image/upload/v1773950647/balport-products/seeded/fwjcsf5nu0xkqsymn7c9.jpg"
"BP-84114901200","84114901200","https://res.cloudinary.com/ddhs5dd6l/image/upload/v1773950648/balport-products/seeded/tuqej74autcklzhbngtp.jpg"
"BP-84114902160","84114902160","https://res.cloudinary.com/ddhs5dd6l/image/upload/v1773950650/balport-products/seeded/cjmqczevq6zxv6fnmsx6.jpg"
"BP-84114903037","84114903037","https://res.cloudinary.com/ddhs5dd6l/image/upload/v1773950652/balport-products/seeded/s4o41a3i4tyhvmqfae4x.jpg"
"BP-84114903167","84114903167","https://res.cloudinary.com/ddhs5dd6l/image/upload/v1773950654/balport-products/seeded/zd5rx3kaw1fras7kgmbo.jpg"
"BP-84173968008","BP-84173968008","https://res.cloudinary.com/ddhs5dd6l/image/upload/v1774012116/balport-products/gjzpsvsxwm0lqqfw8zxi.webp"
"BP-84279002156","84279002156","https://res.cloudinary.com/ddhs5dd6l/image/upload/v1773950657/balport-products/seeded/frglhonusnmctsm7ocx4.jpg"
"BP-84279972121","84279972121","https://res.cloudinary.com/ddhs5dd6l/image/upload/v1773950659/balport-products/seeded/rghkrdwxrixatzjnx8a5.jpg"
"BP-84279975054","84279975054","https://res.cloudinary.com/ddhs5dd6l/image/upload/v1773950661/balport-products/seeded/qvzgldr9etmfjrnjg8up.jpg"
"BP-84279981505","84279981505","https://res.cloudinary.com/ddhs5dd6l/image/upload/v1773950662/balport-products/seeded/v4mvnnmvf8uvjam6wdvl.jpg"
"BP-84444100199","84444100199","https://res.cloudinary.com/ddhs5dd6l/image/upload/v1773950664/balport-products/seeded/xrk5r4xalm9k0sljwhoy.jpg"
"BP-84444200226","84444200226","https://res.cloudinary.com/ddhs5dd6l/image/upload/v1773950665/balport-products/seeded/ybpw0winvpgresdxux4g.jpg"
"BP-84687001017","84687001017","https://res.cloudinary.com/ddhs5dd6l/image/upload/v1773950668/balport-products/seeded/uvc7m8u1s9y1lrysefoe.jpg"
"BP-84687007477","84687007477","https://res.cloudinary.com/ddhs5dd6l/image/upload/v1773950670/balport-products/seeded/wjxookmebxffqrgwb0zh.jpg"
"BP-84692478941","84692478941","https://res.cloudinary.com/ddhs5dd6l/image/upload/v1773950672/balport-products/seeded/n7f8a1fri9jb5lerlpir.jpg"
"BP-84692479146","84692479146","https://res.cloudinary.com/ddhs5dd6l/image/upload/v1773950673/balport-products/seeded/dkgnfn2nedph9d6el6yt.jpg"
"BP-84704091212","84704091212","https://res.cloudinary.com/ddhs5dd6l/image/upload/v1773950675/balport-products/seeded/rcnadpvfw13c4upsab6d.png"
"BP-84704091229","84704091229","https://res.cloudinary.com/ddhs5dd6l/image/upload/v1773950677/balport-products/seeded/nfohw42hoxn3cuu123dg.png"
"BP-84704091328","84704091328","https://res.cloudinary.com/ddhs5dd6l/image/upload/v1773950680/balport-products/seeded/edbbi4wkl7e9l78dygsb.png"
"BP-84704091472","84704091472","https://res.cloudinary.com/ddhs5dd6l/image/upload/v1773950681/balport-products/seeded/mmanvpot13z6ygazmipb.jpg"
"BP-84704098013","84704098013","https://res.cloudinary.com/ddhs5dd6l/image/upload/v1773950683/balport-products/seeded/xcymxteptqllivolddtm.jpg"
"BP-85000003404","85000003404","https://res.cloudinary.com/ddhs5dd6l/image/upload/v1773950684/balport-products/seeded/mrnj6hfahxsnwijf7rfc.jpg"
"BP-85000003794","85000003794","https://res.cloudinary.com/ddhs5dd6l/image/upload/v1773950686/balport-products/seeded/egkwad3ygwud0ltzuuuk.jpg"
"BP-85000003817","85000003817","https://res.cloudinary.com/ddhs5dd6l/image/upload/v1773950688/balport-products/seeded/wudfthtgnqglel56jqc7.jpg"
"BP-85000003831","85000003831","https://res.cloudinary.com/ddhs5dd6l/image/upload/v1773950689/balport-products/seeded/j2gipejpcjvglin8zrnw.jpg"
"BP-85000003862","85000003862","https://res.cloudinary.com/ddhs5dd6l/image/upload/v1773950691/balport-products/seeded/gajsbnilkg02mswv5i6t.jpg"
"BP-85000004029","85000004029","https://res.cloudinary.com/ddhs5dd6l/image/upload/v1773950695/balport-products/seeded/brf3ntx404fx8vwb1wqp.jpg"
"BP-85000004135","85000004135","https://res.cloudinary.com/ddhs5dd6l/image/upload/v1773950697/balport-products/seeded/a9twlymxtl6u1zportul.jpg"
"BP-85000004210","85000004210","https://res.cloudinary.com/ddhs5dd6l/image/upload/v1773950699/balport-products/seeded/z3b1f81munhzjvhzkb8f.jpg"
"BP-85000004265","85000004265","https://res.cloudinary.com/ddhs5dd6l/image/upload/v1773950704/balport-products/seeded/ronulauz7bn1qz8rpskg.jpg"
"BP-85000005217","85000005217","https://res.cloudinary.com/ddhs5dd6l/image/upload/v1773950708/balport-products/seeded/ugg84pjzhautizyiltfd.jpg"
"BP-85000005286","85000005286","https://res.cloudinary.com/ddhs5dd6l/image/upload/v1773950712/balport-products/seeded/nbafft9zzf4b6nzu1xh3.jpg"
"BP-85000005361","85000005361","https://res.cloudinary.com/ddhs5dd6l/image/upload/v1773950715/balport-products/seeded/twfesnopjpnycsvx5ilp.jpg"
"BP-85000005750","85000005750","https://res.cloudinary.com/ddhs5dd6l/image/upload/v1773950717/balport-products/seeded/kaevc98jb8bsug39yqji.jpg"
"BP-85000005781","85000005781","https://res.cloudinary.com/ddhs5dd6l/image/upload/v1773950720/balport-products/seeded/vfgdiozuda3vchy5s1zt.jpg"
"BP-85000006214","85000006214","https://res.cloudinary.com/ddhs5dd6l/image/upload/v1773950722/balport-products/seeded/xzebetmdzhh4lhngczlv.jpg"
"BP-85000006344","85000006344","https://res.cloudinary.com/ddhs5dd6l/image/upload/v1773950725/balport-products/seeded/s3nqpj6j2hs5egyxdzal.jpg"
"BP-85000006566","85000006566","https://res.cloudinary.com/ddhs5dd6l/image/upload/v1773950736/balport-products/seeded/i24lliweuglfa4i2odi9.jpg"
"BP-85000006627","85000006627","https://res.cloudinary.com/ddhs5dd6l/image/upload/v1773950738/balport-products/seeded/ocvppi6qq1uecnipqmvw.gif"
"BP-85000006740","85000006740","https://res.cloudinary.com/ddhs5dd6l/image/upload/v1773950740/balport-products/seeded/exqjjvl24k5rxkgwlmqg.jpg"
"BP-85000006757","85000006757","https://res.cloudinary.com/ddhs5dd6l/image/upload/v1773950743/balport-products/seeded/vyhrs5zhcva4binegkul.jpg"
"BP-85000006801","85000006801","https://res.cloudinary.com/ddhs5dd6l/image/upload/v1773950746/balport-products/seeded/fqrigz8tyzklq3nd87gi.jpg"
"BP-85000007488","85000007488","https://res.cloudinary.com/ddhs5dd6l/image/upload/v1773950749/balport-products/seeded/u1jnlcyrvzl2x1dgdrqw.jpg"
"BP-85000008430","85000008430","https://res.cloudinary.com/ddhs5dd6l/image/upload/v1773950751/balport-products/seeded/wpmdotc8caodtc5zzn3i.jpg"
"BP-85000008805","85000008805","https://res.cloudinary.com/ddhs5dd6l/image/upload/v1773950753/balport-products/seeded/hqhzrzqjjx31ylrz3g8z.jpg"
"BP-85000008812","85000008812","https://res.cloudinary.com/ddhs5dd6l/image/upload/v1773950754/balport-products/seeded/b3hdse2k12wsbn3wioy7.jpg"
"BP-85000008829","85000008829","https://res.cloudinary.com/ddhs5dd6l/image/upload/v1773950756/balport-products/seeded/dh0lut1pnqetr7ypxfrc.jpg"
"BP-85000010563","85000010563","https://res.cloudinary.com/ddhs5dd6l/image/upload/v1773950758/balport-products/seeded/xxb6svg8fmokik3kmazd.jpg"
"BP-85000011423","85000011423","https://res.cloudinary.com/ddhs5dd6l/image/upload/v1773950759/balport-products/seeded/pe5dygkufcjg0rmvvojx.jpg"
"BP-85000011430","85000011430","https://res.cloudinary.com/ddhs5dd6l/image/upload/v1773950761/balport-products/seeded/ywcvknjoawqfupqbogcw.jpg"
"BP-85000011638","85000011638","https://res.cloudinary.com/ddhs5dd6l/image/upload/v1773950763/balport-products/seeded/rogfo2boywuhcfhvqpqq.jpg"
"BP-85000011645","85000011645","https://res.cloudinary.com/ddhs5dd6l/image/upload/v1773950765/balport-products/seeded/gzr0obe87xuntm8z3hkk.jpg"
"BP-85000012017","85000012017","https://res.cloudinary.com/ddhs5dd6l/image/upload/v1773950768/balport-products/seeded/pxfbi92dlpcxx77znzfn.jpg"
"BP-85000014301","85000014301","https://res.cloudinary.com/ddhs5dd6l/image/upload/v1773950772/balport-products/seeded/lvry07ynu0gcexzwabiw.jpg"
"BP-85000014318","85000014318","https://res.cloudinary.com/ddhs5dd6l/image/upload/v1773950773/balport-products/seeded/vburddhklox5loscigyw.jpg"
"BP-85000014431","85000014431","https://res.cloudinary.com/ddhs5dd6l/image/upload/v1773950776/balport-products/seeded/ejapabf6n2xtnhbfjhnc.jpg"
"BP-85000014448","85000014448","https://res.cloudinary.com/ddhs5dd6l/image/upload/v1773950777/balport-products/seeded/d4ynhq4sytdj5ductx5c.jpg"
"BP-85000015261","85000015261","https://res.cloudinary.com/ddhs5dd6l/image/upload/v1773950779/balport-products/seeded/izvvrkd5sz5awbeh14wd.jpg"
"BP-85000016145","85000016145","https://res.cloudinary.com/ddhs5dd6l/image/upload/v1773950781/balport-products/seeded/dnum0dhqtsenal5ealv4.jpg"
"BP-85000016237","85000016237","https://res.cloudinary.com/ddhs5dd6l/image/upload/v1773950783/balport-products/seeded/o5cdn5cz9qh2dr509mv6.jpg"
"BP-85000016602","85000016602","https://res.cloudinary.com/ddhs5dd6l/image/upload/v1773950785/balport-products/seeded/zesol4fpminbljx4tn7y.jpg"
"BP-85000016671","85000016671","https://res.cloudinary.com/ddhs5dd6l/image/upload/v1773950787/balport-products/seeded/k4fe8jdyouekqdsvds3v.jpg"
"BP-85000016688","85000016688","https://res.cloudinary.com/ddhs5dd6l/image/upload/v1773950789/balport-products/seeded/nb5hntrqiqd3khu5wwed.jpg"
"BP-85000016824","85000016824","https://res.cloudinary.com/ddhs5dd6l/image/upload/v1773950790/balport-products/seeded/hpbtwdhk4crzcuzpovcc.jpg"
"BP-85000017074","85000017074","https://res.cloudinary.com/ddhs5dd6l/image/upload/v1773950792/balport-products/seeded/rahpuhrptklnoj0cwbkn.jpg"
"BP-85000017272","85000017272","https://res.cloudinary.com/ddhs5dd6l/image/upload/v1773950794/balport-products/seeded/ultub7drbxrhsxg4ndpx.png"
"BP-85000017326","85000017326","https://res.cloudinary.com/ddhs5dd6l/image/upload/v1773950796/balport-products/seeded/cor5f7sk1odmdj95mfzr.jpg"
"BP-85000017333","85000017333","https://res.cloudinary.com/ddhs5dd6l/image/upload/v1773950798/balport-products/seeded/jhmz9ktxqkbggbmwvcqy.png"
"BP-85000017340","85000017340","https://res.cloudinary.com/ddhs5dd6l/image/upload/v1773950799/balport-products/seeded/acagest5vfl5ysdpqoh3.jpg"
"BP-85000017364","85000017364","https://res.cloudinary.com/ddhs5dd6l/image/upload/v1773950801/balport-products/seeded/jkaxax6sfd3ubz5czaxs.jpg"
"BP-85000017739","85000017739","https://res.cloudinary.com/ddhs5dd6l/image/upload/v1773950805/balport-products/seeded/d2usbulbhhptfbyc1rgm.jpg"
"BP-85000017746","85000017746","https://res.cloudinary.com/ddhs5dd6l/image/upload/v1773950807/balport-products/seeded/ezhj6qmtwfdtdkoxtvsd.jpg"
"BP-85000018057","85000018057","https://res.cloudinary.com/ddhs5dd6l/image/upload/v1773950809/balport-products/seeded/kp1ypfhquncg5dd9rcym.jpg"
"BP-85000018170","85000018170","https://res.cloudinary.com/ddhs5dd6l/image/upload/v1773950810/balport-products/seeded/pntvgf6qbujmupweu0vd.jpg"
"BP-85000018194","85000018194","https://res.cloudinary.com/ddhs5dd6l/image/upload/v1773950813/balport-products/seeded/qrcebm6bo8nmqkmyxezu.jpg"
"BP-85000018200","85000018200","https://res.cloudinary.com/ddhs5dd6l/image/upload/v1773950814/balport-products/seeded/soicwbxl4tyklji01vjp.jpg"
"BP-85000019450","85000019450","https://res.cloudinary.com/ddhs5dd6l/image/upload/v1773950816/balport-products/seeded/fqgls3hg9g86myy9qkgz.jpg"
"BP-85000019474","85000019474","https://res.cloudinary.com/ddhs5dd6l/image/upload/v1773950817/balport-products/seeded/phkinblhcnebe3cuz0rh.jpg"
"BP-85000019481","85000019481","https://res.cloudinary.com/ddhs5dd6l/image/upload/v1773950819/balport-products/seeded/hiyxosxcrr0r2lqnoaem.jpg"
"BP-85000019498","85000019498","https://res.cloudinary.com/ddhs5dd6l/image/upload/v1773950821/balport-products/seeded/l5rjfa7dork4sncx818v.jpg"
"BP-85000019511","85000019511","https://res.cloudinary.com/ddhs5dd6l/image/upload/v1773950823/balport-products/seeded/myvozlmiucmrae4rs7ul.jpg"
"BP-85000020302","85000020302","https://res.cloudinary.com/ddhs5dd6l/image/upload/v1773950825/balport-products/seeded/ee8scrvcvnvfiopft1xi.jpg"
"BP-85000020319","85000020319","https://res.cloudinary.com/ddhs5dd6l/image/upload/v1773950827/balport-products/seeded/fte28ozdh0q9ygvv5ibe.jpg"
"BP-85000020333","85000020333","https://res.cloudinary.com/ddhs5dd6l/image/upload/v1773950829/balport-products/seeded/jkjp5jx2vahkdikea2rr.jpg"
"BP-85000020371","85000020371","https://res.cloudinary.com/ddhs5dd6l/image/upload/v1773950831/balport-products/seeded/ube1qya4zprv0ep1uztg.png"
"BP-85000020401","85000020401","https://res.cloudinary.com/ddhs5dd6l/image/upload/v1773950834/balport-products/seeded/snpirwrsmqkgnh6oi4vo.png"
"BP-85000020425","85000020425","https://res.cloudinary.com/ddhs5dd6l/image/upload/v1773950836/balport-products/seeded/fogqodhdm95aboqmomvf.jpg"
"BP-85000020746","85000020746","https://res.cloudinary.com/ddhs5dd6l/image/upload/v1773950838/balport-products/seeded/klmqmozlhdgvhgmcjgav.jpg"
"BP-85000021590","85000021590","https://res.cloudinary.com/ddhs5dd6l/image/upload/v1773950840/balport-products/seeded/xqfldqywvlveua411dhl.jpg"
"BP-85000021606","85000021606","https://res.cloudinary.com/ddhs5dd6l/image/upload/v1773950842/balport-products/seeded/ip10zersjnxsjdsqmtgv.jpg"
"BP-85000021651","85000021651","https://res.cloudinary.com/ddhs5dd6l/image/upload/v1773950843/balport-products/seeded/h6rtnnqk49fkdvetwhhe.jpg"
"BP-85000021811","85000021811","https://res.cloudinary.com/ddhs5dd6l/image/upload/v1773950844/balport-products/seeded/tiyvwjbauz9dfensln3w.jpg"
"BP-85000021828","85000021828","https://res.cloudinary.com/ddhs5dd6l/image/upload/v1773950846/balport-products/seeded/k6oe12hyr9uaky8k0fum.jpg"
"BP-85000022290","85000022290","https://res.cloudinary.com/ddhs5dd6l/image/upload/v1773950847/balport-products/seeded/i0wbnnncfnskif1h4kai.jpg"
"BP-85000022306","85000022306","https://res.cloudinary.com/ddhs5dd6l/image/upload/v1773950849/balport-products/seeded/ake1bdod8qvmovsc9tmv.jpg"
"BP-85000022337","85000022337","https://res.cloudinary.com/ddhs5dd6l/image/upload/v1773950850/balport-products/seeded/rzmogyug9blpuoyhdjls.jpg"
"BP-85000022436","85000022436","https://res.cloudinary.com/ddhs5dd6l/image/upload/v1773950852/balport-products/seeded/phlmidt4cq7epfmtnbvw.jpg"
"BP-85000022641","85000022641","https://res.cloudinary.com/ddhs5dd6l/image/upload/v1773950854/balport-products/seeded/uq5qh8re6ivdl4cgzjka.jpg"
"BP-85000022719","85000022719","https://res.cloudinary.com/ddhs5dd6l/image/upload/v1773950856/balport-products/seeded/jhhkxjxi7iy5mvmzcukr.jpg"
"BP-85000022726","85000022726","https://res.cloudinary.com/ddhs5dd6l/image/upload/v1773950859/balport-products/seeded/qug7ivwex4dogc1ppvyv.jpg"
"BP-85000022757","85000022757","https://res.cloudinary.com/ddhs5dd6l/image/upload/v1773950860/balport-products/seeded/tnaukuf7tyd7umarqwr5.jpg"
"BP-85000022849","85000022849","https://res.cloudinary.com/ddhs5dd6l/image/upload/v1773950862/balport-products/seeded/wp5srulc1wx2zq2hozuc.jpg"
"BP-85000022863","85000022863","https://res.cloudinary.com/ddhs5dd6l/image/upload/v1773950864/balport-products/seeded/jyojjjxadi7756nrofi2.jpg"
"BP-85000022924","85000022924","https://res.cloudinary.com/ddhs5dd6l/image/upload/v1773950867/balport-products/seeded/zzkqmpzdyajq6ukex7in.jpg"
"BP-85000023105","85000023105","https://res.cloudinary.com/ddhs5dd6l/image/upload/v1773950869/balport-products/seeded/um5jn0nrkwrczqrhxiaj.jpg"
"BP-85000023112","85000023112","https://res.cloudinary.com/ddhs5dd6l/image/upload/v1773950872/balport-products/seeded/wmdiqviy7yvuivdbpam1.jpg"
"BP-85000023136","85000023136","https://res.cloudinary.com/ddhs5dd6l/image/upload/v1773950874/balport-products/seeded/lkuif0z8di7ntylgk1l9.jpg"
"BP-85000023174","85000023174","https://res.cloudinary.com/ddhs5dd6l/image/upload/v1773950875/balport-products/seeded/u5bxqmviy5n0sleug7ve.jpg"
"BP-85000023181","85000023181","https://res.cloudinary.com/ddhs5dd6l/image/upload/v1773950877/balport-products/seeded/p0ovseex5nsgxv7mdc6z.jpg"
"BP-85000023488","85000023488","https://res.cloudinary.com/ddhs5dd6l/image/upload/v1773950879/balport-products/seeded/vnmy1dode8jfgpxqrpuh.jpg"
"BP-85000023792","85000023792","https://res.cloudinary.com/ddhs5dd6l/image/upload/v1773950881/balport-products/seeded/krfkcntbvrqcq5n9iart.jpg"
"BP-85000024492","85000024492","https://res.cloudinary.com/ddhs5dd6l/image/upload/v1773950884/balport-products/seeded/xpg3thpiisms3mrvi5bl.jpg"
"BP-85000024706","85000024706","https://res.cloudinary.com/ddhs5dd6l/image/upload/v1773950886/balport-products/seeded/txfobycliegjexrlezju.jpg"
"BP-85000024850","85000024850","https://res.cloudinary.com/ddhs5dd6l/image/upload/v1773950888/balport-products/seeded/zjlrquvtvoxip0rsv59t.png"
"BP-85000024867","85000024867","https://res.cloudinary.com/ddhs5dd6l/image/upload/v1773950889/balport-products/seeded/jg6qutr84sbtkaxcytgh.png"
"BP-85000024874","85000024874","https://res.cloudinary.com/ddhs5dd6l/image/upload/v1773950891/balport-products/seeded/gtrpztihjfuhhm5gzlvc.jpg"
"BP-85000024904","85000024904","https://res.cloudinary.com/ddhs5dd6l/image/upload/v1773950893/balport-products/seeded/rhgtrluc4jkb698qhgad.jpg"
"BP-85000025284","85000025284","https://res.cloudinary.com/ddhs5dd6l/image/upload/v1773950896/balport-products/seeded/st62jmcyhz9rvaaoaumk.jpg"
"BP-85000025345","85000025345","https://res.cloudinary.com/ddhs5dd6l/image/upload/v1773950897/balport-products/seeded/qtwyp960rmh920x1kwqx.jpg"
"BP-85000025369","85000025369","https://res.cloudinary.com/ddhs5dd6l/image/upload/v1773950899/balport-products/seeded/hceolplj2unqowkyvbs7.jpg"
"BP-85000026274","85000026274","https://res.cloudinary.com/ddhs5dd6l/image/upload/v1773950901/balport-products/seeded/q6ltawvgfolqwhelsmds.jpg"
"BP-85000026700","85000026700","https://res.cloudinary.com/ddhs5dd6l/image/upload/v1773950903/balport-products/seeded/lgxghng20o56dasbmrwx.jpg"
"BP-85000028773","85000028773","https://res.cloudinary.com/ddhs5dd6l/image/upload/v1773950904/balport-products/seeded/bu1ts7zzupvbajd076oj.png"
"BP-85000029275","85000029275","https://res.cloudinary.com/ddhs5dd6l/image/upload/v1773950906/balport-products/seeded/wxcxbhy84yhz9t9flviq.jpg"
"BP-85000029626","85000029626","https://res.cloudinary.com/ddhs5dd6l/image/upload/v1773950908/balport-products/seeded/hhnxwecac0xqkfrr9ti4.jpg"
"BP-85000029862","85000029862","https://res.cloudinary.com/ddhs5dd6l/image/upload/v1773950909/balport-products/seeded/irihfchkyyeawn6clf2n.jpg"
"BP-85000030929","85000030929","https://res.cloudinary.com/ddhs5dd6l/image/upload/v1773950911/balport-products/seeded/iqvuzmvtozuvm8s5jr6z.jpg"
"BP-85000030943","85000030943","https://res.cloudinary.com/ddhs5dd6l/image/upload/v1773950912/balport-products/seeded/aumbdpupxjomrwvkk9ho.png"
"BP-85000030950","85000030950","https://res.cloudinary.com/ddhs5dd6l/image/upload/v1773950914/balport-products/seeded/wrkj3xehjnmzjwpbikfg.jpg"
"BP-85000030967","85000030967","https://res.cloudinary.com/ddhs5dd6l/image/upload/v1773950915/balport-products/seeded/cxdesoo0bdlrlrqossnw.gif"
"BP-85000031360","85000031360","https://res.cloudinary.com/ddhs5dd6l/image/upload/v1773950917/balport-products/seeded/gbelyw8bllmvejjpj5yi.jpg"
"BP-85000031377","85000031377","https://res.cloudinary.com/ddhs5dd6l/image/upload/v1773950918/balport-products/seeded/lmsqrublyj4jfuwmtsoj.jpg"
"BP-85000031513","85000031513","https://res.cloudinary.com/ddhs5dd6l/image/upload/v1773950921/balport-products/seeded/nflv3pbpfl4dy9u7do1s.jpg"
"BP-85000032145","85000032145","https://res.cloudinary.com/ddhs5dd6l/image/upload/v1773950922/balport-products/seeded/vmo9geuaivcth9jyf48t.jpg"
"BP-85000032336","85000032336","https://res.cloudinary.com/ddhs5dd6l/image/upload/v1773950923/balport-products/seeded/meg9hdcck4v571mspuqf.jpg"
"BP-85000032442","85000032442","https://res.cloudinary.com/ddhs5dd6l/image/upload/v1773950925/balport-products/seeded/acdth971yysoecsesdx7.png"
"BP-85000032541","85000032541","https://res.cloudinary.com/ddhs5dd6l/image/upload/v1773950927/balport-products/seeded/pnkquz2pyewucr6tywbe.png"
"BP-85000032558","85000032558","https://res.cloudinary.com/ddhs5dd6l/image/upload/v1773950929/balport-products/seeded/wtioceyrafynollf8y7k.jpg"
"BP-85000034262","85000034262","https://res.cloudinary.com/ddhs5dd6l/image/upload/v1773950930/balport-products/seeded/htriqdpzvj8boqfxdm3d.jpg"
"BP-85000034484","85000034484","https://res.cloudinary.com/ddhs5dd6l/image/upload/v1773950931/balport-products/seeded/d2mr1b2rkirocx0s9xcd.jpg"
"BP-85000034491","85000034491","https://res.cloudinary.com/ddhs5dd6l/image/upload/v1773950933/balport-products/seeded/ohktcr9enitoybqawadi.jpg"
"BP-85000034705","85000034705","https://res.cloudinary.com/ddhs5dd6l/image/upload/v1773950934/balport-products/seeded/b2bsc8fvplfxw5huq2wl.jpg"
"BP-85000035771","85000035771","https://res.cloudinary.com/ddhs5dd6l/image/upload/v1773950936/balport-products/seeded/y5l1nvexyfgj4r7ssalf.jpg"
"BP-85000035795","85000035795","https://res.cloudinary.com/ddhs5dd6l/image/upload/v1773950938/balport-products/seeded/dpurmjgc60djkaowj4xc.png"
"BP-85000036099","85000036099","https://res.cloudinary.com/ddhs5dd6l/image/upload/v1773950944/balport-products/seeded/tnaupeapjtmmezwhh4lp.png"
"BP-85000036969","85000036969","https://res.cloudinary.com/ddhs5dd6l/image/upload/v1773950945/balport-products/seeded/hc8dygcw4rxvvxdgdngw.jpg"
"BP-85000037393","85000037393","https://res.cloudinary.com/ddhs5dd6l/image/upload/v1773950947/balport-products/seeded/h7qqztbhlh46hgsnbmpf.jpg"
"BP-85000037720","85000037720","https://res.cloudinary.com/ddhs5dd6l/image/upload/v1773950949/balport-products/seeded/rtzkvkmakmmzhpsaaxiy.jpg"
"BP-85000038963","85000038963","https://res.cloudinary.com/ddhs5dd6l/image/upload/v1773950950/balport-products/seeded/mxnc0nxkkgd6fmaoo2je.jpg"
"BP-85000040058","85000040058","https://res.cloudinary.com/ddhs5dd6l/image/upload/v1773950952/balport-products/seeded/wnfbzjh8uls5v2fuzir1.jpg"
"BP-85000040065","85000040065","https://res.cloudinary.com/ddhs5dd6l/image/upload/v1773950954/balport-products/seeded/twei9cccx2gvjt4upmlm.jpg"
"BP-85000040195","85000040195","https://res.cloudinary.com/ddhs5dd6l/image/upload/v1773950956/balport-products/seeded/pabqcfgqvaklzpa60w1j.jpg"
"BP-85000040690","85000040690","https://res.cloudinary.com/ddhs5dd6l/image/upload/v1773950957/balport-products/seeded/y9w8wmuiiecfmix4yle1.jpg"
"BP-85000040713","85000040713","https://res.cloudinary.com/ddhs5dd6l/image/upload/v1773950959/balport-products/seeded/cd1g2bs1x7pvb2qivmul.jpg"
"BP-85000040737","85000040737","https://res.cloudinary.com/ddhs5dd6l/image/upload/v1773950960/balport-products/seeded/gdtilinlrmabbcxrw3qn.jpg"
"BP-85000040751","85000040751","https://res.cloudinary.com/ddhs5dd6l/image/upload/v1773950962/balport-products/seeded/qdhqf8tukgy329x4ghnx.jpg"
"BP-85000040768","85000040768","https://res.cloudinary.com/ddhs5dd6l/image/upload/v1773950964/balport-products/seeded/nfbchghazwicvapte7xb.jpg"
"BP-85000045213","85000045213","https://res.cloudinary.com/ddhs5dd6l/image/upload/v1773950966/balport-products/seeded/ouc1zpq2ebcbvyd1edvj.jpg"
"BP-85000045282","85000045282","https://res.cloudinary.com/ddhs5dd6l/image/upload/v1773950969/balport-products/seeded/pvu58itzk5c5p7rscbaf.png"
"BP-85000045367","85000045367","https://res.cloudinary.com/ddhs5dd6l/image/upload/v1773950971/balport-products/seeded/npwym4hboos5gljnm8v2.jpg"
"BP-85000322437","85000322437","https://res.cloudinary.com/ddhs5dd6l/image/upload/v1773950973/balport-products/seeded/uuefsbjgxbvzs5fquwp2.jpg"
"BP-85000426272","85000426272","https://res.cloudinary.com/ddhs5dd6l/image/upload/v1773950975/balport-products/seeded/jtl4xhejykq6wc7zgs9n.jpg"
"BP-85000429259","85000429259","https://res.cloudinary.com/ddhs5dd6l/image/upload/v1773950978/balport-products/seeded/untykolaskrvpes0iyd6.jpg"
"BP-85000429266","85000429266","https://res.cloudinary.com/ddhs5dd6l/image/upload/v1773950980/balport-products/seeded/fptrcfyygfwwtgi2kyxe.jpg"
"BP-85000429273","85000429273","https://res.cloudinary.com/ddhs5dd6l/image/upload/v1773950982/balport-products/seeded/vxaa3lpdcn8bo6t6w1za.jpg"
"BP-85000430958","85000430958","https://res.cloudinary.com/ddhs5dd6l/image/upload/v1773950984/balport-products/seeded/klipccevdvomywonyefi.jpg"
"BP-85000431054","85000431054","https://res.cloudinary.com/ddhs5dd6l/image/upload/v1773950986/balport-products/seeded/qtkgcwv90nv8strpsked.jpg"
"BP-85000431375","85000431375","https://res.cloudinary.com/ddhs5dd6l/image/upload/v1773950987/balport-products/seeded/xver3aqyop1fbzeyscxq.jpg"
"BP-85000432327","85000432327","https://res.cloudinary.com/ddhs5dd6l/image/upload/v1773950989/balport-products/seeded/epnuit6rkzzzhq3koawc.jpg"
"BP-85000432563","85000432563","https://res.cloudinary.com/ddhs5dd6l/image/upload/v1773950990/balport-products/seeded/qcmoqnea3ftdwgcve3hg.jpg"
"BP-85000434260","85000434260","https://res.cloudinary.com/ddhs5dd6l/image/upload/v1773950992/balport-products/seeded/kqkbd4deg3kdtns4uyvo.jpg"
"BP-85000435960","85000435960","https://res.cloudinary.com/ddhs5dd6l/image/upload/v1773950993/balport-products/seeded/sdd7wunvg4oe69kekgl1.jpg"
"BP-85000435977","85000435977","https://res.cloudinary.com/ddhs5dd6l/image/upload/v1773950995/balport-products/seeded/nbmik73nmhzgrqznu5bw.jpg"
"BP-85000437063","85000437063","https://res.cloudinary.com/ddhs5dd6l/image/upload/v1773950996/balport-products/seeded/gyvnprsk3egdits7itiu.jpg"
"BP-85000438923","85000438923","https://res.cloudinary.com/ddhs5dd6l/image/upload/v1773950997/balport-products/seeded/khhwpo33vrlhzdb0wycl.jpg"
"BP-85124859215","85124859215","https://res.cloudinary.com/ddhs5dd6l/image/upload/v1773950999/balport-products/seeded/weatvttos8baxfqo9dxt.jpg"
"BP-85155000013","85155000013","https://res.cloudinary.com/ddhs5dd6l/image/upload/v1773951001/balport-products/seeded/dhg2ioko3dtzxnck4hnn.jpg"
"BP-85155000037","85155000037","https://res.cloudinary.com/ddhs5dd6l/image/upload/v1773951004/balport-products/seeded/y4hp9zqfnezgoz2z19hw.jpg"
"BP-85155000402","85155000402","https://res.cloudinary.com/ddhs5dd6l/image/upload/v1773951006/balport-products/seeded/peycc87uipmom1svpcep.jpg"
"BP-85155273837","85155273837","https://res.cloudinary.com/ddhs5dd6l/image/upload/v1773951007/balport-products/seeded/h9wccdjrb8j61zlgvpeq.jpg"
"BP-85156000500","85156000500","https://res.cloudinary.com/ddhs5dd6l/image/upload/v1773951009/balport-products/seeded/gfyyhfhkqbb2g1ii5709.jpg"
"BP-85156018017","85156018017","https://res.cloudinary.com/ddhs5dd6l/image/upload/v1773951011/balport-products/seeded/dlmgllg0nalxw8g0gxbh.jpg"
"BP-85156122158","85156122158","https://res.cloudinary.com/ddhs5dd6l/image/upload/v1773951013/balport-products/seeded/fqmy0yyb23s6ciwggknq.jpg"
"BP-85156515417","85156515417","https://res.cloudinary.com/ddhs5dd6l/image/upload/v1773951015/balport-products/seeded/hbaaixatzrrcy4rxmuao.jpg"
"BP-85156675005","85156675005","https://res.cloudinary.com/ddhs5dd6l/image/upload/v1773951017/balport-products/seeded/jcyqyphlpqhbq7neyeyp.jpg"
"BP-85156775002","85156775002","https://res.cloudinary.com/ddhs5dd6l/image/upload/v1773951019/balport-products/seeded/g18ukkrigm6ga6zsur2i.jpg"
"BP-85156803682","85156803682","https://res.cloudinary.com/ddhs5dd6l/image/upload/v1773951021/balport-products/seeded/smn5tx5szg6lwbpebe4d.jpg"
"BP-85156875009","85156875009","https://res.cloudinary.com/ddhs5dd6l/image/upload/v1773951023/balport-products/seeded/z1keypwpplg6alzglao2.jpg"
"BP-85200000050","85200000050","https://res.cloudinary.com/ddhs5dd6l/image/upload/v1773951025/balport-products/seeded/lxkhbalkblepbqjpjfll.jpg"
"BP-85200000067","85200000067","https://res.cloudinary.com/ddhs5dd6l/image/upload/v1773951026/balport-products/seeded/vpx9crhbvgzqzpn3of5p.jpg"
"BP-85200000074","85200000074","https://res.cloudinary.com/ddhs5dd6l/image/upload/v1773951028/balport-products/seeded/xychbjhatxjbiyfnrre3.jpg"
"BP-85200000098","85200000098","https://res.cloudinary.com/ddhs5dd6l/image/upload/v1773951031/balport-products/seeded/eg2zcvokaj1a8jlthnzi.jpg"
"BP-85200000142","85200000142","https://res.cloudinary.com/ddhs5dd6l/image/upload/v1773951034/balport-products/seeded/yiznhe78csifbz7z6ki9.jpg"
"BP-85200000265","85200000265","https://res.cloudinary.com/ddhs5dd6l/image/upload/v1773951036/balport-products/seeded/nv6pbh6d43eygnen4ipj.jpg"
"BP-85200000562","85200000562","https://res.cloudinary.com/ddhs5dd6l/image/upload/v1773951039/balport-products/seeded/acvkmdb6fg4gyvx74iqd.jpg"
"BP-85200001354","85200001354","https://res.cloudinary.com/ddhs5dd6l/image/upload/v1773951041/balport-products/seeded/ceiz67zkjjnyghdkezpn.jpg"
"BP-85200001361","85200001361","https://res.cloudinary.com/ddhs5dd6l/image/upload/v1773951044/balport-products/seeded/lqetwzgahzrc3wv20gas.jpg"
"BP-85200001378","85200001378","https://res.cloudinary.com/ddhs5dd6l/image/upload/v1773951045/balport-products/seeded/bax10qukbzqe6tzqa9vj.jpg"
"BP-85200005758","85200005758","https://res.cloudinary.com/ddhs5dd6l/image/upload/v1773951047/balport-products/seeded/qqonribm0sqbfsorvtuf.jpg"
"BP-85200005789","85200005789","https://res.cloudinary.com/ddhs5dd6l/image/upload/v1773951051/balport-products/seeded/jhhni496jzvl1beenkfq.jpg"
"BP-85200005796","85200005796","https://res.cloudinary.com/ddhs5dd6l/image/upload/v1773951064/balport-products/seeded/ylgru7xmnwd1snycokvf.jpg"
"BP-85200027613","85200027613","https://res.cloudinary.com/ddhs5dd6l/image/upload/v1773951066/balport-products/seeded/gt7is9ktkjbxmlxw6mvk.png"
"BP-85200118755","85200118755","https://res.cloudinary.com/ddhs5dd6l/image/upload/v1773951068/balport-products/seeded/nasjzk4achjh5euiiocg.jpg"
"BP-85200518746","85200518746","https://res.cloudinary.com/ddhs5dd6l/image/upload/v1773951070/balport-products/seeded/woszxutitvfnog591pqe.jpg"
"BP-85200618743","85200618743","https://res.cloudinary.com/ddhs5dd6l/image/upload/v1773951072/balport-products/seeded/cbazvnkqvhkkmoe3us4h.jpg"
"BP-85200718740","85200718740","https://res.cloudinary.com/ddhs5dd6l/image/upload/v1773951074/balport-products/seeded/lhb20gdd5bxpidwysfvv.jpg"
"BP-85200918744","85200918744","https://res.cloudinary.com/ddhs5dd6l/image/upload/v1773951077/balport-products/seeded/ps4slcwv3gvskjgbjuew.jpg"
"BP-85246139417","85246139417","https://res.cloudinary.com/ddhs5dd6l/image/upload/v1773951079/balport-products/seeded/xobot2japwg1hb6udpgk.png"
"BP-85246139431","85246139431","https://res.cloudinary.com/ddhs5dd6l/image/upload/v1773951081/balport-products/seeded/kjexcitx4cxfm1lcgdbh.png"
"BP-85246139462","85246139462","https://res.cloudinary.com/ddhs5dd6l/image/upload/v1773951083/balport-products/seeded/bxvcw4anijazqgx3jcqa.jpg"
"BP-85246171561","85246171561","https://res.cloudinary.com/ddhs5dd6l/image/upload/v1773951084/balport-products/seeded/fqofqcpbhhcspws7c3ng.jpg"
"BP-85246185001","85246185001","https://res.cloudinary.com/ddhs5dd6l/image/upload/v1773951086/balport-products/seeded/amvshgllza0ckjvljsnt.jpg"
"BP-85246500101","85246500101","https://res.cloudinary.com/ddhs5dd6l/image/upload/v1773951088/balport-products/seeded/thmdcpurf33fgypwsj1a.jpg"
"BP-85246501566","85246501566","https://res.cloudinary.com/ddhs5dd6l/image/upload/v1773951089/balport-products/seeded/ddgdhishzsznwalbczzy.jpg"
"BP-85385000012","85385000012","https://res.cloudinary.com/ddhs5dd6l/image/upload/v1773951091/balport-products/seeded/ipdaj17zuehsg97tnyni.jpg"
"BP-85385000029","85385000029","https://res.cloudinary.com/ddhs5dd6l/image/upload/v1773951092/balport-products/seeded/fliitddolxvw9qdnoadn.jpg"
"BP-85725176063","85725176063","https://res.cloudinary.com/ddhs5dd6l/image/upload/v1773951094/balport-products/seeded/ombfb14kmz5oyouqv5y3.jpg"
"BP-86003000087","86003000087","https://res.cloudinary.com/ddhs5dd6l/image/upload/v1773951097/balport-products/seeded/t7wsby8x8phzzcntnizl.jpg"
"BP-86003000094","86003000094","https://res.cloudinary.com/ddhs5dd6l/image/upload/v1773951099/balport-products/seeded/lc0yczgxrfcfbqyg4ke9.jpg"
"BP-86003001640","86003001640","https://res.cloudinary.com/ddhs5dd6l/image/upload/v1773951100/balport-products/seeded/sfenh5j6mizfzibl7ub6.jpg"
"BP-86003001657","86003001657","https://res.cloudinary.com/ddhs5dd6l/image/upload/v1773951102/balport-products/seeded/jmvpvy6wzhqpx1u5pp50.jpg"
"BP-86003002562","86003002562","https://res.cloudinary.com/ddhs5dd6l/image/upload/v1773951104/balport-products/seeded/j2zszpmalyqqnfz0fxtf.jpg"
"BP-86003002579","86003002579","https://res.cloudinary.com/ddhs5dd6l/image/upload/v1773951107/balport-products/seeded/fxetp00v4qgg8sucb15m.jpg"
"BP-86003002586","86003002586","https://res.cloudinary.com/ddhs5dd6l/image/upload/v1773951109/balport-products/seeded/dacq4dfnlz8swwb0fjmx.jpg"
"BP-86003002692","86003002692","https://res.cloudinary.com/ddhs5dd6l/image/upload/v1773951111/balport-products/seeded/lkbv7wawzfuxrvm5k48x.jpg"
"BP-86003002968","86003002968","https://res.cloudinary.com/ddhs5dd6l/image/upload/v1773951119/balport-products/seeded/c6mjjoli5uiuz206xti5.jpg"
"BP-86003003392","86003003392","https://res.cloudinary.com/ddhs5dd6l/image/upload/v1773951139/balport-products/seeded/qzcge9apirtyz6diwguc.jpg"
"BP-86003018082","86003018082","https://res.cloudinary.com/ddhs5dd6l/image/upload/v1773951141/balport-products/seeded/sfq0sfpomlwklp98yvdp.jpg"
"BP-86003061910","86003061910","https://res.cloudinary.com/ddhs5dd6l/image/upload/v1773951142/balport-products/seeded/n3yau6kdutweykvsgvr3.jpg"
"BP-86003251274","86003251274","https://res.cloudinary.com/ddhs5dd6l/image/upload/v1773951144/balport-products/seeded/to43vlawnmiepu257l06.jpg"
"BP-86003251311","86003251311","https://res.cloudinary.com/ddhs5dd6l/image/upload/v1773951146/balport-products/seeded/dpoketzr65wykbitvfel.png"
"BP-86003253001","86003253001","https://res.cloudinary.com/ddhs5dd6l/image/upload/v1773951147/balport-products/seeded/tiprq0oeeni0lniacbc9.jpg"
"BP-86003255067","86003255067","https://res.cloudinary.com/ddhs5dd6l/image/upload/v1773951149/balport-products/seeded/b01aphejfcbmsylriezd.jpg"
"BP-86003255142","86003255142","https://res.cloudinary.com/ddhs5dd6l/image/upload/v1773951151/balport-products/seeded/bdfhrpqqxe3vfdeqexyb.jpg"
"BP-86003255173","86003255173","https://res.cloudinary.com/ddhs5dd6l/image/upload/v1773951152/balport-products/seeded/ytdvd9zovsj0diseeztt.jpg"
"BP-86003255203","86003255203","https://res.cloudinary.com/ddhs5dd6l/image/upload/v1773951154/balport-products/seeded/mb8uechjromtz0ow5feo.jpg"
"BP-86003255241","86003255241","https://res.cloudinary.com/ddhs5dd6l/image/upload/v1773951155/balport-products/seeded/xyaawiekjbqwh6p2jh7r.jpg"
"BP-86003258006","86003258006","https://res.cloudinary.com/ddhs5dd6l/image/upload/v1773951158/balport-products/seeded/afxculqlwuncov27yfpe.jpg"
"BP-86003258037","86003258037","https://res.cloudinary.com/ddhs5dd6l/image/upload/v1773951159/balport-products/seeded/mxqu1hshyppjw9cxy48y.jpg"
"BP-86003267084","86003267084","https://res.cloudinary.com/ddhs5dd6l/image/upload/v1773951161/balport-products/seeded/ecdqne5my8a68r0decrr.jpg"
"BP-86003267091","86003267091","https://res.cloudinary.com/ddhs5dd6l/image/upload/v1773951163/balport-products/seeded/sdrmr7nimeahjesl0umm.jpg"
"BP-86003267114","86003267114","https://res.cloudinary.com/ddhs5dd6l/image/upload/v1773951165/balport-products/seeded/x7sgzvawxjechiz3auyd.jpg"
"BP-86003272057","86003272057","https://res.cloudinary.com/ddhs5dd6l/image/upload/v1773951170/balport-products/seeded/wvd2edyc1t8begdcwmnx.jpg"
"BP-86003278011","86003278011","https://res.cloudinary.com/ddhs5dd6l/image/upload/v1773951172/balport-products/seeded/e1mzqjqcijitvvsadgws.jpg"
"BP-86003278028","86003278028","https://res.cloudinary.com/ddhs5dd6l/image/upload/v1773951174/balport-products/seeded/ko2moci4vyhdunr5tzlq.jpg"
"BP-86003280441","86003280441","https://res.cloudinary.com/ddhs5dd6l/image/upload/v1773951176/balport-products/seeded/ubrf0vaipv7tygi3v7td.png"
"BP-86003282018","86003282018","https://res.cloudinary.com/ddhs5dd6l/image/upload/v1773951178/balport-products/seeded/tuywsuflxxdozs4bean5.jpg"
"BP-86003451865","86003451865","https://res.cloudinary.com/ddhs5dd6l/image/upload/v1773951180/balport-products/seeded/bevrizpjpdhreflxw9su.jpg"
"BP-86003461925","86003461925","https://res.cloudinary.com/ddhs5dd6l/image/upload/v1773951183/balport-products/seeded/q5jqjqfn3jb9p81gzvmq.jpg"
"BP-86003780217","86003780217","https://res.cloudinary.com/ddhs5dd6l/image/upload/v1773951185/balport-products/seeded/gjtxiqmb5zmgligugxwa.jpg"
"BP-86003813854","86003813854","https://res.cloudinary.com/ddhs5dd6l/image/upload/v1773951189/balport-products/seeded/le63h1hiw8eimf73d3yh.jpg"
"BP-86003820678","86003820678","https://res.cloudinary.com/ddhs5dd6l/image/upload/v1773951191/balport-products/seeded/l3ky3cyqleen7ddvc8di.jpg"
"BP-86003861862","86003861862","https://res.cloudinary.com/ddhs5dd6l/image/upload/v1773951192/balport-products/seeded/dfr775ecy9ds3ldczhid.jpg"
"BP-86012102734","86012102734","https://res.cloudinary.com/ddhs5dd6l/image/upload/v1773951194/balport-products/seeded/lqvj55jms1bxf8ajfwgu.jpg"
"BP-86012601138","86012601138","https://res.cloudinary.com/ddhs5dd6l/image/upload/v1773951196/balport-products/seeded/lywzqmddh0trzlaqxgov.jpg"
"BP-86024007874","86024007874","https://res.cloudinary.com/ddhs5dd6l/image/upload/v1773951197/balport-products/seeded/qnduvbpp12r3nwxhalgt.jpg"
"BP-86024007997","86024007997","https://res.cloudinary.com/ddhs5dd6l/image/upload/v1773951199/balport-products/seeded/xom1btti6s19kq5ouyhv.jpg"
"BP-86395094558","86395094558","https://res.cloudinary.com/ddhs5dd6l/image/upload/v1773951200/balport-products/seeded/nbclbtsrdi2vii3tt3ss.jpg"
"BP-86395095005","86395095005","https://res.cloudinary.com/ddhs5dd6l/image/upload/v1773951202/balport-products/seeded/jy8vkun8efsvardapd1p.png"
"BP-86767210067","86767210067","https://res.cloudinary.com/ddhs5dd6l/image/upload/v1773951204/balport-products/seeded/hmgebeoj4ve5epeuwjah.jpg"
"BP-86767210098","86767210098","https://res.cloudinary.com/ddhs5dd6l/image/upload/v1773951206/balport-products/seeded/nxfgorilqjip8wqrguuh.jpg"
"BP-86767210104","86767210104","https://res.cloudinary.com/ddhs5dd6l/image/upload/v1773951208/balport-products/seeded/piewzcnm80roowwe1fj3.jpg"
"BP-86767210128","86767210128","https://res.cloudinary.com/ddhs5dd6l/image/upload/v1773951209/balport-products/seeded/h1ovim11smjqengv1bmm.jpg"
"BP-86767500120","86767500120","https://res.cloudinary.com/ddhs5dd6l/image/upload/v1773951211/balport-products/seeded/saa6lhzlbc0td6xrr8n4.jpg"
"BP-86767520067","86767520067","https://res.cloudinary.com/ddhs5dd6l/image/upload/v1773951213/balport-products/seeded/ndakwonpvhfpm8lzflm0.jpg"
"BP-86767520227","86767520227","https://res.cloudinary.com/ddhs5dd6l/image/upload/v1773951215/balport-products/seeded/t3h0p152f72vsj0xmgqz.jpg"
"BP-86785000084","86785000084","https://res.cloudinary.com/ddhs5dd6l/image/upload/v1773951217/balport-products/seeded/savyc5d636ohucm3dg41.jpg"
"BP-86785212067","86785212067","https://res.cloudinary.com/ddhs5dd6l/image/upload/v1773951218/balport-products/seeded/owirvms5garbphnqnwix.jpg"
"BP-86785212364","86785212364","https://res.cloudinary.com/ddhs5dd6l/image/upload/v1773951220/balport-products/seeded/smbdjrdd6jiavd3eu4ap.jpg"
"BP-86788000470","86788000470","https://res.cloudinary.com/ddhs5dd6l/image/upload/v1773951222/balport-products/seeded/srrywnpty2fekfjuhafk.jpg"
"BP-86788001477","86788001477","https://res.cloudinary.com/ddhs5dd6l/image/upload/v1773951224/balport-products/seeded/cpah3fybdg6anui5ldpg.jpg"
"BP-86788015573","86788015573","https://res.cloudinary.com/ddhs5dd6l/image/upload/v1773951225/balport-products/seeded/chqurvizfww1m2bjoh9s.jpg"
"BP-86788042272","86788042272","https://res.cloudinary.com/ddhs5dd6l/image/upload/v1773951227/balport-products/seeded/fn6y27pvkxtysuzpymqa.jpg"
"BP-86788060177","86788060177","https://res.cloudinary.com/ddhs5dd6l/image/upload/v1773951228/balport-products/seeded/nj1f2wdwkneekjs5cli0.jpg"
"BP-86788666881","86788666881","https://res.cloudinary.com/ddhs5dd6l/image/upload/v1773951230/balport-products/seeded/h2lgxhby9sfkoccxmwvi.jpg"
"BP-86788777891","86788777891","https://res.cloudinary.com/ddhs5dd6l/image/upload/v1773951232/balport-products/seeded/jf6eeqfmfpjxgt4jmiph.jpg"
"BP-86788888023","86788888023","https://res.cloudinary.com/ddhs5dd6l/image/upload/v1773951233/balport-products/seeded/c1lirvaa3fjblqzoadbf.jpg"
"BP-86891022871","86891022871","https://res.cloudinary.com/ddhs5dd6l/image/upload/v1773951235/balport-products/seeded/uemq1gmputfkif3prjff.jpg"
"BP-86891054001","86891054001","https://res.cloudinary.com/ddhs5dd6l/image/upload/v1773951237/balport-products/seeded/ka8ehzeiaxr6dvcc7eck.jpg"
"BP-86891071503","86891071503","https://res.cloudinary.com/ddhs5dd6l/image/upload/v1773951238/balport-products/seeded/czahoohjudkjqwzjufsd.jpg"
"BP-86891083186","86891083186","https://res.cloudinary.com/ddhs5dd6l/image/upload/v1773951240/balport-products/seeded/mv3nzqvewjxinhiufngt.jpg"
"BP-86891084657","86891084657","https://res.cloudinary.com/ddhs5dd6l/image/upload/v1773951241/balport-products/seeded/kcx5blj3zym8dtmz8huj.jpg"
"BP-86891086132","86891086132","https://res.cloudinary.com/ddhs5dd6l/image/upload/v1773951243/balport-products/seeded/txjbskdsbetrjf3tyjww.png"
"BP-86891087030","86891087030","https://res.cloudinary.com/ddhs5dd6l/image/upload/v1773951244/balport-products/seeded/mnmujyw6pufygizsg5at.jpg"
"BP-86891090399","86891090399","https://res.cloudinary.com/ddhs5dd6l/image/upload/v1773951255/balport-products/seeded/oaoxx9stxmfdcybnmp88.jpg"
"BP-87000001992","87000001992","https://res.cloudinary.com/ddhs5dd6l/image/upload/v1773951274/balport-products/seeded/kvioadozelroobdcqx3h.jpg"
"BP-87000002715","87000002715","https://res.cloudinary.com/ddhs5dd6l/image/upload/v1773951276/balport-products/seeded/mlihhkdxzudzzyhmotan.jpg"
"BP-87000002739","87000002739","https://res.cloudinary.com/ddhs5dd6l/image/upload/v1773951278/balport-products/seeded/fh5ttgslftz0mguzdb4q.jpg"
"BP-87000002777","87000002777","https://res.cloudinary.com/ddhs5dd6l/image/upload/v1773951280/balport-products/seeded/s4cr2xxeskdtoxfmgcd4.jpg"
"BP-87000003149","87000003149","https://res.cloudinary.com/ddhs5dd6l/image/upload/v1773951282/balport-products/seeded/ebfailxnog5jmehlyiew.jpg"
"BP-87000004047","87000004047","https://res.cloudinary.com/ddhs5dd6l/image/upload/v1773951284/balport-products/seeded/iiupiu0pxebiv0gahyhb.jpg"
"BP-87000004122","87000004122","https://res.cloudinary.com/ddhs5dd6l/image/upload/v1773951286/balport-products/seeded/xsmhmfm3pw4xajumvbyg.jpg"
"BP-87000005525","87000005525","https://res.cloudinary.com/ddhs5dd6l/image/upload/v1773951288/balport-products/seeded/wog7qmr1dkagntpjxb2s.jpg"
"BP-87000007253","87000007253","https://res.cloudinary.com/ddhs5dd6l/image/upload/v1773951290/balport-products/seeded/x7f8gxm906dj9kpkeqbw.jpg"
"BP-87000007277","87000007277","https://res.cloudinary.com/ddhs5dd6l/image/upload/v1773951292/balport-products/seeded/brszbuzuvjdzbmucrqxa.jpg"
"BP-87000007338","87000007338","https://res.cloudinary.com/ddhs5dd6l/image/upload/v1773951294/balport-products/seeded/lwb5uxf3mzpt15sinomz.jpg"
"BP-87000007352","87000007352","https://res.cloudinary.com/ddhs5dd6l/image/upload/v1773951296/balport-products/seeded/omlhuslryd8tfba3bnl5.jpg"
"BP-87000007604","87000007604","https://res.cloudinary.com/ddhs5dd6l/image/upload/v1773951299/balport-products/seeded/nd8wro60czyuqsmwnapr.jpg"
"BP-87000007659","87000007659","https://res.cloudinary.com/ddhs5dd6l/image/upload/v1773951301/balport-products/seeded/y7bzlwps5vavibwb6avd.jpg"
"BP-87000201156","87000201156","https://res.cloudinary.com/ddhs5dd6l/image/upload/v1773951303/balport-products/seeded/g5kvjqgbbzl29q7n3jod.jpg"
"BP-87000201330","87000201330","https://res.cloudinary.com/ddhs5dd6l/image/upload/v1773951305/balport-products/seeded/kpt1ztwcspxdqgf1kdzm.jpg"
"BP-87000351608","87000351608","https://res.cloudinary.com/ddhs5dd6l/image/upload/v1773951306/balport-products/seeded/dzgvdn1z9c129yw4cdqn.jpg"
"BP-87000700604","87000700604","https://res.cloudinary.com/ddhs5dd6l/image/upload/v1773951309/balport-products/seeded/zbwlj6fwkql3zcrezyp9.jpg"
"BP-87000700703","87000700703","https://res.cloudinary.com/ddhs5dd6l/image/upload/v1773951311/balport-products/seeded/kq6jtvgruixmui4uvs5k.jpg"
"BP-87000700758","87000700758","https://res.cloudinary.com/ddhs5dd6l/image/upload/v1773951314/balport-products/seeded/zw760g2upwmc3jlsc9ei.jpg"
"BP-87000701045","87000701045","https://res.cloudinary.com/ddhs5dd6l/image/upload/v1773951315/balport-products/seeded/lzunaolhvkw3ppsakduo.png"
"BP-87076211462","87076211462","https://res.cloudinary.com/ddhs5dd6l/image/upload/v1773951317/balport-products/seeded/wk7ulsmemoewgupiiorb.jpg"
"BP-87076211745","87076211745","https://res.cloudinary.com/ddhs5dd6l/image/upload/v1773951318/balport-products/seeded/xp7zsw32ypqtzx77eilh.jpg"
"BP-87076214401","87076214401","https://res.cloudinary.com/ddhs5dd6l/image/upload/v1773951320/balport-products/seeded/ppiqqhvvmaekazqmwxel.jpg"
"BP-87076214593","87076214593","https://res.cloudinary.com/ddhs5dd6l/image/upload/v1773951322/balport-products/seeded/ftvewsaiethfci0j3l9z.jpg"
"BP-87076214739","87076214739","https://res.cloudinary.com/ddhs5dd6l/image/upload/v1773951324/balport-products/seeded/nfwwm9rwdo0rxaq670ar.jpg"
"BP-87076214753","87076214753","https://res.cloudinary.com/ddhs5dd6l/image/upload/v1773951326/balport-products/seeded/fyz4f8iuqcxc7kezdzs3.jpg"
"BP-87076215026","87076215026","https://res.cloudinary.com/ddhs5dd6l/image/upload/v1773951327/balport-products/seeded/tvoscd9my64oschsczli.jpg"
"BP-87076215897","87076215897","https://res.cloudinary.com/ddhs5dd6l/image/upload/v1773951328/balport-products/seeded/xj0e6yim8t1siuangrdd.jpg"
"BP-87076216108","87076216108","https://res.cloudinary.com/balport/image/upload/v1/placeholder.jpg"
"BP-87076216436","87076216436","https://res.cloudinary.com/ddhs5dd6l/image/upload/v1773951330/balport-products/seeded/ftb9pvdiyqqa1nc6ddcb.jpg"
"BP-87076216443","87076216443","https://res.cloudinary.com/ddhs5dd6l/image/upload/v1773951331/balport-products/seeded/exfxeo3x7yv3a8re4w8s.jpg"
"BP-87076216474","87076216474","https://res.cloudinary.com/ddhs5dd6l/image/upload/v1773951333/balport-products/seeded/i46owvf7j2nyyp315qy0.jpg"
"BP-87116069732","87116069732","https://res.cloudinary.com/ddhs5dd6l/image/upload/v1773951335/balport-products/seeded/xv1qrjj7wqixxmeaarfh.jpg"
"BP-87229127411","87229127411","https://res.cloudinary.com/ddhs5dd6l/image/upload/v1773951337/balport-products/seeded/msthchitzce7mbcejelm.jpg"
"BP-87229174033","87229174033","https://res.cloudinary.com/ddhs5dd6l/image/upload/v1773951338/balport-products/seeded/ll2aizi9d7dadxp3evbz.jpg"
"BP-87236001131","87236001131","https://res.cloudinary.com/ddhs5dd6l/image/upload/v1773951339/balport-products/seeded/jlucibjimtnor3wqev7a.jpg"
"BP-87236001162","87236001162","https://res.cloudinary.com/ddhs5dd6l/image/upload/v1773951341/balport-products/seeded/lc5afnyjs3aru1md3ea9.jpg"
"BP-87236001247","87236001247","https://res.cloudinary.com/ddhs5dd6l/image/upload/v1773951343/balport-products/seeded/bgystn34g89ny3tnjxj6.jpg"
"BP-87236002114","87236002114","https://res.cloudinary.com/ddhs5dd6l/image/upload/v1773951345/balport-products/seeded/o5p0fgojrym6ejhu1x9m.jpg"
"BP-87236002831","87236002831","https://res.cloudinary.com/ddhs5dd6l/image/upload/v1773951347/balport-products/seeded/nhotl9m3ztglmfhit9fx.jpg"
"BP-87236565107","87236565107","https://res.cloudinary.com/ddhs5dd6l/image/upload/v1773951348/balport-products/seeded/tefsve9yltimshr0pk6j.jpg"
"BP-87236565206","87236565206","https://res.cloudinary.com/ddhs5dd6l/image/upload/v1773951350/balport-products/seeded/lkpshx8crhon5i8bclft.jpg"
"BP-87236565305","87236565305","https://res.cloudinary.com/ddhs5dd6l/image/upload/v1773951351/balport-products/seeded/uhchgdhklirsxlhnbovx.jpg"
"BP-87236700362","87236700362","https://res.cloudinary.com/ddhs5dd6l/image/upload/v1773951353/balport-products/seeded/psc6y8nxslk9zsi4xikx.jpg"
"BP-87236950033","87236950033","https://res.cloudinary.com/ddhs5dd6l/image/upload/v1773951354/balport-products/seeded/h2mxogbadqdlb0cczvtr.jpg"
"BP-87241881063","87241881063","https://res.cloudinary.com/ddhs5dd6l/image/upload/v1773951356/balport-products/seeded/whnygxgupw8qv4zzvvvb.jpg"
"BP-87356405123","87356405123","https://res.cloudinary.com/ddhs5dd6l/image/upload/v1773951358/balport-products/seeded/dxiidoqpjbybjp8isden.jpg"
"BP-87356442128","87356442128","https://res.cloudinary.com/ddhs5dd6l/image/upload/v1773951359/balport-products/seeded/xqx3ax8jxyabg2bu5ab6.jpg"
"BP-87356510117","87356510117","https://res.cloudinary.com/ddhs5dd6l/image/upload/v1773951361/balport-products/seeded/mygjyvhhuenuurbyxp6x.jpg"
"BP-87356510124","87356510124","https://res.cloudinary.com/ddhs5dd6l/image/upload/v1773951362/balport-products/seeded/pzxp7ugwuzubqekalfzq.jpg"
"BP-87356510445","87356510445","https://res.cloudinary.com/ddhs5dd6l/image/upload/v1773951364/balport-products/seeded/yttl09kq9wzrlhnl1foo.jpg"
"BP-87356535127","87356535127","https://res.cloudinary.com/ddhs5dd6l/image/upload/v1773951366/balport-products/seeded/udy1lty3t5q71e2x2eqw.jpg"
"BP-87447218724","87447218724","https://res.cloudinary.com/ddhs5dd6l/image/upload/v1773951368/balport-products/seeded/lqrqspzffumg4kckovcl.jpg"
"BP-87447419220","87447419220","https://res.cloudinary.com/ddhs5dd6l/image/upload/v1773951370/balport-products/seeded/xzs1kuejnnzu9fahopb5.jpg"
"BP-87512075337","87512075337","https://res.cloudinary.com/ddhs5dd6l/image/upload/v1773951372/balport-products/seeded/mnni8wqt8tb388ok5vz8.jpg"
"BP-87512912359","87512912359","https://res.cloudinary.com/ddhs5dd6l/image/upload/v1773951374/balport-products/seeded/ff9dqlcildvkigpm3s99.jpg"
"BP-87512913257","87512913257","https://res.cloudinary.com/ddhs5dd6l/image/upload/v1773951375/balport-products/seeded/vapa6apmiulcy7pzxjia.jpg"
"BP-87512929364","87512929364","https://res.cloudinary.com/ddhs5dd6l/image/upload/v1773951377/balport-products/seeded/hkbjsdlrp8qb8x99higj.gif"
"BP-87512929685","87512929685","https://res.cloudinary.com/ddhs5dd6l/image/upload/v1773951378/balport-products/seeded/jsijr8lxnubxn4ezdep8.jpg"
"BP-87647081425","87647081425","https://res.cloudinary.com/ddhs5dd6l/image/upload/v1773951380/balport-products/seeded/x7aqxvcmuenjygrmb2l6.jpg"
"BP-87647111672","87647111672","https://res.cloudinary.com/ddhs5dd6l/image/upload/v1773951381/balport-products/seeded/cdmglz4t01kq39wzcyfo.jpg"
"BP-87647111689","87647111689","https://res.cloudinary.com/ddhs5dd6l/image/upload/v1773951383/balport-products/seeded/ktbj5svpawtarlayuyrt.jpg"
"BP-87647113225","87647113225","https://res.cloudinary.com/ddhs5dd6l/image/upload/v1773951385/balport-products/seeded/gmmy0qvrixpmma9x0euc.jpg"
"BP-87647113409","87647113409","https://res.cloudinary.com/ddhs5dd6l/image/upload/v1773951386/balport-products/seeded/veu21m83ixots3koepdh.jpg"
"BP-87647114123","87647114123","https://res.cloudinary.com/ddhs5dd6l/image/upload/v1773951388/balport-products/seeded/mtgdxoqgara1h9oze4vy.png"
"BP-87692000846","BP-87692000846","https://res.cloudinary.com/ddhs5dd6l/image/upload/v1774012004/balport-products/lu0zrje69ipvumakcsel.webp"
"BP-87692001171","87692001171","https://res.cloudinary.com/ddhs5dd6l/image/upload/v1773951390/balport-products/seeded/wmlmwubjx6jv1ss95nrh.jpg"
"BP-87692003786","87692003786","https://res.cloudinary.com/ddhs5dd6l/image/upload/v1773951392/balport-products/seeded/ghdab9cig1pgdqofozt5.jpg"
"BP-87692004240","87692004240","https://res.cloudinary.com/ddhs5dd6l/image/upload/v1773951394/balport-products/seeded/uvuz3wubchazwmu6gnc8.jpg"
"BP-87692004905","87692004905","https://res.cloudinary.com/ddhs5dd6l/image/upload/v1773951396/balport-products/seeded/bcm5bh635oen4yfeiji6.jpg"
"BP-87692006701","87692006701","https://res.cloudinary.com/ddhs5dd6l/image/upload/v1773951398/balport-products/seeded/r5lolrhobucg3hrzqoq4.jpg"
"BP-87692006770","87692006770","https://res.cloudinary.com/ddhs5dd6l/image/upload/v1773951399/balport-products/seeded/hrvxwrp07dg5dzxszq3q.jpg"
"BP-87692006862","87692006862","https://res.cloudinary.com/ddhs5dd6l/image/upload/v1773951401/balport-products/seeded/vyomtn3czqiaeblchssk.jpg"
"BP-87692009511","87692009511","https://res.cloudinary.com/ddhs5dd6l/image/upload/v1773951403/balport-products/seeded/c0ti9obrnn6pkcq81oku.jpg"
"BP-87692009702","87692009702","https://res.cloudinary.com/ddhs5dd6l/image/upload/v1773951405/balport-products/seeded/w1qudqu9q02wms7jyndg.jpg"
"BP-87692009917","87692009917","https://res.cloudinary.com/ddhs5dd6l/image/upload/v1773951407/balport-products/seeded/szn79kgrar498ucfwafw.jpg"
"BP-87692010753","87692010753","https://res.cloudinary.com/ddhs5dd6l/image/upload/v1773951409/balport-products/seeded/zyyffogshtsdz03wfp4u.jpg"
"BP-87692011682","87692011682","https://res.cloudinary.com/ddhs5dd6l/image/upload/v1773951410/balport-products/seeded/fh9gwks65woywbedk62m.jpg"
"BP-87692012276","87692012276","https://res.cloudinary.com/ddhs5dd6l/image/upload/v1773951411/balport-products/seeded/mkedbjqqvmyzvmckie0h.jpg"
"BP-87692012825","87692012825","https://res.cloudinary.com/ddhs5dd6l/image/upload/v1773951413/balport-products/seeded/kw7fbiuambhol3y6frrq.jpg"
"BP-87692014409","87692014409","https://res.cloudinary.com/ddhs5dd6l/image/upload/v1773951414/balport-products/seeded/dswg69kxis9nj1tbssa9.jpg"
"BP-87692015161","87692015161","https://res.cloudinary.com/ddhs5dd6l/image/upload/v1773951416/balport-products/seeded/ft6wzyuxqmo2tta2dvyy.jpg"
"BP-87692016144","87692016144","https://res.cloudinary.com/ddhs5dd6l/image/upload/v1773951418/balport-products/seeded/q7sjty5adjfm24qgfk47.jpg"
"BP-87692017820","87692017820","https://res.cloudinary.com/ddhs5dd6l/image/upload/v1773951419/balport-products/seeded/n0ur0tuwsrlveofzksj8.jpg"
"BP-87692017837","87692017837","https://res.cloudinary.com/ddhs5dd6l/image/upload/v1773951421/balport-products/seeded/gcvhdj46dt1nkc9hnt8l.jpg"
"BP-87692017912","87692017912","https://res.cloudinary.com/ddhs5dd6l/image/upload/v1773951423/balport-products/seeded/o5dxfgmgztcz1tx2glvi.jpg"
"BP-87692018100","87692018100","https://res.cloudinary.com/ddhs5dd6l/image/upload/v1773951425/balport-products/seeded/acopyhfzwfxwsm32lz04.jpg"
"BP-87692018506","87692018506","https://res.cloudinary.com/ddhs5dd6l/image/upload/v1773951427/balport-products/seeded/ipf6wnq1jttrgcxvmpj4.jpg"
"BP-87692019046","87692019046","https://res.cloudinary.com/ddhs5dd6l/image/upload/v1773951428/balport-products/seeded/vr7teff1j8bacuk68obs.jpg"
"BP-87692020288","87692020288","https://res.cloudinary.com/ddhs5dd6l/image/upload/v1773951430/balport-products/seeded/szofneavrcqghisabluk.jpg"
"BP-87692020301","87692020301","https://res.cloudinary.com/ddhs5dd6l/image/upload/v1773951433/balport-products/seeded/srotrgz8ecgzrp2w2iwb.jpg"
"BP-87692021049","87692021049","https://res.cloudinary.com/ddhs5dd6l/image/upload/v1773951434/balport-products/seeded/kzuz9m0ljnurpahomowm.jpg"
"BP-87692021544","87692021544","https://res.cloudinary.com/ddhs5dd6l/image/upload/v1773951438/balport-products/seeded/nz6erk8cowitq8qmnwjm.jpg"
"BP-87692212317","87692212317","https://res.cloudinary.com/ddhs5dd6l/image/upload/v1773951444/balport-products/seeded/prmvas9iz4rcu8ndpwfc.jpg"
"BP-87692751342","87692751342","https://res.cloudinary.com/ddhs5dd6l/image/upload/v1773951447/balport-products/seeded/vn36towlmux4i8qzyect.png"
"BP-87692752318","87692752318","https://res.cloudinary.com/ddhs5dd6l/image/upload/v1773951448/balport-products/seeded/bfurj2tqkvchgl1h6tyv.jpg"
"BP-87692821021","87692821021","https://res.cloudinary.com/ddhs5dd6l/image/upload/v1773951451/balport-products/seeded/qfnrcgtgdfdsu6iqig5c.png"
"BP-87692831341","87692831341","https://res.cloudinary.com/ddhs5dd6l/image/upload/v1773951453/balport-products/seeded/mskn9jxdpoqyotfvu9pj.png"
"BP-87692832317","87692832317","https://res.cloudinary.com/ddhs5dd6l/image/upload/v1773951455/balport-products/seeded/iwqliqlx3e5kadrwwoma.jpg"
"BP-87692852315","87692852315","https://res.cloudinary.com/ddhs5dd6l/image/upload/v1773951457/balport-products/seeded/xnta3bxritpxxod2p5nw.jpg"
"BP-87872223102","87872223102","https://res.cloudinary.com/ddhs5dd6l/image/upload/v1773951458/balport-products/seeded/qrhbggql3os2upmta3vg.png"
"BP-87872628570","87872628570","https://res.cloudinary.com/ddhs5dd6l/image/upload/v1773951460/balport-products/seeded/iuxwvjyxzepluamqhnoo.jpg"
"BP-87872630122","87872630122","https://res.cloudinary.com/ddhs5dd6l/image/upload/v1773951462/balport-products/seeded/bmu7hlshdjiejmt0w6vo.png"
"BP-87872630139","87872630139","https://res.cloudinary.com/ddhs5dd6l/image/upload/v1773951464/balport-products/seeded/iw9tcgi1wn3mypgtmtt9.jpg"
"BP-87872630931","87872630931","https://res.cloudinary.com/ddhs5dd6l/image/upload/v1773951465/balport-products/seeded/dum8qpvtpkzxedld2qxi.jpg"
"BP-87872630955","87872630955","https://res.cloudinary.com/ddhs5dd6l/image/upload/v1773951466/balport-products/seeded/dvf6d47mcrgtk1hsmuqs.jpg"
"BP-87872632218","87872632218","https://res.cloudinary.com/ddhs5dd6l/image/upload/v1773951468/balport-products/seeded/ieigeruxptfdqgktb9tf.jpg"
"BP-87872632225","87872632225","https://res.cloudinary.com/ddhs5dd6l/image/upload/v1773951470/balport-products/seeded/tzu1yuyyimj0n1mb4bnu.png"
"BP-87872632232","87872632232","https://res.cloudinary.com/ddhs5dd6l/image/upload/v1773951472/balport-products/seeded/sjardd6biqh0qcdsqy9j.png"
"BP-87872633369","87872633369","https://res.cloudinary.com/ddhs5dd6l/image/upload/v1773951473/balport-products/seeded/ytjbedolmt9ksl5ywggx.png"
"BP-87872633406","87872633406","https://res.cloudinary.com/ddhs5dd6l/image/upload/v1773951475/balport-products/seeded/nxr2pvmrkdxufwfh3vlp.png"
"BP-87872633956","87872633956","https://res.cloudinary.com/ddhs5dd6l/image/upload/v1773951477/balport-products/seeded/cniwyw6worccvkximpzr.jpg"
"BP-87872634205","87872634205","https://res.cloudinary.com/ddhs5dd6l/image/upload/v1773951478/balport-products/seeded/zmc3vl2kzakilcryow0o.png"
"BP-87872634502","87872634502","https://res.cloudinary.com/ddhs5dd6l/image/upload/v1773951480/balport-products/seeded/qsubqcwgwql0hxzuoxyn.jpg"
"BP-87872634717","87872634717","https://res.cloudinary.com/ddhs5dd6l/image/upload/v1773951481/balport-products/seeded/yskqkdnkvil5xljxhqwl.jpg"
"BP-87872638425","87872638425","https://res.cloudinary.com/ddhs5dd6l/image/upload/v1773951483/balport-products/seeded/diwfo7nzkoojal6ckcvf.jpg"
"BP-87975006305","87975006305","https://res.cloudinary.com/ddhs5dd6l/image/upload/v1773951484/balport-products/seeded/ojfuonmez85mwozhno7p.jpg"
"BP-87975013501","87975013501","https://res.cloudinary.com/ddhs5dd6l/image/upload/v1773951486/balport-products/seeded/gfrj96drdl6aq5a0sjfg.jpg"
"BP-87975026501","87975026501","https://res.cloudinary.com/ddhs5dd6l/image/upload/v1773951488/balport-products/seeded/bjm5xbyc7hlhhz9nutjv.jpg"
"BP-88004000066","88004000066","https://res.cloudinary.com/ddhs5dd6l/image/upload/v1773951490/balport-products/seeded/cnvioltnqnzzg276dt9v.jpg"
"BP-88004000073","88004000073","https://res.cloudinary.com/ddhs5dd6l/image/upload/v1773951492/balport-products/seeded/etrb81ue9ewyj9zvk4hr.jpg"
"BP-88004005498","88004005498","https://res.cloudinary.com/ddhs5dd6l/image/upload/v1773951494/balport-products/seeded/jrjsxykk0ximqrklnxv9.jpg"
"BP-88004005511","88004005511","https://res.cloudinary.com/ddhs5dd6l/image/upload/v1773951496/balport-products/seeded/mcxizpxlkjfzcvhbxhxk.jpg"
"BP-88004005528","88004005528","https://res.cloudinary.com/ddhs5dd6l/image/upload/v1773951498/balport-products/seeded/tvtjqoxjcur9s7eqpkeo.jpg"
"BP-88004009281","88004009281","https://res.cloudinary.com/ddhs5dd6l/image/upload/v1773951499/balport-products/seeded/zrscec4oxw71f1jjrr0g.jpg"
"BP-88004009373","88004009373","https://res.cloudinary.com/ddhs5dd6l/image/upload/v1773951501/balport-products/seeded/iojnl2t3jguy1co06reh.jpg"
"BP-88004010140","88004010140","https://res.cloudinary.com/ddhs5dd6l/image/upload/v1773951503/balport-products/seeded/s1qzq9iztlkyhnbkoqej.jpg"
"BP-88004010362","88004010362","https://res.cloudinary.com/ddhs5dd6l/image/upload/v1773951505/balport-products/seeded/qgdheujh2ngq6siszgas.jpg"
"BP-88004012724","88004012724","https://res.cloudinary.com/ddhs5dd6l/image/upload/v1773951506/balport-products/seeded/ymituafdanlfkczf532z.jpg"
"BP-88004012748","88004012748","https://res.cloudinary.com/ddhs5dd6l/image/upload/v1773951508/balport-products/seeded/lyp9ssxaexnknoplerle.jpg"
"BP-88004012786","88004012786","https://res.cloudinary.com/ddhs5dd6l/image/upload/v1773951509/balport-products/seeded/knvhvauv3lh2az1aemjn.jpg"
"BP-88004018580","88004018580","https://res.cloudinary.com/ddhs5dd6l/image/upload/v1773951511/balport-products/seeded/nyuh3qpws8xpcj9gy5ac.jpg"
"BP-88004019761","88004019761","https://res.cloudinary.com/ddhs5dd6l/image/upload/v1773951513/balport-products/seeded/tmcnsl4gfvc3ufxfdxa7.jpg"
"BP-88004020248","88004020248","https://res.cloudinary.com/ddhs5dd6l/image/upload/v1773951514/balport-products/seeded/s0bq9onisw5ij3p0skpp.jpg"
"BP-88004020491","88004020491","https://res.cloudinary.com/ddhs5dd6l/image/upload/v1773951516/balport-products/seeded/weds1k3qxbcoidkfm19n.jpg"
"BP-88004020842","88004020842","https://res.cloudinary.com/ddhs5dd6l/image/upload/v1773951518/balport-products/seeded/s1tmto5lqvo4cvbmjwyr.jpg"
"BP-88004021344","88004021344","https://res.cloudinary.com/ddhs5dd6l/image/upload/v1773951520/balport-products/seeded/rakto3oecayicwceqqzy.jpg"
"BP-88004022785","88004022785","https://res.cloudinary.com/ddhs5dd6l/image/upload/v1773951522/balport-products/seeded/nptwxm0b0bcczolcgc3m.jpg"
"BP-88004023850","88004023850","https://res.cloudinary.com/ddhs5dd6l/image/upload/v1773951529/balport-products/seeded/jnauzxs2lcfhwwbjyzoz.jpg"
"BP-88004025748","88004025748","https://res.cloudinary.com/ddhs5dd6l/image/upload/v1773951538/balport-products/seeded/b2z6d1dospw5qjngvpsk.jpg"
"BP-88004025984","88004025984","https://res.cloudinary.com/ddhs5dd6l/image/upload/v1773951540/balport-products/seeded/nori8st7nnk2xrolg8t9.jpg"
"BP-88004026172","88004026172","https://res.cloudinary.com/ddhs5dd6l/image/upload/v1773951541/balport-products/seeded/fkqeeii3msvohymvz0xt.jpg"
"BP-88004026653","88004026653","https://res.cloudinary.com/ddhs5dd6l/image/upload/v1773951543/balport-products/seeded/utuqu9tqvygu2p1avted.jpg"
"BP-88004026684","88004026684","https://res.cloudinary.com/ddhs5dd6l/image/upload/v1773951544/balport-products/seeded/q6gyaf8ixnqmotf67s5y.png"
"BP-88004027742","88004027742","https://res.cloudinary.com/ddhs5dd6l/image/upload/v1773951546/balport-products/seeded/ijnxoad4sr8x25fkx4io.jpg"
"BP-88004027834","88004027834","https://res.cloudinary.com/ddhs5dd6l/image/upload/v1773951548/balport-products/seeded/qhv2qrz4sbfhktht6j1q.jpg"
"BP-88004029227","88004029227","https://res.cloudinary.com/ddhs5dd6l/image/upload/v1773951550/balport-products/seeded/phabypcfod4wgpm7mteg.jpg"
"BP-88004029234","88004029234","https://res.cloudinary.com/ddhs5dd6l/image/upload/v1773951552/balport-products/seeded/vlbwdejps2dbcpnnxm4x.jpg"
"BP-88004029296","88004029296","https://res.cloudinary.com/ddhs5dd6l/image/upload/v1773951554/balport-products/seeded/b5qhysrc8du44o3fysf5.jpg"
"BP-88004030261","88004030261","https://res.cloudinary.com/ddhs5dd6l/image/upload/v1773951555/balport-products/seeded/xzfvmsmcwwrj5czsorog.jpg"
"BP-88004030377","88004030377","https://res.cloudinary.com/ddhs5dd6l/image/upload/v1773951557/balport-products/seeded/pamnjmpzd0tca4b5zz0u.jpg"
"BP-88004031480","88004031480","https://res.cloudinary.com/ddhs5dd6l/image/upload/v1773951558/balport-products/seeded/cbpvz3kgzfswyxxwr6pj.jpg"
"BP-88004034191","88004034191","https://res.cloudinary.com/ddhs5dd6l/image/upload/v1773951560/balport-products/seeded/megvq8ztfk6scz3minv1.jpg"
"BP-88004034252","88004034252","https://res.cloudinary.com/ddhs5dd6l/image/upload/v1773951562/balport-products/seeded/urhmkmr6vejh9foh2jzv.jpg"
"BP-88004035761","88004035761","https://res.cloudinary.com/ddhs5dd6l/image/upload/v1773951563/balport-products/seeded/ss26pirp7o95h9ydhqig.png"
"BP-88004036171","88004036171","https://res.cloudinary.com/ddhs5dd6l/image/upload/v1773951565/balport-products/seeded/f5efmc7impp0eqvmbcfo.jpg"
"BP-88004036195","88004036195","https://res.cloudinary.com/ddhs5dd6l/image/upload/v1773951566/balport-products/seeded/r9qqkuslpmtcprz2dmpy.jpg"
"BP-88004036577","88004036577","https://res.cloudinary.com/ddhs5dd6l/image/upload/v1773951568/balport-products/seeded/ezeswjbn1iturufhvfgk.jpg"
"BP-88004037840","88004037840","https://res.cloudinary.com/ddhs5dd6l/image/upload/v1773951570/balport-products/seeded/fkmyg4h8fdmqcdznfoye.jpg"
"BP-88004037857","88004037857","https://res.cloudinary.com/ddhs5dd6l/image/upload/v1773951572/balport-products/seeded/hzshcowqsx9qissopuwu.jpg"
"BP-88004037864","88004037864","https://res.cloudinary.com/ddhs5dd6l/image/upload/v1773951574/balport-products/seeded/dkmsyvrivtlfkqzlagp0.png"
"BP-88004037871","88004037871","https://res.cloudinary.com/ddhs5dd6l/image/upload/v1773951575/balport-products/seeded/awib8ngjnhaaulkrje6d.jpg"
"BP-88004037901","88004037901","https://res.cloudinary.com/ddhs5dd6l/image/upload/v1773951576/balport-products/seeded/jnlslhwybwspl6oiq5zo.jpg"
"BP-88004038557","88004038557","https://res.cloudinary.com/ddhs5dd6l/image/upload/v1773951579/balport-products/seeded/yzznnoehukaicmgvw2qb.jpg"
"BP-88004039592","88004039592","https://res.cloudinary.com/ddhs5dd6l/image/upload/v1773951581/balport-products/seeded/a0ka7ca0x0enjxam6jzp.png"
"BP-88004039608","88004039608","https://res.cloudinary.com/ddhs5dd6l/image/upload/v1773951582/balport-products/seeded/qsohmawscno7eidn2zxc.png"
"BP-88004039615","88004039615","https://res.cloudinary.com/ddhs5dd6l/image/upload/v1773951584/balport-products/seeded/aqtszfh7nwbgywwnyfvp.png"
"BP-88004039653","88004039653","https://res.cloudinary.com/ddhs5dd6l/image/upload/v1773951586/balport-products/seeded/jggch3x8pws5ixbzamk1.png"
"BP-88004039660","88004039660","https://res.cloudinary.com/ddhs5dd6l/image/upload/v1773951588/balport-products/seeded/hmmqvdaxforuxxgxf2ly.png"
"BP-88004041663","88004041663","https://res.cloudinary.com/ddhs5dd6l/image/upload/v1773951590/balport-products/seeded/ssgpbp6bzpl2hse6tb6j.jpg"
"BP-88004043186","88004043186","https://res.cloudinary.com/ddhs5dd6l/image/upload/v1773951591/balport-products/seeded/ycyudvef6hdxkiiwdgai.jpg"
"BP-88004043193","88004043193","https://res.cloudinary.com/ddhs5dd6l/image/upload/v1773951592/balport-products/seeded/pvmen7qgwyrd3yigfrjz.jpg"
"BP-88004044053","88004044053","https://res.cloudinary.com/ddhs5dd6l/image/upload/v1773951594/balport-products/seeded/hooupjuedhdtuxfztaea.jpg"
"BP-88004045418","88004045418","https://res.cloudinary.com/ddhs5dd6l/image/upload/v1773951595/balport-products/seeded/tsillucalgog80q2tz74.jpg"
"BP-88004045449","BP-88004045449","https://res.cloudinary.com/ddhs5dd6l/image/upload/v1774006083/balport-products/xbmpv0hf0jiozvlnq7zx.jpg"
"BP-88004046156","88004046156","https://res.cloudinary.com/ddhs5dd6l/image/upload/v1773951599/balport-products/seeded/la0l26cptlmnwnnhw2ky.jpg"
"BP-88004057572","88004057572","https://res.cloudinary.com/ddhs5dd6l/image/upload/v1773951600/balport-products/seeded/no617kagie4cynkynq0t.jpg"
"BP-88004057589","88004057589","https://res.cloudinary.com/ddhs5dd6l/image/upload/v1773951602/balport-products/seeded/tdew8l08bwpi8wesnbym.jpg"
"BP-88004057596","88004057596","https://res.cloudinary.com/ddhs5dd6l/image/upload/v1773951604/balport-products/seeded/sijfmlszvpwvuvqswc0r.jpg"
"BP-88004058708","88004058708","https://res.cloudinary.com/ddhs5dd6l/image/upload/v1773951605/balport-products/seeded/zpgjjvhlrphszzjivbog.jpg"
"BP-88004060060","88004060060","https://res.cloudinary.com/ddhs5dd6l/image/upload/v1773951607/balport-products/seeded/u2cag4itfjazxxwrovtr.jpg"
"BP-88004139940","88004139940","https://res.cloudinary.com/ddhs5dd6l/image/upload/v1773951608/balport-products/seeded/hididq0spnhzj0fged5t.jpg"
"BP-88004144708","88004144708","https://res.cloudinary.com/ddhs5dd6l/image/upload/v1773951609/balport-products/seeded/vec3lfvjojpsopkpgxic.jpg"
"BP-88004144722","88004144722","https://res.cloudinary.com/ddhs5dd6l/image/upload/v1773951612/balport-products/seeded/pidnqttjse4ncvn38pri.jpg"
"BP-88004144739","88004144739","https://res.cloudinary.com/ddhs5dd6l/image/upload/v1773951620/balport-products/seeded/hnmpgzatyp6b2ywzsdua.jpg"
"BP-88004146689","88004146689","https://res.cloudinary.com/ddhs5dd6l/image/upload/v1773951622/balport-products/seeded/h2g0e3oscyitphwxqygw.jpg"
"BP-88076161863","88076161863","https://res.cloudinary.com/ddhs5dd6l/image/upload/v1773951623/balport-products/seeded/m7rhxhjcgq4ibj9qkzvj.jpg"
"BP-88076162624","88076162624","https://res.cloudinary.com/ddhs5dd6l/image/upload/v1773951625/balport-products/seeded/kpabwq6xcqy31fotipgs.jpg"
"BP-88076162655","88076162655","https://res.cloudinary.com/ddhs5dd6l/image/upload/v1773951627/balport-products/seeded/mtmdzqcyh2haxq0ksqxs.jpg"
"BP-88076163164","88076163164","https://res.cloudinary.com/ddhs5dd6l/image/upload/v1773951628/balport-products/seeded/z3el4aheks5tlamwczva.jpg"
"BP-88076163171","88076163171","https://res.cloudinary.com/ddhs5dd6l/image/upload/v1773951632/balport-products/seeded/p8iv5eokgdo96gzwbvfh.jpg"
"BP-88076170858","88076170858","https://res.cloudinary.com/ddhs5dd6l/image/upload/v1773951633/balport-products/seeded/wlil9uaffwe2eyqgcmda.jpg"
"BP-88076171459","88076171459","https://res.cloudinary.com/ddhs5dd6l/image/upload/v1773951635/balport-products/seeded/wdxbohgjegck1vqowopg.jpg"
"BP-88076173774","88076173774","https://res.cloudinary.com/ddhs5dd6l/image/upload/v1773951637/balport-products/seeded/tupb7s5zec3lsxnnayft.jpg"
"BP-88076177390","88076177390","https://res.cloudinary.com/ddhs5dd6l/image/upload/v1773951638/balport-products/seeded/gng8ee5k9igoorjcgz60.jpg"
"BP-88076177703","88076177703","https://res.cloudinary.com/ddhs5dd6l/image/upload/v1773951640/balport-products/seeded/y2iswsc2d9rixdjsfw2e.jpg"
"BP-88076178403","88076178403","https://res.cloudinary.com/ddhs5dd6l/image/upload/v1773951642/balport-products/seeded/y7zh5cqutee67je9kw4o.jpg"
"BP-88076178700","88076178700","https://res.cloudinary.com/ddhs5dd6l/image/upload/v1773951644/balport-products/seeded/hchvlvbqh4he56bfboz9.jpg"
"BP-88076179073","88076179073","https://res.cloudinary.com/ddhs5dd6l/image/upload/v1773951646/balport-products/seeded/fzi410jxsxhfnmhjpmfa.jpg"
"BP-88076180451","88076180451","https://res.cloudinary.com/ddhs5dd6l/image/upload/v1773951647/balport-products/seeded/wm6nwkmdigxf2dq2cjt5.jpg"
"BP-88076181366","88076181366","https://res.cloudinary.com/ddhs5dd6l/image/upload/v1773951649/balport-products/seeded/dehgr3purasz8ynqo9oj.jpg"
"BP-88076182691","88076182691","https://res.cloudinary.com/ddhs5dd6l/image/upload/v1773951651/balport-products/seeded/xixsvowhewo9ayukcrud.jpg"
"BP-88076183650","88076183650","https://res.cloudinary.com/ddhs5dd6l/image/upload/v1773951653/balport-products/seeded/ecpn7b5r4dtd5s6ejea1.jpg"
"BP-88076183728","88076183728","https://res.cloudinary.com/ddhs5dd6l/image/upload/v1773951655/balport-products/seeded/j8drhdiq55ful5famzdd.jpg"
"BP-88076185043","88076185043","https://res.cloudinary.com/ddhs5dd6l/image/upload/v1773951657/balport-products/seeded/vfci2lxmqrxbv8l0n8eh.jpg"
"BP-88076185050","88076185050","https://res.cloudinary.com/ddhs5dd6l/image/upload/v1773951659/balport-products/seeded/c0pkyokjr0hwwf4nywcu.jpg"
"BP-88076185067","88076185067","https://res.cloudinary.com/ddhs5dd6l/image/upload/v1773951660/balport-products/seeded/xsuzlqy4hmeotqchobuo.jpg"
"BP-88076185074","88076185074","https://res.cloudinary.com/ddhs5dd6l/image/upload/v1773951662/balport-products/seeded/u2hjmzezmvjfmbriuu7u.jpg"
"BP-88076185081","88076185081","https://res.cloudinary.com/ddhs5dd6l/image/upload/v1773951664/balport-products/seeded/pgjsrqj0soug73urnq9q.jpg"
"BP-88076185098","88076185098","https://res.cloudinary.com/ddhs5dd6l/image/upload/v1773951665/balport-products/seeded/bi4nhzzi42lzumyhgv7c.jpg"
"BP-88076186040","88076186040","https://res.cloudinary.com/ddhs5dd6l/image/upload/v1773951668/balport-products/seeded/qj0ah7yrpzksfmhqrqtc.jpg"
"BP-88076186071","88076186071","https://res.cloudinary.com/ddhs5dd6l/image/upload/v1773951670/balport-products/seeded/j6mf4bceljjzzltfrsy1.jpg"
"BP-88076186880","88076186880","https://res.cloudinary.com/ddhs5dd6l/image/upload/v1773951671/balport-products/seeded/a6udopzgjxdfqpc11xrs.jpg"
"BP-88076186941","88076186941","https://res.cloudinary.com/ddhs5dd6l/image/upload/v1773951673/balport-products/seeded/vwjw1wzfcs0tlrh0e7fw.jpg"
"BP-88076186958","88076186958","https://res.cloudinary.com/ddhs5dd6l/image/upload/v1773951675/balport-products/seeded/bqmwkzycaifbbe5qvtfu.jpg"
"BP-88076186965","88076186965","https://res.cloudinary.com/ddhs5dd6l/image/upload/v1773951677/balport-products/seeded/wg3yvtwyavrjw7uqxox6.jpg"
"BP-88076187955","88076187955","https://res.cloudinary.com/ddhs5dd6l/image/upload/v1773951679/balport-products/seeded/uo6fr5aeiwleozoa1wob.jpg"
"BP-88076188457","88076188457","https://res.cloudinary.com/ddhs5dd6l/image/upload/v1773951681/balport-products/seeded/a0jtqc7rnm8gzb2vqauv.jpg"
"BP-88076188624","88076188624","https://res.cloudinary.com/ddhs5dd6l/image/upload/v1773951683/balport-products/seeded/z9c8m5ptpjbkizpieuqt.jpg"
"BP-88076188648","88076188648","https://res.cloudinary.com/ddhs5dd6l/image/upload/v1773951685/balport-products/seeded/x6f3n6hq19pfoxd527a8.jpg"
"BP-88076188662","88076188662","https://res.cloudinary.com/ddhs5dd6l/image/upload/v1773951686/balport-products/seeded/baejrmbhtdpznoxpthas.jpg"
"BP-88076188808","88076188808","https://res.cloudinary.com/ddhs5dd6l/image/upload/v1773951688/balport-products/seeded/ldmudk5gpj8svgnvqwii.jpg"
"BP-88076188815","88076188815","https://res.cloudinary.com/ddhs5dd6l/image/upload/v1773951689/balport-products/seeded/ncwk6wgtn2tmtuf5a5zl.jpg"
"BP-88076188822","88076188822","https://res.cloudinary.com/ddhs5dd6l/image/upload/v1773951690/balport-products/seeded/jzxenkr7fs9xurbdnox2.jpg"
"BP-88076189041","88076189041","https://res.cloudinary.com/ddhs5dd6l/image/upload/v1773951692/balport-products/seeded/ko5inkkp1rvnwsdn1o4c.jpg"
"BP-88076189355","88076189355","https://res.cloudinary.com/ddhs5dd6l/image/upload/v1773951694/balport-products/seeded/dkh1f0j37py4chgwxbqm.jpg"
"BP-88076190030","88076190030","https://res.cloudinary.com/ddhs5dd6l/image/upload/v1773951696/balport-products/seeded/a0dql4nvmbbrdb5lupai.jpg"
"BP-88076190306","88076190306","https://res.cloudinary.com/ddhs5dd6l/image/upload/v1773951700/balport-products/seeded/i0skz4u531cnct2ftxsp.jpg"
"BP-88100134511","88100134511","https://res.cloudinary.com/ddhs5dd6l/image/upload/v1773951702/balport-products/seeded/ztrrjuosz0b6zvudcwtn.jpg"
"BP-88110011130","88110011130","https://res.cloudinary.com/ddhs5dd6l/image/upload/v1773951703/balport-products/seeded/u3t54pcgeditghucre1z.jpg"
"BP-88110011192","88110011192","https://res.cloudinary.com/ddhs5dd6l/image/upload/v1773951705/balport-products/seeded/ob5viwxpp4osmyau7z7e.jpg"
"BP-88110011307","88110011307","https://res.cloudinary.com/ddhs5dd6l/image/upload/v1773951708/balport-products/seeded/pdwbupcpyrw4xz6jutzx.jpg"
"BP-88110021139","88110021139","https://res.cloudinary.com/ddhs5dd6l/image/upload/v1773951709/balport-products/seeded/vlsdslldmtdzlqaxosch.jpg"
"BP-88110021191","88110021191","https://res.cloudinary.com/ddhs5dd6l/image/upload/v1773951711/balport-products/seeded/z4ulmaepw2tm4nhzasz9.jpg"
"BP-88110021306","88110021306","https://res.cloudinary.com/ddhs5dd6l/image/upload/v1773951713/balport-products/seeded/uj9fowhqkh2gcwmstlqd.jpg"
"BP-88110110109","88110110109","https://res.cloudinary.com/ddhs5dd6l/image/upload/v1773951714/balport-products/seeded/ykg8apycyjvkyh7ffhmi.jpg"
"BP-88110110307","88110110307","https://res.cloudinary.com/ddhs5dd6l/image/upload/v1773951716/balport-products/seeded/ltapwdsgppptrrefd81o.jpg"
"BP-88110110505","88110110505","https://res.cloudinary.com/ddhs5dd6l/image/upload/v1773951718/balport-products/seeded/beepadtpzfmeiccqbyc5.jpg"
"BP-88110110604","88110110604","https://res.cloudinary.com/ddhs5dd6l/image/upload/v1773951720/balport-products/seeded/f4xxo7pm3dsyqyiu2rxb.jpg"
"BP-88110110642","88110110642","https://res.cloudinary.com/ddhs5dd6l/image/upload/v1773951723/balport-products/seeded/q9kvxsd74dk6oo312pjy.jpg"
"BP-88110140052","88110140052","https://res.cloudinary.com/ddhs5dd6l/image/upload/v1773951725/balport-products/seeded/ntr8kxq2jefxblmdmm70.jpg"
"BP-88110150501","88110150501","https://res.cloudinary.com/ddhs5dd6l/image/upload/v1773951727/balport-products/seeded/gapeomojkjwsszvf73pw.jpg"
"BP-88110150525","88110150525","https://res.cloudinary.com/ddhs5dd6l/image/upload/v1773951729/balport-products/seeded/zmlkr2e68s5zxdvhwcmd.jpg"
"BP-88110150556","88110150556","https://res.cloudinary.com/ddhs5dd6l/image/upload/v1773951731/balport-products/seeded/gbzdfqxwl5onfs8mx0v4.jpg"
"BP-88110150617","88110150617","https://res.cloudinary.com/ddhs5dd6l/image/upload/v1773951733/balport-products/seeded/uxssmtdtzugswaj5vbr7.jpg"
"BP-88110150624","88110150624","https://res.cloudinary.com/ddhs5dd6l/image/upload/v1773951737/balport-products/seeded/yfofawz2wpmk6xlhnj6d.jpg"
"BP-88110151034","88110151034","https://res.cloudinary.com/ddhs5dd6l/image/upload/v1773951739/balport-products/seeded/lrkqdm1berhypwo8oqv8.jpg"
"BP-88110151058","88110151058","https://res.cloudinary.com/ddhs5dd6l/image/upload/v1773951740/balport-products/seeded/zul5f0lzxxf6psahizor.jpg"
"BP-88110151102","88110151102","https://res.cloudinary.com/ddhs5dd6l/image/upload/v1773951742/balport-products/seeded/myqrgxwhnonsrgb4fscw.jpg"
"BP-88110158958","88110158958","https://res.cloudinary.com/ddhs5dd6l/image/upload/v1773951744/balport-products/seeded/rsf5on6eprtun6lbwqh0.jpg"
"BP-88110158965","88110158965","https://res.cloudinary.com/ddhs5dd6l/image/upload/v1773951746/balport-products/seeded/t5ndhc5oumn5uazodovg.jpg"
"BP-88110160050","88110160050","https://res.cloudinary.com/ddhs5dd6l/image/upload/v1773951747/balport-products/seeded/ovd3xvpyiqwriixxoadr.jpg"
"BP-88110551056","88110551056","https://res.cloudinary.com/balport/image/upload/v1/placeholder.jpg"
"BP-88110551254","88110551254","https://res.cloudinary.com/ddhs5dd6l/image/upload/v1773951749/balport-products/seeded/jnr6bmyjekhbnfrrw769.jpg"
"BP-88110552404","88110552404","https://res.cloudinary.com/ddhs5dd6l/image/upload/v1773951751/balport-products/seeded/sgu2cwltivvr2bn2kumb.jpg"
"BP-88110955311","88110955311","https://res.cloudinary.com/ddhs5dd6l/image/upload/v1773951753/balport-products/seeded/szxzttwmcmazvnxjrtm8.jpg"
"BP-88110955328","88110955328","https://res.cloudinary.com/ddhs5dd6l/image/upload/v1773951755/balport-products/seeded/tanuykxbsvzmpxcjtq2z.jpg"
"BP-88110955342","88110955342","https://res.cloudinary.com/ddhs5dd6l/image/upload/v1773951757/balport-products/seeded/y3xku89xaycfyxf9gowv.jpg"
"BP-88168150119","88168150119","https://res.cloudinary.com/ddhs5dd6l/image/upload/v1773951758/balport-products/seeded/yecfex0f5anhkzrkiap7.jpg"
"BP-88320001969","88320001969","https://res.cloudinary.com/ddhs5dd6l/image/upload/v1773951760/balport-products/seeded/lmbfzokzttgkhof2jeyg.jpg"
"BP-88320002638","88320002638","https://res.cloudinary.com/ddhs5dd6l/image/upload/v1773951763/balport-products/seeded/ry2ihisrkgpbat0tjtjw.jpg"
"BP-88320341034","88320341034","https://res.cloudinary.com/ddhs5dd6l/image/upload/v1773951765/balport-products/seeded/f48geceakmdk3df2wk9s.jpg"
"BP-88320341201","88320341201","https://res.cloudinary.com/ddhs5dd6l/image/upload/v1773951767/balport-products/seeded/muurnguef1cdgyoccvwx.jpg"
"BP-88320700039","88320700039","https://res.cloudinary.com/ddhs5dd6l/image/upload/v1773951768/balport-products/seeded/b44lbe3no97pzhk5xq8w.jpg"
"BP-88320700275","88320700275","https://res.cloudinary.com/ddhs5dd6l/image/upload/v1773951770/balport-products/seeded/rqxbgazgqcjteumvttmt.png"
"BP-88345100050","88345100050","https://res.cloudinary.com/ddhs5dd6l/image/upload/v1773951773/balport-products/seeded/pj98yegki1kdkohreqfl.jpg"
"BP-88394000332","88394000332","https://res.cloudinary.com/ddhs5dd6l/image/upload/v1773951777/balport-products/seeded/ztnboibwnq3pphtsb72s.jpg"
"BP-88417870270","88417870270","https://res.cloudinary.com/ddhs5dd6l/image/upload/v1773951779/balport-products/seeded/ts04czt2zrvdjziiegr9.png"
"BP-88417870379","88417870379","https://res.cloudinary.com/ddhs5dd6l/image/upload/v1773951781/balport-products/seeded/mk1m2whnchecqhypevng.jpg"
"BP-88417870676","88417870676","https://res.cloudinary.com/ddhs5dd6l/image/upload/v1773951782/balport-products/seeded/uefkhlrxks6ezocpyff9.jpg"
"BP-88417880279","88417880279","https://res.cloudinary.com/ddhs5dd6l/image/upload/v1773951784/balport-products/seeded/q3a9f7svzuhtlg3rdwjo.png"
"BP-88544000021","88544000021","https://res.cloudinary.com/ddhs5dd6l/image/upload/v1773951785/balport-products/seeded/vb6wanihwhdia8vpzxg9.jpg"
"BP-88544018255","88544018255","https://res.cloudinary.com/ddhs5dd6l/image/upload/v1773951787/balport-products/seeded/t0m4wpeeqi1qswomksvt.jpg"
"BP-88544019160","88544019160","https://res.cloudinary.com/ddhs5dd6l/image/upload/v1773951789/balport-products/seeded/jkqa5eqfboiabbu5umfc.jpg"
"BP-88553093496","88553093496","https://res.cloudinary.com/ddhs5dd6l/image/upload/v1773951790/balport-products/seeded/k73omyesa6tjmk51z0t7.jpg"
"BP-88553094059","88553094059","https://res.cloudinary.com/ddhs5dd6l/image/upload/v1773951792/balport-products/seeded/eny06zljrjga0lb8md1t.jpg"
"BP-88553812202","88553812202","https://res.cloudinary.com/ddhs5dd6l/image/upload/v1773951794/balport-products/seeded/avwtdf6ecv5n07ciqyc1.jpg"
"BP-88586000171","88586000171","https://res.cloudinary.com/ddhs5dd6l/image/upload/v1773951796/balport-products/seeded/j8648xwhjqllh7dxr33f.jpg"
"BP-88586001765","88586001765","https://res.cloudinary.com/ddhs5dd6l/image/upload/v1773951798/balport-products/seeded/mnesgvi7ej4hhacqcgxp.jpg"
"BP-88586001895","88586001895","https://res.cloudinary.com/ddhs5dd6l/image/upload/v1773951800/balport-products/seeded/rbjbejiygagxymt5lzjk.jpg"
"BP-88586002601","88586002601","https://res.cloudinary.com/ddhs5dd6l/image/upload/v1773951802/balport-products/seeded/avrva85gd2ve8zc1t06t.jpg"
"BP-88586002755","88586002755","https://res.cloudinary.com/ddhs5dd6l/image/upload/v1773951804/balport-products/seeded/cglsnvkq5zcb7ypalzmk.jpg"
"BP-88586003516","88586003516","https://res.cloudinary.com/ddhs5dd6l/image/upload/v1773951806/balport-products/seeded/itf4pobhzbhtytbswhjn.jpg"
"BP-88586003899","88586003899","https://res.cloudinary.com/ddhs5dd6l/image/upload/v1773951808/balport-products/seeded/nzewhkjs7zjd6ylxdmlf.jpg"
"BP-88586004483","88586004483","https://res.cloudinary.com/ddhs5dd6l/image/upload/v1773951810/balport-products/seeded/prl0v8qnlakh9gcybiat.jpg"
"BP-88586005480","88586005480","https://res.cloudinary.com/ddhs5dd6l/image/upload/v1773951812/balport-products/seeded/hd8vylkrh7do8jggavo5.jpg"
"BP-88586009211","88586009211","https://res.cloudinary.com/ddhs5dd6l/image/upload/v1773951815/balport-products/seeded/jswmk4eulbk93xx91jlu.jpg"
"BP-88586600258","88586600258","https://res.cloudinary.com/ddhs5dd6l/image/upload/v1773951816/balport-products/seeded/jn6jjwfaao13eh9w1egn.jpg"
"BP-88586601835","88586601835","https://res.cloudinary.com/ddhs5dd6l/image/upload/v1773951819/balport-products/seeded/njqggmgnoizvne80nfgj.jpg"
"BP-88586603846","88586603846","https://res.cloudinary.com/ddhs5dd6l/image/upload/v1773951822/balport-products/seeded/qs3jvizuvtfpbhrnc6iu.jpg"
"BP-88586621840","88586621840","https://res.cloudinary.com/ddhs5dd6l/image/upload/v1773951825/balport-products/seeded/ar3fgzabvyvxpqntw57v.jpg"
"BP-88586642890","88586642890","https://res.cloudinary.com/ddhs5dd6l/image/upload/v1773951827/balport-products/seeded/wj680pwhiuachwdifsij.jpg"
"BP-88593450303","88593450303","https://res.cloudinary.com/ddhs5dd6l/image/upload/v1773951828/balport-products/seeded/ghywu4jdi2ritkytzjwo.jpg"
"BP-88593700200","88593700200","https://res.cloudinary.com/ddhs5dd6l/image/upload/v1773951831/balport-products/seeded/cly8c7eughniwqgjbiu6.jpg"
"BP-88593850066","88593850066","https://res.cloudinary.com/ddhs5dd6l/image/upload/v1773951832/balport-products/seeded/h2zpgabpdt9d1girp6ko.jpg"
"BP-88692860232","88692860232","https://res.cloudinary.com/ddhs5dd6l/image/upload/v1773951834/balport-products/seeded/ogwrxmxofaw13gcbp1ds.jpg"
"BP-88734100708","88734100708","https://res.cloudinary.com/ddhs5dd6l/image/upload/v1773951836/balport-products/seeded/yap7cg8xqsbr6c7dku3f.jpg"
"BP-88857001616","88857001616","https://res.cloudinary.com/ddhs5dd6l/image/upload/v1773951838/balport-products/seeded/vdknisfj7mcvov5eqsyw.jpg"
"BP-88857003306","88857003306","https://res.cloudinary.com/ddhs5dd6l/image/upload/v1773951840/balport-products/seeded/zhtekfbo8rqjn1xhyun6.jpg"
"BP-88857003344","88857003344","https://res.cloudinary.com/ddhs5dd6l/image/upload/v1773951842/balport-products/seeded/dapv6zh5e6x9xgboynqi.jpg"
"BP-89000001132","89000001132","https://res.cloudinary.com/ddhs5dd6l/image/upload/v1773951844/balport-products/seeded/ppnfbtsdhccpujskhmgs.jpg"
"BP-89000005000","89000005000","https://res.cloudinary.com/ddhs5dd6l/image/upload/v1773951845/balport-products/seeded/eddrlzjqoyuu83lrgmag.jpg"
"BP-89000118397","89000118397","https://res.cloudinary.com/ddhs5dd6l/image/upload/v1773951847/balport-products/seeded/hew9pow2pffpi4f0uwxp.jpg"
"BP-89000990610","89000990610","https://res.cloudinary.com/ddhs5dd6l/image/upload/v1773951849/balport-products/seeded/c8zaqfoi0wscuijceyvm.jpg"
"BP-89000990764","89000990764","https://res.cloudinary.com/ddhs5dd6l/image/upload/v1773951852/balport-products/seeded/pacts95fod4bdelwkdxw.jpg"
"BP-89000991044","89000991044","https://res.cloudinary.com/ddhs5dd6l/image/upload/v1773951854/balport-products/seeded/bwdpm1vvsbxe0u0z7wf8.jpg"
"BP-89000992010","89000992010","https://res.cloudinary.com/ddhs5dd6l/image/upload/v1773951855/balport-products/seeded/r5grl2pjmdpi6yqcujek.jpg"
"BP-89000993086","89000993086","https://res.cloudinary.com/ddhs5dd6l/image/upload/v1773951857/balport-products/seeded/jlq0idbcmkymyp2fbswa.jpg"
"BP-89000993154","89000993154","https://res.cloudinary.com/ddhs5dd6l/image/upload/v1773951858/balport-products/seeded/ilfcgvjz2w72lzbn2rdz.jpg"
"BP-89121068823","89121068823","https://res.cloudinary.com/ddhs5dd6l/image/upload/v1773951860/balport-products/seeded/uuu6zni0gplfmajrr4up.jpg"
"BP-89121108529","89121108529","https://res.cloudinary.com/ddhs5dd6l/image/upload/v1773951861/balport-products/seeded/zqpialnqh9dvxt4luduf.jpg"
"BP-89121188521","89121188521","https://res.cloudinary.com/ddhs5dd6l/image/upload/v1773951863/balport-products/seeded/mqnxk7wuisvktcfeghgm.jpg"
"BP-89121288122","89121288122","https://res.cloudinary.com/ddhs5dd6l/image/upload/v1773951864/balport-products/seeded/c9ndkgr0eqfptxx5xvlk.jpg"
"BP-89121348529","89121348529","https://res.cloudinary.com/ddhs5dd6l/image/upload/v1773951866/balport-products/seeded/tny9chrmc6sjqkmn7vtz.jpg"
"BP-89121408520","89121408520","https://res.cloudinary.com/ddhs5dd6l/image/upload/v1773951867/balport-products/seeded/bdvgdko1mfwvqbrxvrxp.png"
"BP-89419235111","89419235111","https://res.cloudinary.com/ddhs5dd6l/image/upload/v1773951869/balport-products/seeded/oafertb8hqzze8fgbicl.jpg"
"BP-89419242140","89419242140","https://res.cloudinary.com/ddhs5dd6l/image/upload/v1773951871/balport-products/seeded/qzybespixaamposrz9dt.png"
"BP-89540122717","89540122717","https://res.cloudinary.com/ddhs5dd6l/image/upload/v1773951874/balport-products/seeded/cmdqwajextgj9xvcunfx.jpg"
"BP-89540122731","89540122731","https://res.cloudinary.com/ddhs5dd6l/image/upload/v1773951876/balport-products/seeded/wulsonbf0vtyobqp3lhw.jpg"
"BP-89540125251","BP-89540125251","https://res.cloudinary.com/ddhs5dd6l/image/upload/v1774006158/balport-products/wtbigwganiceqg4dliw0.jpg"
"BP-89540125473","89540125473","https://res.cloudinary.com/ddhs5dd6l/image/upload/v1773951879/balport-products/seeded/apda8dbpkbfalbuup4gb.jpg"
"BP-89540125664","89540125664","https://res.cloudinary.com/ddhs5dd6l/image/upload/v1773951881/balport-products/seeded/kl67jxwqdhsbm1paszlh.jpg"
"BP-89540145402","89540145402","https://res.cloudinary.com/ddhs5dd6l/image/upload/v1773951882/balport-products/seeded/oglisnem8vas2dqlk01i.jpg"
"BP-89540145631","89540145631","https://res.cloudinary.com/ddhs5dd6l/image/upload/v1773951884/balport-products/seeded/rjmjdrkzy3yhfuaiim0i.jpg"
"BP-89540352848","89540352848","https://res.cloudinary.com/ddhs5dd6l/image/upload/v1773951886/balport-products/seeded/wtnn75hun9xu6gxbf3m6.jpg"
"BP-89540448992","89540448992","https://res.cloudinary.com/ddhs5dd6l/image/upload/v1773951888/balport-products/seeded/d2z9yzjbnnnkkth8u91z.jpg"
"BP-89540449036","89540449036","https://res.cloudinary.com/ddhs5dd6l/image/upload/v1773951889/balport-products/seeded/lpctm1jom58y0zp6jk5s.jpg"
"BP-89540449326","89540449326","https://res.cloudinary.com/ddhs5dd6l/image/upload/v1773951891/balport-products/seeded/gwsnoc4qrrv79ngifljh.jpg"
"BP-89540449357","89540449357","https://res.cloudinary.com/ddhs5dd6l/image/upload/v1773951893/balport-products/seeded/rbnuwjjqbe1w0hfdmuhk.png"
"BP-89540453927","89540453927","https://res.cloudinary.com/ddhs5dd6l/image/upload/v1773951895/balport-products/seeded/e0vbuigwyephqjkfjphj.jpg"
"BP-89540463131","89540463131","https://res.cloudinary.com/ddhs5dd6l/image/upload/v1773951896/balport-products/seeded/jo0dc8o3pmsyfa4a3xhu.jpg"
"BP-89540535654","89540535654","https://res.cloudinary.com/ddhs5dd6l/image/upload/v1773951898/balport-products/seeded/nwvjrtkhuza24pm3b3kn.jpg"
"BP-89540535661","89540535661","https://res.cloudinary.com/ddhs5dd6l/image/upload/v1773951899/balport-products/seeded/nxpwnoismhl8qutnj2zg.jpg"
"BP-89540535678","89540535678","https://res.cloudinary.com/ddhs5dd6l/image/upload/v1773951901/balport-products/seeded/odxk8t58ani3gqhsxebg.jpg"
"BP-89540535685","89540535685","https://res.cloudinary.com/ddhs5dd6l/image/upload/v1773951902/balport-products/seeded/ov4uf4zmhrqazc5hgynh.jpg"
"BP-89540535692","89540535692","https://res.cloudinary.com/ddhs5dd6l/image/upload/v1773951904/balport-products/seeded/gzpznuewtehtqkc0ph85.jpg"
"BP-89540535708","89540535708","https://res.cloudinary.com/ddhs5dd6l/image/upload/v1773951906/balport-products/seeded/myhongbvuwvohaldwuiq.jpg"
"BP-89540536019","89540536019","https://res.cloudinary.com/ddhs5dd6l/image/upload/v1773951908/balport-products/seeded/jfhthpt6rei6nqj0uojb.jpg"
"BP-89540536026","89540536026","https://res.cloudinary.com/ddhs5dd6l/image/upload/v1773951910/balport-products/seeded/dxkxuabxnkyvgusjme0m.jpg"
"BP-89541300893","89541300893","https://res.cloudinary.com/ddhs5dd6l/image/upload/v1773951911/balport-products/seeded/xztk5cbrza42se7rlanb.jpg"
"BP-89552000522","89552000522","https://res.cloudinary.com/ddhs5dd6l/image/upload/v1773951913/balport-products/seeded/vz1qfiujhhdhjfmkzyca.jpg"
"BP-89552000737","89552000737","https://res.cloudinary.com/ddhs5dd6l/image/upload/v1773951914/balport-products/seeded/asr2f8girbvkipv2ysaj.jpg"
"BP-89636190002","89636190002","https://res.cloudinary.com/ddhs5dd6l/image/upload/v1773951915/balport-products/seeded/rbrndhst5c4djv0erotf.jpg"
"BP-89636230005","89636230005","https://res.cloudinary.com/ddhs5dd6l/image/upload/v1773951917/balport-products/seeded/z7gl0xhojrzac84zsnay.jpg"
"BP-89636240103","89636240103","https://res.cloudinary.com/ddhs5dd6l/image/upload/v1773951919/balport-products/seeded/tltoltcmsb6lrxecia8p.jpg"
"BP-89636430313","89636430313","https://res.cloudinary.com/ddhs5dd6l/image/upload/v1773951920/balport-products/seeded/gx32ysqycju080vf6nle.jpg"
"BP-89636460006","89636460006","https://res.cloudinary.com/ddhs5dd6l/image/upload/v1773951922/balport-products/seeded/pyqffloc0eihgrrpgwvh.jpg"
"BP-89744329561","89744329561","https://res.cloudinary.com/ddhs5dd6l/image/upload/v1773951923/balport-products/seeded/nvmzmtmlzxmvng75ly96.jpg"
"BP-89744329615","89744329615","https://res.cloudinary.com/ddhs5dd6l/image/upload/v1773951925/balport-products/seeded/oh3bre2o6fwhqlsjmusg.jpg"
"BP-89744757333","89744757333","https://res.cloudinary.com/ddhs5dd6l/image/upload/v1773951927/balport-products/seeded/a1dim6jw6awneki5xunj.jpg"
"BP-89744765482","89744765482","https://res.cloudinary.com/ddhs5dd6l/image/upload/v1773951929/balport-products/seeded/oxcjhuedgsnfy8h8quea.jpg"
"BP-89819001972","89819001972","https://res.cloudinary.com/ddhs5dd6l/image/upload/v1773951931/balport-products/seeded/bfzytz8i3yyb2rtvv8oa.jpg"
"BP-89819003471","89819003471","https://res.cloudinary.com/ddhs5dd6l/image/upload/v1773951932/balport-products/seeded/glymfrnnmbtn8lvg5eu7.jpg"
"BP-89819012985","89819012985","https://res.cloudinary.com/ddhs5dd6l/image/upload/v1773951934/balport-products/seeded/wvsnpz8ip5wi4wqgyjd3.jpg"
"BP-89819042401","89819042401","https://res.cloudinary.com/ddhs5dd6l/image/upload/v1773951936/balport-products/seeded/rentzekigzlpxfsyvy45.jpg"
"BP-89819044412","89819044412","https://res.cloudinary.com/ddhs5dd6l/image/upload/v1773951938/balport-products/seeded/srrffg7oakjyldkoz4xa.jpg"
"BP-89819045853","89819045853","https://res.cloudinary.com/ddhs5dd6l/image/upload/v1773951940/balport-products/seeded/wzysnxmafwdti1jqlufu.jpg"
"BP-89819236015","89819236015","https://res.cloudinary.com/ddhs5dd6l/image/upload/v1773951942/balport-products/seeded/vt9dflv6oc4uburgbtj0.jpg"
"BP-89819501458","89819501458","https://res.cloudinary.com/ddhs5dd6l/image/upload/v1773951944/balport-products/seeded/w7rlrx3ehc2v2byvf5jf.jpg"
"BP-89819547043","89819547043","https://res.cloudinary.com/ddhs5dd6l/image/upload/v1773951945/balport-products/seeded/evs1w83xoaoghloqfhzb.jpg"
"BP-89819721443","89819721443","https://res.cloudinary.com/ddhs5dd6l/image/upload/v1773951948/balport-products/seeded/ccvbqxv4jkxvjehrimyd.jpg"
"BP-89819760091","89819760091","https://res.cloudinary.com/ddhs5dd6l/image/upload/v1773951949/balport-products/seeded/laqiysrkn6wn8lac6glo.jpg"
"BP-89819806942","89819806942","https://res.cloudinary.com/ddhs5dd6l/image/upload/v1773951951/balport-products/seeded/neg74qmbcdnmxaaforpp.jpg"
"BP-89826000043","89826000043","https://res.cloudinary.com/ddhs5dd6l/image/upload/v1773951952/balport-products/seeded/r6erjwpp77awpv0xjgeq.jpg"
"BP-89826001422","89826001422","https://res.cloudinary.com/ddhs5dd6l/image/upload/v1773951954/balport-products/seeded/uz3xkdll8vmlvabxomaj.jpg"
"BP-89826300402","89826300402","https://res.cloudinary.com/ddhs5dd6l/image/upload/v1773951955/balport-products/seeded/gxwmbgm2yybjgw8nzxvs.jpg"
"BP-89826302413","89826302413","https://res.cloudinary.com/ddhs5dd6l/image/upload/v1773951957/balport-products/seeded/d8aze8h274vdeogkrdts.jpg"
"BP-89826900206","89826900206","https://res.cloudinary.com/ddhs5dd6l/image/upload/v1773951959/balport-products/seeded/ngqrlxulbdyckzcmujoj.jpg"
"BP-89826900336","89826900336","https://res.cloudinary.com/ddhs5dd6l/image/upload/v1773951961/balport-products/seeded/rjircijnrzr2rlj3ffmj.jpg"
"BP-89826901241","89826901241","https://res.cloudinary.com/ddhs5dd6l/image/upload/v1773951964/balport-products/seeded/mpbe1lbrqz17vhb1caop.jpg"
"BP-89826902026","89826902026","https://res.cloudinary.com/ddhs5dd6l/image/upload/v1773951966/balport-products/seeded/n8kfysjsbb9bpcppxtyq.jpg"
"BP-89826905027","89826905027","https://res.cloudinary.com/ddhs5dd6l/image/upload/v1773951968/balport-products/seeded/od9o6iwmg4nuktlrleb4.jpg"
"BP-90478006925","90478006925","https://res.cloudinary.com/ddhs5dd6l/image/upload/v1773951970/balport-products/seeded/fn3thpr06pfnczbmmwz8.jpg"
"BP-90478216218","90478216218","https://res.cloudinary.com/ddhs5dd6l/image/upload/v1773951973/balport-products/seeded/pd4voycsthrkhctcfxrs.jpg"
"BP-90478321004","90478321004","https://res.cloudinary.com/ddhs5dd6l/image/upload/v1773951974/balport-products/seeded/vutpeihvdjqozif1t3yg.jpg"
"BP-90478321103","90478321103","https://res.cloudinary.com/ddhs5dd6l/image/upload/v1773951976/balport-products/seeded/p0yok4ncktoxznuomuzw.jpg"
"BP-90478331003","90478331003","https://res.cloudinary.com/ddhs5dd6l/image/upload/v1773951978/balport-products/seeded/wooimhwvvxmkkh4x0noe.jpg"
"BP-90478410012","90478410012","https://res.cloudinary.com/ddhs5dd6l/image/upload/v1773951984/balport-products/seeded/k3kk0k6unbkubkdd5q5j.jpg"
"BP-90478410029","90478410029","https://res.cloudinary.com/balport/image/upload/v1/placeholder.jpg"
"BP-90478410043","90478410043","https://res.cloudinary.com/ddhs5dd6l/image/upload/v1773951986/balport-products/seeded/uofkzeqemvunwapdsflg.jpg"
"BP-90478410050","90478410050","https://res.cloudinary.com/ddhs5dd6l/image/upload/v1773951989/balport-products/seeded/xvoz9olr2hprzplpxxqg.jpg"
"BP-90478410074","90478410074","https://res.cloudinary.com/ddhs5dd6l/image/upload/v1773951990/balport-products/seeded/hhtv5txff0wie7jcpkko.jpg"
"BP-90478410081","90478410081","https://res.cloudinary.com/ddhs5dd6l/image/upload/v1773951992/balport-products/seeded/a5piyp7g6zuawgssv3c7.jpg"
"BP-90478410098","90478410098","https://res.cloudinary.com/ddhs5dd6l/image/upload/v1773951993/balport-products/seeded/gwrcnhfwtsxms6yoppro.jpg"
"BP-90478410616","90478410616","https://res.cloudinary.com/ddhs5dd6l/image/upload/v1773951995/balport-products/seeded/ln4ge3ceo4pbrpzokmcw.jpg"
"BP-90478415024","90478415024","https://res.cloudinary.com/ddhs5dd6l/image/upload/v1773951996/balport-products/seeded/gxgrw0rtob2eqnoryacb.jpg"
"BP-91037027078","91037027078","https://res.cloudinary.com/ddhs5dd6l/image/upload/v1773951998/balport-products/seeded/ovb2osw2vcgjjzcvyovw.jpg"
"BP-91771062083","91771062083","https://res.cloudinary.com/ddhs5dd6l/image/upload/v1773952000/balport-products/seeded/vi5akfzy2o7r8ynzs4js.jpg"
"BP-91771143003","91771143003","https://res.cloudinary.com/ddhs5dd6l/image/upload/v1773952001/balport-products/seeded/fb4fq1zkquckbmbtvw0i.png"
"BP-91771161601","91771161601","https://res.cloudinary.com/ddhs5dd6l/image/upload/v1773952003/balport-products/seeded/vu5ephnbyjtvayktenav.jpg"
"BP-93922520022","93922520022","https://res.cloudinary.com/ddhs5dd6l/image/upload/v1773952004/balport-products/seeded/trwewjm9u6aclwnykvxq.jpg"
"BP-93922520039","93922520039","https://res.cloudinary.com/ddhs5dd6l/image/upload/v1773952006/balport-products/seeded/s6f3zjizngkcgyk0qqq8.jpg"
"BP-93922520046","93922520046","https://res.cloudinary.com/ddhs5dd6l/image/upload/v1773952007/balport-products/seeded/opj2ni4o53zj41wpi9ze.jpg"
"BP-93922520060","93922520060","https://res.cloudinary.com/ddhs5dd6l/image/upload/v1773952009/balport-products/seeded/lvi8rtlltfzpzra43l4u.jpg"
"BP-94799010043","94799010043","https://res.cloudinary.com/ddhs5dd6l/image/upload/v1773952010/balport-products/seeded/ouwaq1cl5y4jqtsfatml.jpg"
"BP-94799010081","94799010081","https://res.cloudinary.com/ddhs5dd6l/image/upload/v1773952012/balport-products/seeded/nps5p0juv63lwkeljmhh.jpg"
"BP-96619056583","96619056583","https://res.cloudinary.com/ddhs5dd6l/image/upload/v1773952013/balport-products/seeded/o64ashwr5zqaqrbqpowm.jpg"
"BP-96619077113","96619077113","https://res.cloudinary.com/ddhs5dd6l/image/upload/v1773952015/balport-products/seeded/aq6auore7i61qwpdy8qd.jpg"
"BP-96619114009","96619114009","https://res.cloudinary.com/ddhs5dd6l/image/upload/v1773952017/balport-products/seeded/hvcak9fqx3x6t6alt0zl.jpg"
"BP-96619410804","96619410804","https://res.cloudinary.com/ddhs5dd6l/image/upload/v1773952020/balport-products/seeded/kraxddkovtckq8dq9sid.jpg"
"BP-96619411146","96619411146","https://res.cloudinary.com/ddhs5dd6l/image/upload/v1773952022/balport-products/seeded/yfzhb24k06g3a8w6hrmi.jpg"
"BP-96619414000","96619414000","https://res.cloudinary.com/ddhs5dd6l/image/upload/v1773952024/balport-products/seeded/csti8ach32jyljeyg51c.jpg"
"BP-96740000097","BP-96740000097","https://res.cloudinary.com/ddhs5dd6l/image/upload/v1774008865/balport-products/q4mdpzn0k5eujcflnx66.webp"
"BP-96749000067","BP-96749000067","https://res.cloudinary.com/ddhs5dd6l/image/upload/v1774008933/balport-products/s5gzmu997kror8jvllwc.webp"
"BP-96749003068","96749003068","https://res.cloudinary.com/ddhs5dd6l/image/upload/v1773952027/balport-products/seeded/krzfkjzvp6qo8nvrixz4.jpg"
"BP-96749005796","96749005796","https://res.cloudinary.com/ddhs5dd6l/image/upload/v1773952029/balport-products/seeded/x075bz6cgtm8v7hju8xw.jpg"
"BP-96749010189","96749010189","https://res.cloudinary.com/ddhs5dd6l/image/upload/v1773952031/balport-products/seeded/ibpocxrnxjuv2cnv7yjp.jpg"
"BP-96749031559","96749031559","https://res.cloudinary.com/ddhs5dd6l/image/upload/v1773952033/balport-products/seeded/dzbcufesrp0fdeid4wtg.png"
"BP-96749200566","BP-96749200566","https://res.cloudinary.com/ddhs5dd6l/image/upload/v1774008770/balport-products/awukoxliggi3cmifga10.jpg"
"BP-96749472215","96749472215","https://res.cloudinary.com/ddhs5dd6l/image/upload/v1773952036/balport-products/seeded/ivjtsqxcusczmwbnc0cx.png"
"BP-97339000054","97339000054","https://res.cloudinary.com/ddhs5dd6l/image/upload/v1773952037/balport-products/seeded/uqrofegws0qsfgzglhit.jpg"
"BP-97464901400","97464901400","https://res.cloudinary.com/ddhs5dd6l/image/upload/v1773952038/balport-products/seeded/bw84uuxosmgtcddvf2gw.jpg"
"BP-97464903800","97464903800","https://res.cloudinary.com/ddhs5dd6l/image/upload/v1773952040/balport-products/seeded/yhvvu66zlcczelkycnik.jpg"
"BP-97546102008","97546102008","https://res.cloudinary.com/ddhs5dd6l/image/upload/v1773952041/balport-products/seeded/zhcl9xc9zqqxj13ibutg.jpg"
"BP-97832000018","97832000018","https://res.cloudinary.com/ddhs5dd6l/image/upload/v1773952043/balport-products/seeded/wd4hsbmouwptkdmvkycl.jpg"
"BP-97921870201","97921870201","https://res.cloudinary.com/ddhs5dd6l/image/upload/v1773952044/balport-products/seeded/zajativnaywdr6mhwcyv.jpg"
"BP-97921871307","97921871307","https://res.cloudinary.com/ddhs5dd6l/image/upload/v1773952045/balport-products/seeded/vaww50dk4kvyal4xng98.jpg"
"BP-97921872106","97921872106","https://res.cloudinary.com/ddhs5dd6l/image/upload/v1773952047/balport-products/seeded/pubhhrluaxwh4hwypy3b.jpg"
"BP-97921877101","97921877101","https://res.cloudinary.com/ddhs5dd6l/image/upload/v1773952049/balport-products/seeded/rqncrbs78l3wxdb4ps3o.jpg"
"BP-97921970109","97921970109","https://res.cloudinary.com/ddhs5dd6l/image/upload/v1773952051/balport-products/seeded/ckwp26bvtbpceqo86gli.jpg"
"BP-97921978105","97921978105","https://res.cloudinary.com/ddhs5dd6l/image/upload/v1773952052/balport-products/seeded/qpcwephxiuwlmhrfcch3.jpg"
"BP-98000100127","98000100127","https://res.cloudinary.com/ddhs5dd6l/image/upload/v1773952054/balport-products/seeded/uv5itv9magexaniwyvvh.jpg"
"BP-98100100300","98100100300","https://res.cloudinary.com/ddhs5dd6l/image/upload/v1773952056/balport-products/seeded/dptwashywdzjej83mwh3.jpg"
"BP-99900001477","99900001477","https://res.cloudinary.com/ddhs5dd6l/image/upload/v1773952057/balport-products/seeded/fpvrtk1vz6roq38l85g1.jpg"
"BP-99900100873","99900100873","https://res.cloudinary.com/ddhs5dd6l/image/upload/v1773952059/balport-products/seeded/smvnxbabdi5603xhfyoc.jpg"
"BP-99900625468","99900625468","https://res.cloudinary.com/ddhs5dd6l/image/upload/v1773952061/balport-products/seeded/m2yagfd561g9khj3mql2.jpg"
"BP-99900694235","99900694235","https://res.cloudinary.com/ddhs5dd6l/image/upload/v1773952063/balport-products/seeded/dadxrdnd7xs3jiztjwgt.jpg"
"BP-99900722730","99900722730","https://res.cloudinary.com/ddhs5dd6l/image/upload/v1773952064/balport-products/seeded/rq1ueocfodguul0iukpj.jpg"
"BP-99900722785","99900722785","https://res.cloudinary.com/ddhs5dd6l/image/upload/v1773952066/balport-products/seeded/xssj16eyexvsl7qpvold.jpg"
"BP-99900908363","99900908363","https://res.cloudinary.com/ddhs5dd6l/image/upload/v1773952067/balport-products/seeded/cegkafycn7yqlrecn8ji.jpg"
"BP-99988071096","99988071096","https://res.cloudinary.com/ddhs5dd6l/image/upload/v1773952069/balport-products/seeded/rzv1sebapobtwhhsepsn.jpg"
"BP-99988071102","99988071102","https://res.cloudinary.com/ddhs5dd6l/image/upload/v1773952071/balport-products/seeded/o65kpqrxelyeopc0914z.jpg"
"BP-99988071140","99988071140","https://res.cloudinary.com/ddhs5dd6l/image/upload/v1773952074/balport-products/seeded/zmq9rk4tludg1ujd2ciu.jpg"
"BP-99988071294","99988071294","https://res.cloudinary.com/ddhs5dd6l/image/upload/v1773952076/balport-products/seeded/hp09fmeay1qym8bkn0zm.jpg"
"BP-99988071362","99988071362","https://res.cloudinary.com/ddhs5dd6l/image/upload/v1773952077/balport-products/seeded/kqwqmokbazqj5jr4tzkx.jpg"
"BP-99988071577","99988071577","https://res.cloudinary.com/ddhs5dd6l/image/upload/v1773952080/balport-products/seeded/t4ptegjtohphsofnjgtp.jpg"
"BP-99988071959","99988071959","https://res.cloudinary.com/ddhs5dd6l/image/upload/v1773952081/balport-products/seeded/xypn0mataf6uyliuaazr.jpg"
"BP-111111111117","BP-111111111117","https://res.cloudinary.com/ddhs5dd6l/image/upload/v1774011844/balport-products/skw4kxtcnqhr7quotynq.webp"
"BP-181954000022","181954000022","https://res.cloudinary.com/ddhs5dd6l/image/upload/v1773952085/balport-products/seeded/nrulbgvrgscsvamxuglk.jpg"
"BP-183689001350","183689001350","https://res.cloudinary.com/ddhs5dd6l/image/upload/v1773952087/balport-products/seeded/onl6qzz3njtmcwmwh1ol.jpg"
"BP-186852000334","186852000334","https://res.cloudinary.com/ddhs5dd6l/image/upload/v1773952089/balport-products/seeded/c0qpc4qels8kzoohfyc3.jpg"
"BP-186852000365","186852000365","https://res.cloudinary.com/ddhs5dd6l/image/upload/v1773952092/balport-products/seeded/qwauzngg47bym74lqale.jpg"
"BP-186852000372","186852000372","https://res.cloudinary.com/ddhs5dd6l/image/upload/v1773952094/balport-products/seeded/ythptwdm8ilofsc5abty.jpg"
"BP-186852000822","186852000822","https://res.cloudinary.com/ddhs5dd6l/image/upload/v1773952097/balport-products/seeded/mnisayaepwoeu51xznwe.jpg"
"BP-186852000846","186852000846","https://res.cloudinary.com/ddhs5dd6l/image/upload/v1773952099/balport-products/seeded/f9aqapm31xd4ifhxg4e6.jpg"
"BP-186852001072","186852001072","https://res.cloudinary.com/ddhs5dd6l/image/upload/v1773952103/balport-products/seeded/n0suagnn315seaxsp6gv.jpg"
"BP-186852001096","186852001096","https://res.cloudinary.com/ddhs5dd6l/image/upload/v1773952105/balport-products/seeded/aloyfhqtfnj75oxlh8hl.jpg"
"BP-186852001423","186852001423","https://res.cloudinary.com/ddhs5dd6l/image/upload/v1773952109/balport-products/seeded/xrgwsqjylqzsjbyu62bd.png"
"BP-187229127289","187229127289","https://res.cloudinary.com/ddhs5dd6l/image/upload/v1773952111/balport-products/seeded/gtkxw8ibd1j2pr10eujj.jpg"
"BP-188985000038","188985000038","https://res.cloudinary.com/ddhs5dd6l/image/upload/v1773952114/balport-products/seeded/vxrlfknnmal7rv5jmzyy.jpg"
"BP-188985000113","188985000113","https://res.cloudinary.com/ddhs5dd6l/image/upload/v1773952116/balport-products/seeded/vimokpceo5oncpqjz6ry.jpg"
"BP-188985000120","188985000120","https://res.cloudinary.com/ddhs5dd6l/image/upload/v1773952119/balport-products/seeded/a25bzxkurayl1gs77ogn.jpg"
"BP-188985000137","188985000137","https://res.cloudinary.com/ddhs5dd6l/image/upload/v1773952121/balport-products/seeded/hcberyqwnfcqjaczo8sn.jpg"
"BP-190298000292","190298000292","https://res.cloudinary.com/ddhs5dd6l/image/upload/v1773952123/balport-products/seeded/phm0tzduukjkuruhb8jf.jpg"
"BP-190646641016","190646641016","https://res.cloudinary.com/ddhs5dd6l/image/upload/v1773952125/balport-products/seeded/drd2zwnsq4fv9h6vwafl.jpg"
"BP-191414012014","191414012014","https://res.cloudinary.com/ddhs5dd6l/image/upload/v1773952127/balport-products/seeded/mvaniyfouik5tpoini45.jpg"
"BP-191414014230","191414014230","https://res.cloudinary.com/ddhs5dd6l/image/upload/v1773952128/balport-products/seeded/oeo2ynfphegdbjwjfxpr.jpg"
"BP-191554603813","191554603813","https://res.cloudinary.com/ddhs5dd6l/image/upload/v1773952130/balport-products/seeded/a9i8ml8pdk2dtvz5xted.jpg"
"BP-191554603837","191554603837","https://res.cloudinary.com/ddhs5dd6l/image/upload/v1773952131/balport-products/seeded/to3et8hkwmmg84cesdyd.jpg"
"BP-192699000697","192699000697","https://res.cloudinary.com/ddhs5dd6l/image/upload/v1773952133/balport-products/seeded/jqroctnhxfk8ta7f9hxl.jpg"
"BP-192699000703","192699000703","https://res.cloudinary.com/ddhs5dd6l/image/upload/v1773952135/balport-products/seeded/nx6s70elr2ry24dzaokw.jpg"
"BP-192699001342","192699001342","https://res.cloudinary.com/ddhs5dd6l/image/upload/v1773952137/balport-products/seeded/wkznrnyvnlvnang2otdx.jpg"
"BP-195457863466","195457863466","https://res.cloudinary.com/ddhs5dd6l/image/upload/v1773952138/balport-products/seeded/agmfg9qguio6852hmsh6.jpg"
"BP-195893031092","195893031092","https://res.cloudinary.com/ddhs5dd6l/image/upload/v1773952140/balport-products/seeded/giarnfqywvv5a0kvkr5f.png"
"BP-195893154296","195893154296","https://res.cloudinary.com/ddhs5dd6l/image/upload/v1773952142/balport-products/seeded/xbrfeq6euipoojhrhle5.png"
"BP-195893172146","195893172146","https://res.cloudinary.com/ddhs5dd6l/image/upload/v1773952144/balport-products/seeded/na8rgo9xl6zuhxzncwdx.png"
"BP-195893475919","195893475919","https://res.cloudinary.com/ddhs5dd6l/image/upload/v1773952146/balport-products/seeded/e8kl9yublxmta0duhgwg.jpg"
"BP-195893683642","195893683642","https://res.cloudinary.com/ddhs5dd6l/image/upload/v1773952147/balport-products/seeded/b8i959umuxf7rr9gmkgl.png"
"BP-195893687015","195893687015","https://res.cloudinary.com/ddhs5dd6l/image/upload/v1773952149/balport-products/seeded/zcg3vufn46b5krfeeqed.png"
"BP-196383001823","196383001823","https://res.cloudinary.com/ddhs5dd6l/image/upload/v1773952150/balport-products/seeded/bhdmm5qdl4hwmhjdcboa.jpg"
"BP-196852458172","196852458172","https://res.cloudinary.com/ddhs5dd6l/image/upload/v1773952152/balport-products/seeded/o62a28xzg4tdt9dgksim.jpg"
"BP-196852772315","196852772315","https://res.cloudinary.com/ddhs5dd6l/image/upload/v1773952155/balport-products/seeded/fdcy1mlxwlydqkivewfy.jpg"
"BP-196852882274","196852882274","https://res.cloudinary.com/ddhs5dd6l/image/upload/v1773952156/balport-products/seeded/e4pwkmczikkbe71mthr5.jpg"
"BP-198168315804","198168315804","https://res.cloudinary.com/ddhs5dd6l/image/upload/v1773952158/balport-products/seeded/duuzlizv6ehsd1bngwkd.jpg"
"BP-198168514504","198168514504","https://res.cloudinary.com/ddhs5dd6l/image/upload/v1773952159/balport-products/seeded/hmeonioojkeymgvwlzyi.jpg"
"BP-198168580530","198168580530","https://res.cloudinary.com/ddhs5dd6l/image/upload/v1773952161/balport-products/seeded/rh6b6kneypmk1egd0vjv.jpg"
"BP-198715196764","198715196764","https://res.cloudinary.com/ddhs5dd6l/image/upload/v1773952163/balport-products/seeded/cjhabyl1hnlvezcbishg.jpg"
"BP-198715793963","198715793963","https://res.cloudinary.com/ddhs5dd6l/image/upload/v1773952167/balport-products/seeded/exh1gg1gxcq9wyqbnnro.jpg"
"BP-199284466340","199284466340","https://res.cloudinary.com/ddhs5dd6l/image/upload/v1773952178/balport-products/seeded/iinbasjkjtssdbi1sprr.jpg"
"BP-300450192042","300450192042","https://res.cloudinary.com/ddhs5dd6l/image/upload/v1773952180/balport-products/seeded/e8eikywmhpxtfes5kn5e.jpg"
"BP-300450449054","300450449054","https://res.cloudinary.com/ddhs5dd6l/image/upload/v1773952185/balport-products/seeded/r3xsasns7qtzssqc0kgi.jpg"
"BP-300450563200","300450563200","https://res.cloudinary.com/ddhs5dd6l/image/upload/v1773952191/balport-products/seeded/yvirvwfvn2pcmjfm7pfr.jpg"
"BP-301490039045","301490039045","https://res.cloudinary.com/ddhs5dd6l/image/upload/v1773952195/balport-products/seeded/gg1mkc1jca2dcbad0x9x.jpg"
"BP-301490039298","301490039298","https://res.cloudinary.com/ddhs5dd6l/image/upload/v1773952196/balport-products/seeded/jgqylovcbnjedbapp7ox.jpg"
"BP-301490039304","301490039304","https://res.cloudinary.com/ddhs5dd6l/image/upload/v1773952198/balport-products/seeded/ayu99rxrytikdnbfk09n.jpg"
"BP-305210221277","305210221277","https://res.cloudinary.com/ddhs5dd6l/image/upload/v1773952200/balport-products/seeded/im5gqln2x3pselsg3uxw.jpg"
"BP-305212352009","305212352009","https://res.cloudinary.com/ddhs5dd6l/image/upload/v1773952202/balport-products/seeded/nb8ke0iht9khkf8gmcym.jpg"
"BP-305730160209","305730160209","https://res.cloudinary.com/ddhs5dd6l/image/upload/v1773952204/balport-products/seeded/yjek8vdakcmzfuabphcx.jpg"
"BP-305730170307","305730170307","https://res.cloudinary.com/ddhs5dd6l/image/upload/v1773952207/balport-products/seeded/mwggluh0yfdhnipvjx8p.jpg"
"BP-305730701129","305730701129","https://res.cloudinary.com/ddhs5dd6l/image/upload/v1773952209/balport-products/seeded/lvwszbr9n8psgu17tk03.jpg"
"BP-305730705127","305730705127","https://res.cloudinary.com/ddhs5dd6l/image/upload/v1773952211/balport-products/seeded/bfa6nbqh364yolqrnljf.jpg"
"BP-305730711128","305730711128","https://res.cloudinary.com/ddhs5dd6l/image/upload/v1773952213/balport-products/seeded/xtmvscyazsrrijjy1uzw.jpg"
"BP-305730715126","305730715126","https://res.cloudinary.com/ddhs5dd6l/image/upload/v1773952214/balport-products/seeded/b7k6di6xt2nhtcdz4evy.jpg"
"BP-305730725125","305730725125","https://res.cloudinary.com/ddhs5dd6l/image/upload/v1773952216/balport-products/seeded/urgmdpkldacxhoja2vj4.jpg"
"BP-305731342635","305731342635","https://res.cloudinary.com/ddhs5dd6l/image/upload/v1773952217/balport-products/seeded/ou6xzvlyiwxzjtnwtagj.jpg"
"BP-307660739197","307660739197","https://res.cloudinary.com/ddhs5dd6l/image/upload/v1773952219/balport-products/seeded/f2ewln0oi4ila8m4iejy.jpg"
"BP-307660746706","307660746706","https://res.cloudinary.com/ddhs5dd6l/image/upload/v1773952220/balport-products/seeded/ybx61r59nlxoxmlpxojl.jpg"
"BP-307660746805","307660746805","https://res.cloudinary.com/ddhs5dd6l/image/upload/v1773952222/balport-products/seeded/zuxp5r3srmkpoixm9hfi.jpg"
"BP-307667388084","307667388084","https://res.cloudinary.com/ddhs5dd6l/image/upload/v1773952224/balport-products/seeded/qnpwcxywhllyoqlbrupd.jpg"
"BP-308691156106","308691156106","https://res.cloudinary.com/ddhs5dd6l/image/upload/v1773952226/balport-products/seeded/tbmsqyjucix9atlvckfp.jpg"
"BP-308694706100","308694706100","https://res.cloudinary.com/ddhs5dd6l/image/upload/v1773952227/balport-products/seeded/mck2tspssnfej8czxn4g.jpg"
"BP-310119039540","310119039540","https://res.cloudinary.com/ddhs5dd6l/image/upload/v1773952230/balport-products/seeded/fo9tnfyzprnwpw7zllbd.jpg"
"BP-312546623682","312546623682","https://res.cloudinary.com/ddhs5dd6l/image/upload/v1773952231/balport-products/seeded/wu7vx7cz9l6ylbsorpny.jpg"
"BP-312546627529","312546627529","https://res.cloudinary.com/ddhs5dd6l/image/upload/v1773952233/balport-products/seeded/pv71fpi1d5g76xzwwg1y.jpg"
"BP-312546627710","312546627710","https://res.cloudinary.com/ddhs5dd6l/image/upload/v1773952235/balport-products/seeded/aobtdbqylvnmoplgu4jg.jpg"
"BP-312546628724","312546628724","https://res.cloudinary.com/ddhs5dd6l/image/upload/v1773952238/balport-products/seeded/u4uo7zyloadork2zamhu.jpg"
"BP-312546629707","312546629707","https://res.cloudinary.com/ddhs5dd6l/image/upload/v1773952239/balport-products/seeded/kibgfxsa6cgo7q7t9osj.jpg"
"BP-312547427203","312547427203","https://res.cloudinary.com/ddhs5dd6l/image/upload/v1773952241/balport-products/seeded/dd5ej0tyu0eyaswsh5y3.jpg"
"BP-312547427951","312547427951","https://res.cloudinary.com/ddhs5dd6l/image/upload/v1773952244/balport-products/seeded/p3liivtgnuyxw2horqi3.jpg"
"BP-312547428200","312547428200","https://res.cloudinary.com/ddhs5dd6l/image/upload/v1773952246/balport-products/seeded/htgd6enznvcqusyj1di4.jpg"
"BP-312547493802","312547493802","https://res.cloudinary.com/ddhs5dd6l/image/upload/v1773952248/balport-products/seeded/fpcfabgfujanykffevtz.jpg"
"BP-312547493833","312547493833","https://res.cloudinary.com/ddhs5dd6l/image/upload/v1773952249/balport-products/seeded/r0i4ihyhpu9qbjrzzfnn.jpg"
"BP-312843555365","312843555365","https://res.cloudinary.com/ddhs5dd6l/image/upload/v1773952251/balport-products/seeded/e73hj8yg8t9pcpdy5vfl.jpg"
"BP-323900014244","323900014244","https://res.cloudinary.com/ddhs5dd6l/image/upload/v1773952253/balport-products/seeded/xczghqgvgh611qwf9v9m.jpg"
"BP-323900014251","323900014251","https://res.cloudinary.com/ddhs5dd6l/image/upload/v1773952254/balport-products/seeded/pavyfiukx5v23oboga0w.jpg"
"BP-323900014336","323900014336","https://res.cloudinary.com/ddhs5dd6l/image/upload/v1773952256/balport-products/seeded/yboah6opkjup2rl9kaa8.jpg"
"BP-323900014350","323900014350","https://res.cloudinary.com/ddhs5dd6l/image/upload/v1773952258/balport-products/seeded/qf2jx3uoksnmy1vb6xlr.jpg"
"BP-323900030770","323900030770","https://res.cloudinary.com/ddhs5dd6l/image/upload/v1773952259/balport-products/seeded/ns8rwio2ejaio8x69hdx.jpg"
"BP-323900042087","323900042087","https://res.cloudinary.com/ddhs5dd6l/image/upload/v1773952262/balport-products/seeded/ec7b7bcu6ywwqoc84j8w.jpg"
"BP-323900042100","323900042100","https://res.cloudinary.com/ddhs5dd6l/image/upload/v1773952263/balport-products/seeded/e989dpeypnwdqtxjpv0p.jpg"
"BP-323900045149","323900045149","https://res.cloudinary.com/ddhs5dd6l/image/upload/v1773952265/balport-products/seeded/boqtassqboigjd6bnr6i.jpg"
"BP-350580534045","350580534045","https://res.cloudinary.com/ddhs5dd6l/image/upload/v1773952267/balport-products/seeded/d6anflg9qtyqjpnwgshy.jpg"
"BP-366715970022","366715970022","https://res.cloudinary.com/ddhs5dd6l/image/upload/v1773952269/balport-products/seeded/edjsioxosfzjzzmqzrc0.jpg"
"BP-366715970039","366715970039","https://res.cloudinary.com/ddhs5dd6l/image/upload/v1773952270/balport-products/seeded/tgd141dc8uq6mtjeyysb.jpg"
"BP-366715970220","366715970220","https://res.cloudinary.com/ddhs5dd6l/image/upload/v1773952272/balport-products/seeded/xn5dfv1j902i63btuntu.jpg"
"BP-366715970329","366715970329","https://res.cloudinary.com/ddhs5dd6l/image/upload/v1773952274/balport-products/seeded/uj0u2uwztzuskvj61hf8.jpg"
"BP-366715970527","366715970527","https://res.cloudinary.com/ddhs5dd6l/image/upload/v1773952276/balport-products/seeded/tqcyus03d4scsfbdzonf.jpg"
"BP-366715970626","366715970626","https://res.cloudinary.com/ddhs5dd6l/image/upload/v1773952278/balport-products/seeded/hzoglzr503byvyklitxm.jpg"
"BP-366715970916","366715970916","https://res.cloudinary.com/ddhs5dd6l/image/upload/v1773952280/balport-products/seeded/oqiqnn6oi9d3yfjcvdof.jpg"
"BP-366715971029","366715971029","https://res.cloudinary.com/ddhs5dd6l/image/upload/v1773952282/balport-products/seeded/tltwfhaqgviufcetjn1x.jpg"
"BP-366715971036","366715971036","https://res.cloudinary.com/ddhs5dd6l/image/upload/v1773952284/balport-products/seeded/ebrncumnrjha8mhqhjkr.jpg"
"BP-366715971227","366715971227","https://res.cloudinary.com/ddhs5dd6l/image/upload/v1773952285/balport-products/seeded/six3vb5ovrqjvcqdbvw0.jpg"
"BP-366715971722","366715971722","https://res.cloudinary.com/ddhs5dd6l/image/upload/v1773952287/balport-products/seeded/t8rm408oliq9st1qklap.jpg"
"BP-366715972323","366715972323","https://res.cloudinary.com/ddhs5dd6l/image/upload/v1773952289/balport-products/seeded/vepqg1eexzqodyndfzus.jpg"
"BP-366715972415","366715972415","https://res.cloudinary.com/ddhs5dd6l/image/upload/v1773952290/balport-products/seeded/dzixu7gmrgkaar8taan1.jpg"
"BP-366715973214","366715973214","https://res.cloudinary.com/ddhs5dd6l/image/upload/v1773952292/balport-products/seeded/mheowve5zi5abutn8xyg.jpg"
"BP-366715973320","366715973320","https://res.cloudinary.com/ddhs5dd6l/image/upload/v1773952294/balport-products/seeded/bfxs0oexord8yszbp9ua.jpg"
"BP-366715974525","366715974525","https://res.cloudinary.com/ddhs5dd6l/image/upload/v1773952296/balport-products/seeded/ql1x9hgexuq95x3zahyq.jpg"
"BP-366715974723","366715974723","https://res.cloudinary.com/ddhs5dd6l/image/upload/v1773952298/balport-products/seeded/tjrrjhrzxf0pckiuoala.jpg"
"BP-366715974730","366715974730","https://res.cloudinary.com/ddhs5dd6l/image/upload/v1773952300/balport-products/seeded/i33afwjkn6qvyjkuggbn.jpg"
"BP-366715975225","366715975225","https://res.cloudinary.com/ddhs5dd6l/image/upload/v1773952302/balport-products/seeded/yrrgcxjtvjho1nsehiwh.jpg"
"BP-366715975232","366715975232","https://res.cloudinary.com/ddhs5dd6l/image/upload/v1773952304/balport-products/seeded/fwfkoxcbevoal7kbz2pc.jpg"
"BP-366715975928","366715975928","https://res.cloudinary.com/ddhs5dd6l/image/upload/v1773952306/balport-products/seeded/pgvstuytrm5vhjru9cuu.jpg"
"BP-369968006111","369968006111","https://res.cloudinary.com/ddhs5dd6l/image/upload/v1773952307/balport-products/seeded/iwp5c75cjucrbofovctz.jpg"
"BP-381370036029","381370036029","https://res.cloudinary.com/ddhs5dd6l/image/upload/v1773952308/balport-products/seeded/gqunit3hmlqzcyl0l0g3.jpg"
"BP-381370047544","381370047544","https://res.cloudinary.com/ddhs5dd6l/image/upload/v1773952310/balport-products/seeded/laqy0lhkd4dachyyjcfc.jpg"
"BP-381370082958","381370082958","https://res.cloudinary.com/ddhs5dd6l/image/upload/v1773952312/balport-products/seeded/fynsj2oov9o4ql0ihlhj.jpg"
"BP-381371190171","BP-381371190171","https://res.cloudinary.com/ddhs5dd6l/image/upload/v1773952314/balport-products/seeded/aprh0krafgcwrrrml8ht.jpg"
"BP-600699003285","BP-600699003285","https://res.cloudinary.com/ddhs5dd6l/image/upload/v1773952346/balport-products/seeded/obvcsgp2ns7ccbu51bkx.jpg"
"BP-602652170089","602652170089","https://res.cloudinary.com/ddhs5dd6l/image/upload/v1773952348/balport-products/seeded/hbn37t2scj6m3uwrua9a.jpg"
"BP-602652170119","602652170119","https://res.cloudinary.com/ddhs5dd6l/image/upload/v1773952350/balport-products/seeded/tlf0y77oxwjpfawacfjx.jpg"
"BP-602652170300","602652170300","https://res.cloudinary.com/ddhs5dd6l/image/upload/v1773952352/balport-products/seeded/lbbev6duyqv4nnr1vnas.jpg"
"BP-602652170508","602652170508","https://res.cloudinary.com/ddhs5dd6l/image/upload/v1773952354/balport-products/seeded/bs4u3rfhpz5zu2xwmrui.jpg"
"BP-602652170560","602652170560","https://res.cloudinary.com/ddhs5dd6l/image/upload/v1773952356/balport-products/seeded/t2r2b4h32puciqrahxoa.jpg"
"BP-602652170584","602652170584","https://res.cloudinary.com/ddhs5dd6l/image/upload/v1773952357/balport-products/seeded/pp37qklnucjaeuwjlnj1.jpg"
"BP-602652176517","602652176517","https://res.cloudinary.com/ddhs5dd6l/image/upload/v1773952359/balport-products/seeded/f6q5db2v0f7k9nkfdiht.jpg"
"BP-602755002720","602755002720","https://res.cloudinary.com/ddhs5dd6l/image/upload/v1773952361/balport-products/seeded/jg0k1dfixnxa4hltijng.jpg"
"BP-602755006261","602755006261","https://res.cloudinary.com/ddhs5dd6l/image/upload/v1773952363/balport-products/seeded/cro80fpe6kh9oxlz6q8o.jpg"
"BP-602755006285","602755006285","https://res.cloudinary.com/ddhs5dd6l/image/upload/v1773952365/balport-products/seeded/y3sqrqp9xsmohwdkd808.jpg"
"BP-602755006346","602755006346","https://res.cloudinary.com/ddhs5dd6l/image/upload/v1773952367/balport-products/seeded/oy1aikyuwtfuuinmi0t5.png"
"BP-602755006353","602755006353","https://res.cloudinary.com/ddhs5dd6l/image/upload/v1773952369/balport-products/seeded/mu3718gvh4rqiot8pty8.jpg"
"BP-602755006582","602755006582","https://res.cloudinary.com/ddhs5dd6l/image/upload/v1773952370/balport-products/seeded/rjymfimdzsvwuw9kn7sc.jpg"
"BP-602755006599","602755006599","https://res.cloudinary.com/ddhs5dd6l/image/upload/v1773952372/balport-products/seeded/a1tg9y2jjcapqfjzq1hx.jpg"
"BP-602755009491","602755009491","https://res.cloudinary.com/ddhs5dd6l/image/upload/v1773952374/balport-products/seeded/xt1bsgjtrwpwgigcqqym.jpg"
"BP-602755009507","602755009507","https://res.cloudinary.com/ddhs5dd6l/image/upload/v1773952376/balport-products/seeded/bhgae20w2p9cy4l3ci9h.jpg"
"BP-602755009583","602755009583","https://res.cloudinary.com/ddhs5dd6l/image/upload/v1773952377/balport-products/seeded/cutf8csdixlurzmywpfu.png"
"BP-602755010381","602755010381","https://res.cloudinary.com/ddhs5dd6l/image/upload/v1773952379/balport-products/seeded/z9iqx5fqtbz708mzynsp.png"
"BP-602755010787","602755010787","https://res.cloudinary.com/ddhs5dd6l/image/upload/v1773952381/balport-products/seeded/fkgzz9pjhaufmv0yx6vs.jpg"
"BP-602755010794","602755010794","https://res.cloudinary.com/ddhs5dd6l/image/upload/v1773952382/balport-products/seeded/pte17usjafptij1k2dvd.jpg"
"BP-602755010817","602755010817","https://res.cloudinary.com/ddhs5dd6l/image/upload/v1773952384/balport-products/seeded/rih48vaz6miavazlcjd1.jpg"
"BP-602755010831","602755010831","https://res.cloudinary.com/ddhs5dd6l/image/upload/v1773952386/balport-products/seeded/ht8ma0tjyw8nsplocxx9.png"
"BP-602755011036","602755011036","https://res.cloudinary.com/ddhs5dd6l/image/upload/v1773952387/balport-products/seeded/c34ngi9fneeidt8eqv8f.jpg"
"BP-602755011647","602755011647","https://res.cloudinary.com/ddhs5dd6l/image/upload/v1773952390/balport-products/seeded/myj33rm6zqwsrdpdes3q.jpg"
"BP-602755011692","602755011692","https://res.cloudinary.com/ddhs5dd6l/image/upload/v1773952391/balport-products/seeded/j4vc0dfxkiblxjyfzdov.jpg"
"BP-603675101883","603675101883","https://res.cloudinary.com/ddhs5dd6l/image/upload/v1773952393/balport-products/seeded/j8jv8t9hnzaqxtfs1ejj.jpg"
"BP-603738423778","603738423778","https://res.cloudinary.com/ddhs5dd6l/image/upload/v1773952395/balport-products/seeded/yitdretpjmoa5jzq2zos.png"
"BP-605779976084","605779976084","https://res.cloudinary.com/ddhs5dd6l/image/upload/v1773952397/balport-products/seeded/v2ecu55skejqg4re5yr7.png"
"BP-605779976206","605779976206","https://res.cloudinary.com/ddhs5dd6l/image/upload/v1773952399/balport-products/seeded/ngettommrh4mituyb21x.jpg"
"BP-605779976459","605779976459","https://res.cloudinary.com/ddhs5dd6l/image/upload/v1773952400/balport-products/seeded/ak4eltvynwrbb4jj7mp8.jpg"
"BP-608782500666","608782500666","https://res.cloudinary.com/ddhs5dd6l/image/upload/v1773952402/balport-products/seeded/ca4jebvovetqpgdqpvov.jpg"
"BP-608883000010","608883000010","https://res.cloudinary.com/ddhs5dd6l/image/upload/v1773952403/balport-products/seeded/p1brqezu5vep8cz8rfka.jpg"
"BP-608883000027","608883000027","https://res.cloudinary.com/ddhs5dd6l/image/upload/v1773952405/balport-products/seeded/s6pwsh5zzoqi3ibimffy.jpg"
"BP-608883000058","608883000058","https://res.cloudinary.com/ddhs5dd6l/image/upload/v1773952406/balport-products/seeded/xkdz2uxxcwvf4ceiajtr.jpg"
"BP-608883000065","608883000065","https://res.cloudinary.com/ddhs5dd6l/image/upload/v1773952408/balport-products/seeded/s444yvsf9u39m4ezms1x.jpg"
"BP-608883000119","608883000119","https://res.cloudinary.com/ddhs5dd6l/image/upload/v1773952409/balport-products/seeded/zkjggghq58492v7z9qnv.jpg"
"BP-610097416303","610097416303","https://res.cloudinary.com/ddhs5dd6l/image/upload/v1773952462/balport-products/seeded/odpijxecafwwt6dxwzfb.png"
"BP-610466030185","610466030185","https://res.cloudinary.com/ddhs5dd6l/image/upload/v1773952464/balport-products/seeded/lscxhkiglakgbndcio3f.jpg"
"BP-610466030208","610466030208","https://res.cloudinary.com/ddhs5dd6l/image/upload/v1773952465/balport-products/seeded/c9mwkyohhxec66rw0a1t.jpg"
"BP-610466046797","610466046797","https://res.cloudinary.com/ddhs5dd6l/image/upload/v1773952467/balport-products/seeded/kgaxiwetf1tg3emyzspr.jpg"
"BP-610466049750","610466049750","https://res.cloudinary.com/ddhs5dd6l/image/upload/v1773952470/balport-products/seeded/eawvsblogtz1emut2mxp.jpg"
"BP-610764000316","610764000316","https://res.cloudinary.com/ddhs5dd6l/image/upload/v1773952472/balport-products/seeded/eatpb5d6wacopzidniu6.png"
"BP-610764863638","610764863638","https://res.cloudinary.com/ddhs5dd6l/image/upload/v1773952474/balport-products/seeded/ku7bifn2jkfe7gyehl7a.png"
"BP-610764863812","610764863812","https://res.cloudinary.com/ddhs5dd6l/image/upload/v1773952476/balport-products/seeded/qjwbnpnxmejk1qcxrfdb.jpg"
"BP-611269001280","611269001280","https://res.cloudinary.com/ddhs5dd6l/image/upload/v1773952478/balport-products/seeded/ntvtv6j2s1epqc5trvkd.jpg"
"BP-611269001303","611269001303","https://res.cloudinary.com/ddhs5dd6l/image/upload/v1773952480/balport-products/seeded/iaflvv5cs0th0ghkrdcx.jpg"
"BP-611269001624","611269001624","https://res.cloudinary.com/ddhs5dd6l/image/upload/v1773952481/balport-products/seeded/hqmlmunmldtsbze8baij.jpg"
"BP-611269001648","611269001648","https://res.cloudinary.com/ddhs5dd6l/image/upload/v1773952483/balport-products/seeded/cauhdyjlr9zpgyfgoetu.jpg"
"BP-611269001846","611269001846","https://res.cloudinary.com/ddhs5dd6l/image/upload/v1773952485/balport-products/seeded/cp3maeyctsrhttezlcpm.jpg"
"BP-611269001860","611269001860","https://res.cloudinary.com/ddhs5dd6l/image/upload/v1773952486/balport-products/seeded/xupxinjxusrecste2ufp.jpg"
"BP-611269001921","611269001921","https://res.cloudinary.com/ddhs5dd6l/image/upload/v1773952487/balport-products/seeded/ml6ynte7gtwunjdtawg5.jpg"
"BP-611269001945","611269001945","https://res.cloudinary.com/ddhs5dd6l/image/upload/v1773952489/balport-products/seeded/z2zv3dcxpvuouknzy2hh.jpg"
"BP-611269002003","611269002003","https://res.cloudinary.com/ddhs5dd6l/image/upload/v1773952490/balport-products/seeded/cnm5kobxr0wh2juk3jv2.jpg"
"BP-611269002034","611269002034","https://res.cloudinary.com/ddhs5dd6l/image/upload/v1773952492/balport-products/seeded/ym08glmxz4gi0aqwmzq9.jpg"
"BP-611269002065","611269002065","https://res.cloudinary.com/ddhs5dd6l/image/upload/v1773952493/balport-products/seeded/spyaulpsohcdaxlynxfu.jpg"
"BP-611269002126","611269002126","https://res.cloudinary.com/ddhs5dd6l/image/upload/v1773952495/balport-products/seeded/thvn02im6ximgh6nwaan.jpg"
"BP-611269002249","611269002249","https://res.cloudinary.com/ddhs5dd6l/image/upload/v1773952497/balport-products/seeded/jiv1qiwin5jhccerowwq.jpg"
"BP-611269002263","611269002263","https://res.cloudinary.com/ddhs5dd6l/image/upload/v1773952499/balport-products/seeded/gwu8uth7alh09vyagyvf.jpg"
"BP-611269002447","611269002447","https://res.cloudinary.com/ddhs5dd6l/image/upload/v1773952501/balport-products/seeded/sqja7o4cvtcf0plchpjd.jpg"
"BP-611269002461","611269002461","https://res.cloudinary.com/ddhs5dd6l/image/upload/v1773952502/balport-products/seeded/q7wgygsvpiuacr5msah4.jpg"
"BP-611269002683","611269002683","https://res.cloudinary.com/ddhs5dd6l/image/upload/v1773952504/balport-products/seeded/djqqjnjll17jgjlnpfjt.jpg"
"BP-611269002706","611269002706","https://res.cloudinary.com/ddhs5dd6l/image/upload/v1773952505/balport-products/seeded/gjw51slv74sqe2rhzxof.jpg"
"BP-611269002768","611269002768","https://res.cloudinary.com/ddhs5dd6l/image/upload/v1773952507/balport-products/seeded/w8ylvueeylpws5jyisfe.jpg"
"BP-611269002843","611269002843","https://res.cloudinary.com/ddhs5dd6l/image/upload/v1773952509/balport-products/seeded/l62jtsupibapcorkkbms.jpg"
"BP-611269002867","611269002867","https://res.cloudinary.com/ddhs5dd6l/image/upload/v1773952510/balport-products/seeded/t1ap1b7sbn5e9j8a9lpz.jpg"
"BP-611269002928","611269002928","https://res.cloudinary.com/ddhs5dd6l/image/upload/v1773952511/balport-products/seeded/rqiw9vtqtgccokzre1pz.jpg"
"BP-611269002935","611269002935","https://res.cloudinary.com/ddhs5dd6l/image/upload/v1773952513/balport-products/seeded/atx4dj7dc6rvqpjcezmp.jpg"
"BP-611269003024","611269003024","https://res.cloudinary.com/ddhs5dd6l/image/upload/v1773952515/balport-products/seeded/xv34o4ubaawuqdmvey07.jpg"
"BP-611269003048","611269003048","https://res.cloudinary.com/ddhs5dd6l/image/upload/v1773952516/balport-products/seeded/xxfg4lkotqgayepqgp3h.jpg"
"BP-611269003109","611269003109","https://res.cloudinary.com/ddhs5dd6l/image/upload/v1773952518/balport-products/seeded/lklgjdapaybwizp8adzv.jpg"
"BP-611269003123","611269003123","https://res.cloudinary.com/ddhs5dd6l/image/upload/v1773952519/balport-products/seeded/vu7lvj1ggpbtbvc1vnio.jpg"
"BP-611269003802","611269003802","https://res.cloudinary.com/ddhs5dd6l/image/upload/v1773952521/balport-products/seeded/fg6dzgkgvlmxkzpsktsp.jpg"
"BP-611269101713","611269101713","https://res.cloudinary.com/ddhs5dd6l/image/upload/v1773952523/balport-products/seeded/o9owdeqf0gk9r8fpqoxt.jpg"
"BP-611269108026","611269108026","https://res.cloudinary.com/ddhs5dd6l/image/upload/v1773952524/balport-products/seeded/bvu05kiixyvfp2drk8a4.jpg"
"BP-611269113570","611269113570","https://res.cloudinary.com/ddhs5dd6l/image/upload/v1773952526/balport-products/seeded/bqsfyp6nraco2tduxihf.jpg"
"BP-611269133448","611269133448","https://res.cloudinary.com/ddhs5dd6l/image/upload/v1773952528/balport-products/seeded/wm36cdo1jhgnzxluyrus.jpg"
"BP-611269133455","611269133455","https://res.cloudinary.com/ddhs5dd6l/image/upload/v1773952534/balport-products/seeded/tuhwevnxhpka9iz5bs76.jpg"
"BP-611269163452","611269163452","https://res.cloudinary.com/ddhs5dd6l/image/upload/v1773952549/balport-products/seeded/s0tws1m1vd2tj2gh9lur.jpg"
"BP-611269182460","611269182460","https://res.cloudinary.com/ddhs5dd6l/image/upload/v1773952550/balport-products/seeded/szcommfomeghkywkucye.jpg"
"BP-611269235685","611269235685","https://res.cloudinary.com/ddhs5dd6l/image/upload/v1773952552/balport-products/seeded/n0gskg652v4kfcijb6cn.jpg"
"BP-611269281361","611269281361","https://res.cloudinary.com/ddhs5dd6l/image/upload/v1773952554/balport-products/seeded/c1raxch7ge682pp6fdly.png"
"BP-611269283105","611269283105","https://res.cloudinary.com/ddhs5dd6l/image/upload/v1773952556/balport-products/seeded/xo6sxqjnocwqyuhl5xck.jpg"
"BP-611269321210","611269321210","https://res.cloudinary.com/ddhs5dd6l/image/upload/v1773952558/balport-products/seeded/vzxilzejopir2lnlcz28.png"
"BP-611269331240","611269331240","https://res.cloudinary.com/ddhs5dd6l/image/upload/v1773952560/balport-products/seeded/bnf0ikbfnzl4igvczkth.jpg"
"BP-611269332827","611269332827","https://res.cloudinary.com/ddhs5dd6l/image/upload/v1773952563/balport-products/seeded/rutra5lnjj8uemcn3epz.png"
"BP-611269333602","611269333602","https://res.cloudinary.com/ddhs5dd6l/image/upload/v1773952564/balport-products/seeded/pqocp4nfhvbfdtz7owp9.jpg"
"BP-611269402186","611269402186","https://res.cloudinary.com/ddhs5dd6l/image/upload/v1773952567/balport-products/seeded/bpicqrwonthnmoicpxk5.jpg"
"BP-611269546019","611269546019","https://res.cloudinary.com/ddhs5dd6l/image/upload/v1773952569/balport-products/seeded/d3xmstlm42gi7myagzbs.jpg"
"BP-611269546026","611269546026","https://res.cloudinary.com/ddhs5dd6l/image/upload/v1773952571/balport-products/seeded/z02jlyqq9qsdp6sxzdky.jpg"
"BP-611269623734","611269623734","https://res.cloudinary.com/ddhs5dd6l/image/upload/v1773952573/balport-products/seeded/hicjqpltudnl8vgxurox.png"
"BP-611269716467","611269716467","https://res.cloudinary.com/ddhs5dd6l/image/upload/v1773952575/balport-products/seeded/y9namrqnfmb1zmx0luup.jpg"
"BP-611269818994","611269818994","https://res.cloudinary.com/ddhs5dd6l/image/upload/v1773952577/balport-products/seeded/zjioq3jdqvbb2jdhgnl0.jpg"
"BP-611269991000","611269991000","https://res.cloudinary.com/ddhs5dd6l/image/upload/v1773952578/balport-products/seeded/jdzutmoqn0cyxgkzneqe.jpg"
"BP-613008718459","613008718459","https://res.cloudinary.com/ddhs5dd6l/image/upload/v1773952580/balport-products/seeded/dtczypwjoabknal9eano.jpg"
"BP-613008719296","613008719296","https://res.cloudinary.com/ddhs5dd6l/image/upload/v1773952581/balport-products/seeded/qtljdgs1gsejomgcoeve.jpg"
"BP-613008720209","613008720209","https://res.cloudinary.com/ddhs5dd6l/image/upload/v1773952583/balport-products/seeded/kujvetzo2vwg4wqhaw3a.jpg"
"BP-613008722869","613008722869","https://res.cloudinary.com/ddhs5dd6l/image/upload/v1773952585/balport-products/seeded/dhyqddicgelxqrylyzjv.jpg"
"BP-613008725778","613008725778","https://res.cloudinary.com/ddhs5dd6l/image/upload/v1773952586/balport-products/seeded/mbxsl08e9lsecnpqv4p4.jpg"
"BP-613008735302","613008735302","https://res.cloudinary.com/ddhs5dd6l/image/upload/v1773952588/balport-products/seeded/yaxxaboiqkurai3jx3xb.jpg"
"BP-613008735432","613008735432","https://res.cloudinary.com/ddhs5dd6l/image/upload/v1773952589/balport-products/seeded/jyt48j5jxvtg8vvthztk.jpg"
"BP-613008751937","613008751937","https://res.cloudinary.com/ddhs5dd6l/image/upload/v1773952593/balport-products/seeded/ezk17upt7z69n2cfpwbz.jpg"
"BP-613008756420","613008756420","https://res.cloudinary.com/ddhs5dd6l/image/upload/v1773952594/balport-products/seeded/zhfukmy2e3y7mx9xh4st.jpg"
"BP-613008756437","613008756437","https://res.cloudinary.com/ddhs5dd6l/image/upload/v1773952597/balport-products/seeded/surys0jzzqnerabnvyeo.jpg"
"BP-613008756444","613008756444","https://res.cloudinary.com/ddhs5dd6l/image/upload/v1773952599/balport-products/seeded/julfipzufzs071hm5cpu.jpg"
"BP-613008756451","613008756451","https://res.cloudinary.com/ddhs5dd6l/image/upload/v1773952601/balport-products/seeded/nvrs9l58gviimdx4ngvk.jpg"
"BP-613008756468","613008756468","https://res.cloudinary.com/ddhs5dd6l/image/upload/v1773952605/balport-products/seeded/a40aerlhqmx04fr4lspt.jpg"
"BP-613008756475","613008756475","https://res.cloudinary.com/ddhs5dd6l/image/upload/v1773952606/balport-products/seeded/ebh71bndx0eiztqbm67g.jpg"
"BP-613008756482","613008756482","https://res.cloudinary.com/ddhs5dd6l/image/upload/v1773952608/balport-products/seeded/veffxmnah9yphzj7cfhv.jpg"
"BP-613008756499","613008756499","https://res.cloudinary.com/ddhs5dd6l/image/upload/v1773952610/balport-products/seeded/v63bgsvqsrapgptyueui.jpg"
"BP-613008756505","613008756505","https://res.cloudinary.com/ddhs5dd6l/image/upload/v1773952611/balport-products/seeded/pfuh46j7xhanxpujajfs.jpg"
"BP-613008758912","613008758912","https://res.cloudinary.com/ddhs5dd6l/image/upload/v1773952613/balport-products/seeded/em3erkdhudccpiufvnkz.jpg"
"BP-613008759001","613008759001","https://res.cloudinary.com/ddhs5dd6l/image/upload/v1773952615/balport-products/seeded/tzytllii8wcuicbt9u9o.png"
"BP-613008763442","613008763442","https://res.cloudinary.com/ddhs5dd6l/image/upload/v1773952617/balport-products/seeded/jgbfkzmtvkokhm9hrwv5.jpg"
"BP-613008763732","613008763732","https://res.cloudinary.com/ddhs5dd6l/image/upload/v1773952620/balport-products/seeded/twypxwfdkeqhvkbbfztg.jpg"
"BP-613008763749","613008763749","https://res.cloudinary.com/ddhs5dd6l/image/upload/v1773952622/balport-products/seeded/s7nxdexrdagphnuqnrbo.png"
"BP-613008763756","613008763756","https://res.cloudinary.com/ddhs5dd6l/image/upload/v1773952625/balport-products/seeded/tubyzspdisi9gtcfdctp.jpg"
"BP-613008763824","613008763824","https://res.cloudinary.com/ddhs5dd6l/image/upload/v1773952627/balport-products/seeded/p7rzzuxsrynhqig32tr5.jpg"
"BP-613008763831","613008763831","https://res.cloudinary.com/ddhs5dd6l/image/upload/v1773952629/balport-products/seeded/evlfklc41wddukqejf8x.jpg"
"BP-613008766122","613008766122","https://res.cloudinary.com/ddhs5dd6l/image/upload/v1773952631/balport-products/seeded/t8kczettu9hpvofvm02o.jpg"
"BP-613008768065","613008768065","https://res.cloudinary.com/ddhs5dd6l/image/upload/v1773952633/balport-products/seeded/ant97w66gc3wwc37r4v4.jpg"
"BP-613008769161","613008769161","https://res.cloudinary.com/ddhs5dd6l/image/upload/v1773952635/balport-products/seeded/hw85zedlnz5zjx9jd504.jpg"
"BP-613008772703","613008772703","https://res.cloudinary.com/ddhs5dd6l/image/upload/v1773952637/balport-products/seeded/k5oh0slehpq9zgzuwp4p.jpg"
"BP-616003179928","616003179928","https://res.cloudinary.com/ddhs5dd6l/image/upload/v1773952638/balport-products/seeded/zfvckfqevnneftw8c9qj.jpg"
"BP-616003741361","616003741361","https://res.cloudinary.com/ddhs5dd6l/image/upload/v1773952639/balport-products/seeded/ugprfgesmcttm7k7qght.jpg"
"BP-616003843393","616003843393","https://res.cloudinary.com/ddhs5dd6l/image/upload/v1773952641/balport-products/seeded/kn8zk6dc4173x5ydau9u.jpg"
"BP-616003933254","616003933254","https://res.cloudinary.com/ddhs5dd6l/image/upload/v1773952642/balport-products/seeded/ap8hyx6xdaqkqwa0ok6s.jpg"
"BP-616806661071","616806661071","https://res.cloudinary.com/ddhs5dd6l/image/upload/v1773952644/balport-products/seeded/vsrvqcs2ydtkxrh1jfpr.jpg"
"BP-617768111178","617768111178","https://res.cloudinary.com/ddhs5dd6l/image/upload/v1773952645/balport-products/seeded/fcbqdifobaoxax7i0rpr.jpg"
"BP-617768111758","617768111758","https://res.cloudinary.com/ddhs5dd6l/image/upload/v1773952647/balport-products/seeded/ychj4578tjgwtkaz30tf.jpg"
"BP-617768112007","617768112007","https://res.cloudinary.com/ddhs5dd6l/image/upload/v1773952649/balport-products/seeded/yjgbpivrt75pfh6elszs.jpg"
"BP-617768113752","617768113752","https://res.cloudinary.com/ddhs5dd6l/image/upload/v1773952651/balport-products/seeded/ggubkp6qkhz7mdockpel.jpg"
"BP-618056630852","618056630852","https://res.cloudinary.com/ddhs5dd6l/image/upload/v1773952652/balport-products/seeded/ki7fpadetaxmkoycutyb.jpg"
"BP-618397200929","618397200929","https://res.cloudinary.com/ddhs5dd6l/image/upload/v1773952654/balport-products/seeded/kari7ox9oifzfqfvdpt0.jpg"
"BP-618397202220","618397202220","https://res.cloudinary.com/balport/image/upload/v1/placeholder.jpg"
"BP-619947000013","619947000013","https://res.cloudinary.com/ddhs5dd6l/image/upload/v1773952655/balport-products/seeded/pmqezexskj3wscc9qkh4.jpg"
"BP-619947000020","619947000020","https://res.cloudinary.com/ddhs5dd6l/image/upload/v1773952657/balport-products/seeded/peawnb5uwtrtc2sqnxrr.png"
"BP-619947000037","619947000037","https://res.cloudinary.com/ddhs5dd6l/image/upload/v1773952659/balport-products/seeded/dzkbdlpvisjpkunbu486.jpg"
"BP-619947000044","619947000044","https://res.cloudinary.com/ddhs5dd6l/image/upload/v1773952660/balport-products/seeded/ceazuuuy4w6myagzljpz.jpg"
"BP-619947000051","619947000051","https://res.cloudinary.com/ddhs5dd6l/image/upload/v1773952662/balport-products/seeded/ea0976xswrmjqxq3qmma.jpg"
"BP-619947000068","619947000068","https://res.cloudinary.com/ddhs5dd6l/image/upload/v1773952664/balport-products/seeded/hbyqff7nmdsvrbilkudt.jpg"
"BP-619947000082","619947000082","https://res.cloudinary.com/ddhs5dd6l/image/upload/v1773952666/balport-products/seeded/wnzdkgdmzvujepkvqxjs.jpg"
"BP-628371148000","628371148000","https://res.cloudinary.com/ddhs5dd6l/image/upload/v1773952668/balport-products/seeded/r8wx6jajkx9auy6a6j1y.jpg"
"BP-630279465325","630279465325","https://res.cloudinary.com/ddhs5dd6l/image/upload/v1773952670/balport-products/seeded/qpraqyndi6ieojfpctr0.jpg"
"BP-630279688069","630279688069","https://res.cloudinary.com/ddhs5dd6l/image/upload/v1773952672/balport-products/seeded/dx5y92ijqllm7apltopz.jpg"
"BP-630279776322","630279776322","https://res.cloudinary.com/ddhs5dd6l/image/upload/v1773952674/balport-products/seeded/kq6lgcmlrjfagjdtdedd.png"
"BP-631470008342","631470008342","https://res.cloudinary.com/ddhs5dd6l/image/upload/v1773952676/balport-products/seeded/dqv7qucvvhpc6rbl2j9i.jpg"
"BP-631881158025","631881158025","https://res.cloudinary.com/ddhs5dd6l/image/upload/v1773952677/balport-products/seeded/vlup9vvdv4ajq1rymob6.jpg"
"BP-632070100337","632070100337","https://res.cloudinary.com/ddhs5dd6l/image/upload/v1773952679/balport-products/seeded/dfzabyu5xvj3lm0grh1z.jpg"
"BP-632432000046","632432000046","https://res.cloudinary.com/ddhs5dd6l/image/upload/v1773952680/balport-products/seeded/fkgrh2pzvpdf8rfmunzf.jpg"
"BP-632432000176","632432000176","https://res.cloudinary.com/ddhs5dd6l/image/upload/v1773952682/balport-products/seeded/dyyrkdbl0mavvpeub1is.jpg"
"BP-632432000350","632432000350","https://res.cloudinary.com/ddhs5dd6l/image/upload/v1773952683/balport-products/seeded/dqh4jbhgsmijy0hekv7z.jpg"
"BP-632432000688","632432000688","https://res.cloudinary.com/ddhs5dd6l/image/upload/v1773952685/balport-products/seeded/zxy4nrj5rendxzcnhrtl.jpg"
"BP-632432001012","632432001012","https://res.cloudinary.com/ddhs5dd6l/image/upload/v1773952686/balport-products/seeded/tmdhkiakjlluvabf6cxa.jpg"
"BP-632432708775","632432708775","https://res.cloudinary.com/ddhs5dd6l/image/upload/v1773952688/balport-products/seeded/ruhjhkfl6xudccyba1br.jpg"
"BP-632432717777","632432717777","https://res.cloudinary.com/ddhs5dd6l/image/upload/v1773952690/balport-products/seeded/yyco3jrmg71vffp4sfok.jpg"
"BP-632432728773","632432728773","https://res.cloudinary.com/ddhs5dd6l/image/upload/v1773952691/balport-products/seeded/zh1y997zkctvvqvelz6n.jpg"
"BP-632432737775","632432737775","https://res.cloudinary.com/ddhs5dd6l/image/upload/v1773952694/balport-products/seeded/vkurs9ubomf1bszjz6y2.jpg"
"BP-632432757773","632432757773","https://res.cloudinary.com/ddhs5dd6l/image/upload/v1773952696/balport-products/seeded/npkf4royy5ueunrujj5g.jpg"
"BP-632565000012","632565000012","https://res.cloudinary.com/ddhs5dd6l/image/upload/v1773952698/balport-products/seeded/ksijkjscyfb50r6gxahe.jpg"
"BP-632565000029","632565000029","https://res.cloudinary.com/ddhs5dd6l/image/upload/v1773952699/balport-products/seeded/nqg3xkidg6sfjbsrry0k.jpg"
"BP-632565000036","632565000036","https://res.cloudinary.com/ddhs5dd6l/image/upload/v1773952702/balport-products/seeded/jthwbeksnz64ba535tnv.jpg"
"BP-632565000104","632565000104","https://res.cloudinary.com/ddhs5dd6l/image/upload/v1773952704/balport-products/seeded/dk54mizdmbdvyyd5vomx.jpg"
"BP-632565000654","632565000654","https://res.cloudinary.com/ddhs5dd6l/image/upload/v1773952706/balport-products/seeded/tenwnxygog6hppn9znwd.jpg"
"BP-632987200205","632987200205","https://res.cloudinary.com/ddhs5dd6l/image/upload/v1773952708/balport-products/seeded/kg3z8efuggyqylz2ruge.jpg"
"BP-633148100013","633148100013","https://res.cloudinary.com/ddhs5dd6l/image/upload/v1773952710/balport-products/seeded/tkhkq3jky2g1siygequ6.png"
"BP-633148100068","633148100068","https://res.cloudinary.com/ddhs5dd6l/image/upload/v1773952712/balport-products/seeded/mlky5vdvztt48lyzinir.jpg"
"BP-633148599305","633148599305","https://res.cloudinary.com/ddhs5dd6l/image/upload/v1773952714/balport-products/seeded/um9cbg0mqyg6ovio6rnm.jpg"
"BP-635985010128","635985010128","https://res.cloudinary.com/ddhs5dd6l/image/upload/v1773952716/balport-products/seeded/efan5tsf50e2j3yqbp2y.jpg"
"BP-635985010371","635985010371","https://res.cloudinary.com/ddhs5dd6l/image/upload/v1773952718/balport-products/seeded/riuhir7cqwlg0vbfxelv.jpg"
"BP-635985025986","635985025986","https://res.cloudinary.com/ddhs5dd6l/image/upload/v1773952720/balport-products/seeded/sofxgip7axhsjqtitfru.jpg"
"BP-635985060703","635985060703","https://res.cloudinary.com/ddhs5dd6l/image/upload/v1773952723/balport-products/seeded/uycec892janrai048sn0.jpg"
"BP-635985067443","635985067443","https://res.cloudinary.com/ddhs5dd6l/image/upload/v1773952727/balport-products/seeded/hhrrnpfxipdchrqu4prm.jpg"
"BP-635985100164","635985100164","https://res.cloudinary.com/ddhs5dd6l/image/upload/v1773952729/balport-products/seeded/pzndfhszugbipoyvi3jm.png"
"BP-635985100331","635985100331","https://res.cloudinary.com/ddhs5dd6l/image/upload/v1773952731/balport-products/seeded/xwdq1sh5yvozadsjzujz.jpg"
"BP-635985100621","635985100621","https://res.cloudinary.com/ddhs5dd6l/image/upload/v1773952734/balport-products/seeded/koihngkjwbwfkfsmnnak.jpg"
"BP-635985129981","635985129981","https://res.cloudinary.com/ddhs5dd6l/image/upload/v1773952735/balport-products/seeded/mwnl3rcnrs4ii4xpkjaz.jpg"
"BP-635985132158","635985132158","https://res.cloudinary.com/ddhs5dd6l/image/upload/v1773952739/balport-products/seeded/edcorph05agnjfwotsnm.jpg"
"BP-635985132172","635985132172","https://res.cloudinary.com/ddhs5dd6l/image/upload/v1773952741/balport-products/seeded/t8bprydt62uwrw81hpts.jpg"
"BP-635985132196","635985132196","https://res.cloudinary.com/ddhs5dd6l/image/upload/v1773952744/balport-products/seeded/hz0e7qyjekfhontfeuxx.jpg"
"BP-635985190028","635985190028","https://res.cloudinary.com/ddhs5dd6l/image/upload/v1773952747/balport-products/seeded/sajfz30hdf1zkpz6raqb.jpg"
"BP-635985200253","635985200253","https://res.cloudinary.com/ddhs5dd6l/image/upload/v1773952750/balport-products/seeded/iwv8vtvi7kwlbnai1r4m.jpg"
"BP-635985200284","635985200284","https://res.cloudinary.com/ddhs5dd6l/image/upload/v1773952752/balport-products/seeded/nu27opn9ic1i4rzaktze.jpg"
"BP-635985224136","635985224136","https://res.cloudinary.com/ddhs5dd6l/image/upload/v1773952755/balport-products/seeded/lslpaujwcuh46smufgt6.jpg"
"BP-635985245834","635985245834","https://res.cloudinary.com/ddhs5dd6l/image/upload/v1773952757/balport-products/seeded/xs04ewbpttpwkd7xpnm3.jpg"
"BP-635985245957","635985245957","https://res.cloudinary.com/ddhs5dd6l/image/upload/v1773952759/balport-products/seeded/etxm4e8po1qpg8u2lgnk.jpg"
"BP-635985249856","635985249856","https://res.cloudinary.com/ddhs5dd6l/image/upload/v1773952761/balport-products/seeded/imagsjduqvwi5277qisw.jpg"
"BP-635985258759","635985258759","https://res.cloudinary.com/ddhs5dd6l/image/upload/v1773952762/balport-products/seeded/xddrqgaciepmgbnctxil.jpg"
"BP-635985258919","635985258919","https://res.cloudinary.com/ddhs5dd6l/image/upload/v1773952765/balport-products/seeded/omtlvw4zw1awh7aupjtb.jpg"
"BP-635985260356","635985260356","https://res.cloudinary.com/ddhs5dd6l/image/upload/v1773952766/balport-products/seeded/yhwv0cuhccjnf38ya1i7.jpg"
"BP-635985260394","635985260394","https://res.cloudinary.com/ddhs5dd6l/image/upload/v1773952768/balport-products/seeded/rr2rbytnhqwjss9hcdb7.jpg"
"BP-635985260660","635985260660","https://res.cloudinary.com/ddhs5dd6l/image/upload/v1773952772/balport-products/seeded/ihisr9zoxb8dzyugfz9i.jpg"
"BP-635985260875","635985260875","https://res.cloudinary.com/ddhs5dd6l/image/upload/v1773952774/balport-products/seeded/zz7qsiosbvijptrgolym.jpg"
"BP-635985260899","635985260899","https://res.cloudinary.com/ddhs5dd6l/image/upload/v1773952776/balport-products/seeded/dwqfetudre5q1jragrrl.jpg"
"BP-635985548904","635985548904","https://res.cloudinary.com/ddhs5dd6l/image/upload/v1773952779/balport-products/seeded/xe4flk38y5zfcqccuxgw.jpg"
"BP-635985800064","635985800064","https://res.cloudinary.com/ddhs5dd6l/image/upload/v1773952781/balport-products/seeded/aefwxxjcnm6yxzoclxx1.jpg"
"BP-635985800217","635985800217","https://res.cloudinary.com/ddhs5dd6l/image/upload/v1773952783/balport-products/seeded/zcvass8pmxyq1rbqzbt1.jpg"
"BP-635985800262","635985800262","https://res.cloudinary.com/ddhs5dd6l/image/upload/v1773952784/balport-products/seeded/hmybenw6bpnjggg0euhv.png"
"BP-635985800347","635985800347","https://res.cloudinary.com/ddhs5dd6l/image/upload/v1773952786/balport-products/seeded/onbiljnds5lclzem9ij2.png"
"BP-635985800804","635985800804","https://res.cloudinary.com/ddhs5dd6l/image/upload/v1773952789/balport-products/seeded/koq85tgvpddmywnemhhs.jpg"
"BP-635985800828","635985800828","https://res.cloudinary.com/ddhs5dd6l/image/upload/v1773952791/balport-products/seeded/humvxgexjmr1imquzzfe.png"
"BP-635985801085","635985801085","https://res.cloudinary.com/ddhs5dd6l/image/upload/v1773952792/balport-products/seeded/jb4pkxlzzcvknjk67eiq.jpg"
"BP-635985801573","635985801573","https://res.cloudinary.com/ddhs5dd6l/image/upload/v1773952795/balport-products/seeded/qg8wzyrk2c4ydinvpi4b.png"
"BP-635985801610","635985801610","https://res.cloudinary.com/ddhs5dd6l/image/upload/v1773952797/balport-products/seeded/wqzevt30xnwe1gfobmgi.png"
"BP-635985801986","635985801986","https://res.cloudinary.com/ddhs5dd6l/image/upload/v1773952799/balport-products/seeded/mm76vtex216erntbwm7l.jpg"
"BP-635985802051","635985802051","https://res.cloudinary.com/ddhs5dd6l/image/upload/v1773952801/balport-products/seeded/qcbb6px8sgkbghelcsmg.jpg"
"BP-635985802075","635985802075","https://res.cloudinary.com/ddhs5dd6l/image/upload/v1773952802/balport-products/seeded/qhlhcutseyhxem4tfukx.jpg"
"BP-635985802082","635985802082","https://res.cloudinary.com/balport/image/upload/v1/placeholder.jpg"
"BP-635985802136","635985802136","https://res.cloudinary.com/ddhs5dd6l/image/upload/v1773952804/balport-products/seeded/lxrikskjldjjplm273ah.jpg"
"BP-635985802143","635985802143","https://res.cloudinary.com/ddhs5dd6l/image/upload/v1773952805/balport-products/seeded/uv1hbvnvz272vupkqgg7.jpg"
"BP-635985802150","BP-635985802150","https://res.cloudinary.com/ddhs5dd6l/image/upload/v1774010294/balport-products/n3i3nbtnoxqtvzmr1psd.webp"
"BP-635985802525","635985802525","https://res.cloudinary.com/ddhs5dd6l/image/upload/v1773952807/balport-products/seeded/ftnuxzwsffuznz6cjgkk.jpg"
"BP-635985803645","635985803645","https://res.cloudinary.com/ddhs5dd6l/image/upload/v1773952809/balport-products/seeded/jgib8vby6zvq4yaxgujb.jpg"
"BP-635985804437","635985804437","https://res.cloudinary.com/ddhs5dd6l/image/upload/v1773952811/balport-products/seeded/ijjxnwsuj76bidhe9nt3.jpg"
"BP-636191207401","636191207401","https://res.cloudinary.com/ddhs5dd6l/image/upload/v1773952813/balport-products/seeded/qwiv3b8685m7pddbshja.jpg"
"BP-636251740947","636251740947","https://res.cloudinary.com/ddhs5dd6l/image/upload/v1773952815/balport-products/seeded/sjihmyzea9r0f130ycwr.jpg"
"BP-636251742118","636251742118","https://res.cloudinary.com/ddhs5dd6l/image/upload/v1773952816/balport-products/seeded/dcy8twkjjitbz9upyqv6.jpg"
"BP-636251742149","636251742149","https://res.cloudinary.com/ddhs5dd6l/image/upload/v1773952818/balport-products/seeded/tmv5adheosovbemeon5d.jpg"
"BP-636251743351","636251743351","https://res.cloudinary.com/ddhs5dd6l/image/upload/v1773952820/balport-products/seeded/vqpt5varry7vym1upqar.jpg"
"BP-636251743542","636251743542","https://res.cloudinary.com/ddhs5dd6l/image/upload/v1773952821/balport-products/seeded/xp3dqgdvudgwmv2i4kac.jpg"
"BP-636251743955","636251743955","https://res.cloudinary.com/ddhs5dd6l/image/upload/v1773952823/balport-products/seeded/eg7p2smgvioymxri3njp.jpg"
"BP-636251744068","636251744068","https://res.cloudinary.com/ddhs5dd6l/image/upload/v1773952825/balport-products/seeded/hiq54kypepjrxuu4yzdp.png"
"BP-636251744143","636251744143","https://res.cloudinary.com/ddhs5dd6l/image/upload/v1773952827/balport-products/seeded/ub1tuezqzyaqegtsuoxi.png"
"BP-636251744433","636251744433","https://res.cloudinary.com/ddhs5dd6l/image/upload/v1773952829/balport-products/seeded/a174d7x62i9t3akoophq.png"
"BP-636251744693","636251744693","https://res.cloudinary.com/ddhs5dd6l/image/upload/v1773952831/balport-products/seeded/jriilenabcgjrippwbyc.png"
"BP-636251745072","636251745072","https://res.cloudinary.com/ddhs5dd6l/image/upload/v1773952832/balport-products/seeded/ytquf8dxhxmrnym6lfdg.jpg"
"BP-636251776120","636251776120","https://res.cloudinary.com/ddhs5dd6l/image/upload/v1773952835/balport-products/seeded/cmppnyzorykblaq70at2.jpg"
"BP-636595216757","636595216757","https://res.cloudinary.com/ddhs5dd6l/image/upload/v1773952836/balport-products/seeded/vyyh4bxhzhnmkt5ftlxt.jpg"
"BP-636595517755","636595517755","https://res.cloudinary.com/ddhs5dd6l/image/upload/v1773952838/balport-products/seeded/akt9i2dc7og4g7eln5iz.jpg"
"BP-638478000149","638478000149","https://res.cloudinary.com/ddhs5dd6l/image/upload/v1773952840/balport-products/seeded/kuq8u3ogxmivq2bvwifv.png"
"BP-638489003078","638489003078","https://res.cloudinary.com/ddhs5dd6l/image/upload/v1773952841/balport-products/seeded/kbaoxogsxfaxvelogdee.jpg"
"BP-639277136763","639277136763","https://res.cloudinary.com/ddhs5dd6l/image/upload/v1773952843/balport-products/seeded/jmvxulqbt9gyt8whio6n.jpg"
"BP-639277854988","639277854988","https://res.cloudinary.com/ddhs5dd6l/image/upload/v1773952845/balport-products/seeded/mlsdgpqx5ezgjsasylj3.jpg"
"BP-643485994503","643485994503","https://res.cloudinary.com/ddhs5dd6l/image/upload/v1773952847/balport-products/seeded/cdbtr8ulz2lsek1tshiv.jpg"
"BP-644225727108","644225727108","https://res.cloudinary.com/ddhs5dd6l/image/upload/v1773952849/balport-products/seeded/mnurck3ldxxqa8xekl7e.jpg"
"BP-644225727139","644225727139","https://res.cloudinary.com/ddhs5dd6l/image/upload/v1773952851/balport-products/seeded/l21ab368e4ioo3vrssc7.jpg"
"BP-644225727382","644225727382","https://res.cloudinary.com/ddhs5dd6l/image/upload/v1773952853/balport-products/seeded/dd8j0zcl59idbnxm9fey.jpg"
"BP-644225727795","644225727795","https://res.cloudinary.com/ddhs5dd6l/image/upload/v1773952855/balport-products/seeded/egd5hpubugf1wqcnm529.jpg"
"BP-644225727832","644225727832","https://res.cloudinary.com/ddhs5dd6l/image/upload/v1773952857/balport-products/seeded/vwbuvyhznkezhxvydjty.jpg"
"BP-649188900377","649188900377","https://res.cloudinary.com/ddhs5dd6l/image/upload/v1773952859/balport-products/seeded/j3gy15fq1p8f1ylp1dh8.jpg"
"BP-649188900469","649188900469","https://res.cloudinary.com/ddhs5dd6l/image/upload/v1773952861/balport-products/seeded/ruhtolsk2rwf7f9ym296.jpg"
"BP-649241861034","649241861034","https://res.cloudinary.com/ddhs5dd6l/image/upload/v1773952862/balport-products/seeded/yadzwn3vqk0nsa3fpgvl.jpg"
"BP-652935100043","652935100043","https://res.cloudinary.com/ddhs5dd6l/image/upload/v1773952864/balport-products/seeded/jhzjghljxfzya09o6uqm.jpg"
"BP-652935100067","652935100067","https://res.cloudinary.com/ddhs5dd6l/image/upload/v1773952867/balport-products/seeded/qlreieknxlcasajahpsl.jpg"
"BP-652935100210","652935100210","https://res.cloudinary.com/ddhs5dd6l/image/upload/v1773952868/balport-products/seeded/km2ui0tsrg6fzfj9n2sp.jpg"
"BP-652935100333","652935100333","https://res.cloudinary.com/ddhs5dd6l/image/upload/v1773952870/balport-products/seeded/rvlxqcjisimotstk1msb.jpg"
"BP-652935100432","652935100432","https://res.cloudinary.com/ddhs5dd6l/image/upload/v1773952874/balport-products/seeded/zcjqmaalai3ilowhk2op.jpg"
"BP-652935100449","652935100449","https://res.cloudinary.com/ddhs5dd6l/image/upload/v1773952884/balport-products/seeded/i3rbhdk089snsa2kp06v.jpg"
"BP-652935100500","652935100500","https://res.cloudinary.com/ddhs5dd6l/image/upload/v1773952886/balport-products/seeded/z6k1qlabnoyuf442wfvd.png"
"BP-655255527231","655255527231","https://res.cloudinary.com/ddhs5dd6l/image/upload/v1773952887/balport-products/seeded/bwl8hfgf7gchtyjgv5rp.jpg"
"BP-655255648837","655255648837","https://res.cloudinary.com/ddhs5dd6l/image/upload/v1773952890/balport-products/seeded/rloxfh60yxn2rj5xbuqu.jpg"
"BP-655255714310","655255714310","https://res.cloudinary.com/ddhs5dd6l/image/upload/v1773952891/balport-products/seeded/stuheiqggfywlefdbjt7.jpg"
"BP-655255760669","655255760669","https://res.cloudinary.com/ddhs5dd6l/image/upload/v1773952893/balport-products/seeded/cc6lmqjmj0ozsxewornh.jpg"
"BP-655255778695","655255778695","https://res.cloudinary.com/ddhs5dd6l/image/upload/v1773952894/balport-products/seeded/gpklosjw22jppbpv9ju9.jpg"
"BP-655708120897","655708120897","https://res.cloudinary.com/balport/image/upload/v1/placeholder.jpg"
"BP-657227000247","657227000247","https://res.cloudinary.com/ddhs5dd6l/image/upload/v1773952896/balport-products/seeded/pgab2c6qi3b9l894kdto.jpg"
"BP-657227000339","657227000339","https://res.cloudinary.com/ddhs5dd6l/image/upload/v1773952898/balport-products/seeded/yswyag54djvhqts1g5zh.jpg"
"BP-657227000506","657227000506","https://res.cloudinary.com/ddhs5dd6l/image/upload/v1773952900/balport-products/seeded/vafdaykpagatteljyazf.jpg"
"BP-657227001206","657227001206","https://res.cloudinary.com/ddhs5dd6l/image/upload/v1773952901/balport-products/seeded/cspxcy1amfhflnhdk17q.jpg"
"BP-657891700207","657891700207","https://res.cloudinary.com/ddhs5dd6l/image/upload/v1773952903/balport-products/seeded/fhqmmdckoxpidvgfzryw.jpg"
"BP-657891702423","657891702423","https://res.cloudinary.com/ddhs5dd6l/image/upload/v1773952905/balport-products/seeded/gnyqdy9bdim9psvrji9k.jpg"
"BP-657891715591","657891715591","https://res.cloudinary.com/ddhs5dd6l/image/upload/v1773952906/balport-products/seeded/rt2fqt4mssnp4shohitk.jpg"
"BP-657891716147","657891716147","https://res.cloudinary.com/ddhs5dd6l/image/upload/v1773952908/balport-products/seeded/zxgoscmkpvrbzyheu62y.jpg"
"BP-657891720915","657891720915","https://res.cloudinary.com/ddhs5dd6l/image/upload/v1773952910/balport-products/seeded/xwt31c2y0zomrldwfr29.jpg"
"BP-657891722926","657891722926","https://res.cloudinary.com/ddhs5dd6l/image/upload/v1773952911/balport-products/seeded/cvsi1dg4n86shz63bf8g.jpg"
"BP-664804000378","664804000378","https://res.cloudinary.com/ddhs5dd6l/image/upload/v1773952913/balport-products/seeded/tv3butwiotr5hnvzarxo.png"
"BP-664804000385","664804000385","https://res.cloudinary.com/ddhs5dd6l/image/upload/v1773952915/balport-products/seeded/vzbyx0motfrg2qhpngna.png"
"BP-664804001351","664804001351","https://res.cloudinary.com/ddhs5dd6l/image/upload/v1773952916/balport-products/seeded/jihp8swppztl8r1rdrge.jpg"
"BP-664804001368","664804001368","https://res.cloudinary.com/ddhs5dd6l/image/upload/v1773952918/balport-products/seeded/jkdevtew3ughcizd7wd5.jpg"
"BP-669576019207","669576019207","https://res.cloudinary.com/ddhs5dd6l/image/upload/v1773952920/balport-products/seeded/jckmhu2bveb7m5dndean.jpg"
"BP-669576019214","669576019214","https://res.cloudinary.com/ddhs5dd6l/image/upload/v1773952922/balport-products/seeded/n1f9asaicpetqpapwojy.jpg"
"BP-669576019221","669576019221","https://res.cloudinary.com/ddhs5dd6l/image/upload/v1773952925/balport-products/seeded/edkoazmuhawsi6y4gd0g.jpg"
"BP-669576019238","669576019238","https://res.cloudinary.com/ddhs5dd6l/image/upload/v1773952927/balport-products/seeded/qrszng9e1uev1wygv4mk.jpg"
"BP-669576019245","669576019245","https://res.cloudinary.com/ddhs5dd6l/image/upload/v1773952929/balport-products/seeded/fjfdkr6r3w8huohqteuv.png"
"BP-669576019252","669576019252","https://res.cloudinary.com/ddhs5dd6l/image/upload/v1773952930/balport-products/seeded/lch063zx7nhqmqupg9ex.jpg"
"BP-669576019269","669576019269","https://res.cloudinary.com/ddhs5dd6l/image/upload/v1773952932/balport-products/seeded/cucrrby9ir7jqtlagybv.jpg"
"BP-669576019283","669576019283","https://res.cloudinary.com/ddhs5dd6l/image/upload/v1773952935/balport-products/seeded/pll94d3nnhx37ecloteh.jpg"
"BP-669576019344","669576019344","https://res.cloudinary.com/ddhs5dd6l/image/upload/v1773952937/balport-products/seeded/aqynwohrvfg3cszokgab.jpg"
"BP-669576020548","669576020548","https://res.cloudinary.com/ddhs5dd6l/image/upload/v1773952938/balport-products/seeded/bdlrddvzochmctwayfcs.jpg"
"BP-669576020562","669576020562","https://res.cloudinary.com/ddhs5dd6l/image/upload/v1773952940/balport-products/seeded/cfyvqvti4fsnquirhe7c.jpg"
"BP-674545000001","674545000001","https://res.cloudinary.com/ddhs5dd6l/image/upload/v1773952942/balport-products/seeded/dialbddqep0bhhahxbjr.jpg"
"BP-674545000063","674545000063","https://res.cloudinary.com/ddhs5dd6l/image/upload/v1773952944/balport-products/seeded/hqgnomap7keatu058sts.jpg"
"BP-674545000414","674545000414","https://res.cloudinary.com/ddhs5dd6l/image/upload/v1773952946/balport-products/seeded/k5xgtkwpog2jjflegksu.jpg"
"BP-674545000599","674545000599","https://res.cloudinary.com/ddhs5dd6l/image/upload/v1773952948/balport-products/seeded/ho1otiyauzzfcqexvipo.jpg"
"BP-674545000605","674545000605","https://res.cloudinary.com/ddhs5dd6l/image/upload/v1773952950/balport-products/seeded/wxtpxmlsvz3eo7099yk8.jpg"
"BP-674545000612","674545000612","https://res.cloudinary.com/ddhs5dd6l/image/upload/v1773952952/balport-products/seeded/shfrjdiq2htiy7sh5dtd.jpg"
"BP-674545000629","674545000629","https://res.cloudinary.com/ddhs5dd6l/image/upload/v1773952954/balport-products/seeded/ebp3ifvpcggqq2p5xxbk.png"
"BP-674545000827","674545000827","https://res.cloudinary.com/ddhs5dd6l/image/upload/v1773952956/balport-products/seeded/n5btqczfsbvh2ouoqr3g.jpg"
"BP-674806008210","674806008210","https://res.cloudinary.com/ddhs5dd6l/image/upload/v1773952958/balport-products/seeded/ke01y8dlwaamzrrajc7k.jpg"
"BP-682430010486","682430010486","https://res.cloudinary.com/ddhs5dd6l/image/upload/v1773952959/balport-products/seeded/iyosroqzlupgcdvni5ls.jpg"
"BP-682430400102","682430400102","https://res.cloudinary.com/ddhs5dd6l/image/upload/v1773952961/balport-products/seeded/bbmxt8kpd5qv7n9hrier.jpg"
"BP-682430400119","682430400119","https://res.cloudinary.com/ddhs5dd6l/image/upload/v1773952963/balport-products/seeded/t3ou9ikm4nctn9ievs6l.jpg"
"BP-682430611737","682430611737","https://res.cloudinary.com/ddhs5dd6l/image/upload/v1773952964/balport-products/seeded/kiqoqxqz4je3njuvabxp.jpg"
"BP-682430611751","682430611751","https://res.cloudinary.com/ddhs5dd6l/image/upload/v1773952966/balport-products/seeded/irllop1ueacbt76kw0rr.jpg"
"BP-682430611768","682430611768","https://res.cloudinary.com/ddhs5dd6l/image/upload/v1773952968/balport-products/seeded/mi4hpwxcomjfw39opy4y.jpg"
"BP-686014000719","686014000719","https://res.cloudinary.com/ddhs5dd6l/image/upload/v1773952970/balport-products/seeded/bpxnodd8hvvivmttsjyn.jpg"
"BP-689352009611","689352009611","https://res.cloudinary.com/ddhs5dd6l/image/upload/v1773952971/balport-products/seeded/xlubhlqnnzmb1wlex4qc.jpg"
"BP-689352009925","689352009925","https://res.cloudinary.com/ddhs5dd6l/image/upload/v1773952972/balport-products/seeded/lctzabtqpwlwzr7wkvmo.jpg"
"BP-689926006107","689926006107","https://res.cloudinary.com/ddhs5dd6l/image/upload/v1773952974/balport-products/seeded/owsas1mqhhhbzapvcvnp.png"
"BP-689926100010","689926100010","https://res.cloudinary.com/ddhs5dd6l/image/upload/v1773952975/balport-products/seeded/bkojdur2m9shikmiasmh.jpg"
"BP-689926100027","689926100027","https://res.cloudinary.com/ddhs5dd6l/image/upload/v1773952977/balport-products/seeded/sqom9r8hdraixoixgfhg.jpg"
"BP-689926100072","689926100072","https://res.cloudinary.com/ddhs5dd6l/image/upload/v1773952979/balport-products/seeded/f2kocgolkci0btxl2aug.png"
"BP-689926102021","689926102021","https://res.cloudinary.com/ddhs5dd6l/image/upload/v1773952981/balport-products/seeded/gbioofzuoglok20yl8ux.png"
"BP-698743167502","698743167502","https://res.cloudinary.com/ddhs5dd6l/image/upload/v1773952983/balport-products/seeded/dc5bw3sskxcmrjnfqwwm.jpg"
"BP-698743907504","698743907504","https://res.cloudinary.com/ddhs5dd6l/image/upload/v1773952984/balport-products/seeded/jultttlh3ms8bnwtqgxm.png"
"BP-699013000550","699013000550","https://res.cloudinary.com/ddhs5dd6l/image/upload/v1773952986/balport-products/seeded/oyr0sxpquusxj9pxj4ms.jpg"
"BP-699013000956","699013000956","https://res.cloudinary.com/ddhs5dd6l/image/upload/v1773952988/balport-products/seeded/aj2jzzo7vytnddo3y7q8.jpg"
"BP-709192460646","709192460646","https://res.cloudinary.com/ddhs5dd6l/image/upload/v1773952991/balport-products/seeded/ad4uy5zn0ggjew5cfck4.jpg"
"BP-709586514856","709586514856","https://res.cloudinary.com/ddhs5dd6l/image/upload/v1773952992/balport-products/seeded/trmihehjqmm2zrs8fuab.jpg"
"BP-710909750103","710909750103","https://res.cloudinary.com/ddhs5dd6l/image/upload/v1773952995/balport-products/seeded/rwwjtoi0uamljcqje8jg.jpg"
"BP-710909760102","710909760102","https://res.cloudinary.com/ddhs5dd6l/image/upload/v1773952997/balport-products/seeded/zcfltvvyw8bcdg9qhzhz.jpg"
"BP-712199079810","712199079810","https://res.cloudinary.com/ddhs5dd6l/image/upload/v1773952999/balport-products/seeded/iqnpaa1e7hdlezzjted7.jpg"
"BP-717888110225","717888110225","https://res.cloudinary.com/ddhs5dd6l/image/upload/v1773953000/balport-products/seeded/ohqrrhxyphdphylxrdpi.jpg"
"BP-717888510025","717888510025","https://res.cloudinary.com/ddhs5dd6l/image/upload/v1773953001/balport-products/seeded/dsvryyemxho8ipldw4bj.jpg"
"BP-717888570029","717888570029","https://res.cloudinary.com/ddhs5dd6l/image/upload/v1773953003/balport-products/seeded/ct65ix5rivbynqx5upzv.jpg"
"BP-717888934128","717888934128","https://res.cloudinary.com/ddhs5dd6l/image/upload/v1773953004/balport-products/seeded/st53cbrol9o7kluqwfgh.jpg"
"BP-717888990124","717888990124","https://res.cloudinary.com/ddhs5dd6l/image/upload/v1773953006/balport-products/seeded/ojrruhn4aw6wnktvlwmq.jpg"
"BP-718122296644","718122296644","https://res.cloudinary.com/ddhs5dd6l/image/upload/v1773953011/balport-products/seeded/nqjkvsbv8qbvkiry1ve8.jpg"
"BP-718122297146","718122297146","https://res.cloudinary.com/ddhs5dd6l/image/upload/v1773953014/balport-products/seeded/g6r6f5vuequvmudevxng.jpg"
"BP-718122297344","718122297344","https://res.cloudinary.com/ddhs5dd6l/image/upload/v1773953016/balport-products/seeded/bdkwacszq1c8ur6qtw7a.jpg"
"BP-718122297443","718122297443","https://res.cloudinary.com/ddhs5dd6l/image/upload/v1773953017/balport-products/seeded/senvfw6ucwsy9mtuxvdc.jpg"
"BP-718122297948","718122297948","https://res.cloudinary.com/ddhs5dd6l/image/upload/v1773953019/balport-products/seeded/ximw4xtdq2hljwa9asim.jpg"
"BP-718122298341","718122298341","https://res.cloudinary.com/ddhs5dd6l/image/upload/v1773953021/balport-products/seeded/x4cc5j6bezbis3smb8dh.png"
"BP-718122298440","718122298440","https://res.cloudinary.com/ddhs5dd6l/image/upload/v1773953022/balport-products/seeded/utirpld8r55azfdt61o3.jpg"
"BP-718783000062","718783000062","https://res.cloudinary.com/ddhs5dd6l/image/upload/v1773953024/balport-products/seeded/rcrse6cmt8dxywabjndm.jpg"
"BP-719410720018","719410720018","https://res.cloudinary.com/ddhs5dd6l/image/upload/v1773953026/balport-products/seeded/qzjvtvjanxncmcg0mvuw.jpg"
"BP-719886212154","719886212154","https://res.cloudinary.com/ddhs5dd6l/image/upload/v1773953028/balport-products/seeded/qtbhwofyw7qvzwsnealc.jpg"
"BP-719886212192","719886212192","https://res.cloudinary.com/ddhs5dd6l/image/upload/v1773953029/balport-products/seeded/qemo3lynk2kq9r4jjzlz.jpg"
"BP-720815920101","720815920101","https://res.cloudinary.com/ddhs5dd6l/image/upload/v1773953031/balport-products/seeded/jnwiqm1q2ybbn3rv3xgf.jpg"
"BP-720815930131","720815930131","https://res.cloudinary.com/ddhs5dd6l/image/upload/v1773953033/balport-products/seeded/tmqggddi2cdciuwlbodd.jpg"
"BP-720815930339","720815930339","https://res.cloudinary.com/ddhs5dd6l/image/upload/v1773953035/balport-products/seeded/pcn8ybzou8dqmm4qefix.jpg"
"BP-720815930636","720815930636","https://res.cloudinary.com/ddhs5dd6l/image/upload/v1773953036/balport-products/seeded/rm4rckropucbatfed3om.jpg"
"BP-720815980136","720815980136","https://res.cloudinary.com/ddhs5dd6l/image/upload/v1773953038/balport-products/seeded/dlwdyl4uutjxkkrbmaiz.jpg"
"BP-720815982734","720815982734","https://res.cloudinary.com/ddhs5dd6l/image/upload/v1773953039/balport-products/seeded/obefoxzjgxzu9exbsc9k.jpg"
"BP-720815985629","720815985629","https://res.cloudinary.com/ddhs5dd6l/image/upload/v1773953041/balport-products/seeded/ztb7rf95lvgxqc04pp3p.jpg"
"BP-720815987135","720815987135","https://res.cloudinary.com/ddhs5dd6l/image/upload/v1773953043/balport-products/seeded/eczbdorf7ng2qzer2eq1.jpg"
"BP-720815988835","720815988835","https://res.cloudinary.com/ddhs5dd6l/image/upload/v1773953044/balport-products/seeded/hk3crwstvxazmfl1m0my.jpg"
"BP-720926022473","720926022473","https://res.cloudinary.com/ddhs5dd6l/image/upload/v1773953046/balport-products/seeded/fkeec4faaqjml9gdpbul.jpg"
"BP-721059001311","721059001311","https://res.cloudinary.com/ddhs5dd6l/image/upload/v1773953048/balport-products/seeded/vtifwdes1xrpu3fjtdml.jpg"
"BP-721059001502","721059001502","https://res.cloudinary.com/ddhs5dd6l/image/upload/v1773953049/balport-products/seeded/xorezsrpgmcxv6dfdbor.jpg"
"BP-721059001779","721059001779","https://res.cloudinary.com/ddhs5dd6l/image/upload/v1773953051/balport-products/seeded/d1j6t3lyarel8h3ltovk.jpg"
"BP-721059047500","721059047500","https://res.cloudinary.com/ddhs5dd6l/image/upload/v1773953053/balport-products/seeded/kvz6h3u42nxsjbi9f93h.jpg"
"BP-721059647502","721059647502","https://res.cloudinary.com/ddhs5dd6l/image/upload/v1773953055/balport-products/seeded/ypxvtfj2kgeqrwz2prub.jpg"
"BP-721059707503","721059707503","https://res.cloudinary.com/ddhs5dd6l/image/upload/v1773953056/balport-products/seeded/akztrubirbtzqdgkwwod.jpg"
"BP-721059707510","721059707510","https://res.cloudinary.com/ddhs5dd6l/image/upload/v1773953058/balport-products/seeded/rj5d08lqbp2dorjceejw.jpg"
"BP-721059892001","721059892001","https://res.cloudinary.com/ddhs5dd6l/image/upload/v1773953059/balport-products/seeded/tuwkzqqvrvi8wvpzu49m.jpg"
"BP-721059893763","721059893763","https://res.cloudinary.com/ddhs5dd6l/image/upload/v1773953061/balport-products/seeded/q5jkcsabnadakpbdzxft.jpg"
"BP-721059897501","721059897501","https://res.cloudinary.com/ddhs5dd6l/image/upload/v1773953063/balport-products/seeded/ocm9ogcfkr4rf0ethhtc.jpg"
"BP-721059983754","721059983754","https://res.cloudinary.com/ddhs5dd6l/image/upload/v1773953065/balport-products/seeded/kvo5yytuaxdjrjcncyhd.jpg"
"BP-721059987509","721059987509","https://res.cloudinary.com/ddhs5dd6l/image/upload/v1773953067/balport-products/seeded/rotzbzswytilrsjek6kh.jpg"
"BP-721733000012","721733000012","https://res.cloudinary.com/ddhs5dd6l/image/upload/v1773953069/balport-products/seeded/mz3oflu8idenoonymvsn.jpg"
"BP-721733000029","721733000029","https://res.cloudinary.com/ddhs5dd6l/image/upload/v1773953071/balport-products/seeded/xs3ahh9i6c4iijrahoca.jpg"
"BP-721733000913","721733000913","https://res.cloudinary.com/ddhs5dd6l/image/upload/v1773953073/balport-products/seeded/ejy1tlunqifivlthqmi9.jpg"
"BP-721733000944","721733000944","https://res.cloudinary.com/ddhs5dd6l/image/upload/v1773953075/balport-products/seeded/lm7wuomt0gaufav1zrps.jpg"
"BP-721733000951","721733000951","https://res.cloudinary.com/ddhs5dd6l/image/upload/v1773953077/balport-products/seeded/u6lriejfje8ayzsrn1t6.jpg"
"BP-721733000968","721733000968","https://res.cloudinary.com/ddhs5dd6l/image/upload/v1773953080/balport-products/seeded/eky7gthuhqzo6ceaycu0.jpg"
"BP-721733001088","721733001088","https://res.cloudinary.com/ddhs5dd6l/image/upload/v1773953085/balport-products/seeded/gpgkzm8dphbrmd7z4ixe.jpg"
"BP-721733001095","721733001095","https://res.cloudinary.com/ddhs5dd6l/image/upload/v1773953087/balport-products/seeded/akkkyrxqm9nobrxkewry.jpg"
"BP-721733001101","721733001101","https://res.cloudinary.com/ddhs5dd6l/image/upload/v1773953089/balport-products/seeded/jsoynj69oefhfsbsppgu.jpg"
"BP-721733001996","721733001996","https://res.cloudinary.com/ddhs5dd6l/image/upload/v1773953091/balport-products/seeded/srmzqt5rpadvhg6elmyd.jpg"
"BP-721733002016","721733002016","https://res.cloudinary.com/ddhs5dd6l/image/upload/v1773953093/balport-products/seeded/v88cej4ufzvnb8x3zujw.jpg"
"BP-721874003941","721874003941","https://res.cloudinary.com/ddhs5dd6l/image/upload/v1773953095/balport-products/seeded/zb6yigodjsw3vtbyqtpg.jpg"
"BP-721874003972","721874003972","https://res.cloudinary.com/ddhs5dd6l/image/upload/v1773953097/balport-products/seeded/c3oe5su04huovbbae5q9.jpg"
"BP-721874005778","721874005778","https://res.cloudinary.com/ddhs5dd6l/image/upload/v1773953099/balport-products/seeded/glhdyuisgf4v6kl3elp5.jpg"
"BP-721874011083","721874011083","https://res.cloudinary.com/ddhs5dd6l/image/upload/v1773953100/balport-products/seeded/tx70dlfinsrvjxpvflir.jpg"
"BP-721874012189","721874012189","https://res.cloudinary.com/ddhs5dd6l/image/upload/v1773953102/balport-products/seeded/pxsoveo5nd7i7ln9eksh.jpg"
"BP-722252601445","722252601445","https://res.cloudinary.com/ddhs5dd6l/image/upload/v1773953104/balport-products/seeded/zg9ztpvozpxh5mx4mos8.png"
"BP-723830000094","723830000094","https://res.cloudinary.com/ddhs5dd6l/image/upload/v1773953106/balport-products/seeded/ccx1znqwp9g0ockruyek.jpg"
"BP-723830000148","723830000148","https://res.cloudinary.com/ddhs5dd6l/image/upload/v1773953108/balport-products/seeded/vbnmk1hkjslfp9apbqm6.jpg"
"BP-723830000179","723830000179","https://res.cloudinary.com/ddhs5dd6l/image/upload/v1773953110/balport-products/seeded/ggwhsuq4muv2kbaodqyr.jpg"
"BP-723830000209","723830000209","https://res.cloudinary.com/ddhs5dd6l/image/upload/v1773953113/balport-products/seeded/xq8dtecf1zs0d6gj1fsw.png"
"BP-723830011922","723830011922","https://res.cloudinary.com/ddhs5dd6l/image/upload/v1773953115/balport-products/seeded/pa4whyeept0m7abty1hr.png"
"BP-723830014060","723830014060","https://res.cloudinary.com/ddhs5dd6l/image/upload/v1773953117/balport-products/seeded/r0jlc7bvnmqhmvj4acij.jpg"
"BP-723830014190","723830014190","https://res.cloudinary.com/ddhs5dd6l/image/upload/v1773953118/balport-products/seeded/larm8sg7j5jhpobnd3x2.png"
"BP-723830046122","723830046122","https://res.cloudinary.com/ddhs5dd6l/image/upload/v1773953120/balport-products/seeded/vyncvlwtaizcegaujkx5.png"
"BP-723830051928","723830051928","https://res.cloudinary.com/ddhs5dd6l/image/upload/v1773953122/balport-products/seeded/ikitbxpc6eyr4fsfqvou.png"
"BP-723830054127","723830054127","https://res.cloudinary.com/ddhs5dd6l/image/upload/v1773953123/balport-products/seeded/ntv4zmjb7hwb0gnjdwrs.jpg"
"BP-723830095670","723830095670","https://res.cloudinary.com/ddhs5dd6l/image/upload/v1773953125/balport-products/seeded/hzbbldmdxbqgwk3mzxa5.jpg"
"BP-723830143067","723830143067","https://res.cloudinary.com/ddhs5dd6l/image/upload/v1773953127/balport-products/seeded/ejlopbiztrsghibyxr6u.jpg"
"BP-723830165618","723830165618","https://res.cloudinary.com/ddhs5dd6l/image/upload/v1773953128/balport-products/seeded/nxugjvstq1c81wwtyrqs.jpg"
"BP-723830212121","723830212121","https://res.cloudinary.com/ddhs5dd6l/image/upload/v1773953130/balport-products/seeded/cjlzjo6rptol3j9d8ora.jpg"
"BP-723830370111","723830370111","https://res.cloudinary.com/ddhs5dd6l/image/upload/v1773953132/balport-products/seeded/tbjf0olnevkr5nvl7zdj.jpg"
"BP-724190812877","724190812877","https://res.cloudinary.com/ddhs5dd6l/image/upload/v1773953134/balport-products/seeded/myqohfvmxrqyggqicymj.jpg"
"BP-724624001075","724624001075","https://res.cloudinary.com/ddhs5dd6l/image/upload/v1773953135/balport-products/seeded/ynrg4jusm6ncqkrh5r6b.jpg"
"BP-724624116090","724624116090","https://res.cloudinary.com/ddhs5dd6l/image/upload/v1773953138/balport-products/seeded/qjash4rk1p7rg5j5aqxu.jpg"
"BP-725181021018","725181021018","https://res.cloudinary.com/ddhs5dd6l/image/upload/v1773953140/balport-products/seeded/scnyldiov9bsmgwe9jgt.jpg"
"BP-725181068013","725181068013","https://res.cloudinary.com/ddhs5dd6l/image/upload/v1773953142/balport-products/seeded/py2i77cbpzsgrcqglsua.jpg"
"BP-725181203018","725181203018","https://res.cloudinary.com/ddhs5dd6l/image/upload/v1773953143/balport-products/seeded/uhxohxveym4luhnilqjy.jpg"
"BP-725181249016","725181249016","https://res.cloudinary.com/ddhs5dd6l/image/upload/v1773953145/balport-products/seeded/trlyhyeqsaom16n3j4ot.jpg"
"BP-725181363019","725181363019","https://res.cloudinary.com/ddhs5dd6l/image/upload/v1773953147/balport-products/seeded/ilerdj9zsxrhfvnjnlct.jpg"
"BP-725226000787","725226000787","https://res.cloudinary.com/ddhs5dd6l/image/upload/v1773953149/balport-products/seeded/g2ptigvpca5zjq99t0b3.jpg"
"BP-725226001210","725226001210","https://res.cloudinary.com/ddhs5dd6l/image/upload/v1773953150/balport-products/seeded/hdzitk8j2xbqdoxwkck5.jpg"
"BP-725226001715","725226001715","https://res.cloudinary.com/ddhs5dd6l/image/upload/v1773953153/balport-products/seeded/yutpydan2f838synfrlj.jpg"
"BP-725226001906","725226001906","https://res.cloudinary.com/ddhs5dd6l/image/upload/v1773953155/balport-products/seeded/ysesijlz54qexezzkbxj.jpg"
"BP-727344000052","727344000052","https://res.cloudinary.com/ddhs5dd6l/image/upload/v1773953156/balport-products/seeded/dsod3dcnebh48wzd7emc.jpg"
"BP-727344000076","727344000076","https://res.cloudinary.com/ddhs5dd6l/image/upload/v1773953158/balport-products/seeded/i3ymnw6qlsz3ygl8zl5v.jpg"
"BP-727344000137","727344000137","https://res.cloudinary.com/ddhs5dd6l/image/upload/v1773953160/balport-products/seeded/ibm3g4lhfjvxym6qkcyp.jpg"
"BP-727344000236","727344000236","https://res.cloudinary.com/ddhs5dd6l/image/upload/v1773953162/balport-products/seeded/qdjbtvmt6hsr03rqeeku.jpg"
"BP-727344000380","727344000380","https://res.cloudinary.com/ddhs5dd6l/image/upload/v1773953165/balport-products/seeded/aeh1r2nosg2kt3bksz3v.jpg"
"BP-727344000656","727344000656","https://res.cloudinary.com/ddhs5dd6l/image/upload/v1773953166/balport-products/seeded/k94z4yhcu41bzd9ybagl.png"
"BP-727344001059","727344001059","https://res.cloudinary.com/ddhs5dd6l/image/upload/v1773953168/balport-products/seeded/yc6a172ev2fvlpki1rup.jpg"
"BP-727344002063","727344002063","https://res.cloudinary.com/ddhs5dd6l/image/upload/v1773953170/balport-products/seeded/jmghzdl0gcq2xhnsxv7s.png"
"BP-727344002209","727344002209","https://res.cloudinary.com/ddhs5dd6l/image/upload/v1773953172/balport-products/seeded/gqfthloyjtophj6dqrmu.png"
"BP-727344002704","727344002704","https://res.cloudinary.com/ddhs5dd6l/image/upload/v1773953174/balport-products/seeded/gzghszshi89qtznzri2e.png"
"BP-727344002766","727344002766","https://res.cloudinary.com/ddhs5dd6l/image/upload/v1773953176/balport-products/seeded/uvcwnweliea0sia6ifng.png"
"BP-727344002872","727344002872","https://res.cloudinary.com/ddhs5dd6l/image/upload/v1773953177/balport-products/seeded/m4dexx6wlggosuyrr8jo.png"
"BP-728817199129","728817199129","https://res.cloudinary.com/ddhs5dd6l/image/upload/v1773953179/balport-products/seeded/proa9qn9sbqrfypf8j8n.jpg"
"BP-728817199600","728817199600","https://res.cloudinary.com/ddhs5dd6l/image/upload/v1773953180/balport-products/seeded/bzmzbrsshgfpdbe0suys.jpg"
"BP-728817199617","728817199617","https://res.cloudinary.com/ddhs5dd6l/image/upload/v1773953181/balport-products/seeded/ggamhyknpmgxdfjglbhz.jpg"
"BP-729722700127","729722700127","https://res.cloudinary.com/ddhs5dd6l/image/upload/v1773953183/balport-products/seeded/ij5soxogygn67thubcx5.jpg"
"BP-733952007048","733952007048","https://res.cloudinary.com/ddhs5dd6l/image/upload/v1773953185/balport-products/seeded/xzveodwnidsadnunvpdn.jpg"
"BP-733952097025","733952097025","https://res.cloudinary.com/ddhs5dd6l/image/upload/v1773953187/balport-products/seeded/ok8byeqyx64xfjnpowph.jpg"
"BP-733952987500","733952987500","https://res.cloudinary.com/ddhs5dd6l/image/upload/v1773953189/balport-products/seeded/bveupjfcisc2zksciy9k.jpg"
"BP-733952997103","733952997103","https://res.cloudinary.com/ddhs5dd6l/image/upload/v1773953190/balport-products/seeded/jlfvfjtlmdwjx2yjcrkw.jpg"
"BP-733952997554","733952997554","https://res.cloudinary.com/ddhs5dd6l/image/upload/v1773953193/balport-products/seeded/v0ufa6muamg2mxk8dnek.jpg"
"BP-734599020056","734599020056","https://res.cloudinary.com/ddhs5dd6l/image/upload/v1773953194/balport-products/seeded/aj2ryve2wb8kcv38jzu3.jpg"
"BP-734599400056","734599400056","https://res.cloudinary.com/ddhs5dd6l/image/upload/v1773953196/balport-products/seeded/ebmpertw0kukrc0txnmb.png"
"BP-736040003984","736040003984","https://res.cloudinary.com/ddhs5dd6l/image/upload/v1773953198/balport-products/seeded/l0gifolkdmvqhdsgkb3u.jpg"
"BP-736040003991","736040003991","https://res.cloudinary.com/ddhs5dd6l/image/upload/v1773953201/balport-products/seeded/ncsibn7uoal7f34beoic.jpg"
"BP-736040004011","736040004011","https://res.cloudinary.com/ddhs5dd6l/image/upload/v1773953204/balport-products/seeded/pcll7sf4veg9fk7mrq0d.jpg"
"BP-736040011064","736040011064","https://res.cloudinary.com/ddhs5dd6l/image/upload/v1773953205/balport-products/seeded/baice7z7fj3fuxstwhyz.jpg"
"BP-736040012856","736040012856","https://res.cloudinary.com/balport/image/upload/v1/placeholder.jpg"
"BP-736040501381","736040501381","https://res.cloudinary.com/ddhs5dd6l/image/upload/v1773953207/balport-products/seeded/tage1y7kaj1kxrqogr7u.jpg"
"BP-736040502371","736040502371","https://res.cloudinary.com/ddhs5dd6l/image/upload/v1773953208/balport-products/seeded/vdho8qxuhfi32hyjkqry.jpg"
"BP-736040519324","736040519324","https://res.cloudinary.com/ddhs5dd6l/image/upload/v1773953210/balport-products/seeded/ay58gjfwxlgxol8iej20.jpg"
"BP-736040519348","736040519348","https://res.cloudinary.com/balport/image/upload/v1/placeholder.jpg"
"BP-736040521884","736040521884","https://res.cloudinary.com/ddhs5dd6l/image/upload/v1773953212/balport-products/seeded/iqcrd0tjbdqhmzcrfr4x.jpg"
"BP-736040532736","736040532736","https://res.cloudinary.com/ddhs5dd6l/image/upload/v1773953214/balport-products/seeded/as1zorgped9lunvjmk89.png"
"BP-736040537113","736040537113","https://res.cloudinary.com/ddhs5dd6l/image/upload/v1773953217/balport-products/seeded/ljkv3crbkadtt4rg6qvp.png"
"BP-737534449172","737534449172","https://res.cloudinary.com/ddhs5dd6l/image/upload/v1773953218/balport-products/seeded/vykr4zwdajbmo9al26pr.jpg"
"BP-739601815651","739601815651","https://res.cloudinary.com/ddhs5dd6l/image/upload/v1773953220/balport-products/seeded/pra57bvapjohs1xxwxyn.jpg"
"BP-739949600018","739949600018","https://res.cloudinary.com/ddhs5dd6l/image/upload/v1773953221/balport-products/seeded/ofxft72mazxoccxhbl4u.jpg"
"BP-739958014509","739958014509","https://res.cloudinary.com/ddhs5dd6l/image/upload/v1773953223/balport-products/seeded/qb9er3m3fjk6vuuqysiw.jpg"
"BP-739958023105","739958023105","https://res.cloudinary.com/ddhs5dd6l/image/upload/v1773953224/balport-products/seeded/baqotv5refmqovjttkw4.jpg"
"BP-739958064801","739958064801","https://res.cloudinary.com/ddhs5dd6l/image/upload/v1773953226/balport-products/seeded/d9kmd7t9jrtxepcxhrav.jpg"
"BP-739958075005","739958075005","https://res.cloudinary.com/ddhs5dd6l/image/upload/v1773953228/balport-products/seeded/lmi3ostge00dvbkzfgdv.jpg"
"BP-739958105405","739958105405","https://res.cloudinary.com/ddhs5dd6l/image/upload/v1773953230/balport-products/seeded/kpd6fljihzgz2flggi7a.jpg"
"BP-739958974001","739958974001","https://res.cloudinary.com/ddhs5dd6l/image/upload/v1773953232/balport-products/seeded/nwgnwzytfkuivypoq826.jpg"
"BP-739958974100","739958974100","https://res.cloudinary.com/ddhs5dd6l/image/upload/v1773953235/balport-products/seeded/yzfjv4ln4g8grbdpkfzg.jpg"
"BP-740522110886","740522110886","https://res.cloudinary.com/ddhs5dd6l/image/upload/v1773953237/balport-products/seeded/zf3vsy5imek8nwewkpfk.jpg"
"BP-740522120861","740522120861","https://res.cloudinary.com/ddhs5dd6l/image/upload/v1773953238/balport-products/seeded/iliditr6xf6pfv12eahe.jpg"
"BP-742651107195","742651107195","https://res.cloudinary.com/ddhs5dd6l/image/upload/v1773953240/balport-products/seeded/qyd9jyckd4ixwr5b1eup.jpg"
"BP-742651123102","742651123102","https://res.cloudinary.com/ddhs5dd6l/image/upload/v1773953242/balport-products/seeded/lwlrghncrytrwsnvy6tr.png"
"BP-742651135198","742651135198","https://res.cloudinary.com/ddhs5dd6l/image/upload/v1773953244/balport-products/seeded/vhirdghicodvbq8s3ogr.jpg"
"BP-742651138298","742651138298","https://res.cloudinary.com/ddhs5dd6l/image/upload/v1773953246/balport-products/seeded/br2yelwcbs69mscyzssx.jpg"
"BP-742651152102","742651152102","https://res.cloudinary.com/ddhs5dd6l/image/upload/v1773953248/balport-products/seeded/tk7kwkvunpo4b2raz5wh.jpg"
"BP-743305000053","743305000053","https://res.cloudinary.com/ddhs5dd6l/image/upload/v1773953249/balport-products/seeded/ircxulokwf1x6av24k1i.jpg"
"BP-744607007108","744607007108","https://res.cloudinary.com/ddhs5dd6l/image/upload/v1773953251/balport-products/seeded/hmp6xrlnvrcxhzxiyavn.jpg"
"BP-744607063203","744607063203","https://res.cloudinary.com/ddhs5dd6l/image/upload/v1773953252/balport-products/seeded/bqewdswrwpuqbmzpehsd.jpg"
"BP-744607068208","744607068208","https://res.cloudinary.com/ddhs5dd6l/image/upload/v1773953254/balport-products/seeded/hmuooyazrfqfrxgyez6i.jpg"
"BP-744607068406","744607068406","https://res.cloudinary.com/ddhs5dd6l/image/upload/v1773953255/balport-products/seeded/mtzeunhlskbd1bhk9juh.jpg"
"BP-744607068604","744607068604","https://res.cloudinary.com/ddhs5dd6l/image/upload/v1773953257/balport-products/seeded/lf2xtcybbcuvm1dfl3qt.png"
"BP-744607069205","744607069205","https://res.cloudinary.com/ddhs5dd6l/image/upload/v1773953259/balport-products/seeded/uzcy2adp77uvj0aqerv9.jpg"
"BP-744607069601","744607069601","https://res.cloudinary.com/ddhs5dd6l/image/upload/v1773953260/balport-products/seeded/fbwn1qwmcjqd6mgl8m24.png"
"BP-744607069700","BP-744607069700","https://res.cloudinary.com/ddhs5dd6l/image/upload/v1774012613/balport-products/tkotgyoeul6emclggyfc.webp"
"BP-744607111317","744607111317","https://res.cloudinary.com/ddhs5dd6l/image/upload/v1773953264/balport-products/seeded/cwamfvea9nmpuwbsxgzg.jpg"
"BP-744607111324","744607111324","https://res.cloudinary.com/ddhs5dd6l/image/upload/v1773953265/balport-products/seeded/ojp9buhsruih9zqrmd8m.jpg"
"BP-744607111331","744607111331","https://res.cloudinary.com/ddhs5dd6l/image/upload/v1773953267/balport-products/seeded/jmpivevln1vvgya9lgn5.jpg"
"BP-747846010014","747846010014","https://res.cloudinary.com/ddhs5dd6l/image/upload/v1773953268/balport-products/seeded/fu7mrttzdvvsdqvsao8e.jpg"
"BP-747846020013","747846020013","https://res.cloudinary.com/ddhs5dd6l/image/upload/v1773953270/balport-products/seeded/lbh9vv5srnbw0e1ysjzg.png"
"BP-747846020020","747846020020","https://res.cloudinary.com/ddhs5dd6l/image/upload/v1773953275/balport-products/seeded/i4wqqq3bjslco1un8uyo.jpg"
"BP-747846040011","747846040011","https://res.cloudinary.com/ddhs5dd6l/image/upload/v1773953276/balport-products/seeded/enwmxy3n10jrwcuhhzwv.png"
"BP-748284002838","748284002838","https://res.cloudinary.com/ddhs5dd6l/image/upload/v1773953278/balport-products/seeded/akdnhou7vexivftpfq6g.jpg"
"BP-751249116129","751249116129","https://res.cloudinary.com/ddhs5dd6l/image/upload/v1773953279/balport-products/seeded/hwwz0vgdwali2f89zgjk.jpg"
"BP-751249127040","751249127040","https://res.cloudinary.com/ddhs5dd6l/image/upload/v1773953281/balport-products/seeded/sjcgrh4m9ywmi2rpybby.jpg"
"BP-751249127064","751249127064","https://res.cloudinary.com/ddhs5dd6l/image/upload/v1773953283/balport-products/seeded/zwan1w8xyvr8pp5yhknk.png"
"BP-751249129068","751249129068","https://res.cloudinary.com/ddhs5dd6l/image/upload/v1773953284/balport-products/seeded/rjspinv2hmtyijweo8xd.jpg"
"BP-751249130484","751249130484","https://res.cloudinary.com/ddhs5dd6l/image/upload/v1773953286/balport-products/seeded/mcvzfic81lvhfa99xj3a.jpg"
"BP-751249241067","751249241067","https://res.cloudinary.com/ddhs5dd6l/image/upload/v1773953288/balport-products/seeded/gnc13eie77m2eokz3nx6.png"
"BP-751249252063","751249252063","https://res.cloudinary.com/ddhs5dd6l/image/upload/v1773953289/balport-products/seeded/rrxhuqesl968tskvl2yq.jpg"
"BP-751249252285","751249252285","https://res.cloudinary.com/ddhs5dd6l/image/upload/v1773953291/balport-products/seeded/fysu2yppj0wmg8rrzqag.png"
"BP-751249252858","751249252858","https://res.cloudinary.com/ddhs5dd6l/image/upload/v1773953293/balport-products/seeded/caufh25atrlcjum2r1o6.png"
"BP-752245141504","752245141504","https://res.cloudinary.com/ddhs5dd6l/image/upload/v1773953295/balport-products/seeded/nevvp2l8tdtv3dzgfyhe.png"
"BP-752830059290","752830059290","https://res.cloudinary.com/ddhs5dd6l/image/upload/v1773953296/balport-products/seeded/oq1xsfaisopi1b6hfiyu.jpg"
"BP-752830895324","752830895324","https://res.cloudinary.com/ddhs5dd6l/image/upload/v1773953298/balport-products/seeded/pw1znetygldfvyy7xski.jpg"
"BP-752830895423","752830895423","https://res.cloudinary.com/ddhs5dd6l/image/upload/v1773953299/balport-products/seeded/phjgbkm1xgagdhbqoqac.jpg"
"BP-754527000660","754527000660","https://res.cloudinary.com/ddhs5dd6l/image/upload/v1773953304/balport-products/seeded/jkes9pacgenntnedazky.jpg"
"BP-754527008857","754527008857","https://res.cloudinary.com/ddhs5dd6l/image/upload/v1773953313/balport-products/seeded/gwoy8dcvr7tyo4nskaok.jpg"
"BP-754527010218","754527010218","https://res.cloudinary.com/ddhs5dd6l/image/upload/v1773953314/balport-products/seeded/aecm4cbrp4zbebcaqbr8.jpg"
"BP-754527010706","754527010706","https://res.cloudinary.com/balport/image/upload/v1/placeholder.jpg"
"BP-754527011055","754527011055","https://res.cloudinary.com/ddhs5dd6l/image/upload/v1773953316/balport-products/seeded/fdrymie01ass6bgy4wxe.png"
"BP-754527011710","754527011710","https://res.cloudinary.com/ddhs5dd6l/image/upload/v1773953318/balport-products/seeded/l1xvbwyza4jsb59lekfz.png"
"BP-754527011727","754527011727","https://res.cloudinary.com/ddhs5dd6l/image/upload/v1773953320/balport-products/seeded/ow3xgzif6p3o3t3ov067.png"
"BP-754527012076","754527012076","https://res.cloudinary.com/ddhs5dd6l/image/upload/v1773953322/balport-products/seeded/n1bzct9khqi5ffvrzna7.jpg"
"BP-754527012205","BP-754527012205","https://res.cloudinary.com/ddhs5dd6l/image/upload/v1774011346/balport-products/dff8ktigufeu3ybltbag.webp"
"BP-754527012274","754527012274","https://res.cloudinary.com/ddhs5dd6l/image/upload/v1773953326/balport-products/seeded/tydpwpprmvdwujdf9pvk.jpg"
"BP-757528008581","757528008581","https://res.cloudinary.com/ddhs5dd6l/image/upload/v1773953329/balport-products/seeded/gltmwxnvdkeerfvmts8z.jpg"
"BP-757528008680","757528008680","https://res.cloudinary.com/ddhs5dd6l/image/upload/v1773953330/balport-products/seeded/o3ylcmx9iazb5xv1c9xf.jpg"
"BP-757528008697","757528008697","https://res.cloudinary.com/ddhs5dd6l/image/upload/v1773953332/balport-products/seeded/ccpqkf8ax69izgvwrkno.jpg"
"BP-757528008932","757528008932","https://res.cloudinary.com/ddhs5dd6l/image/upload/v1773953334/balport-products/seeded/ziwpn5olajgwp2lgfp22.jpg"
"BP-757528010607","757528010607","https://res.cloudinary.com/ddhs5dd6l/image/upload/v1773953336/balport-products/seeded/hqefmj7kaulixetolu4h.png"
"BP-757528028077","757528028077","https://res.cloudinary.com/ddhs5dd6l/image/upload/v1773953338/balport-products/seeded/m0vescvovn7099wlw3jx.jpg"
"BP-757528037475","757528037475","https://res.cloudinary.com/ddhs5dd6l/image/upload/v1773953340/balport-products/seeded/qvbvmupdxk8v7lrnkz73.jpg"
"BP-757528045272","757528045272","https://res.cloudinary.com/ddhs5dd6l/image/upload/v1773953341/balport-products/seeded/oujgnc73cjsvbhttnwuz.jpg"
"BP-757528045739","757528045739","https://res.cloudinary.com/ddhs5dd6l/image/upload/v1773953343/balport-products/seeded/gbizakb0o9fufglfqveo.jpg"
"BP-757528046361","757528046361","https://res.cloudinary.com/ddhs5dd6l/image/upload/v1773953344/balport-products/seeded/oapz7la9patuczxboadj.png"
"BP-757528048075","757528048075","https://res.cloudinary.com/ddhs5dd6l/image/upload/v1773953346/balport-products/seeded/qgd4vdhxsg6l6wfkmhbf.jpg"
"BP-757528048112","757528048112","https://res.cloudinary.com/ddhs5dd6l/image/upload/v1773953347/balport-products/seeded/alqx0k2suvb0efbn2bvy.jpg"
"BP-757528049102","757528049102","https://res.cloudinary.com/ddhs5dd6l/image/upload/v1773953349/balport-products/seeded/wsr0wgdzb9ldiokhhzy8.jpg"
"BP-757528049119","757528049119","https://res.cloudinary.com/ddhs5dd6l/image/upload/v1773953352/balport-products/seeded/wygtlww2egob6byzlztn.jpg"
"BP-757528049126","757528049126","https://res.cloudinary.com/ddhs5dd6l/image/upload/v1773953355/balport-products/seeded/gjskc3fvg4qu9iqigl63.jpg"
"BP-757528049621","757528049621","https://res.cloudinary.com/ddhs5dd6l/image/upload/v1773953356/balport-products/seeded/ngrejsykmfmonmmyzhty.jpg"
"BP-757528051334","757528051334","https://res.cloudinary.com/ddhs5dd6l/image/upload/v1773953358/balport-products/seeded/rhxmbyfvd5wletmglfma.jpg"
"BP-757528051518","757528051518","https://res.cloudinary.com/ddhs5dd6l/image/upload/v1773953360/balport-products/seeded/hi7cwrkahhp0iofq1ika.jpg"
"BP-757528051525","757528051525","https://res.cloudinary.com/ddhs5dd6l/image/upload/v1773953362/balport-products/seeded/evaj4gscnagcarjokrd7.jpg"
"BP-757528051846","757528051846","https://res.cloudinary.com/ddhs5dd6l/image/upload/v1773953363/balport-products/seeded/rnepgycj9rqp4e0fhytv.jpg"
"BP-759380119559","759380119559","https://res.cloudinary.com/ddhs5dd6l/image/upload/v1773953365/balport-products/seeded/mfssgr15mpoevciegtyk.jpg"
"BP-761180802005","761180802005","https://res.cloudinary.com/ddhs5dd6l/image/upload/v1773953366/balport-products/seeded/rk6m1vny6ruph1plnknk.jpg"
"BP-766871416752","766871416752","https://res.cloudinary.com/ddhs5dd6l/image/upload/v1773953368/balport-products/seeded/jhf3ac11riro37wb9loy.png"
"BP-767000724274","767000724274","https://res.cloudinary.com/ddhs5dd6l/image/upload/v1773953370/balport-products/seeded/kvqrxsmribrk3hjqcamj.jpg"
"BP-768154231540","768154231540","https://res.cloudinary.com/ddhs5dd6l/image/upload/v1773953372/balport-products/seeded/itbjujtkf22sit3tvxwj.jpg"
"BP-768675960127","768675960127","https://res.cloudinary.com/ddhs5dd6l/image/upload/v1773953373/balport-products/seeded/g9rvrnyjta1pnraf2xbu.jpg"
"BP-769611454441","769611454441","https://res.cloudinary.com/ddhs5dd6l/image/upload/v1773953374/balport-products/seeded/bhxkwfouvegwzyiaa1hd.jpg"
"BP-769692000100","769692000100","https://res.cloudinary.com/ddhs5dd6l/image/upload/v1773953376/balport-products/seeded/mpqaysbjn49lemlfi2r7.jpg"
"BP-769692000209","769692000209","https://res.cloudinary.com/ddhs5dd6l/image/upload/v1773953377/balport-products/seeded/lozy7uiodecrz4napuea.jpg"
"BP-769692000308","769692000308","https://res.cloudinary.com/ddhs5dd6l/image/upload/v1773953379/balport-products/seeded/bw8yqplucgjl3ickjrqa.jpg"
"BP-780999002918","780999002918","https://res.cloudinary.com/ddhs5dd6l/image/upload/v1773953382/balport-products/seeded/ulai6jsspofml1qciuc4.jpg"
"BP-785214190753","785214190753","https://res.cloudinary.com/ddhs5dd6l/image/upload/v1773953383/balport-products/seeded/kswntug20ymslm68txjq.jpg"
"BP-785214290750","785214290750","https://res.cloudinary.com/ddhs5dd6l/image/upload/v1773953385/balport-products/seeded/zd0bxbsuybo97pcgau8z.png"
"BP-785774000394","785774000394","https://res.cloudinary.com/ddhs5dd6l/image/upload/v1773953387/balport-products/seeded/vcsauz2unukxcn0nep2k.jpg"
"BP-786150000014","786150000014","https://res.cloudinary.com/ddhs5dd6l/image/upload/v1773953390/balport-products/seeded/rrcbzky75xthyg6zt06r.jpg"
"BP-786150000144","786150000144","https://res.cloudinary.com/ddhs5dd6l/image/upload/v1773953392/balport-products/seeded/eie9xmjywaqe9rstebka.jpg"
"BP-786150000304","786150000304","https://res.cloudinary.com/ddhs5dd6l/image/upload/v1773953395/balport-products/seeded/jgygxschwuscudqxrbew.jpg"
"BP-786150000571","786150000571","https://res.cloudinary.com/ddhs5dd6l/image/upload/v1773953398/balport-products/seeded/vzflyj0vhamc9cozfols.jpg"
"BP-786162001511","786162001511","https://res.cloudinary.com/ddhs5dd6l/image/upload/v1773953400/balport-products/seeded/rzv1afw5avnqmpsdcx81.jpg"
"BP-786162002969","786162002969","https://res.cloudinary.com/ddhs5dd6l/image/upload/v1773953402/balport-products/seeded/yf5jz7k60ilxx1nkz16y.jpg"
"BP-786162002976","786162002976","https://res.cloudinary.com/ddhs5dd6l/image/upload/v1773953404/balport-products/seeded/qj2mwohvrztntnwbc6dl.jpg"
"BP-786162002983","786162002983","https://res.cloudinary.com/ddhs5dd6l/image/upload/v1773953406/balport-products/seeded/hkx2cyblhxpirbx98sk8.jpg"
"BP-786162003737","786162003737","https://res.cloudinary.com/ddhs5dd6l/image/upload/v1773953408/balport-products/seeded/yxvgrfj5elaupyi6fbdl.jpg"
"BP-786162004857","786162004857","https://res.cloudinary.com/ddhs5dd6l/image/upload/v1773953410/balport-products/seeded/xe62asjrfk5odxtqdzuu.jpg"
"BP-786162006127","786162006127","https://res.cloudinary.com/ddhs5dd6l/image/upload/v1773953413/balport-products/seeded/wtrsk5qrs9fiwulfpqbj.jpg"
"BP-786162010001","786162010001","https://res.cloudinary.com/ddhs5dd6l/image/upload/v1773953414/balport-products/seeded/hy9pekuv85hbznyv3qp4.jpg"
"BP-786162023124","786162023124","https://res.cloudinary.com/ddhs5dd6l/image/upload/v1773953416/balport-products/seeded/jzx38yqmdovnw6ettpdd.jpg"
"BP-786162040008","786162040008","https://res.cloudinary.com/ddhs5dd6l/image/upload/v1773953418/balport-products/seeded/e80o5a90z92rgl3gkcyt.jpg"
"BP-786162070005","786162070005","https://res.cloudinary.com/ddhs5dd6l/image/upload/v1773953420/balport-products/seeded/w5daxyuhrymlpe6bchg3.jpg"
"BP-786162080004","786162080004","https://res.cloudinary.com/ddhs5dd6l/image/upload/v1773953422/balport-products/seeded/qdp5suaumih8f8iatme2.jpg"
"BP-786162150004","786162150004","https://res.cloudinary.com/ddhs5dd6l/image/upload/v1773953425/balport-products/seeded/rqfk6duoeifj26cc6j1u.jpg"
"BP-786162200433","786162200433","https://res.cloudinary.com/ddhs5dd6l/image/upload/v1773953427/balport-products/seeded/aq9u0nos58wpyt85nlir.jpg"
"BP-786162338006","786162338006","https://res.cloudinary.com/ddhs5dd6l/image/upload/v1773953429/balport-products/seeded/lz57yqonpsyqxogpmhef.jpg"
"BP-786162410153","786162410153","https://res.cloudinary.com/ddhs5dd6l/image/upload/v1773953430/balport-products/seeded/tbk2z6xtwodygugdlrgy.jpg"
"BP-786162411150","786162411150","https://res.cloudinary.com/ddhs5dd6l/image/upload/v1773953432/balport-products/seeded/rxqgvnyu9muqey4awjgb.jpg"
"BP-786162411167","786162411167","https://res.cloudinary.com/ddhs5dd6l/image/upload/v1773953433/balport-products/seeded/m4fxjl8pox9rfoqakfbh.jpg"
"BP-786162411211","786162411211","https://res.cloudinary.com/ddhs5dd6l/image/upload/v1773953435/balport-products/seeded/r5orwtbxdcodvazpsjrz.jpg"
"BP-786162507006","786162507006","https://res.cloudinary.com/ddhs5dd6l/image/upload/v1773953437/balport-products/seeded/hodlof1ms7lnnvkz5cv1.jpg"
"BP-786243119906","786243119906","https://res.cloudinary.com/ddhs5dd6l/image/upload/v1773953439/balport-products/seeded/bpr4kfi8n4o3ekrzu1ak.jpg"
"BP-786243550242","786243550242","https://res.cloudinary.com/ddhs5dd6l/image/upload/v1773953441/balport-products/seeded/cdpgkhkdhrnjhbiftojs.jpg"
"BP-787269005013","787269005013","https://res.cloudinary.com/ddhs5dd6l/image/upload/v1773953442/balport-products/seeded/t1woszpbbmdtebjvxvwb.png"
"BP-787692835416","787692835416","https://res.cloudinary.com/ddhs5dd6l/image/upload/v1773953445/balport-products/seeded/dlexwx74kgcvljs4tkoz.jpg"
"BP-790203020010","790203020010","https://res.cloudinary.com/ddhs5dd6l/image/upload/v1773953446/balport-products/seeded/cwuzhn3uzhfhoalmprau.jpg"
"BP-793573117267","793573117267","https://res.cloudinary.com/ddhs5dd6l/image/upload/v1773953448/balport-products/seeded/a0af06fltkjqr3kmukcv.jpg"
"BP-793573797940","793573797940","https://res.cloudinary.com/ddhs5dd6l/image/upload/v1773953450/balport-products/seeded/mjcykxyckjuiirgjuici.jpg"
"BP-794356085353","794356085353","https://res.cloudinary.com/ddhs5dd6l/image/upload/v1773953453/balport-products/seeded/tknrv9sfbibyi1buirys.jpg"
"BP-794356085377","794356085377","https://res.cloudinary.com/ddhs5dd6l/image/upload/v1773953456/balport-products/seeded/sbbi4zyjg9rpguxns8ce.jpg"
"BP-796030114809","796030114809","https://res.cloudinary.com/ddhs5dd6l/image/upload/v1773953458/balport-products/seeded/d8nc8evbl4k2cdfunt0w.jpg"
"BP-796030114946","796030114946","https://res.cloudinary.com/ddhs5dd6l/image/upload/v1773953460/balport-products/seeded/ugdgi1cmgqn4xv1tugwz.jpg"
"BP-796030114960","796030114960","https://res.cloudinary.com/ddhs5dd6l/image/upload/v1773953462/balport-products/seeded/hpdbzwdykrddfqxv6vj2.jpg"
"BP-796030214967","796030214967","https://res.cloudinary.com/ddhs5dd6l/image/upload/v1773953465/balport-products/seeded/agt0kri5vjjxkz8z0nqv.jpg"
"BP-796030250965","796030250965","https://res.cloudinary.com/ddhs5dd6l/image/upload/v1773953466/balport-products/seeded/jn2jzn4r9qgbbptn3ejg.jpg"
"BP-796030424960","796030424960","https://res.cloudinary.com/ddhs5dd6l/image/upload/v1773953469/balport-products/seeded/j9yx2jxid0ymoxrvetd1.jpg"
"BP-796030614927","796030614927","https://res.cloudinary.com/ddhs5dd6l/image/upload/v1773953471/balport-products/seeded/aqshyulctrgotovwubze.jpg"
"BP-796030614934","796030614934","https://res.cloudinary.com/ddhs5dd6l/image/upload/v1773953473/balport-products/seeded/z3ilg0rdpphraln0gej5.jpg"
"BP-796030614965","796030614965","https://res.cloudinary.com/ddhs5dd6l/image/upload/v1773953475/balport-products/seeded/yuy1vt5ouvy2mqspep6t.jpg"
"BP-796030814914","796030814914","https://res.cloudinary.com/ddhs5dd6l/image/upload/v1773953477/balport-products/seeded/ldf8ttorm9mti3ggeuyt.jpg"
"BP-796030824319","796030824319","https://res.cloudinary.com/ddhs5dd6l/image/upload/v1773953478/balport-products/seeded/ktigda2vjsdj93a94pgg.jpg"
"BP-796030824968","796030824968","https://res.cloudinary.com/ddhs5dd6l/image/upload/v1773953480/balport-products/seeded/vrdtqgzja6jzekjcg2mo.jpg"
"BP-796363001241","796363001241","https://res.cloudinary.com/ddhs5dd6l/image/upload/v1773953482/balport-products/seeded/vyhqid2pqou5h4ll6lyw.jpg"
"BP-798449008243","798449008243","https://res.cloudinary.com/ddhs5dd6l/image/upload/v1773953483/balport-products/seeded/emspm2p3vynmwsxcjafg.jpg"
"BP-804879039365","804879039365","https://res.cloudinary.com/ddhs5dd6l/image/upload/v1773953484/balport-products/seeded/jqqb2na3fpmuuxkpdjyg.jpg"
"BP-804879609537","804879609537","https://res.cloudinary.com/ddhs5dd6l/image/upload/v1773953486/balport-products/seeded/n6dzlpmbr1e3xl9drwsd.png"
"BP-807239110018","807239110018","https://res.cloudinary.com/ddhs5dd6l/image/upload/v1773953488/balport-products/seeded/qf4cagoypbjhr4ijo6od.jpg"
"BP-810020890037","810020890037","https://res.cloudinary.com/ddhs5dd6l/image/upload/v1773953489/balport-products/seeded/wkfcaewlguekl0pqckn5.jpg"
"BP-810028293298","810028293298","https://res.cloudinary.com/ddhs5dd6l/image/upload/v1773953491/balport-products/seeded/ks2buqtjpola8hzdsmvs.jpg"
"BP-810028293304","810028293304","https://res.cloudinary.com/ddhs5dd6l/image/upload/v1773953493/balport-products/seeded/acvoxt7z3lllhmoi5eqr.jpg"
"BP-810028295988","810028295988","https://res.cloudinary.com/ddhs5dd6l/image/upload/v1773953496/balport-products/seeded/cip1d99gagep582q3zty.jpg"
"BP-810028296015","810028296015","https://res.cloudinary.com/ddhs5dd6l/image/upload/v1773953499/balport-products/seeded/rqcasdtujlbsrpoii9nw.png"
"BP-810028297739","810028297739","https://res.cloudinary.com/ddhs5dd6l/image/upload/v1773953502/balport-products/seeded/kau1lndmck2qv65ubh8x.jpg"
"BP-810028298941","810028298941","https://res.cloudinary.com/ddhs5dd6l/image/upload/v1773953505/balport-products/seeded/dyagquis3mgtbzcufqwz.jpg"
"BP-810030510024","810030510024","https://res.cloudinary.com/ddhs5dd6l/image/upload/v1773953507/balport-products/seeded/kwaoszjo0sl45hxklcwt.jpg"
"BP-810030512257","810030512257","https://res.cloudinary.com/ddhs5dd6l/image/upload/v1773953509/balport-products/seeded/rjiuvsnyu35ktxqw8zgf.jpg"
"BP-810030514077","810030514077","https://res.cloudinary.com/ddhs5dd6l/image/upload/v1773953510/balport-products/seeded/s4nur40uwnwwfzayx6jx.jpg"
"BP-810030518082","810030518082","https://res.cloudinary.com/ddhs5dd6l/image/upload/v1773953512/balport-products/seeded/r9hbkt93tkznyuajstwq.jpg"
"BP-810030518501","810030518501","https://res.cloudinary.com/ddhs5dd6l/image/upload/v1773953514/balport-products/seeded/bhxz9ji3amzzhanbrinn.jpg"
"BP-810031200092","810031200092","https://res.cloudinary.com/ddhs5dd6l/image/upload/v1773953516/balport-products/seeded/rk0citz2mx4mbjfgs3yn.jpg"
"BP-810035971981","810035971981","https://res.cloudinary.com/ddhs5dd6l/image/upload/v1773953517/balport-products/seeded/scqalgqinxrpvzra6mjp.jpg"
"BP-810035972049","810035972049","https://res.cloudinary.com/ddhs5dd6l/image/upload/v1773953519/balport-products/seeded/jm0y1hnzy7kp6iywqpfu.jpg"
"BP-810035972063","810035972063","https://res.cloudinary.com/ddhs5dd6l/image/upload/v1773953520/balport-products/seeded/ig4ppf4drvcqsci9pzao.jpg"
"BP-810035972216","810035972216","https://res.cloudinary.com/ddhs5dd6l/image/upload/v1773953522/balport-products/seeded/k5rco9u4cebkq9ax9bnf.jpg"
"BP-810035972254","810035972254","https://res.cloudinary.com/ddhs5dd6l/image/upload/v1773953524/balport-products/seeded/pe02nojesopimxkydobn.jpg"
"BP-810035972445","810035972445","https://res.cloudinary.com/ddhs5dd6l/image/upload/v1773953525/balport-products/seeded/nlmqoirzw2lpz7tq7lyc.jpg"
"BP-810041880253","810041880253","https://res.cloudinary.com/ddhs5dd6l/image/upload/v1773953527/balport-products/seeded/t6foksolqpevwhmbp7mh.png"
"BP-810051804591","810051804591","https://res.cloudinary.com/ddhs5dd6l/image/upload/v1773953529/balport-products/seeded/pi5hjq4arnlbenzb5igf.jpg"
"BP-810051804782","810051804782","https://res.cloudinary.com/ddhs5dd6l/image/upload/v1773953531/balport-products/seeded/axjlxx34uuoenyobpyor.jpg"
"BP-810051806809","810051806809","https://res.cloudinary.com/ddhs5dd6l/image/upload/v1773953532/balport-products/seeded/szsmbhcci29icknd2he5.jpg"
"BP-810051807257","810051807257","https://res.cloudinary.com/ddhs5dd6l/image/upload/v1773953534/balport-products/seeded/fowjsojefws7qph97ux0.jpg"
"BP-810051807356","810051807356","https://res.cloudinary.com/ddhs5dd6l/image/upload/v1773953536/balport-products/seeded/hhnbcravts3fyqurlnop.jpg"
"BP-810051807530","810051807530","https://res.cloudinary.com/ddhs5dd6l/image/upload/v1773953537/balport-products/seeded/lsee5c6nm6zbe0c7eal1.jpg"
"BP-810051807974","810051807974","https://res.cloudinary.com/ddhs5dd6l/image/upload/v1773953539/balport-products/seeded/gj261yqvhnfvvuu1glla.jpg"
"BP-810051807981","810051807981","https://res.cloudinary.com/ddhs5dd6l/image/upload/v1773953541/balport-products/seeded/gobpjvuazqn8wmucfk3b.jpg"
"BP-810051808278","810051808278","https://res.cloudinary.com/ddhs5dd6l/image/upload/v1773953542/balport-products/seeded/lfsjsebiewpk1wycfk8u.jpg"
"BP-810051809015","810051809015","https://res.cloudinary.com/ddhs5dd6l/image/upload/v1773953544/balport-products/seeded/tzmcbotkghgi9iqvzdmw.jpg"
"BP-810051809602","810051809602","https://res.cloudinary.com/ddhs5dd6l/image/upload/v1773953545/balport-products/seeded/i4nre9xznrf69kyieohq.jpg"
"BP-810051809633","810051809633","https://res.cloudinary.com/ddhs5dd6l/image/upload/v1773953547/balport-products/seeded/vrlmt0zrdhqbpnhah9g0.jpg"
"BP-810063710392","810063710392","https://res.cloudinary.com/ddhs5dd6l/image/upload/v1773953548/balport-products/seeded/bu88idg3lzsbx7uybvs5.jpg"
"BP-810063711078","810063711078","https://res.cloudinary.com/ddhs5dd6l/image/upload/v1773953550/balport-products/seeded/pp5edefjowfd80lgjniy.jpg"
"BP-810068900361","810068900361","https://res.cloudinary.com/ddhs5dd6l/image/upload/v1773953552/balport-products/seeded/vc7sac8gofq577jffgkl.png"
"BP-810068900439","810068900439","https://res.cloudinary.com/ddhs5dd6l/image/upload/v1773953553/balport-products/seeded/tcmoqmieobhvsmuvjsu8.jpg"
"BP-810068900811","810068900811","https://res.cloudinary.com/ddhs5dd6l/image/upload/v1773953555/balport-products/seeded/ysouw1j43qpnjkui2kkx.jpg"
"BP-810068900903","810068900903","https://res.cloudinary.com/ddhs5dd6l/image/upload/v1773953557/balport-products/seeded/g2morwqrzg5fwsuts9wv.jpg"
"BP-810078780021","810078780021","https://res.cloudinary.com/ddhs5dd6l/image/upload/v1773953559/balport-products/seeded/gkjmovkzrtrbcdhcncii.png"
"BP-810078780045","810078780045","https://res.cloudinary.com/ddhs5dd6l/image/upload/v1773953561/balport-products/seeded/jr7kd0ongrh8nr88aggi.jpg"
"BP-810078780076","810078780076","https://res.cloudinary.com/ddhs5dd6l/image/upload/v1773953563/balport-products/seeded/rbbrpooahasfmxxzwl9f.png"
"BP-810078780380","810078780380","https://res.cloudinary.com/ddhs5dd6l/image/upload/v1773953564/balport-products/seeded/w4ss7s41cjs54m4m2ibj.jpg"
"BP-810080550032","810080550032","https://res.cloudinary.com/ddhs5dd6l/image/upload/v1773953566/balport-products/seeded/gcpqewlkfxocfhl96n5m.jpg"
"BP-810080550735","810080550735","https://res.cloudinary.com/ddhs5dd6l/image/upload/v1773953568/balport-products/seeded/cplo0ixjp2qxlba8fili.jpg"
"BP-810085819097","810085819097","https://res.cloudinary.com/ddhs5dd6l/image/upload/v1773953570/balport-products/seeded/w5rjxsgvc5dsmgiw6urw.jpg"
"BP-810088370267","810088370267","https://res.cloudinary.com/ddhs5dd6l/image/upload/v1773953571/balport-products/seeded/cvfxpvkbrdsw67mpzxqg.jpg"
"BP-810105779776","810105779776","https://res.cloudinary.com/ddhs5dd6l/image/upload/v1773953573/balport-products/seeded/rcselx3q3seq1azhyxoa.jpg"
"BP-810128528191","810128528191","https://res.cloudinary.com/ddhs5dd6l/image/upload/v1773953575/balport-products/seeded/gmxykydlhz47rhy88njc.jpg"
"BP-810128529853","810128529853","https://res.cloudinary.com/ddhs5dd6l/image/upload/v1773953577/balport-products/seeded/osusmfb5vc15gofrencv.jpg"
"BP-810133440068","810133440068","https://res.cloudinary.com/ddhs5dd6l/image/upload/v1773953578/balport-products/seeded/azkvjllzsvwpvpzfcdht.jpg"
"BP-810139030171","810139030171","https://res.cloudinary.com/ddhs5dd6l/image/upload/v1773953580/balport-products/seeded/trfatc3ai6zhmoqxmjj2.png"
"BP-810139031079","810139031079","https://res.cloudinary.com/ddhs5dd6l/image/upload/v1773953582/balport-products/seeded/i0i3prc0kl69hxgw1j4d.png"
"BP-810139031093","810139031093","https://res.cloudinary.com/ddhs5dd6l/image/upload/v1773953584/balport-products/seeded/msvljoytmqimpdxjawjf.png"
"BP-810140157621","810140157621","https://res.cloudinary.com/ddhs5dd6l/image/upload/v1773953586/balport-products/seeded/zryn7kvjg1ffnlbrffjk.jpg"
"BP-810147310005","810147310005","https://res.cloudinary.com/ddhs5dd6l/image/upload/v1773953587/balport-products/seeded/dh22mbkkgcimioayof8s.jpg"
"BP-810147310203","810147310203","https://res.cloudinary.com/ddhs5dd6l/image/upload/v1773953589/balport-products/seeded/kfenhwmwknkweevd8ib7.jpg"
"BP-810169600023","810169600023","https://res.cloudinary.com/ddhs5dd6l/image/upload/v1773953591/balport-products/seeded/s3x7kmerjqhsrl80ryte.jpg"
"BP-810169603369","810169603369","https://res.cloudinary.com/ddhs5dd6l/image/upload/v1773953593/balport-products/seeded/o2cljejozepw3tamcvkh.jpg"
"BP-810169603383","810169603383","https://res.cloudinary.com/ddhs5dd6l/image/upload/v1773953595/balport-products/seeded/oq5rwgia8v6td32qdqoo.jpg"
"BP-810169603703","810169603703","https://res.cloudinary.com/ddhs5dd6l/image/upload/v1773953597/balport-products/seeded/k0fgqfjg7gmlhzbgylpz.jpg"
"BP-810171360144","810171360144","https://res.cloudinary.com/ddhs5dd6l/image/upload/v1773953598/balport-products/seeded/uajfc8sxpxcvmggz7ww1.jpg"
"BP-810179080013","810179080013","https://res.cloudinary.com/ddhs5dd6l/image/upload/v1773953600/balport-products/seeded/bdsymwcv4dvndwlakzv0.jpg"
"BP-810179080440","810179080440","https://res.cloudinary.com/ddhs5dd6l/image/upload/v1773953602/balport-products/seeded/xpqybaqeuh2hrx0kfqj5.jpg"
"BP-810179080501","810179080501","https://res.cloudinary.com/ddhs5dd6l/image/upload/v1773953604/balport-products/seeded/vyolgmgwj5tvewakjfcy.jpg"
"BP-810179081027","810179081027","https://res.cloudinary.com/ddhs5dd6l/image/upload/v1773953605/balport-products/seeded/i6jntnoabylxg3slpev5.jpg"
"BP-810179082987","810179082987","https://res.cloudinary.com/ddhs5dd6l/image/upload/v1773953607/balport-products/seeded/grllryjrjlqtttr0t2oa.jpg"
"BP-810273030051","810273030051","https://res.cloudinary.com/ddhs5dd6l/image/upload/v1773953609/balport-products/seeded/kh9ljogye6ebr3npwtyi.jpg"
"BP-810458031187","810458031187","https://res.cloudinary.com/ddhs5dd6l/image/upload/v1773953610/balport-products/seeded/gqbp62rgyqux9arewega.jpg"
"BP-810607023094","810607023094","https://res.cloudinary.com/ddhs5dd6l/image/upload/v1773953612/balport-products/seeded/qw7g3s2odvl8e45hjnan.jpg"
"BP-810607023100","810607023100","https://res.cloudinary.com/ddhs5dd6l/image/upload/v1773953614/balport-products/seeded/xpaudbf7pzilusymx7n6.jpg"
"BP-810607023117","810607023117","https://res.cloudinary.com/ddhs5dd6l/image/upload/v1773953616/balport-products/seeded/zrxewde6aj1zmccx0fvj.png"
"BP-810607024879","810607024879","https://res.cloudinary.com/ddhs5dd6l/image/upload/v1773953618/balport-products/seeded/aetjeqp767vuronvqoai.jpg"
"BP-810628030088","810628030088","https://res.cloudinary.com/ddhs5dd6l/image/upload/v1773953623/balport-products/seeded/on05txeafn0l0bdid6bk.jpg"
"BP-810628031559","810628031559","https://res.cloudinary.com/ddhs5dd6l/image/upload/v1773953625/balport-products/seeded/fmwxfiii0q9hkzpsdxd3.png"
"BP-810628031801","810628031801","https://res.cloudinary.com/ddhs5dd6l/image/upload/v1773953626/balport-products/seeded/c69r1wfhv0kcav4qrzdg.png"
"BP-810960021584","810960021584","https://res.cloudinary.com/ddhs5dd6l/image/upload/v1773953628/balport-products/seeded/nlq2yqmhearalggwjcij.jpg"
"BP-810960025445","810960025445","https://res.cloudinary.com/ddhs5dd6l/image/upload/v1773953630/balport-products/seeded/arjewnxhfpej2a9fgkft.png"
"BP-810960027845","810960027845","https://res.cloudinary.com/ddhs5dd6l/image/upload/v1773953631/balport-products/seeded/qp1o1itiblxozdvjgvfx.png"
"BP-811041030013","811041030013","https://res.cloudinary.com/ddhs5dd6l/image/upload/v1773953633/balport-products/seeded/ys4vuabunwgcn37kc4sh.jpg"
"BP-811184030208","811184030208","https://res.cloudinary.com/ddhs5dd6l/image/upload/v1773953634/balport-products/seeded/zuhdax5qatenky0apf6e.jpg"
"BP-811184032240","811184032240","https://res.cloudinary.com/ddhs5dd6l/image/upload/v1773953636/balport-products/seeded/crsuao88zhzhpapjm07v.jpg"
"BP-811374035587","811374035587","https://res.cloudinary.com/ddhs5dd6l/image/upload/v1773953638/balport-products/seeded/ujmrh2hdfmmrfoc177qb.jpg"
"BP-811374035631","811374035631","https://res.cloudinary.com/ddhs5dd6l/image/upload/v1773953639/balport-products/seeded/gxc72sfvxx4apdqousfz.jpg"
"BP-811374035655","811374035655","https://res.cloudinary.com/ddhs5dd6l/image/upload/v1773953641/balport-products/seeded/rv3ukxl5xicp2m0u4uki.jpg"
"BP-811374037369","811374037369","https://res.cloudinary.com/ddhs5dd6l/image/upload/v1773953642/balport-products/seeded/zdhachnbnnwowz5gnkaq.jpg"
"BP-811374039691","811374039691","https://res.cloudinary.com/ddhs5dd6l/image/upload/v1773953643/balport-products/seeded/w7k4u80cs8cqbcvhcuty.jpg"
"BP-811374039707","811374039707","https://res.cloudinary.com/ddhs5dd6l/image/upload/v1773953645/balport-products/seeded/vzscwlgizvacp1ksj6bq.jpg"
"BP-811538010108","811538010108","https://res.cloudinary.com/ddhs5dd6l/image/upload/v1773953647/balport-products/seeded/loxssr6acgscvdwc3x0b.jpg"
"BP-811538010122","811538010122","https://res.cloudinary.com/ddhs5dd6l/image/upload/v1773953649/balport-products/seeded/qpumiprqkdqkplnw3709.jpg"
"BP-811538010139","811538010139","https://res.cloudinary.com/ddhs5dd6l/image/upload/v1773953650/balport-products/seeded/whu8rkocncpmwiydf6nb.jpg"
"BP-811538010191","811538010191","https://res.cloudinary.com/ddhs5dd6l/image/upload/v1773953652/balport-products/seeded/mfrlti2aiek5bqhp28i0.jpg"
"BP-811538010221","811538010221","https://res.cloudinary.com/ddhs5dd6l/image/upload/v1773953654/balport-products/seeded/err5fi70htly11xamkcd.jpg"
"BP-811538010238","811538010238","https://res.cloudinary.com/ddhs5dd6l/image/upload/v1773953655/balport-products/seeded/kuoxy32ssvwguiwutuer.jpg"
"BP-811538010764","811538010764","https://res.cloudinary.com/ddhs5dd6l/image/upload/v1773953657/balport-products/seeded/tts59byjpz0c3xascl9s.jpg"
"BP-811538010771","811538010771","https://res.cloudinary.com/ddhs5dd6l/image/upload/v1773953658/balport-products/seeded/gyx7htgcykvsaaddsjqc.jpg"
"BP-811538010832","811538010832","https://res.cloudinary.com/ddhs5dd6l/image/upload/v1773953660/balport-products/seeded/uqkuwohznccpgwuv4tuy.jpg"
"BP-811538010856","811538010856","https://res.cloudinary.com/ddhs5dd6l/image/upload/v1773953661/balport-products/seeded/aj67l1sxoq3mbe4xqakg.jpg"
"BP-811538010870","811538010870","https://res.cloudinary.com/ddhs5dd6l/image/upload/v1773953664/balport-products/seeded/hzrrx56hfpbzenjt0do1.jpg"
"BP-811538010887","811538010887","https://res.cloudinary.com/ddhs5dd6l/image/upload/v1773953665/balport-products/seeded/mrnrexcxwd6hcjiha1tp.jpg"
"BP-811538010924","811538010924","https://res.cloudinary.com/ddhs5dd6l/image/upload/v1773953666/balport-products/seeded/xdbkcadoxaqqgfysmmsl.jpg"
"BP-811538010931","811538010931","https://res.cloudinary.com/ddhs5dd6l/image/upload/v1773953668/balport-products/seeded/sigayun6cpd867gsbxm2.jpg"
"BP-811538014038","811538014038","https://res.cloudinary.com/ddhs5dd6l/image/upload/v1773953670/balport-products/seeded/flfhf9w8fjplcy8mrxkk.jpg"
"BP-811538014137","811538014137","https://res.cloudinary.com/ddhs5dd6l/image/upload/v1773953671/balport-products/seeded/retvgswphmetaxgsxgau.jpg"
"BP-811538014236","811538014236","https://res.cloudinary.com/ddhs5dd6l/image/upload/v1773953673/balport-products/seeded/mxrr1elvza9lnxls5g0z.png"
"BP-811538016469","811538016469","https://res.cloudinary.com/ddhs5dd6l/image/upload/v1773953675/balport-products/seeded/xvht8khtxzg2swtbycgf.jpg"
"BP-811538018715","811538018715","https://res.cloudinary.com/ddhs5dd6l/image/upload/v1773953677/balport-products/seeded/kiu0fvlnsidvuh6zrmfy.png"
"BP-811538019569","811538019569","https://res.cloudinary.com/ddhs5dd6l/image/upload/v1773953679/balport-products/seeded/n2csmezsjqi1wkyy8ku0.jpg"
"BP-811538019675","811538019675","https://res.cloudinary.com/ddhs5dd6l/image/upload/v1773953681/balport-products/seeded/ybvmfx0tvfjv0oazpa4a.jpg"
"BP-811751020007","811751020007","https://res.cloudinary.com/ddhs5dd6l/image/upload/v1773953683/balport-products/seeded/gfw9jrna8kgfwalrr5az.jpg"
"BP-811751020038","811751020038","https://res.cloudinary.com/ddhs5dd6l/image/upload/v1773953684/balport-products/seeded/uiu4hsmysugsnb2gaepj.jpg"
"BP-811751020052","811751020052","https://res.cloudinary.com/ddhs5dd6l/image/upload/v1773953686/balport-products/seeded/rrmgil3alda9m8qragj1.png"
"BP-811751020076","811751020076","https://res.cloudinary.com/ddhs5dd6l/image/upload/v1773953688/balport-products/seeded/zvemdtuoogl23sepgl6x.jpg"
"BP-812066020034","812066020034","https://res.cloudinary.com/ddhs5dd6l/image/upload/v1773953689/balport-products/seeded/pt9oycncmomdj0acutxk.jpg"
"BP-812066020553","812066020553","https://res.cloudinary.com/ddhs5dd6l/image/upload/v1773953691/balport-products/seeded/yltuqkylzkzuner8h6xm.jpg"
"BP-812066020690","812066020690","https://res.cloudinary.com/ddhs5dd6l/image/upload/v1773953692/balport-products/seeded/p6q7azikeguxv3dbcie2.jpg"
"BP-812066021598","812066021598","https://res.cloudinary.com/ddhs5dd6l/image/upload/v1773953694/balport-products/seeded/b1bvo3ukyt5hfq1jnmmb.jpg"
"BP-812066023066","812066023066","https://res.cloudinary.com/ddhs5dd6l/image/upload/v1773953696/balport-products/seeded/vdpj8i9d8zw3gmzafh2i.png"
"BP-812066024131","812066024131","https://res.cloudinary.com/ddhs5dd6l/image/upload/v1773953697/balport-products/seeded/dxre5bfo5wzhxjtm22oe.png"
"BP-812136031229","812136031229","https://res.cloudinary.com/ddhs5dd6l/image/upload/v1773953699/balport-products/seeded/off2a3l8s8ouwv1qujnx.jpg"
"BP-812147020083","812147020083","https://res.cloudinary.com/ddhs5dd6l/image/upload/v1773953701/balport-products/seeded/qyoqn6pd2zbyj8gnfhz2.jpg"
"BP-812147020984","812147020984","https://res.cloudinary.com/ddhs5dd6l/image/upload/v1773953703/balport-products/seeded/bkkn8nckhmipaz9qogxt.jpg"
"BP-812147021004","812147021004","https://res.cloudinary.com/ddhs5dd6l/image/upload/v1773953704/balport-products/seeded/u61oai4yfi5l0ccxdmni.jpg"
"BP-812524909017","812524909017","https://res.cloudinary.com/ddhs5dd6l/image/upload/v1773953705/balport-products/seeded/lrnndnh6sgvlnrb0sbv0.jpg"
"BP-812643020006","812643020006","https://res.cloudinary.com/ddhs5dd6l/image/upload/v1773953707/balport-products/seeded/ajgyk4uf9mpdz8pl4bvl.jpg"
"BP-813121020167","813121020167","https://res.cloudinary.com/ddhs5dd6l/image/upload/v1773953710/balport-products/seeded/y0da0txqkxyccw0m6aff.jpg"
"BP-813121020396","813121020396","https://res.cloudinary.com/ddhs5dd6l/image/upload/v1773953711/balport-products/seeded/a3pvtvfyou7r4x7f5kjb.jpg"
"BP-813121023151","813121023151","https://res.cloudinary.com/ddhs5dd6l/image/upload/v1773953713/balport-products/seeded/ub7rigwqdukywry9lhsx.jpg"
"BP-813497005010","813497005010","https://res.cloudinary.com/ddhs5dd6l/image/upload/v1773953715/balport-products/seeded/erwqcv7ijjl76geqjes5.jpg"
"BP-813497005904","813497005904","https://res.cloudinary.com/ddhs5dd6l/image/upload/v1773953717/balport-products/seeded/zry3pxzpwnvbcmfn9gz6.jpg"
"BP-813497007168","813497007168","https://res.cloudinary.com/ddhs5dd6l/image/upload/v1773953718/balport-products/seeded/j0ueufiokklmi98s2nmr.jpg"
"BP-813497007809","813497007809","https://res.cloudinary.com/ddhs5dd6l/image/upload/v1773953720/balport-products/seeded/f1ounzxpanrkkn6ubwex.jpg"
"BP-815154020008","815154020008","https://res.cloudinary.com/ddhs5dd6l/image/upload/v1773953722/balport-products/seeded/iuuzjuzexh9fzq21w0zq.jpg"
"BP-815154020077","815154020077","https://res.cloudinary.com/ddhs5dd6l/image/upload/v1773953723/balport-products/seeded/azksck2iujkg8fwos8kp.jpg"
"BP-815154021418","815154021418","https://res.cloudinary.com/ddhs5dd6l/image/upload/v1773953725/balport-products/seeded/i5mbbze0fbeb4hcfyokb.jpg"
"BP-815154021661","815154021661","https://res.cloudinary.com/ddhs5dd6l/image/upload/v1773953727/balport-products/seeded/alcczspwmacuaiufnxd5.jpg"
"BP-815154021906","815154021906","https://res.cloudinary.com/ddhs5dd6l/image/upload/v1773953729/balport-products/seeded/yckxngvidl74yf1awg5b.jpg"
"BP-815154023405","815154023405","https://res.cloudinary.com/ddhs5dd6l/image/upload/v1773953730/balport-products/seeded/qja8skis6t1ubqgsiulk.jpg"
"BP-815154025973","815154025973","https://res.cloudinary.com/ddhs5dd6l/image/upload/v1773953732/balport-products/seeded/wfskz6v6khoc3295q7ov.jpg"
"BP-815154026772","815154026772","https://res.cloudinary.com/ddhs5dd6l/image/upload/v1773953734/balport-products/seeded/tcnr9kcdfr9crtpthtzt.jpg"
"BP-815184010178","815184010178","https://res.cloudinary.com/ddhs5dd6l/image/upload/v1773953735/balport-products/seeded/ukcgy0nj52hdgkfhlw0r.jpg"
"BP-815184010239","815184010239","https://res.cloudinary.com/ddhs5dd6l/image/upload/v1773953737/balport-products/seeded/wv1gt24cg1wm5hwlpihy.png"
"BP-815184010413","815184010413","https://res.cloudinary.com/ddhs5dd6l/image/upload/v1773953739/balport-products/seeded/mgoso1gudpyi7hgtw1r6.png"
"BP-815829011539","815829011539","https://res.cloudinary.com/ddhs5dd6l/image/upload/v1773953741/balport-products/seeded/vk7gqtjbwlvzxpvumayw.jpg"
"BP-816136025349","816136025349","https://res.cloudinary.com/ddhs5dd6l/image/upload/v1773953743/balport-products/seeded/xkeydekkab7cgbvg4sku.png"
"BP-816685010339","816685010339","https://res.cloudinary.com/ddhs5dd6l/image/upload/v1773953745/balport-products/seeded/ukoweghennkaoibq1ov3.jpg"
"BP-816685011725","816685011725","https://res.cloudinary.com/ddhs5dd6l/image/upload/v1773953746/balport-products/seeded/xifjwxxkevwpbuymolkx.jpg"
"BP-816751020088","816751020088","https://res.cloudinary.com/ddhs5dd6l/image/upload/v1773953748/balport-products/seeded/xtfxsznppachzv9aryea.jpg"
"BP-816751020477","816751020477","https://res.cloudinary.com/ddhs5dd6l/image/upload/v1773953750/balport-products/seeded/vojgcivdye1g1oad69zs.jpg"
"BP-816751020606","816751020606","https://res.cloudinary.com/ddhs5dd6l/image/upload/v1773953751/balport-products/seeded/jczz9u5mg9nclnyzlqab.jpg"
"BP-816751021207","816751021207","https://res.cloudinary.com/ddhs5dd6l/image/upload/v1773953754/balport-products/seeded/pwrjpgljh7dxax6xc8qy.jpg"
"BP-816751021924","816751021924","https://res.cloudinary.com/ddhs5dd6l/image/upload/v1773953755/balport-products/seeded/iubp2wyfyovifcisfp69.jpg"
"BP-816751021948","816751021948","https://res.cloudinary.com/ddhs5dd6l/image/upload/v1773953757/balport-products/seeded/nu8natfgmyqc9qjedxkm.jpg"
"BP-816751021986","816751021986","https://res.cloudinary.com/ddhs5dd6l/image/upload/v1773953759/balport-products/seeded/duwxdxk69oofakjgk3pw.jpg"
"BP-816751021993","816751021993","https://res.cloudinary.com/ddhs5dd6l/image/upload/v1773953761/balport-products/seeded/na7clusd3kc88bhj340m.png"
"BP-816751022068","816751022068","https://res.cloudinary.com/ddhs5dd6l/image/upload/v1773953762/balport-products/seeded/kyfkghkqvje6kjnpgyjo.jpg"
"BP-816751022099","816751022099","https://res.cloudinary.com/ddhs5dd6l/image/upload/v1773953765/balport-products/seeded/q7ifhzicnqwazpv12yyh.png"
"BP-816751022105","816751022105","https://res.cloudinary.com/ddhs5dd6l/image/upload/v1773953766/balport-products/seeded/ixmfaspc18qgjphm8kgm.jpg"
"BP-816751022389","816751022389","https://res.cloudinary.com/ddhs5dd6l/image/upload/v1773953768/balport-products/seeded/xvmmtonur7fyqweiptep.jpg"
"BP-816751022440","816751022440","https://res.cloudinary.com/ddhs5dd6l/image/upload/v1773953773/balport-products/seeded/og78nqpzqjp7jerxpqi9.jpg"
"BP-816751022457","816751022457","https://res.cloudinary.com/ddhs5dd6l/image/upload/v1773953774/balport-products/seeded/n6xwk34ibzbgyvjtv8jf.jpg"
"BP-816751022488","816751022488","https://res.cloudinary.com/ddhs5dd6l/image/upload/v1773953776/balport-products/seeded/c73icamuwo7xvx6hvadd.jpg"
"BP-816751022563","816751022563","https://res.cloudinary.com/ddhs5dd6l/image/upload/v1773953777/balport-products/seeded/hyu9wotm3acgsce54fkk.jpg"
"BP-816751022792","816751022792","https://res.cloudinary.com/ddhs5dd6l/image/upload/v1773953780/balport-products/seeded/h2cb8udcl4ophlp1xn2v.png"
"BP-816751023737","816751023737","https://res.cloudinary.com/ddhs5dd6l/image/upload/v1773953781/balport-products/seeded/dlxcmbva1yrvcfo81o4i.jpg"
"BP-816751023799","816751023799","https://res.cloudinary.com/ddhs5dd6l/image/upload/v1773953783/balport-products/seeded/myeqtqws7pram04pamnt.jpg"
"BP-817625010006","817625010006","https://res.cloudinary.com/ddhs5dd6l/image/upload/v1773953784/balport-products/seeded/ctjcr60kxz9fk84ehtpm.jpg"
"BP-817625010181","817625010181","https://res.cloudinary.com/ddhs5dd6l/image/upload/v1773953786/balport-products/seeded/sksu0nadcqfayrjeksxf.jpg"
"BP-817904000834","817904000834","https://res.cloudinary.com/ddhs5dd6l/image/upload/v1773953788/balport-products/seeded/qsa8wzgvy5w7bixbfcvu.jpg"
"BP-817904000865","817904000865","https://res.cloudinary.com/ddhs5dd6l/image/upload/v1773953791/balport-products/seeded/xrozzi5ssnwhk5oikas5.jpg"
"BP-817904006829","817904006829","https://res.cloudinary.com/ddhs5dd6l/image/upload/v1773953793/balport-products/seeded/zhnlhwjidykp3oawum4l.jpg"
"BP-817904006898","817904006898","https://res.cloudinary.com/ddhs5dd6l/image/upload/v1773953795/balport-products/seeded/pl1mx6kab2utwbwwi6xj.png"
"BP-817904007918","817904007918","https://res.cloudinary.com/ddhs5dd6l/image/upload/v1773953798/balport-products/seeded/t3ovwb5utospxg7omtd2.jpg"
"BP-818051020744","818051020744","https://res.cloudinary.com/ddhs5dd6l/image/upload/v1773953800/balport-products/seeded/rt0jtrex14ycoqtwjpqh.jpg"
"BP-818051021956","818051021956","https://res.cloudinary.com/ddhs5dd6l/image/upload/v1773953802/balport-products/seeded/qh0tvcu8yyuvyoqoualh.jpg"
"BP-818490010580","818490010580","https://res.cloudinary.com/ddhs5dd6l/image/upload/v1773953804/balport-products/seeded/q4hru07bjv49kstxrshz.png"
"BP-818844023136","818844023136","https://res.cloudinary.com/ddhs5dd6l/image/upload/v1773953806/balport-products/seeded/bydogdk1iuiequulj5ni.jpg"
"BP-818844023211","818844023211","https://res.cloudinary.com/ddhs5dd6l/image/upload/v1773953808/balport-products/seeded/sknpfmaqyjygqxvwrjn6.jpg"
"BP-819588011755","819588011755","https://res.cloudinary.com/ddhs5dd6l/image/upload/v1773953809/balport-products/seeded/ugt7uni2p8u5lx7dqqtr.jpg"
"BP-819837000011","819837000011","https://res.cloudinary.com/ddhs5dd6l/image/upload/v1773953811/balport-products/seeded/pwg84k4mcfe9mempsp6x.jpg"
"BP-819837000110","819837000110","https://res.cloudinary.com/ddhs5dd6l/image/upload/v1773953812/balport-products/seeded/emh18672mr1p8imdriql.jpg"
"BP-819942002344","819942002344","https://res.cloudinary.com/ddhs5dd6l/image/upload/v1773953814/balport-products/seeded/r5apugj6w86dqdhqqlel.jpg"
"BP-819942002351","BP-819942002351","https://res.cloudinary.com/ddhs5dd6l/image/upload/v1774017256/balport-products/hgokoefijy81eoy2zkrn.webp"
"BP-829515322885","829515322885","https://res.cloudinary.com/ddhs5dd6l/image/upload/v1773953817/balport-products/seeded/xosto6vdnee6ercej47r.jpg"
"BP-829515322892","829515322892","https://res.cloudinary.com/ddhs5dd6l/image/upload/v1773953818/balport-products/seeded/ahlgubmpkqy2qjmxwkcr.jpg"
"BP-833302009163","833302009163","https://res.cloudinary.com/ddhs5dd6l/image/upload/v1773953819/balport-products/seeded/wgjmqt9cjj5theeidlfx.jpg"
"BP-835229001138","835229001138","https://res.cloudinary.com/ddhs5dd6l/image/upload/v1773953822/balport-products/seeded/uwvjfvvvei2whjpq7vqv.jpg"
"BP-835229001305","835229001305","https://res.cloudinary.com/ddhs5dd6l/image/upload/v1773953823/balport-products/seeded/dj4lg62nktlohfw6yn6r.jpg"
"BP-836950000100","836950000100","https://res.cloudinary.com/ddhs5dd6l/image/upload/v1773953825/balport-products/seeded/a7o6pddfrulqvx5fk18i.jpg"
"BP-839728006939","839728006939","https://res.cloudinary.com/ddhs5dd6l/image/upload/v1773953827/balport-products/seeded/fybp6rknrmm7dh1f9mhs.jpg"
"BP-840166600047","840166600047","https://res.cloudinary.com/ddhs5dd6l/image/upload/v1773953830/balport-products/seeded/idd16p0fw5dkjxgu1co2.png"
"BP-840166600122","840166600122","https://res.cloudinary.com/ddhs5dd6l/image/upload/v1773953832/balport-products/seeded/n4tkvsdfz2i6yxefkl3g.jpg"
"BP-842595106572","842595106572","https://res.cloudinary.com/ddhs5dd6l/image/upload/v1773953834/balport-products/seeded/fsivgmitnblinma9ankc.jpg"
"BP-842595106596","842595106596","https://res.cloudinary.com/ddhs5dd6l/image/upload/v1773953836/balport-products/seeded/xbxtrgpu0k0bkhbhu1ak.jpg"
"BP-842595121759","842595121759","https://res.cloudinary.com/ddhs5dd6l/image/upload/v1773953838/balport-products/seeded/qty6vzfw0vag8kx0fdbe.jpg"
"BP-842595121766","842595121766","https://res.cloudinary.com/ddhs5dd6l/image/upload/v1773953839/balport-products/seeded/diz08kwqcydi9lbwknud.jpg"
"BP-842595133608","842595133608","https://res.cloudinary.com/ddhs5dd6l/image/upload/v1773953840/balport-products/seeded/c4mrrwq3qwio4ed35fwp.jpg"
"BP-842595134971","842595134971","https://res.cloudinary.com/ddhs5dd6l/image/upload/v1773953842/balport-products/seeded/wr9wajjlvwaq68mznks3.jpg"
"BP-842595135534","842595135534","https://res.cloudinary.com/ddhs5dd6l/image/upload/v1773953843/balport-products/seeded/eplwkt3koxg7xpu0qsrb.jpg"
"BP-842595136616","842595136616","https://res.cloudinary.com/ddhs5dd6l/image/upload/v1773953845/balport-products/seeded/g5msgx0foovft21bldzb.jpg"
"BP-848375004564","848375004564","https://res.cloudinary.com/ddhs5dd6l/image/upload/v1773953847/balport-products/seeded/lbs1vchkppuizw5yt2c8.jpg"
"BP-848375004649","848375004649","https://res.cloudinary.com/ddhs5dd6l/image/upload/v1773953848/balport-products/seeded/zbimcrbv49l8pzfuqvmd.jpg"
"BP-848375004991","848375004991","https://res.cloudinary.com/ddhs5dd6l/image/upload/v1773953850/balport-products/seeded/fxxvhet3lype6pqggw5k.jpg"
"BP-848375005004","848375005004","https://res.cloudinary.com/ddhs5dd6l/image/upload/v1773953852/balport-products/seeded/t6zitoeogoio97whznez.jpg"
"BP-848375005141","848375005141","https://res.cloudinary.com/ddhs5dd6l/image/upload/v1773953853/balport-products/seeded/y5a9muvims2osubtkyus.jpg"
"BP-849607070821","849607070821","https://res.cloudinary.com/ddhs5dd6l/image/upload/v1773953856/balport-products/seeded/cikrcjp0tnovi0sj4qkg.jpg"
"BP-849806000957","849806000957","https://res.cloudinary.com/ddhs5dd6l/image/upload/v1773953857/balport-products/seeded/tynsmoyjc1aa8tyvnyig.jpg"
"BP-849806004726","849806004726","https://res.cloudinary.com/ddhs5dd6l/image/upload/v1773953859/balport-products/seeded/j5ub5fcumchntithoakz.png"
"BP-849806004948","849806004948","https://res.cloudinary.com/ddhs5dd6l/image/upload/v1773953861/balport-products/seeded/ode47yojghzbee7ljacs.png"
"BP-849806005457","BP-849806005457","https://res.cloudinary.com/ddhs5dd6l/image/upload/v1774017134/balport-products/srndmmubhdrhpnvn35ze.webp"
"BP-850000230231","850000230231","https://res.cloudinary.com/ddhs5dd6l/image/upload/v1773953865/balport-products/seeded/z63bw0sd0tavvyeaogti.jpg"
"BP-850000406322","850000406322","https://res.cloudinary.com/ddhs5dd6l/image/upload/v1773953867/balport-products/seeded/iulyotcstvdfqcexteg7.png"
"BP-850001901116","850001901116","https://res.cloudinary.com/ddhs5dd6l/image/upload/v1773953868/balport-products/seeded/nimab3hbyxwowbotix9r.jpg"
"BP-850001901154","850001901154","https://res.cloudinary.com/ddhs5dd6l/image/upload/v1773953870/balport-products/seeded/j5ocm6f6olwndrwugvvc.jpg"
"BP-850001901871","BP-850001901871","https://res.cloudinary.com/ddhs5dd6l/image/upload/v1774008545/balport-products/p0coscwuzdkmyabxyaio.webp"
"BP-850003023700","850003023700","https://res.cloudinary.com/ddhs5dd6l/image/upload/v1773953873/balport-products/seeded/p57vuxyvpjhuts9dedas.png"
"BP-850004884676","850004884676","https://res.cloudinary.com/ddhs5dd6l/image/upload/v1773953875/balport-products/seeded/ckkecrkk8n5zhr5anscm.jpg"
"BP-850004884683","850004884683","https://res.cloudinary.com/ddhs5dd6l/image/upload/v1773953876/balport-products/seeded/vux0vgjcnyek19z4dsgx.jpg"
"BP-850005002161","850005002161","https://res.cloudinary.com/ddhs5dd6l/image/upload/v1773953878/balport-products/seeded/jtl8kvvo3ejwj1tpoxqa.jpg"
"BP-850005002215","850005002215","https://res.cloudinary.com/ddhs5dd6l/image/upload/v1773953880/balport-products/seeded/pitdteuiu3ugmjeal6im.jpg"
"BP-850006399833","850006399833","https://res.cloudinary.com/ddhs5dd6l/image/upload/v1773953881/balport-products/seeded/mrmc8udmdetmicdhwnjc.jpg"
"BP-850006399840","850006399840","https://res.cloudinary.com/ddhs5dd6l/image/upload/v1773953883/balport-products/seeded/nbopncs9aoxt9zrw97md.jpg"
"BP-850006399857","850006399857","https://res.cloudinary.com/ddhs5dd6l/image/upload/v1773953884/balport-products/seeded/hkjzhcootxhyfuaqomol.jpg"
"BP-850006844111","BP-850006844111","https://res.cloudinary.com/ddhs5dd6l/image/upload/v1774011259/balport-products/lrelqddbhikgrwz8dewr.webp"
"BP-850006844319","850006844319","https://res.cloudinary.com/ddhs5dd6l/image/upload/v1773953887/balport-products/seeded/anphzpeiqxd77zi4gt7v.png"
"BP-850006844449","850006844449","https://res.cloudinary.com/ddhs5dd6l/image/upload/v1773953889/balport-products/seeded/folpugtjq08uzp9rtsrq.png"
"BP-850006844999","BP-850006844999","https://res.cloudinary.com/ddhs5dd6l/image/upload/v1774017082/balport-products/wge55t3skacueqcrosaf.webp"
"BP-850006990016","850006990016","https://res.cloudinary.com/ddhs5dd6l/image/upload/v1773953892/balport-products/seeded/nd3hyoqka52txfwr2cyk.png"
"BP-850006990122","850006990122","https://res.cloudinary.com/ddhs5dd6l/image/upload/v1773953894/balport-products/seeded/mbdhxaw0aasfnhuy4nfe.jpg"
"BP-850006990153","850006990153","https://res.cloudinary.com/ddhs5dd6l/image/upload/v1773953896/balport-products/seeded/wpjwbaoh3fhlngka8xrs.png"
"BP-850006990177","850006990177","https://res.cloudinary.com/ddhs5dd6l/image/upload/v1773953898/balport-products/seeded/hhqmxlsjj5wzgas3lcsk.jpg"
"BP-850008182020","850008182020","https://res.cloudinary.com/ddhs5dd6l/image/upload/v1773953899/balport-products/seeded/wntv7scsymvffix1band.jpg"
"BP-850008182686","850008182686","https://res.cloudinary.com/ddhs5dd6l/image/upload/v1773953901/balport-products/seeded/vynoo2ie10t41baaiwjo.jpg"
"BP-850008182785","850008182785","https://res.cloudinary.com/ddhs5dd6l/image/upload/v1773953902/balport-products/seeded/xloiz33wm5rckjwe44g6.jpg"
"BP-850011672174","850011672174","https://res.cloudinary.com/ddhs5dd6l/image/upload/v1773953903/balport-products/seeded/rdf4zo6bexisq09rverp.jpg"
"BP-850011672204","850011672204","https://res.cloudinary.com/ddhs5dd6l/image/upload/v1773953905/balport-products/seeded/rbctzl81vikfi1vvpszj.jpg"
"BP-850013500109","850013500109","https://res.cloudinary.com/ddhs5dd6l/image/upload/v1773953906/balport-products/seeded/klcvz6uw9gcoizm3y2yk.jpg"
"BP-850013524006","850013524006","https://res.cloudinary.com/ddhs5dd6l/image/upload/v1773953908/balport-products/seeded/shq4yxm4aulcrsjwzq2o.png"
"BP-850013524020","850013524020","https://res.cloudinary.com/ddhs5dd6l/image/upload/v1773953909/balport-products/seeded/rhyoyip8flknkxl9yltx.jpg"
"BP-850014275099","850014275099","https://res.cloudinary.com/ddhs5dd6l/image/upload/v1773953911/balport-products/seeded/svdjfbhlahwo4arhide5.jpg"
"BP-850014275211","850014275211","https://res.cloudinary.com/ddhs5dd6l/image/upload/v1773953912/balport-products/seeded/uqnlxjy9ldltgrivlkta.jpg"
"BP-850014275228","850014275228","https://res.cloudinary.com/ddhs5dd6l/image/upload/v1773953914/balport-products/seeded/so3ippc8kf29eqc3s9fv.jpg"
"BP-850014675042","850014675042","https://res.cloudinary.com/ddhs5dd6l/image/upload/v1773953916/balport-products/seeded/ti4lcbkwzxp82ly3sicx.png"
"BP-850014675110","850014675110","https://res.cloudinary.com/ddhs5dd6l/image/upload/v1773953917/balport-products/seeded/k62bk3zaz6g2jgoeeid3.png"
"BP-850014675141","850014675141","https://res.cloudinary.com/ddhs5dd6l/image/upload/v1773953920/balport-products/seeded/rjoblcxuig225nosvspn.jpg"
"BP-850014675295","850014675295","https://res.cloudinary.com/ddhs5dd6l/image/upload/v1773953922/balport-products/seeded/ilebwzrbaenwkmglgop6.png"
"BP-850014741983","850014741983","https://res.cloudinary.com/ddhs5dd6l/image/upload/v1773953925/balport-products/seeded/owywfwqgighf70ztwenx.jpg"
"BP-850015640001","850015640001","https://res.cloudinary.com/ddhs5dd6l/image/upload/v1773953926/balport-products/seeded/lu0d1lobtupnypdyxcku.jpg"
"BP-850015640018","850015640018","https://res.cloudinary.com/ddhs5dd6l/image/upload/v1773953929/balport-products/seeded/urdkxqhsjadydfioywya.png"
"BP-850015640124","850015640124","https://res.cloudinary.com/ddhs5dd6l/image/upload/v1773953931/balport-products/seeded/e5vh4ysa659wo4dqizly.jpg"
"BP-850015899003","850015899003","https://res.cloudinary.com/ddhs5dd6l/image/upload/v1773953932/balport-products/seeded/frt7chhjng9lczneugxw.jpg"
"BP-850017337503","850017337503","https://res.cloudinary.com/ddhs5dd6l/image/upload/v1773953934/balport-products/seeded/g8xaghwrffvgnzkrtvhx.jpg"
"BP-850017944329","850017944329","https://res.cloudinary.com/ddhs5dd6l/image/upload/v1773953938/balport-products/seeded/akir35ctpny9azilz8su.jpg"
"BP-850017944343","850017944343","https://res.cloudinary.com/ddhs5dd6l/image/upload/v1773953940/balport-products/seeded/ufonlhkuffmgpxs7ge80.jpg"
"BP-850022121012","850022121012","https://res.cloudinary.com/ddhs5dd6l/image/upload/v1773953942/balport-products/seeded/ujjvxqr19596sagj9yax.png"
"BP-850022121029","850022121029","https://res.cloudinary.com/ddhs5dd6l/image/upload/v1773953944/balport-products/seeded/dasahsa7ppnzhjono5mq.png"
"BP-850022121036","850022121036","https://res.cloudinary.com/ddhs5dd6l/image/upload/v1773953947/balport-products/seeded/v7dilbw2o9pukpelgm5a.png"
"BP-850023885128","850023885128","https://res.cloudinary.com/ddhs5dd6l/image/upload/v1773953948/balport-products/seeded/fof00q092sejhbn0bsni.jpg"
"BP-850023885135","850023885135","https://res.cloudinary.com/ddhs5dd6l/image/upload/v1773953949/balport-products/seeded/umf6qdqlemahnvcinieb.jpg"
"BP-850023885142","850023885142","https://res.cloudinary.com/ddhs5dd6l/image/upload/v1773953951/balport-products/seeded/v4712lknuci5waapryny.jpg"
"BP-850025605205","850025605205","https://res.cloudinary.com/ddhs5dd6l/image/upload/v1773953953/balport-products/seeded/jptddc5tqfhjrg1hotoh.jpg"
"BP-850025605540","850025605540","https://res.cloudinary.com/ddhs5dd6l/image/upload/v1773953954/balport-products/seeded/rp6ytfwhye6ygnhhugqs.jpg"
"BP-850025605564","850025605564","https://res.cloudinary.com/ddhs5dd6l/image/upload/v1773953955/balport-products/seeded/jnnc8xcxn5finqe8mcad.jpg"
"BP-850027702049","850027702049","https://res.cloudinary.com/ddhs5dd6l/image/upload/v1773953957/balport-products/seeded/q2p0exoztlnb9orcypvs.jpg"
"BP-850027702186","850027702186","https://res.cloudinary.com/ddhs5dd6l/image/upload/v1773953959/balport-products/seeded/h6voax6hsfbizrb4oj7u.jpg"
"BP-850027702209","850027702209","https://res.cloudinary.com/ddhs5dd6l/image/upload/v1773953960/balport-products/seeded/kwocb7ll2gtxqf1c5cgn.jpg"
"BP-850027702247","850027702247","https://res.cloudinary.com/ddhs5dd6l/image/upload/v1773953962/balport-products/seeded/oupii1abn52utswoajoe.jpg"
"BP-850027702285","850027702285","https://res.cloudinary.com/ddhs5dd6l/image/upload/v1773953964/balport-products/seeded/tvlpbe1fjrjqnmwozzmw.jpg"
"BP-850027702360","850027702360","https://res.cloudinary.com/ddhs5dd6l/image/upload/v1773953965/balport-products/seeded/aa6o6igezmm3ktdeqhtk.jpg"
"BP-850027702575","850027702575","https://res.cloudinary.com/ddhs5dd6l/image/upload/v1773953967/balport-products/seeded/rsldkw7iokk9khhkibqp.jpg"
"BP-850031700079","850031700079","https://res.cloudinary.com/ddhs5dd6l/image/upload/v1773953968/balport-products/seeded/nj7hxrgwcfhnn71ljpou.jpg"
"BP-850031700185","850031700185","https://res.cloudinary.com/ddhs5dd6l/image/upload/v1773953970/balport-products/seeded/jsoju669245h7bk1vvrg.jpg"
"BP-850031700222","850031700222","https://res.cloudinary.com/ddhs5dd6l/image/upload/v1773953972/balport-products/seeded/zxugzsd9npmapvgkilou.jpg"
"BP-850031700277","850031700277","https://res.cloudinary.com/ddhs5dd6l/image/upload/v1773953974/balport-products/seeded/jx4sbb28kwjadn4ibq6z.jpg"
"BP-850031700888","850031700888","https://res.cloudinary.com/ddhs5dd6l/image/upload/v1773953975/balport-products/seeded/tjpgla3scdcuzr8gnzsl.jpg"
"BP-850031700895","850031700895","https://res.cloudinary.com/ddhs5dd6l/image/upload/v1773953977/balport-products/seeded/pbt6y5wcek9ao1dwqaxp.jpg"
"BP-850032189132","850032189132","https://res.cloudinary.com/ddhs5dd6l/image/upload/v1773953979/balport-products/seeded/qizza4l093tnnx7flgnm.jpg"
"BP-850033013207","850033013207","https://res.cloudinary.com/ddhs5dd6l/image/upload/v1773953981/balport-products/seeded/iyt8dzjg8ddbecby4kui.png"
"BP-850034565125","850034565125","https://res.cloudinary.com/ddhs5dd6l/image/upload/v1773953982/balport-products/seeded/eqtygfvunho6sklbsn86.jpg"
"BP-850034597256","850034597256","https://res.cloudinary.com/ddhs5dd6l/image/upload/v1773953984/balport-products/seeded/tg5lyg3ck8mhnbtvlfek.jpg"
"BP-850034597409","850034597409","https://res.cloudinary.com/ddhs5dd6l/image/upload/v1773953987/balport-products/seeded/mxadazcv1vwxmngd9cb9.jpg"
"BP-850046522215","850046522215","https://res.cloudinary.com/ddhs5dd6l/image/upload/v1773953988/balport-products/seeded/hlaholxowxdwrvm2xrto.jpg"
"BP-850046522987","850046522987","https://res.cloudinary.com/ddhs5dd6l/image/upload/v1773953990/balport-products/seeded/aixmw1smskxn7dadzxbn.jpg"
"BP-850047865984","850047865984","https://res.cloudinary.com/ddhs5dd6l/image/upload/v1773953991/balport-products/seeded/wxu4wsdfoxtsbb6yvuix.jpg"
"BP-850049748032","850049748032","https://res.cloudinary.com/ddhs5dd6l/image/upload/v1773953993/balport-products/seeded/hjs9bcllezbxumzdwjme.jpg"
"BP-850050071082","850050071082","https://res.cloudinary.com/ddhs5dd6l/image/upload/v1773953994/balport-products/seeded/jhklts4hlscthmgbqe3i.jpg"
"BP-850050071167","850050071167","https://res.cloudinary.com/ddhs5dd6l/image/upload/v1773953996/balport-products/seeded/nagxy1n7yx4cdz00ocxl.jpg"
"BP-850050238904","850050238904","https://res.cloudinary.com/ddhs5dd6l/image/upload/v1773953997/balport-products/seeded/txnwqzwg1xdwoadoqoda.jpg"
"BP-850054342003","850054342003","https://res.cloudinary.com/ddhs5dd6l/image/upload/v1773953999/balport-products/seeded/vvyihxdkxajqmnhu99xw.jpg"
"BP-850054342010","850054342010","https://res.cloudinary.com/ddhs5dd6l/image/upload/v1773954000/balport-products/seeded/qtkig42fe4zgphwbkb37.jpg"
"BP-850054342027","850054342027","https://res.cloudinary.com/ddhs5dd6l/image/upload/v1773954002/balport-products/seeded/bfyuguinscml7goj03fs.jpg"
"BP-850060777202","850060777202","https://res.cloudinary.com/ddhs5dd6l/image/upload/v1773954004/balport-products/seeded/ys0b7omcflkn6urb1ctd.jpg"
"BP-850060777554","850060777554","https://res.cloudinary.com/ddhs5dd6l/image/upload/v1773954006/balport-products/seeded/feqfxtlv1n9rzjqeditv.jpg"
"BP-850062557376","850062557376","https://res.cloudinary.com/ddhs5dd6l/image/upload/v1773954008/balport-products/seeded/bvsitfsglpmgmvspa0za.jpg"
"BP-850062557390","850062557390","https://res.cloudinary.com/ddhs5dd6l/image/upload/v1773954011/balport-products/seeded/vlz86xcnpwrgby5imhuv.jpg"
"BP-850062557406","850062557406","https://res.cloudinary.com/ddhs5dd6l/image/upload/v1773954013/balport-products/seeded/zjhyqwvljoapr4wyjjnh.jpg"
"BP-850062557734","850062557734","https://res.cloudinary.com/ddhs5dd6l/image/upload/v1773954015/balport-products/seeded/kefxozmqvl1s4caw3gke.jpg"
"BP-850062639300","850062639300","https://res.cloudinary.com/ddhs5dd6l/image/upload/v1773954017/balport-products/seeded/tfkw8xfoj1sub5o9zcpu.jpg"
"BP-850062639317","850062639317","https://res.cloudinary.com/ddhs5dd6l/image/upload/v1773954020/balport-products/seeded/tcnkq1crdg3zvt6fzfij.jpg"
"BP-850064303032","850064303032","https://res.cloudinary.com/ddhs5dd6l/image/upload/v1773954021/balport-products/seeded/zbrkokoalrmnaplubekq.jpg"
"BP-850064701036","850064701036","https://res.cloudinary.com/ddhs5dd6l/image/upload/v1773954023/balport-products/seeded/zczqkwedz5zywsjyd6z6.jpg"
"BP-850064701043","850064701043","https://res.cloudinary.com/ddhs5dd6l/image/upload/v1773954024/balport-products/seeded/r3fmw51ub003qoulhoqk.jpg"
"BP-850067117018","850067117018","https://res.cloudinary.com/ddhs5dd6l/image/upload/v1773954026/balport-products/seeded/akjt6eqzswcl4wmewuft.jpg"
"BP-850069071547","850069071547","https://res.cloudinary.com/ddhs5dd6l/image/upload/v1773954028/balport-products/seeded/azuwffkhygxyfu3kay13.jpg"
"BP-850162008334","850162008334","https://res.cloudinary.com/ddhs5dd6l/image/upload/v1773954030/balport-products/seeded/p0zell53c3m2f5vxheok.jpg"
"BP-850411004117","850411004117","https://res.cloudinary.com/ddhs5dd6l/image/upload/v1773954032/balport-products/seeded/uts7bhkw69ha4zpgbfxr.png"
"BP-850438002547","850438002547","https://res.cloudinary.com/ddhs5dd6l/image/upload/v1773954034/balport-products/seeded/qwljctnpaaa5saedcuek.jpg"
"BP-850683005362","850683005362","https://res.cloudinary.com/ddhs5dd6l/image/upload/v1773954036/balport-products/seeded/dxop1tvw9ygge6ubosqy.jpg"
"BP-850832004260","850832004260","https://res.cloudinary.com/ddhs5dd6l/image/upload/v1773954037/balport-products/seeded/gga2n1yogvzyl8v5xric.jpg"
"BP-851091006217","851091006217","https://res.cloudinary.com/ddhs5dd6l/image/upload/v1773954039/balport-products/seeded/zcjrakib3vttntxxr7ci.jpg"
"BP-851133006007","851133006007","https://res.cloudinary.com/ddhs5dd6l/image/upload/v1773954041/balport-products/seeded/fl1k7civryldv5yp3ncr.jpg"
"BP-851133006175","851133006175","https://res.cloudinary.com/balport/image/upload/v1/placeholder.jpg"
"BP-851389006004","BP-851389006004","https://res.cloudinary.com/ddhs5dd6l/image/upload/v1774017012/balport-products/x8sohtky8tzqjo2qxidi.webp"
"BP-851460002253","851460002253","https://res.cloudinary.com/ddhs5dd6l/image/upload/v1773954045/balport-products/seeded/bgy1dupbp8rdcvitpbkp.jpg"
"BP-851460002369","851460002369","https://res.cloudinary.com/ddhs5dd6l/image/upload/v1773954047/balport-products/seeded/sbbhb7f6ckbketyarpo8.jpg"
"BP-851514002536","851514002536","https://res.cloudinary.com/ddhs5dd6l/image/upload/v1773954048/balport-products/seeded/xwjwfjvymefbrrrm3pa8.jpg"
"BP-851718000048","851718000048","https://res.cloudinary.com/ddhs5dd6l/image/upload/v1773954054/balport-products/seeded/gygr45jxnc7pd6y27gdb.jpg"
"BP-851718000536","851718000536","https://res.cloudinary.com/ddhs5dd6l/image/upload/v1773954056/balport-products/seeded/jcqe4dajfsxnrvmtxr0l.jpg"
"BP-851718000970","851718000970","https://res.cloudinary.com/ddhs5dd6l/image/upload/v1773954057/balport-products/seeded/ijd2suikuolf4cwiqqae.jpg"
"BP-851718000987","851718000987","https://res.cloudinary.com/ddhs5dd6l/image/upload/v1773954059/balport-products/seeded/cyqzvssp0rgkasnmlrf9.png"
"BP-851756002141","851756002141","https://res.cloudinary.com/ddhs5dd6l/image/upload/v1773954064/balport-products/seeded/uvmzrmf1ighgego3fucp.jpg"
"BP-851756002196","851756002196","https://res.cloudinary.com/ddhs5dd6l/image/upload/v1773954066/balport-products/seeded/noearwzkelavmenbfk3i.jpg"
"BP-851756002455","851756002455","https://res.cloudinary.com/ddhs5dd6l/image/upload/v1773954069/balport-products/seeded/owyhahktrlolcqqxevh0.png"
"BP-851802004372","BP-851802004372","https://res.cloudinary.com/ddhs5dd6l/image/upload/v1774016958/balport-products/jo3yso3ggpmnhhjjjw7q.webp"
"BP-851802004549","851802004549","https://res.cloudinary.com/ddhs5dd6l/image/upload/v1773954074/balport-products/seeded/mrlyusmaxvnsnmqs08ef.jpg"
"BP-851861006119","851861006119","https://res.cloudinary.com/ddhs5dd6l/image/upload/v1773954082/balport-products/seeded/uhwlmspa2fk6sc7coqj2.jpg"
"BP-851861006126","851861006126","https://res.cloudinary.com/ddhs5dd6l/image/upload/v1773954084/balport-products/seeded/jvccxtbw1smepvdithwl.jpg"
"BP-851861006867","851861006867","https://res.cloudinary.com/ddhs5dd6l/image/upload/v1773954086/balport-products/seeded/h3wcuc3uhzntbsqtxbeq.jpg"
"BP-852480007273","852480007273","https://res.cloudinary.com/ddhs5dd6l/image/upload/v1773954087/balport-products/seeded/pmrkenhxypjeq0whhwhg.jpg"
"BP-852832000150","852832000150","https://res.cloudinary.com/ddhs5dd6l/image/upload/v1773954089/balport-products/seeded/wyynazybftzcntrqdpgp.jpg"
"BP-852832000174","852832000174","https://res.cloudinary.com/ddhs5dd6l/image/upload/v1773954090/balport-products/seeded/l5xopudb6fclqxb6oqpn.jpg"
"BP-852832000310","852832000310","https://res.cloudinary.com/ddhs5dd6l/image/upload/v1773954092/balport-products/seeded/a3h3n8oqvz4l7gtthwqi.jpg"
"BP-852832104711","852832104711","https://res.cloudinary.com/ddhs5dd6l/image/upload/v1773954094/balport-products/seeded/rvpypykhzhogv3sgj2au.jpg"
"BP-852832104896","852832104896","https://res.cloudinary.com/ddhs5dd6l/image/upload/v1773954096/balport-products/seeded/uxy9zzqkoje16qtetzdb.jpg"
"BP-852832105220","852832105220","https://res.cloudinary.com/ddhs5dd6l/image/upload/v1773954100/balport-products/seeded/f45nov0roooduwfjfber.png"
"BP-852832106524","852832106524","https://res.cloudinary.com/ddhs5dd6l/image/upload/v1773954102/balport-products/seeded/yratupkyvgm9dy1runu9.png"
"BP-852892003139","852892003139","https://res.cloudinary.com/ddhs5dd6l/image/upload/v1773954104/balport-products/seeded/nbpl5gimx38tvf9eiwk5.jpg"
"BP-852892003825","852892003825","https://res.cloudinary.com/ddhs5dd6l/image/upload/v1773954106/balport-products/seeded/cezaih87xvfdljdoffok.png"
"BP-853004004020","853004004020","https://res.cloudinary.com/ddhs5dd6l/image/upload/v1773954108/balport-products/seeded/ibpbzdpfpvtfnlesrmxv.jpg"
"BP-853004004037","853004004037","https://res.cloudinary.com/ddhs5dd6l/image/upload/v1773954109/balport-products/seeded/wjsupvmoyfexcfp9j05t.jpg"
"BP-853004004891","853004004891","https://res.cloudinary.com/ddhs5dd6l/image/upload/v1773954111/balport-products/seeded/tz95cjodtkpdegyrf1sm.jpg"
"BP-853004004952","853004004952","https://res.cloudinary.com/ddhs5dd6l/image/upload/v1773954113/balport-products/seeded/azkvbiwetxv1y5kpbudh.jpg"
"BP-853278007062","853278007062","https://res.cloudinary.com/ddhs5dd6l/image/upload/v1773954114/balport-products/seeded/notqdxig8zytecssilnv.jpg"
"BP-853278007079","853278007079","https://res.cloudinary.com/ddhs5dd6l/image/upload/v1773954116/balport-products/seeded/y89hrtcqfhp4xdfpgiyw.jpg"
"BP-853278007086","853278007086","https://res.cloudinary.com/ddhs5dd6l/image/upload/v1773954117/balport-products/seeded/w0o4aoabl7cjzqgro3mc.jpg"
"BP-853303007005","853303007005","https://res.cloudinary.com/ddhs5dd6l/image/upload/v1773954118/balport-products/seeded/orvalfvedtr0o08k18cz.jpg"
"BP-853303007029","853303007029","https://res.cloudinary.com/ddhs5dd6l/image/upload/v1773954120/balport-products/seeded/xjveh57y5gbrd0my3hgj.jpg"
"BP-853505006608","853505006608","https://res.cloudinary.com/ddhs5dd6l/image/upload/v1773954122/balport-products/seeded/io5xrw2a0hlkzfg9kvii.jpg"
"BP-853605006027","853605006027","https://res.cloudinary.com/ddhs5dd6l/image/upload/v1773954124/balport-products/seeded/rtpsb3il9wrcokhp96bw.jpg"
"BP-853706002034","853706002034","https://res.cloudinary.com/ddhs5dd6l/image/upload/v1773954126/balport-products/seeded/o5g8onvgrivaa21aahfz.jpg"
"BP-853706002195","853706002195","https://res.cloudinary.com/ddhs5dd6l/image/upload/v1773954128/balport-products/seeded/aobeycfpprfof2lyd8uh.jpg"
"BP-853706002225","853706002225","https://res.cloudinary.com/ddhs5dd6l/image/upload/v1773954129/balport-products/seeded/d2jyxulwonztsc5zgpwg.jpg"
"BP-853706002249","853706002249","https://res.cloudinary.com/ddhs5dd6l/image/upload/v1773954131/balport-products/seeded/qudtwyjs5uegu9bcliwt.jpg"
"BP-853706002423","853706002423","https://res.cloudinary.com/ddhs5dd6l/image/upload/v1773954132/balport-products/seeded/nrhquv3dwoaffcbcfb60.png"
"BP-853706002522","853706002522","https://res.cloudinary.com/ddhs5dd6l/image/upload/v1773954134/balport-products/seeded/z1ozaffy3erifwkwzayv.jpg"
"BP-853739000021","BP-853739000021","https://res.cloudinary.com/ddhs5dd6l/image/upload/v1774016904/balport-products/xio292wnx7701hzpyz73.jpg"
"BP-853739000212","853739000212","https://res.cloudinary.com/ddhs5dd6l/image/upload/v1773954137/balport-products/seeded/uydpoufc3jefz4zh9rew.jpg"
"BP-853868006024","853868006024","https://res.cloudinary.com/ddhs5dd6l/image/upload/v1773954139/balport-products/seeded/j6ckyttalgnj8w4belkk.jpg"
"BP-853868006345","853868006345","https://res.cloudinary.com/ddhs5dd6l/image/upload/v1773954140/balport-products/seeded/tqpmds7ptecpqea1w9cw.jpg"
"BP-853868006468","853868006468","https://res.cloudinary.com/ddhs5dd6l/image/upload/v1773954142/balport-products/seeded/asddtgrxha99armgry1n.jpg"
"BP-853883003008","853883003008","https://res.cloudinary.com/ddhs5dd6l/image/upload/v1773954143/balport-products/seeded/cuchkix7znzftuk98vlm.jpg"
"BP-853883003022","853883003022","https://res.cloudinary.com/ddhs5dd6l/image/upload/v1773954145/balport-products/seeded/it23yqw0y0wbcrnt82ft.jpg"
"BP-853915008421","853915008421","https://res.cloudinary.com/ddhs5dd6l/image/upload/v1773954147/balport-products/seeded/cloud8vlemdymgvaaqrk.png"
"BP-853915008797","853915008797","https://res.cloudinary.com/ddhs5dd6l/image/upload/v1773954149/balport-products/seeded/zvnuvpbezc9bgeghauf9.png"
"BP-853915008995","853915008995","https://res.cloudinary.com/ddhs5dd6l/image/upload/v1773954150/balport-products/seeded/sx3rcfbnddjy9ds0rfws.jpg"
"BP-853956006042","853956006042","https://res.cloudinary.com/ddhs5dd6l/image/upload/v1773954152/balport-products/seeded/iqkgbswiamr7ue39wxko.jpg"
"BP-854396005008","854396005008","https://res.cloudinary.com/ddhs5dd6l/image/upload/v1773954153/balport-products/seeded/u26bm4czau90ufgja9it.jpg"
"BP-854420003499","854420003499","https://res.cloudinary.com/ddhs5dd6l/image/upload/v1773954155/balport-products/seeded/sz8augfhyrmd2xxcyvim.jpg"
"BP-854533007018","854533007018","https://res.cloudinary.com/ddhs5dd6l/image/upload/v1773954157/balport-products/seeded/ks4deulraekynktwi0eq.png"
"BP-854537003108","854537003108","https://res.cloudinary.com/ddhs5dd6l/image/upload/v1773954159/balport-products/seeded/of3cp2atdpncii7uej1h.png"
"BP-854628006728","854628006728","https://res.cloudinary.com/ddhs5dd6l/image/upload/v1773954161/balport-products/seeded/xjwxk4ihheb5dvukpzme.jpg"
"BP-855165005076","855165005076","https://res.cloudinary.com/ddhs5dd6l/image/upload/v1773954164/balport-products/seeded/ljffbxzlemea2lrstyio.jpg"
"BP-855165005779","855165005779","https://res.cloudinary.com/ddhs5dd6l/image/upload/v1773954166/balport-products/seeded/w1vudi3yhxdtb7lsgcwx.jpg"
"BP-855200005320","855200005320","https://res.cloudinary.com/ddhs5dd6l/image/upload/v1773954167/balport-products/seeded/in9oe28srzptpvk8xroi.jpg"
"BP-855352008057","855352008057","https://res.cloudinary.com/ddhs5dd6l/image/upload/v1773954169/balport-products/seeded/wdy9kuzxxzb94diq40iq.png"
"BP-855352008491","855352008491","https://res.cloudinary.com/ddhs5dd6l/image/upload/v1773954171/balport-products/seeded/wjd9j5bur0f560tdftmz.jpg"
"BP-855596007175","855596007175","https://res.cloudinary.com/ddhs5dd6l/image/upload/v1773954174/balport-products/seeded/krewdlniumwfupbrgdc6.jpg"
"BP-855731005615","855731005615","https://res.cloudinary.com/ddhs5dd6l/image/upload/v1773954176/balport-products/seeded/imiptsh0trnbbljqlesf.png"
"BP-856011004021","856011004021","https://res.cloudinary.com/ddhs5dd6l/image/upload/v1773954177/balport-products/seeded/iziw7jd4ccvn71afyivh.jpg"
"BP-856011004052","856011004052","https://res.cloudinary.com/ddhs5dd6l/image/upload/v1773954179/balport-products/seeded/efojazr3oebg644yeevs.jpg"
"BP-856011004076","856011004076","https://res.cloudinary.com/ddhs5dd6l/image/upload/v1773954181/balport-products/seeded/m44botha58gyyjritxs9.png"
"BP-856011004861","856011004861","https://res.cloudinary.com/ddhs5dd6l/image/upload/v1773954183/balport-products/seeded/x4takuoavldjxn51e1du.jpg"
"BP-856011004885","856011004885","https://res.cloudinary.com/ddhs5dd6l/image/upload/v1773954184/balport-products/seeded/exmoktg9xmlipm2bja2f.jpg"
"BP-856011004984","856011004984","https://res.cloudinary.com/ddhs5dd6l/image/upload/v1773954186/balport-products/seeded/fytyctoikbh8w8yjmhei.jpg"
"BP-856247005007","856247005007","https://res.cloudinary.com/ddhs5dd6l/image/upload/v1773954188/balport-products/seeded/cckm6muawz8jz0x3hzv9.png"
"BP-856247005052","856247005052","https://res.cloudinary.com/ddhs5dd6l/image/upload/v1773954189/balport-products/seeded/jeevloufhay9dwxnpjyy.png"
"BP-856247005069","856247005069","https://res.cloudinary.com/ddhs5dd6l/image/upload/v1773954192/balport-products/seeded/vlrntkvqcwygshwx0sxd.png"
"BP-856247005182","856247005182","https://res.cloudinary.com/ddhs5dd6l/image/upload/v1773954195/balport-products/seeded/sgzwra64yd5ysi4evnxr.png"
"BP-856282005918","856282005918","https://res.cloudinary.com/ddhs5dd6l/image/upload/v1773954197/balport-products/seeded/k4yuwpevhwmakuzohvgv.jpg"
"BP-856365000212","856365000212","https://res.cloudinary.com/ddhs5dd6l/image/upload/v1773954199/balport-products/seeded/jzx2xnpw2eetkqnel3q7.jpg"
"BP-856442005154","856442005154","https://res.cloudinary.com/ddhs5dd6l/image/upload/v1773954201/balport-products/seeded/w9uy1qlc6rnqbtgogamv.jpg"
"BP-856579002170","856579002170","https://res.cloudinary.com/ddhs5dd6l/image/upload/v1773954202/balport-products/seeded/pxqtrbjzhkqeaotybfxh.jpg"
"BP-856579002194","856579002194","https://res.cloudinary.com/ddhs5dd6l/image/upload/v1773954204/balport-products/seeded/ndd0tfrmhrkexd0w7bz3.jpg"
"BP-856579002804","856579002804","https://res.cloudinary.com/ddhs5dd6l/image/upload/v1773954205/balport-products/seeded/rgamkrytmrmn81rp2nli.jpg"
"BP-856619002306","856619002306","https://res.cloudinary.com/ddhs5dd6l/image/upload/v1773954206/balport-products/seeded/v2az2w2unu2wnzsvqble.png"
"BP-856652006002","856652006002","https://res.cloudinary.com/ddhs5dd6l/image/upload/v1773954208/balport-products/seeded/xwy1xlpsihvwqjmifjhm.jpg"
"BP-856724006015","856724006015","https://res.cloudinary.com/ddhs5dd6l/image/upload/v1773954209/balport-products/seeded/ujgx87vbxaptt1w4mcza.jpg"
"BP-856724006022","856724006022","https://res.cloudinary.com/ddhs5dd6l/image/upload/v1773954211/balport-products/seeded/h8uiqn2umdmejtahwmxm.jpg"
"BP-856724006114","856724006114","https://res.cloudinary.com/ddhs5dd6l/image/upload/v1773954213/balport-products/seeded/laprfqyxuvxxostlc9mz.jpg"
"BP-856724006121","856724006121","https://res.cloudinary.com/ddhs5dd6l/image/upload/v1773954214/balport-products/seeded/d3pzqypwefv5pkr9mljj.jpg"
"BP-856724006213","856724006213","https://res.cloudinary.com/ddhs5dd6l/image/upload/v1773954216/balport-products/seeded/zhh2cfhhz5olc5ngak6k.jpg"
"BP-856724006220","856724006220","https://res.cloudinary.com/ddhs5dd6l/image/upload/v1773954218/balport-products/seeded/pikqu0rmkyvij3lok8b3.jpg"
"BP-856724006244","856724006244","https://res.cloudinary.com/ddhs5dd6l/image/upload/v1773954221/balport-products/seeded/fxqfqjeyl1fkgrhzhvli.jpg"
"BP-856724006329","856724006329","https://res.cloudinary.com/ddhs5dd6l/image/upload/v1773954222/balport-products/seeded/npqo6jevlcqkl2y1uapd.jpg"
"BP-856793004165","856793004165","https://res.cloudinary.com/ddhs5dd6l/image/upload/v1773954224/balport-products/seeded/ygqrzja7ssidkwwju4xy.jpg"
"BP-856852007038","856852007038","https://res.cloudinary.com/ddhs5dd6l/image/upload/v1773954225/balport-products/seeded/ouwdj8jtj3ewzaxij6qa.jpg"
"BP-856852007069","856852007069","https://res.cloudinary.com/ddhs5dd6l/image/upload/v1773954227/balport-products/seeded/bclfj033rcfgppjmrwvk.jpg"
"BP-856852007724","856852007724","https://res.cloudinary.com/ddhs5dd6l/image/upload/v1773954229/balport-products/seeded/bbpdutc9vrfxfemd57kh.jpg"
"BP-856852007823","856852007823","https://res.cloudinary.com/ddhs5dd6l/image/upload/v1773954231/balport-products/seeded/yeq9i48trz0ca7o5k6lx.jpg"
"BP-856895003561","856895003561","https://res.cloudinary.com/ddhs5dd6l/image/upload/v1773954233/balport-products/seeded/qgyqosfan4qasfjklkjq.jpg"
"BP-856895003844","856895003844","https://res.cloudinary.com/ddhs5dd6l/image/upload/v1773954235/balport-products/seeded/qd78xhsx8vshsstpgqac.jpg"
"BP-857186006018","857186006018","https://res.cloudinary.com/ddhs5dd6l/image/upload/v1773954237/balport-products/seeded/mydj09x9wj8upr7ohirw.png"
"BP-857407002256","857407002256","https://res.cloudinary.com/ddhs5dd6l/image/upload/v1773954239/balport-products/seeded/auenqhmyg4fv6ivq4nla.png"
"BP-857416006191","857416006191","https://res.cloudinary.com/ddhs5dd6l/image/upload/v1773954240/balport-products/seeded/zueraqizlmlkmeameq6n.jpg"
"BP-857416006245","857416006245","https://res.cloudinary.com/ddhs5dd6l/image/upload/v1773954242/balport-products/seeded/sn9cknys8nqay8kv2jak.jpg"
"BP-857680001953","857680001953","https://res.cloudinary.com/ddhs5dd6l/image/upload/v1773954243/balport-products/seeded/q53hyaoleuxtssi7sizb.jpg"
"BP-857744001318","BP-857744001318","https://res.cloudinary.com/ddhs5dd6l/image/upload/v1774016830/balport-products/n4n2wvmkbi0l6hqav6se.webp"
"BP-857744001325","857744001325","https://res.cloudinary.com/ddhs5dd6l/image/upload/v1773954245/balport-products/seeded/n8xnraf8wmuprcilsjm9.jpg"
"BP-857744011157","857744011157","https://res.cloudinary.com/ddhs5dd6l/image/upload/v1773954246/balport-products/seeded/quecjkfdyx3qymguwale.jpg"
"BP-857932007009","857932007009","https://res.cloudinary.com/ddhs5dd6l/image/upload/v1773954250/balport-products/seeded/ej5u9tivdgfaiswquze6.jpg"
"BP-858031006535","858031006535","https://res.cloudinary.com/ddhs5dd6l/image/upload/v1773954251/balport-products/seeded/acr0nwcger6xjpvpw8p0.jpg"
"BP-858031006542","858031006542","https://res.cloudinary.com/ddhs5dd6l/image/upload/v1773954253/balport-products/seeded/tebhn9ksbbsh30bltogt.jpg"
"BP-858176002157","858176002157","https://res.cloudinary.com/balport/image/upload/v1/placeholder.jpg"
"BP-858696006710","858696006710","https://res.cloudinary.com/ddhs5dd6l/image/upload/v1773954254/balport-products/seeded/behcmfmlp50kauzh4te8.png"
"BP-858698002512","858698002512","https://res.cloudinary.com/ddhs5dd6l/image/upload/v1773954256/balport-products/seeded/xicsjeo54jrh8npn7ze7.jpg"
"BP-859061006199","859061006199","https://res.cloudinary.com/ddhs5dd6l/image/upload/v1773954258/balport-products/seeded/hox0zjilrwoaxn1zxt33.jpg"
"BP-859061006212","859061006212","https://res.cloudinary.com/ddhs5dd6l/image/upload/v1773954259/balport-products/seeded/pczicruzohxr3bnqz9gs.jpg"
"BP-859078002153","859078002153","https://res.cloudinary.com/ddhs5dd6l/image/upload/v1773954261/balport-products/seeded/setp4a9dtcj9ybjcyl58.jpg"
"BP-859369001254","859369001254","https://res.cloudinary.com/ddhs5dd6l/image/upload/v1773954263/balport-products/seeded/bj8zcmwvj4ihuxljeont.jpg"
"BP-859369001407","859369001407","https://res.cloudinary.com/ddhs5dd6l/image/upload/v1773954265/balport-products/seeded/mumiswv4otfypil8tovc.jpg"
"BP-859369001537","859369001537","https://res.cloudinary.com/ddhs5dd6l/image/upload/v1773954266/balport-products/seeded/hmm4qd32dumvknganllm.jpg"
"BP-859369001636","859369001636","https://res.cloudinary.com/ddhs5dd6l/image/upload/v1773954268/balport-products/seeded/ybnlmjturkhn2xqikvg1.jpg"
"BP-859604004057","859604004057","https://res.cloudinary.com/ddhs5dd6l/image/upload/v1773954269/balport-products/seeded/hx1bmhrtqew7z4qqwuj2.jpg"
"BP-859718005995","859718005995","https://res.cloudinary.com/ddhs5dd6l/image/upload/v1773954271/balport-products/seeded/avluv8zlyygjlplo0yak.png"
"BP-859889006005","859889006005","https://res.cloudinary.com/ddhs5dd6l/image/upload/v1773954273/balport-products/seeded/ysah4hswkq0gvp7jpxmh.png"
"BP-859889006302","859889006302","https://res.cloudinary.com/ddhs5dd6l/image/upload/v1773954275/balport-products/seeded/uqg3d9gj4hcymnnfkq0s.png"
"BP-860000780308","860000780308","https://res.cloudinary.com/ddhs5dd6l/image/upload/v1773954277/balport-products/seeded/y7ojdfpzyest2btji6li.jpg"
"BP-860000780322","860000780322","https://res.cloudinary.com/ddhs5dd6l/image/upload/v1773954279/balport-products/seeded/cgkuogdokqdsetkeouev.png"
"BP-860000780360","860000780360","https://res.cloudinary.com/ddhs5dd6l/image/upload/v1773954281/balport-products/seeded/y2ujmoadmj6z020qcfyq.png"
"BP-860001753417","860001753417","https://res.cloudinary.com/ddhs5dd6l/image/upload/v1773954283/balport-products/seeded/mstt3cnh8pysxboqkijz.jpg"
"BP-860001753448","860001753448","https://res.cloudinary.com/ddhs5dd6l/image/upload/v1773954285/balport-products/seeded/gmrcdyqgngbo9pdmc1up.jpg"
"BP-860001867213","860001867213","https://res.cloudinary.com/ddhs5dd6l/image/upload/v1773954288/balport-products/seeded/h36magremwz6hjapwcnd.png"
"BP-860003103265","860003103265","https://res.cloudinary.com/ddhs5dd6l/image/upload/v1773954307/balport-products/seeded/ucsdinxdhfgdzw4ichle.png"
"BP-860003223307","860003223307","https://res.cloudinary.com/ddhs5dd6l/image/upload/v1773954309/balport-products/seeded/xfmlvkroa00vpficxzqx.jpg"
"BP-860003223321","860003223321","https://res.cloudinary.com/ddhs5dd6l/image/upload/v1773954311/balport-products/seeded/hixpnuggl2z8hht82d2z.jpg"
"BP-860003223390","860003223390","https://res.cloudinary.com/ddhs5dd6l/image/upload/v1773954312/balport-products/seeded/ln4e9tiadt9rmrllw3hz.jpg"
"BP-860003651711","860003651711","https://res.cloudinary.com/ddhs5dd6l/image/upload/v1773954314/balport-products/seeded/pupd8p9tpup7g9uairzm.png"
"BP-860003651780","860003651780","https://res.cloudinary.com/ddhs5dd6l/image/upload/v1773954316/balport-products/seeded/w5jxqnelhxssmhnuzqel.png"
"BP-860003679708","860003679708","https://res.cloudinary.com/ddhs5dd6l/image/upload/v1773954318/balport-products/seeded/owteuxtwtublycsq7qu6.jpg"
"BP-860003751442","860003751442","https://res.cloudinary.com/ddhs5dd6l/image/upload/v1773954319/balport-products/seeded/sn1tu0l2shpeagxubrbx.png"
"BP-860004129639","860004129639","https://res.cloudinary.com/ddhs5dd6l/image/upload/v1773954321/balport-products/seeded/gtewpuuslscunzvgsycf.jpg"
"BP-860004944638","860004944638","https://res.cloudinary.com/ddhs5dd6l/image/upload/v1773954323/balport-products/seeded/vnoicissn3n9g7qtd0dy.jpg"
"BP-860006730666","860006730666","https://res.cloudinary.com/ddhs5dd6l/image/upload/v1773954326/balport-products/seeded/gtrhd1stbtobemfutf5h.jpg"
"BP-860007261206","860007261206","https://res.cloudinary.com/ddhs5dd6l/image/upload/v1773954340/balport-products/seeded/bkjj1rsr2dwqyk8jtuzm.jpg"
"BP-860007261213","860007261213","https://res.cloudinary.com/ddhs5dd6l/image/upload/v1773954341/balport-products/seeded/nqcbqyewq4eskbjczewt.jpg"
"BP-860007487309","860007487309","https://res.cloudinary.com/ddhs5dd6l/image/upload/v1773954343/balport-products/seeded/av9t9smj9cripajh9rnb.jpg"
"BP-860007994197","860007994197","https://res.cloudinary.com/ddhs5dd6l/image/upload/v1773954344/balport-products/seeded/heetxssxwtfrvmrr9wdo.jpg"
"BP-860008266200","860008266200","https://res.cloudinary.com/ddhs5dd6l/image/upload/v1773954346/balport-products/seeded/q9r6w2pbwmgbts7nmhin.jpg"
"BP-860008266217","860008266217","https://res.cloudinary.com/ddhs5dd6l/image/upload/v1773954352/balport-products/seeded/t4etkife6wagi0gdt622.jpg"
"BP-860008266231","860008266231","https://res.cloudinary.com/ddhs5dd6l/image/upload/v1773954367/balport-products/seeded/pq6yv8vdrfqgzjwpxpck.jpg"
"BP-860008266262","860008266262","https://res.cloudinary.com/ddhs5dd6l/image/upload/v1773954369/balport-products/seeded/tnmml0c3bwbvovtjdlsr.jpg"
"BP-860008266279","860008266279","https://res.cloudinary.com/ddhs5dd6l/image/upload/v1773954370/balport-products/seeded/apj55xjxbh1i6gfpvrao.png"
"BP-860008266293","860008266293","https://res.cloudinary.com/ddhs5dd6l/image/upload/v1773954372/balport-products/seeded/lroktoltareratoykkf8.jpg"
"BP-860009953727","860009953727","https://res.cloudinary.com/ddhs5dd6l/image/upload/v1773954374/balport-products/seeded/h4qmu2ycgf0ebrvvcbcd.jpg"
"BP-860012318605","860012318605","https://res.cloudinary.com/ddhs5dd6l/image/upload/v1773954376/balport-products/seeded/vk2figw8rpsuwslyyygh.jpg"
"BP-860012318612","860012318612","https://res.cloudinary.com/ddhs5dd6l/image/upload/v1773954378/balport-products/seeded/ac3alx4iqdoa7l5q8tq7.jpg"
"BP-860012318629","860012318629","https://res.cloudinary.com/ddhs5dd6l/image/upload/v1773954380/balport-products/seeded/m5h6anmngz9gjfj6jr8f.jpg"
"BP-860012318636","860012318636","https://res.cloudinary.com/ddhs5dd6l/image/upload/v1773954381/balport-products/seeded/pn9k5s2amqvglaovggsc.jpg"
"BP-860012937608","860012937608","https://res.cloudinary.com/ddhs5dd6l/image/upload/v1773954383/balport-products/seeded/rwgsk3fzs2ji3r0prcnh.jpg"
"BP-860013806125","860013806125","https://res.cloudinary.com/ddhs5dd6l/image/upload/v1773954384/balport-products/seeded/d8vsp1vvwrwoe2oztxhx.jpg"
"BP-860013906214","860013906214","https://res.cloudinary.com/ddhs5dd6l/image/upload/v1773954386/balport-products/seeded/tb2l6e7qpi7kjnkrftgy.jpg"
"BP-860013906221","860013906221","https://res.cloudinary.com/ddhs5dd6l/image/upload/v1773954388/balport-products/seeded/qzdb3wiebfdk1dqe5wtl.jpg"
"BP-860265002405","860265002405","https://res.cloudinary.com/ddhs5dd6l/image/upload/v1773954390/balport-products/seeded/dzpyqp3qgittnoauzbvo.jpg"
"BP-860265002443","860265002443","https://res.cloudinary.com/ddhs5dd6l/image/upload/v1773954391/balport-products/seeded/rewvzztcjakpdkqfomcf.png"
"BP-860265002450","860265002450","https://res.cloudinary.com/ddhs5dd6l/image/upload/v1773954393/balport-products/seeded/bwfb96jv5bw1va4rubj4.png"
"BP-860272001439","860272001439","https://res.cloudinary.com/ddhs5dd6l/image/upload/v1773954395/balport-products/seeded/fdghvo4st56pv992xqs7.png"
"BP-860275001801","860275001801","https://res.cloudinary.com/ddhs5dd6l/image/upload/v1773954397/balport-products/seeded/o3zumvkndylgu62bdrmd.jpg"
"BP-860275001825","860275001825","https://res.cloudinary.com/ddhs5dd6l/image/upload/v1773954398/balport-products/seeded/mscaqnjj9txhagxxbcsg.jpg"
"BP-860275001832","860275001832","https://res.cloudinary.com/ddhs5dd6l/image/upload/v1773954400/balport-products/seeded/swvzg5m9oapxl2sk6hqa.jpg"
"BP-860275001849","860275001849","https://res.cloudinary.com/ddhs5dd6l/image/upload/v1773954402/balport-products/seeded/nsu0yqaybeez7f9ay72a.png"
"BP-860439001005","860439001005","https://res.cloudinary.com/ddhs5dd6l/image/upload/v1773954403/balport-products/seeded/moj75rh4utjvc3nyrlkd.jpg"
"BP-860439001012","860439001012","https://res.cloudinary.com/ddhs5dd6l/image/upload/v1773954405/balport-products/seeded/oadezf865wbarfefcm26.jpg"
"BP-860439001067","860439001067","https://res.cloudinary.com/ddhs5dd6l/image/upload/v1773954406/balport-products/seeded/zvflghqezb3oci2n9nly.jpg"
"BP-860439001081","860439001081","https://res.cloudinary.com/ddhs5dd6l/image/upload/v1773954408/balport-products/seeded/eekckcczywnhqu8kquzx.png"
"BP-860790002611","860790002611","https://res.cloudinary.com/ddhs5dd6l/image/upload/v1773954410/balport-products/seeded/vf12pewj2niajyjhvopv.jpg"
"BP-863415000023","863415000023","https://res.cloudinary.com/ddhs5dd6l/image/upload/v1773954412/balport-products/seeded/tmpfhknzdzp2gc1xzz6e.png"
"BP-865068000115","BP-865068000115","https://res.cloudinary.com/ddhs5dd6l/image/upload/v1774013972/balport-products/uqykggxeijs2aeknnf0j.jpg"
"BP-865776000070","865776000070","https://res.cloudinary.com/ddhs5dd6l/image/upload/v1773954415/balport-products/seeded/jjldntu8pe2kdc6rkddr.jpg"
"BP-867506000428","867506000428","https://res.cloudinary.com/ddhs5dd6l/image/upload/v1773954416/balport-products/seeded/uiesln6pyarykxff6mwi.jpg"
"BP-867530901135","867530901135","https://res.cloudinary.com/ddhs5dd6l/image/upload/v1773954418/balport-products/seeded/qjwtrnrpuc3sizqwfrsm.jpg"
"BP-870661008024","870661008024","https://res.cloudinary.com/ddhs5dd6l/image/upload/v1773954419/balport-products/seeded/di56lqluuwezgodxb3w2.jpg"
"BP-870661008093","870661008093","https://res.cloudinary.com/ddhs5dd6l/image/upload/v1773954421/balport-products/seeded/k2il4fkypn47sfwzrgev.jpg"
"BP-870661008161","870661008161","https://res.cloudinary.com/ddhs5dd6l/image/upload/v1773954422/balport-products/seeded/td4fh2qpefwyqsab3pyk.jpg"
"BP-870731000033","870731000033","https://res.cloudinary.com/ddhs5dd6l/image/upload/v1773954425/balport-products/seeded/nl3e83iudgpulvvldzef.jpg"
"BP-872181005040","872181005040","https://res.cloudinary.com/ddhs5dd6l/image/upload/v1773954428/balport-products/seeded/ecnqaagspq4jlcqikg9a.jpg"
"BP-876987000018","876987000018","https://res.cloudinary.com/ddhs5dd6l/image/upload/v1773954431/balport-products/seeded/g4ktglkci9ih3do5j1qv.jpg"
"BP-877397006867","877397006867","https://res.cloudinary.com/ddhs5dd6l/image/upload/v1773954432/balport-products/seeded/nzofkablleu7lmybpc2g.jpg"
"BP-878631000924","878631000924","https://res.cloudinary.com/ddhs5dd6l/image/upload/v1773954434/balport-products/seeded/vi1ngsptorceip6r4kki.jpg"
"BP-878631008128","878631008128","https://res.cloudinary.com/ddhs5dd6l/image/upload/v1773954435/balport-products/seeded/pgivm2685vzpu7dxigco.jpg"
"BP-883990101205","883990101205","https://res.cloudinary.com/ddhs5dd6l/image/upload/v1773954437/balport-products/seeded/leykjaxsiqvdb2dpsekz.jpg"
"BP-884394007285","884394007285","https://res.cloudinary.com/ddhs5dd6l/image/upload/v1773954439/balport-products/seeded/uuehhdlt1grvpszcmrei.jpg"
"BP-884394007339","884394007339","https://res.cloudinary.com/ddhs5dd6l/image/upload/v1773954440/balport-products/seeded/vjpfykbrgwb5balxnt4j.jpg"
"BP-887341007093","887341007093","https://res.cloudinary.com/ddhs5dd6l/image/upload/v1773954442/balport-products/seeded/w22pqr0yh5r7bqudtnkt.jpg"
"BP-887341340060","887341340060","https://res.cloudinary.com/ddhs5dd6l/image/upload/v1773954445/balport-products/seeded/xqp3ccwh9zgujh3fxruj.png"
"BP-888109010041","888109010041","https://res.cloudinary.com/ddhs5dd6l/image/upload/v1773954453/balport-products/seeded/ven9bbznrspbelukewql.png"
"BP-888109010119","888109010119","https://res.cloudinary.com/ddhs5dd6l/image/upload/v1773954455/balport-products/seeded/zvv6ize1coaxrkycoupz.png"
"BP-888849006632","888849006632","https://res.cloudinary.com/ddhs5dd6l/image/upload/v1773954457/balport-products/seeded/icqlk7dyqulbuflbyaiu.jpg"
"BP-888849006649","888849006649","https://res.cloudinary.com/ddhs5dd6l/image/upload/v1773954460/balport-products/seeded/czc8dhdwu9wjnzin68m1.jpg"
"BP-888849006656","888849006656","https://res.cloudinary.com/ddhs5dd6l/image/upload/v1773954463/balport-products/seeded/hrovorqpnmw6uedcxlaw.png"
"BP-889392001303","889392001303","https://res.cloudinary.com/ddhs5dd6l/image/upload/v1773954466/balport-products/seeded/oaiyfyuxx4f7qco9alsb.jpg"
"BP-889392001563","889392001563","https://res.cloudinary.com/ddhs5dd6l/image/upload/v1773954468/balport-products/seeded/g1aemmyd0veo7tjdknjo.jpg"
"BP-889392002355","889392002355","https://res.cloudinary.com/ddhs5dd6l/image/upload/v1773954471/balport-products/seeded/k5vskl62h5gs404paqnp.jpg"
"BP-889392003628","889392003628","https://res.cloudinary.com/ddhs5dd6l/image/upload/v1773954473/balport-products/seeded/ivrsfhv9mhdhbumzonip.jpg"
"BP-890095000067","890095000067","https://res.cloudinary.com/ddhs5dd6l/image/upload/v1773954474/balport-products/seeded/s7qtddbi5iydddnbrew5.jpg"
"BP-890095000159","890095000159","https://res.cloudinary.com/ddhs5dd6l/image/upload/v1773954476/balport-products/seeded/cixmqgrdbrtyhjx8z7yh.png"
"BP-890095000883","890095000883","https://res.cloudinary.com/ddhs5dd6l/image/upload/v1773954478/balport-products/seeded/pxuynifhdhugcecgfgbm.jpg"
"BP-890409002015","890409002015","https://res.cloudinary.com/ddhs5dd6l/image/upload/v1773954479/balport-products/seeded/rzginrnmqfrtmptrhomt.jpg"
"BP-890409002398","890409002398","https://res.cloudinary.com/ddhs5dd6l/image/upload/v1773954481/balport-products/seeded/ram60qfkbjhmqn4smzs6.jpg"
"BP-890409002619","890409002619","https://res.cloudinary.com/ddhs5dd6l/image/upload/v1773954483/balport-products/seeded/tj9xswjcjxlitwrtuaos.jpg"
"BP-890409002886","890409002886","https://res.cloudinary.com/ddhs5dd6l/image/upload/v1773954484/balport-products/seeded/qh8dxph6orkfnaahuvkq.jpg"
"BP-891278003530","891278003530","https://res.cloudinary.com/ddhs5dd6l/image/upload/v1773954486/balport-products/seeded/ybqmlogboxqtdq9oylrq.png"
"BP-892931000149","892931000149","https://res.cloudinary.com/ddhs5dd6l/image/upload/v1773954488/balport-products/seeded/qmv4ameopszo5nn4kp6s.jpg"
"BP-892931000347","892931000347","https://res.cloudinary.com/ddhs5dd6l/image/upload/v1773954490/balport-products/seeded/m4n0rv9pqflhhx48iefc.jpg"
"BP-893637000495","893637000495","https://res.cloudinary.com/ddhs5dd6l/image/upload/v1773954495/balport-products/seeded/hlcvayg6cyojng5qayws.jpg"
"BP-893924000047","893924000047","https://res.cloudinary.com/ddhs5dd6l/image/upload/v1773954497/balport-products/seeded/ukwslti22z0kfvrmwjmv.png"
"BP-894910000102","894910000102","https://res.cloudinary.com/ddhs5dd6l/image/upload/v1773954499/balport-products/seeded/voigef5dmaavlckxxzqh.jpg"
"BP-894910000409","894910000409","https://res.cloudinary.com/ddhs5dd6l/image/upload/v1773954501/balport-products/seeded/qemfrqmlmg9s3mw4f7db.jpg"
"BP-895216001077","895216001077","https://res.cloudinary.com/ddhs5dd6l/image/upload/v1773954505/balport-products/seeded/xojckunxvrqetfbqdygc.jpg"
"BP-896599002026","896599002026","https://res.cloudinary.com/ddhs5dd6l/image/upload/v1773954511/balport-products/seeded/btqvbi5onppd9ia7214x.jpg"
"BP-896599002088","BP-896599002088","https://res.cloudinary.com/ddhs5dd6l/image/upload/v1774013819/balport-products/rjsjonqzn76yolxwob6w.webp"
"BP-896599002095","896599002095","https://res.cloudinary.com/ddhs5dd6l/image/upload/v1773954513/balport-products/seeded/fwlv3jfrkutlfqwudw8k.jpg"
"BP-896599002170","896599002170","https://res.cloudinary.com/ddhs5dd6l/image/upload/v1773954516/balport-products/seeded/tkywgbyizt43it9eajcz.jpg"
"BP-898079001000","898079001000","https://res.cloudinary.com/ddhs5dd6l/image/upload/v1773954520/balport-products/seeded/f48eupde2nlrbb5hzqkp.jpg"
"BP-898079001017","898079001017","https://res.cloudinary.com/ddhs5dd6l/image/upload/v1773954521/balport-products/seeded/inmc6hwiil1tfjdmufuq.jpg"
"BP-898079001024","898079001024","https://res.cloudinary.com/ddhs5dd6l/image/upload/v1773954523/balport-products/seeded/ycdgwsyntkp7qyb0kavx.jpg"
"BP-898079001048","898079001048","https://res.cloudinary.com/ddhs5dd6l/image/upload/v1773954524/balport-products/seeded/kprilgan6d47vripwomj.jpg"
"BP-898079001079","898079001079","https://res.cloudinary.com/ddhs5dd6l/image/upload/v1773954527/balport-products/seeded/a0pazjai3uwaxous8y0a.png"
"BP-898079001147","898079001147","https://res.cloudinary.com/ddhs5dd6l/image/upload/v1773954529/balport-products/seeded/pmgag0p7b7ig5xywwgth.jpg"
"BP-898195001342","898195001342","https://res.cloudinary.com/ddhs5dd6l/image/upload/v1773954531/balport-products/seeded/kcnwl5gzilu8zrzguomw.jpg"
"BP-898195001403","BP-898195001403","https://res.cloudinary.com/ddhs5dd6l/image/upload/v1774016423/balport-products/dymrmdz9gv1mgywkgiuj.webp"
"BP-898195001755","898195001755","https://res.cloudinary.com/ddhs5dd6l/image/upload/v1773954535/balport-products/seeded/spugdplkuqkff8zk4u6w.jpg"
"BP-898195001762","898195001762","https://res.cloudinary.com/ddhs5dd6l/image/upload/v1773954539/balport-products/seeded/i54ibcb5th6yh01gb88s.jpg"
"BP-898563002506","898563002506","https://res.cloudinary.com/ddhs5dd6l/image/upload/v1773954541/balport-products/seeded/z26ik2iupfqgjz7iciw7.jpg"
"BP-898627001308","898627001308","https://res.cloudinary.com/ddhs5dd6l/image/upload/v1773954545/balport-products/seeded/ygjnlnh2nfp9fb4co3co.jpg"
"BP-898627001315","898627001315","https://res.cloudinary.com/ddhs5dd6l/image/upload/v1773954547/balport-products/seeded/fhnmms0tsuz0ev7ueijy.jpg"
"BP-898804005082","898804005082","https://res.cloudinary.com/ddhs5dd6l/image/upload/v1773954549/balport-products/seeded/wpv2a1bomwua6w7rcf6o.jpg"
"BP-898999010007","898999010007","https://res.cloudinary.com/ddhs5dd6l/image/upload/v1773954551/balport-products/seeded/w6a1rvscilzr6sd40hft.jpg"
"BP-898999010144","898999010144","https://res.cloudinary.com/ddhs5dd6l/image/upload/v1773954554/balport-products/seeded/p13ztwiw4ax3mppoxw2o.jpg"
"BP-898999012698","898999012698","https://res.cloudinary.com/ddhs5dd6l/image/upload/v1773954556/balport-products/seeded/cl0qobl9xy1pavelvtyi.jpg"
"BP-898999013794","898999013794","https://res.cloudinary.com/ddhs5dd6l/image/upload/v1773954558/balport-products/seeded/tn8wmtkrnivffiiko7fn.jpg"
"BP-3114080721452","3114080721452","https://res.cloudinary.com/ddhs5dd6l/image/upload/v1773954559/balport-products/seeded/fm3yaze5x9ms0c17xnz9.jpg"
"BP-3760042583325","BP-3760042583325","https://res.cloudinary.com/ddhs5dd6l/image/upload/v1774016752/balport-products/d5eiwzybrplzdu0fo4bo.webp"
"BP-3800020492840","3800020492840","https://res.cloudinary.com/ddhs5dd6l/image/upload/v1773954563/balport-products/seeded/qlu1fmplvrflhahfbzdl.jpg"
"BP-4710543012991","4710543012991","https://res.cloudinary.com/ddhs5dd6l/image/upload/v1773954565/balport-products/seeded/sfm0vgnv2rszz5ifhygt.png"
"BP-4712966542260","4712966542260","https://res.cloudinary.com/ddhs5dd6l/image/upload/v1773954566/balport-products/seeded/kofssumydilbije5wwtw.jpg"
"BP-4712966542369","4712966542369","https://res.cloudinary.com/ddhs5dd6l/image/upload/v1773954568/balport-products/seeded/plr6y44wp7qdxuwv8tbq.jpg"
"BP-4897036691021","BP-4897036691021","https://res.cloudinary.com/ddhs5dd6l/image/upload/v1774016679/balport-products/dcpqyciajuv5mqxq21f0.webp"
"BP-4902179007292","4902179007292","https://res.cloudinary.com/ddhs5dd6l/image/upload/v1773954572/balport-products/seeded/xqz1jq83tzpngvah3ofh.png"
"BP-4902179008824","4902179008824","https://res.cloudinary.com/ddhs5dd6l/image/upload/v1773954573/balport-products/seeded/iylfu87ma0jwcyjur0pb.png"
"BP-4902179014290","4902179014290","https://res.cloudinary.com/ddhs5dd6l/image/upload/v1773954575/balport-products/seeded/vbyg0lq0dal2fcai38tr.png"
"BP-4904230044574","4904230044574","https://res.cloudinary.com/ddhs5dd6l/image/upload/v1773954577/balport-products/seeded/aikfvx1a7cubjuhqbuez.jpg"
"BP-4904230049739","4904230049739","https://res.cloudinary.com/ddhs5dd6l/image/upload/v1773954579/balport-products/seeded/e9mv9z9lsixmy8rkkfiy.jpg"
"BP-5000159555715","5000159555715","https://res.cloudinary.com/ddhs5dd6l/image/upload/v1773954581/balport-products/seeded/uhwqbt4emadifvrgkps3.jpg"
"BP-5000159558280","5000159558280","https://res.cloudinary.com/ddhs5dd6l/image/upload/v1773954583/balport-products/seeded/gsluvkc9qpjayh8oljig.jpg"
"BP-5010478591400","5010478591400","https://res.cloudinary.com/ddhs5dd6l/image/upload/v1773954584/balport-products/seeded/gbcbdrn9ryuaxvtlhwwk.jpg"
"BP-5010478781405","5010478781405","https://res.cloudinary.com/ddhs5dd6l/image/upload/v1773954586/balport-products/seeded/mmomlaeblonowrknllfh.jpg"
"BP-5413548040639","5413548040639","https://res.cloudinary.com/ddhs5dd6l/image/upload/v1773954589/balport-products/seeded/hsdiifylulqmvmyqeo2t.jpg"
"BP-5900951311321","5900951311321","https://res.cloudinary.com/ddhs5dd6l/image/upload/v1773954591/balport-products/seeded/pdihuh38bgnt8ht4gfn1.jpg"
"BP-5900951311505","5900951311505","https://res.cloudinary.com/ddhs5dd6l/image/upload/v1773954593/balport-products/seeded/wywvn3hlzioyj5fvp8yo.jpg"
"BP-6924513906175","6924513906175","https://res.cloudinary.com/ddhs5dd6l/image/upload/v1773954594/balport-products/seeded/s8tjgdbqetah6pf7nvko.jpg"
"BP-6924743918610","6924743918610","https://res.cloudinary.com/ddhs5dd6l/image/upload/v1773954596/balport-products/seeded/scjh77fhibolkrazhiqv.jpg"
"BP-6924743918658","6924743918658","https://res.cloudinary.com/ddhs5dd6l/image/upload/v1773954597/balport-products/seeded/c1ksixqw7kcih3fttqal.jpg"
"BP-6924743919228","6924743919228","https://res.cloudinary.com/ddhs5dd6l/image/upload/v1773954599/balport-products/seeded/kyhf7vr3vn6t2trrgpze.jpg"
"BP-6924743922020","6924743922020","https://res.cloudinary.com/ddhs5dd6l/image/upload/v1773954600/balport-products/seeded/a3os5zpfjx27akshkpdm.jpg"
"BP-7393077181684","7393077181684","https://res.cloudinary.com/ddhs5dd6l/image/upload/v1773954602/balport-products/seeded/c769jhbxipk829omxtcg.jpg"
"BP-7393077181707","BP-7393077181707","https://res.cloudinary.com/ddhs5dd6l/image/upload/v1774013744/balport-products/vacbr9hsxeuoi3xebcpe.webp"
"BP-7416388130506","7416388130506","https://res.cloudinary.com/ddhs5dd6l/image/upload/v1773954606/balport-products/seeded/olosjsr8oeysuuseat0m.jpg"
"BP-7416388130674","7416388130674","https://res.cloudinary.com/ddhs5dd6l/image/upload/v1773954608/balport-products/seeded/gi6gp3aep3kokt5nxmsz.jpg"
"BP-7416388330586","7416388330586","https://res.cloudinary.com/ddhs5dd6l/image/upload/v1773954610/balport-products/seeded/nfy1njpwglkcj5wbo923.jpg"
"BP-7416388337516","7416388337516","https://res.cloudinary.com/ddhs5dd6l/image/upload/v1773954614/balport-products/seeded/pbotrnsqrqeb5yekg6o7.jpg"
"BP-7500462214302","7500462214302","https://res.cloudinary.com/ddhs5dd6l/image/upload/v1773954617/balport-products/seeded/fz4frdonixm6ddcp2x0v.jpg"
"BP-7500462253158","7500462253158","https://res.cloudinary.com/ddhs5dd6l/image/upload/v1773954618/balport-products/seeded/jzd0kfd6legwn3nly35n.png"
"BP-7501011130869","BP-7501011130869","https://res.cloudinary.com/ddhs5dd6l/image/upload/v1774004726/balport-products/av6fghfweuqbtmqefzyv.webp"
"BP-7501011130876","BP-7501011130876","https://res.cloudinary.com/ddhs5dd6l/image/upload/v1774016296/balport-products/wonviyi1jetewqwms5dx.jpg"
"BP-7501011130937","7501011130937","https://res.cloudinary.com/ddhs5dd6l/image/upload/v1773954623/balport-products/seeded/etpt3w6aivubfxt7nwdv.jpg"
"BP-7501011131040","7501011131040","https://res.cloudinary.com/ddhs5dd6l/image/upload/v1773954625/balport-products/seeded/doldd0r7nlrd9xhmnhst.jpg"
"BP-7501011131118","7501011131118","https://res.cloudinary.com/ddhs5dd6l/image/upload/v1773954628/balport-products/seeded/bro2mjitrss4gggamlkh.jpg"
"BP-7501011167667","BP-7501011167667","https://res.cloudinary.com/ddhs5dd6l/image/upload/v1774004975/balport-products/lefbhbzbaxej8ua35pax.webp"
"BP-7501398100318","7501398100318","https://res.cloudinary.com/ddhs5dd6l/image/upload/v1773954631/balport-products/seeded/ujwpb3w6t2m0bkoknynu.jpg"
"BP-7501398100325","7501398100325","https://res.cloudinary.com/ddhs5dd6l/image/upload/v1773954633/balport-products/seeded/sofesz5napf1dorf2ljg.jpg"
"BP-7502221966101","7502221966101","https://res.cloudinary.com/ddhs5dd6l/image/upload/v1773954634/balport-products/seeded/luk6gvq53cculqbbxr0u.jpg"
"BP-7502221967108","7502221967108","https://res.cloudinary.com/ddhs5dd6l/image/upload/v1773954636/balport-products/seeded/gkyuujgxzkcsgkombykz.jpg"
"BP-7502221968105","BP-7502221968105","https://res.cloudinary.com/ddhs5dd6l/image/upload/v1774017514/balport-products/c8nrvr4sbf8nqfnxmniu.webp"
"BP-7502221969034","7502221969034","https://res.cloudinary.com/ddhs5dd6l/image/upload/v1773954640/balport-products/seeded/bwpngvlpan7i7wnzmcah.jpg"
"BP-7502226812335","7502226812335","https://res.cloudinary.com/ddhs5dd6l/image/upload/v1773954641/balport-products/seeded/imibgeblyv6tb8qb2rkr.jpg"
"BP-7503016230018","7503016230018","https://res.cloudinary.com/ddhs5dd6l/image/upload/v1773954644/balport-products/seeded/h6zh6kdv9o0c3ltegt0o.jpg"
"BP-7503018079004","7503018079004","https://res.cloudinary.com/ddhs5dd6l/image/upload/v1773954650/balport-products/seeded/anmwfhfthvrhubys6bdu.jpg"
"BP-7503027709879","BP-7503027709879","https://res.cloudinary.com/ddhs5dd6l/image/upload/v1774012427/balport-products/weyaahwr21gaqqiqs2k1.webp"
"BP-7506174513900","BP-7506174513900","https://res.cloudinary.com/ddhs5dd6l/image/upload/v1774005723/balport-products/jo6zimemzgoukro7wjge.jpg"
"BP-7613032625474","BP-7613032625474","https://res.cloudinary.com/ddhs5dd6l/image/upload/v1773954656/balport-products/seeded/zaziolcqbimt3ctss5sz.jpg"
"BP-7614500010013","BP-7614500010013","https://res.cloudinary.com/ddhs5dd6l/image/upload/v1774013612/balport-products/slt7kydbu2paiizdfqwd.webp"
"BP-7622210406354","BP-7622210406354","https://res.cloudinary.com/ddhs5dd6l/image/upload/v1774013676/balport-products/w64er584rgp82a43nuv4.webp"
"BP-7622210413147","7622210413147","https://res.cloudinary.com/ddhs5dd6l/image/upload/v1773954660/balport-products/seeded/r3wwucc5lkjfvvjkgzje.jpg"
"BP-7622210713650","7622210713650","https://res.cloudinary.com/ddhs5dd6l/image/upload/v1773954662/balport-products/seeded/wzyvemc17caayfq58nvv.jpg"
"BP-7622210999108","7622210999108","https://res.cloudinary.com/ddhs5dd6l/image/upload/v1773954664/balport-products/seeded/cl1ipyytlha5toui7wfs.jpg"
"BP-7622300491161","7622300491161","https://res.cloudinary.com/ddhs5dd6l/image/upload/v1773954667/balport-products/seeded/pyqffr0qhkl2agqyforj.png"
"BP-7622300491215","7622300491215","https://res.cloudinary.com/ddhs5dd6l/image/upload/v1773954671/balport-products/seeded/xj8swrnbjsmy7syttte1.jpg"
"BP-7622300590970","7622300590970","https://res.cloudinary.com/ddhs5dd6l/image/upload/v1773954673/balport-products/seeded/vllvg4xcfxx9dpwxwfoj.jpg"
"BP-8000500267035","8000500267035","https://res.cloudinary.com/ddhs5dd6l/image/upload/v1773954674/balport-products/seeded/p3rdmobhoggxftz2tbnw.jpg"
"BP-8000500273555","8000500273555","https://res.cloudinary.com/ddhs5dd6l/image/upload/v1773954676/balport-products/seeded/tqozf6zr37ysaqbicuog.jpg"
"BP-8000500310397","8000500310397","https://res.cloudinary.com/ddhs5dd6l/image/upload/v1773954677/balport-products/seeded/rgffzsdagv6bbm1qclyq.jpg"
"BP-8000500310427","8000500310427","https://res.cloudinary.com/ddhs5dd6l/image/upload/v1773954679/balport-products/seeded/uzemqy8cgbprhs5yeodz.jpg"
"BP-8000500359358","8000500359358","https://res.cloudinary.com/ddhs5dd6l/image/upload/v1773954681/balport-products/seeded/rn3qbwjkopduf1om04pm.jpg"
"BP-8000500359488","8000500359488","https://res.cloudinary.com/ddhs5dd6l/image/upload/v1773954683/balport-products/seeded/vn2rj7y4bfrbooio7jh8.jpg"
"BP-8000500359556","8000500359556","https://res.cloudinary.com/ddhs5dd6l/image/upload/v1773954684/balport-products/seeded/ehtdzkrxtahkjxl302ic.jpg"
"BP-8000500359815","8000500359815","https://res.cloudinary.com/ddhs5dd6l/image/upload/v1773954686/balport-products/seeded/obprfwuexgrbmofgiywn.jpg"
"BP-8000500359884","BP-8000500359884","https://res.cloudinary.com/ddhs5dd6l/image/upload/v1773954688/balport-products/seeded/wolpy5rxvuzaapykm1qt.jpg"
"BP-8000500362303","BP-8000500362303","https://res.cloudinary.com/ddhs5dd6l/image/upload/v1773954690/balport-products/seeded/fiy4rf1hgzwkvtcfzybi.jpg"
"BP-8008863040029","8008863040029","https://res.cloudinary.com/ddhs5dd6l/image/upload/v1773954691/balport-products/seeded/ya22ic0bloanhh53gdyp.jpg"
"BP-8056737003502","8056737003502","https://res.cloudinary.com/ddhs5dd6l/image/upload/v1773954693/balport-products/seeded/pafgiwdkoxlucyswhetm.jpg"
"BP-8504770060322","8504770060322","https://res.cloudinary.com/ddhs5dd6l/image/upload/v1773954695/balport-products/seeded/yxqlksxbrsjnn5wxfwpw.jpg"
"BP-8583490018714","BP-8583490018714","https://res.cloudinary.com/ddhs5dd6l/image/upload/v1774016505/balport-products/exnxb9qwqsaasylvqpuk.webp"
"BP-8583490018882","BP-8583490018882","https://res.cloudinary.com/ddhs5dd6l/image/upload/v1774016554/balport-products/gbonundgnjcnl4nabre4.webp"
"BP-8583490018950","BP-8583490018950","https://res.cloudinary.com/ddhs5dd6l/image/upload/v1774016605/balport-products/xndmtt6vihzioruaxhnb.webp"
"BP-8690632049168","BP-8690632049168","https://res.cloudinary.com/ddhs5dd6l/image/upload/v1773954702/balport-products/seeded/ksxbr0ks7h31ntcvyfzb.jpg"
"BP-8697288521277","BP-8697288521277","https://res.cloudinary.com/ddhs5dd6l/image/upload/v1773954703/balport-products/seeded/bzdsbqeusb1iitrtzwg3.jpg"
"BP-8904234405582","BP-8904234405582","https://res.cloudinary.com/ddhs5dd6l/image/upload/v1773954707/balport-products/seeded/ifrfdrp2bywyslps7bvf.jpg"
